index,strategy,utility,reserved_value,advantage,partner_welfare,welfare,scenario,partners,time,negotiator_id,has_error,self_error,mechanism_error,error_details,mechanism_name,nash_optimality,kalai_optimality,ks_optimality,max_welfare_optimality,pareto_optimality,fairness,modified_kalai_optimality,modified_ks_optimality
0,ConcederTBNegotiator,0.5838206627680312,0.0007442816259952948,0.5835106774178102,0.5968161143599741,0.5903183885640026,S0_F-1,ConcederTBNegotiator,0.006693623843602836,ConcederTBNegotiator@0,False,False,False,,ZquVA9lkhvA,0.8213816800521802,0.8213816800521802,0.8218283087855961,0.7806795632742511,0.8338690225980921,0.8218283087855961,0.8218283087855961,0.8218283087855961
1,ConcederTBNegotiator,0.5968161143599741,0.0008771261662935939,0.5964621607620889,0.5838206627680312,0.5903183885640026,S0_F-1,ConcederTBNegotiator,0.006822751078289002,ConcederTBNegotiator@1,False,False,False,,ZquVA9lkhvA,0.8213816800521802,0.8213816800521802,0.8218283087855961,0.7806795632742511,0.8338690225980921,0.8218283087855961,0.8218283087855961,0.8218283087855961
2,GeniusBOABaselineNegotiator,0.7725532264198727,0.0009639366705748589,0.7723337705926955,0.7397660818713451,0.7561596541456088,S5_F,SmartAspirationNegotiator,0.007251419883687049,GeniusBOABaselineNegotiator@0,False,False,False,,kquhVnPYa8k,1.0,1.0,0.9807999989329749,1.0,1.0,1.0,0.9807999989329749,0.9807999989329749
3,SmartAspirationNegotiator,0.7397660818713451,0.0007811278057266481,0.7395626470132772,0.7725532264198727,0.7561596541456088,S5_F,GeniusBOABaselineNegotiator,0.013948046253062785,SmartAspirationNegotiator@1,False,False,False,,kquhVnPYa8k,1.0,1.0,0.9807999989329749,1.0,1.0,1.0,0.9807999989329749,0.9807999989329749
4,SmartAspirationNegotiator,0.7397660818713451,0.0007811278057266481,0.7395626470132772,0.7725532264198727,0.7561596541456088,S5_F-1,SmartAspirationNegotiator,0.013720214075874537,SmartAspirationNegotiator@0,False,False,False,,XBfWghaNw_s,1.0,1.0,0.9807999989329749,1.0,1.0,1.0,0.9807999989329749,0.9807999989329749
5,SmartAspirationNegotiator,0.7725532264198727,0.0009639366705748589,0.7723337705926955,0.7397660818713451,0.7561596541456088,S5_F-1,SmartAspirationNegotiator,0.014125077635981143,SmartAspirationNegotiator@1,False,False,False,,XBfWghaNw_s,1.0,1.0,0.9807999989329749,1.0,1.0,1.0,0.9807999989329749,0.9807999989329749
6,BoulwareTBNegotiator,0.4970760233918128,0.0034960628013070215,0.49531160105400646,0.502923976608187,0.4999999999999999,S4_A-1,SmartAspirationNegotiator,0.01971055183093995,BoulwareTBNegotiator@0,False,False,False,,YUBcDfYLYIA,0.9999999999999998,0.9999999999999998,0.9999999999999998,0.9999999999999998,0.9999999999999998,0.9999999999999998,0.9999999999999998,0.9999999999999998
7,SmartAspirationNegotiator,0.502923976608187,0.004370114375307104,0.5007421627566652,0.4970760233918128,0.4999999999999999,S4_A-1,BoulwareTBNegotiator,0.014766157255508006,SmartAspirationNegotiator@1,False,False,False,,YUBcDfYLYIA,0.9999999999999998,0.9999999999999998,0.9999999999999998,0.9999999999999998,0.9999999999999998,0.9999999999999998,0.9999999999999998,0.9999999999999998
8,SmartAspirationNegotiator,0.8700454840805718,0.0007442816259952948,0.869948689279566,0.48862897985705,0.6793372319688109,S0_F-1,LinearTBNegotiator,0.014397836872376502,SmartAspirationNegotiator@0,False,False,False,,b49EuD3iRAo,0.7625130806021299,0.7625130806021299,0.7805360810361862,0.8984044946650847,1.0,0.7805360810361862,0.7805360810361862,0.7805360810361862
9,LinearTBNegotiator,0.48862897985705,0.0008771261662935939,0.4881800491857597,0.8700454840805718,0.6793372319688109,S0_F-1,SmartAspirationNegotiator,0.018065959098748863,LinearTBNegotiator@1,False,False,False,,b49EuD3iRAo,0.7625130806021299,0.7625130806021299,0.7805360810361862,0.8984044946650847,1.0,0.7805360810361862,0.7805360810361862,0.7805360810361862
10,LinearTBNegotiator,0.23703471649526825,0.0012950634439420957,0.23604534675101607,0.6710310965630115,0.45403290652913986,S2_E,GeniusBOABaselineNegotiator,0.022784791828598827,LinearTBNegotiator@0,False,False,False,,yztzX_dJhzA,0.70911502398021,0.7441159507431945,0.7325810824533303,0.7392661263016912,0.9694735723246475,0.7441159507431945,0.7325810824533303,0.7325810824533303
11,GeniusBOABaselineNegotiator,0.6710310965630115,0.0006426653306037134,0.6708195436962329,0.23703471649526825,0.45403290652913986,S2_E,LinearTBNegotiator,0.007350248459260911,GeniusBOABaselineNegotiator@1,False,False,False,,yztzX_dJhzA,0.70911502398021,0.7441159507431945,0.7325810824533303,0.7392661263016912,0.9694735723246475,0.7441159507431945,0.7325810824533303,0.7325810824533303
12,LinearTBNegotiator,0.2962962962962963,0.002193248997500751,0.29474950635812935,0.8126743620608728,0.5544853291785845,S1_B,SmartAspirationNegotiator,0.020907293306663632,LinearTBNegotiator@0,False,False,False,,T1vlBVV3qt0,0.7120358572922251,0.7341014220333839,0.7341014220333839,0.8924987800608313,1.0,0.7341014220333839,0.7341014220333839,0.7341014220333839
13,SmartAspirationNegotiator,0.8126743620608728,0.0007754352238636291,0.8125289904366041,0.2962962962962963,0.5544853291785845,S1_B,LinearTBNegotiator,0.012672332755755633,SmartAspirationNegotiator@1,False,False,False,,T1vlBVV3qt0,0.7120358572922251,0.7341014220333839,0.7341014220333839,0.8924987800608313,1.0,0.7341014220333839,0.7341014220333839,0.7341014220333839
14,SmartAspirationNegotiator,0.7076023391812865,0.0034960628013070215,0.7065765122407014,0.2923976608187134,0.4999999999999999,S4_A-1,LinearTBNegotiator,0.012125952169299126,SmartAspirationNegotiator@0,False,False,False,,OIy16f4w5Zk,0.7894736842105263,0.7894736842105263,0.7894736842105263,0.9999999999999998,0.9999999999999999,0.7894736842105263,0.7953216374269007,0.7953216374269007
15,LinearTBNegotiator,0.2923976608187134,0.004370114375307104,0.28929178463007643,0.7076023391812865,0.4999999999999999,S4_A-1,SmartAspirationNegotiator,0.02145078417379409,LinearTBNegotiator@1,False,False,False,,OIy16f4w5Zk,0.7894736842105263,0.7894736842105263,0.7894736842105263,0.9999999999999998,0.9999999999999999,0.7894736842105263,0.7953216374269007,0.7953216374269007
16,LinearTBNegotiator,0.373015873015873,0.0007754352238636291,0.3725293101410143,0.8465608465608465,0.6097883597883598,S1_B-1,SmartAspirationNegotiator,0.020197792269755155,LinearTBNegotiator@0,False,False,False,,uoE3jROM24E,0.7804057992535158,0.7590536317045327,0.7590536317045327,0.9815144577632695,1.0,0.7804057992535158,0.7590536317045327,0.7590536317045327
17,SmartAspirationNegotiator,0.8465608465608465,0.002193248997500751,0.8462235765743289,0.373015873015873,0.6097883597883598,S1_B-1,LinearTBNegotiator,0.011542583291884512,SmartAspirationNegotiator@1,False,False,False,,uoE3jROM24E,0.7804057992535158,0.7590536317045327,0.7590536317045327,0.9815144577632695,1.0,0.7804057992535158,0.7590536317045327,0.7590536317045327
18,BoulwareTBNegotiator,0.7725532264198727,0.0009639366705748589,0.7723337705926955,0.7397660818713451,0.7561596541456088,S5_F,SmartAspirationNegotiator,0.018715874291956425,BoulwareTBNegotiator@0,False,False,False,,61nSkhkGALA,1.0,1.0,0.9807999989329749,1.0,1.0,1.0,0.9807999989329749,0.9807999989329749
19,SmartAspirationNegotiator,0.7397660818713451,0.0007811278057266481,0.7395626470132772,0.7725532264198727,0.7561596541456088,S5_F,BoulwareTBNegotiator,0.01369778928346932,SmartAspirationNegotiator@1,False,False,False,,61nSkhkGALA,1.0,1.0,0.9807999989329749,1.0,1.0,1.0,0.9807999989329749,0.9807999989329749
20,GeniusBOABaselineNegotiator,0.559779077322937,0.0007811278057266481,0.5594349397041082,0.7894736842105263,0.6746263807667316,S5_F-1,GeniusBOABaselineNegotiator,0.007120164926163852,GeniusBOABaselineNegotiator@0,False,False,False,,uDs7yomae3s,0.8625646620321361,0.8625646620321361,0.8474798110912376,0.8921745256681245,0.9573599675039428,0.8625646620321361,0.8474798110912376,0.8474798110912376
21,GeniusBOABaselineNegotiator,0.7894736842105263,0.0009639366705748589,0.789270554370314,0.559779077322937,0.6746263807667316,S5_F-1,GeniusBOABaselineNegotiator,0.007351995795033872,GeniusBOABaselineNegotiator@1,False,False,False,,uDs7yomae3s,0.8625646620321361,0.8625646620321361,0.8474798110912376,0.8921745256681245,0.9573599675039428,0.8625646620321361,0.8474798110912376,0.8474798110912376
22,BoulwareTBNegotiator,0.7994924177520258,0.0009639366705748589,0.7992989546545947,0.3667966211825861,0.5831445194673059,S5_F,LinearTBNegotiator,0.017828290234319866,BoulwareTBNegotiator@0,False,False,False,,8dY7nYLZ_Gs,0.7157177189149243,0.7157177189149243,0.701145103828247,0.7711923219788893,0.9391382745772429,0.7157177189149243,0.701145103828247,0.701145103828247
23,LinearTBNegotiator,0.3667966211825861,0.0007811278057266481,0.36630162175889813,0.7994924177520258,0.5831445194673059,S5_F,BoulwareTBNegotiator,0.019715995877049863,LinearTBNegotiator@1,False,False,False,,8dY7nYLZ_Gs,0.7157177189149243,0.7157177189149243,0.701145103828247,0.7711923219788893,0.9391382745772429,0.7157177189149243,0.701145103828247,0.701145103828247
24,BoulwareTBNegotiator,0.8700454840805718,0.0007811278057266481,0.8699438936395891,0.48862897985705,0.6793372319688109,S5_F-1,LinearTBNegotiator,0.016196758078876883,BoulwareTBNegotiator@0,False,False,False,,FTARFwC_WOg,0.7625130806021299,0.7625130806021299,0.7805360810361862,0.8984044946650847,1.0,0.7805360810361862,0.7805360810361862,0.7805360810361862
25,LinearTBNegotiator,0.48862897985705,0.0009639366705748589,0.48813557496739834,0.8700454840805718,0.6793372319688109,S5_F-1,BoulwareTBNegotiator,0.01792345999274403,LinearTBNegotiator@1,False,False,False,,FTARFwC_WOg,0.7625130806021299,0.7625130806021299,0.7805360810361862,0.8984044946650847,1.0,0.7805360810361862,0.7805360810361862,0.7805360810361862
26,GeniusBOABaselineNegotiator,0.7735117533991136,0.0009639366705748589,0.773293222422739,0.4194282001299545,0.5964699767645341,S5_F,LinearTBNegotiator,0.007238119316753,GeniusBOABaselineNegotiator@0,False,False,False,,_F2egaXY-To,0.7564675455445156,0.7564675455445156,0.7427200277162486,0.7888148666679268,0.9278759254536693,0.7564675455445156,0.7427200277162486,0.7427200277162486
27,LinearTBNegotiator,0.4194282001299545,0.0007811278057266481,0.4189743448348645,0.7735117533991136,0.5964699767645341,S5_F,GeniusBOABaselineNegotiator,0.019615081837400794,LinearTBNegotiator@1,False,False,False,,_F2egaXY-To,0.7564675455445156,0.7564675455445156,0.7427200277162486,0.7888148666679268,0.9278759254536693,0.7564675455445156,0.7427200277162486,0.7427200277162486
28,BoulwareTBNegotiator,0.503182396799418,0.0007574209704742231,0.5028058114946462,0.5465949820788529,0.5248886894391355,S3_E-1,GeniusBOABaselineNegotiator,0.02030146081233397,BoulwareTBNegotiator@0,False,False,False,,0I4elsPGZ-w,0.9101795645181664,0.9126584534033798,0.9210437943802361,0.8546350332788867,0.9210437943802361,0.9210437943802361,0.9210437943802361,0.9210437943802361
29,GeniusBOABaselineNegotiator,0.5465949820788529,0.0010624744725208587,0.5461127384500538,0.503182396799418,0.5248886894391355,S3_E-1,BoulwareTBNegotiator,0.007131743477657437,GeniusBOABaselineNegotiator@1,False,False,False,,0I4elsPGZ-w,0.9101795645181664,0.9126584534033798,0.9210437943802361,0.8546350332788867,0.9210437943802361,0.9210437943802361,0.9210437943802361,0.9210437943802361
30,LinearTBNegotiator,0.5935672514619883,0.0008771261662935939,0.5932104456997367,0.868421052631579,0.7309941520467836,S0_F,GeniusBOABaselineNegotiator,0.018273250898346305,LinearTBNegotiator@0,False,False,False,,sD6buU6oUuY,0.8324241332371594,0.8324241332371594,0.8513976513554027,0.9667193271145101,1.0,0.8513976513554027,0.8513976513554027,0.8513976513554027
31,GeniusBOABaselineNegotiator,0.868421052631579,0.0007442816259952948,0.8683230478955606,0.5935672514619883,0.7309941520467836,S0_F,LinearTBNegotiator,0.006994331837631762,GeniusBOABaselineNegotiator@1,False,False,False,,sD6buU6oUuY,0.8324241332371594,0.8324241332371594,0.8513976513554027,0.9667193271145101,1.0,0.8513976513554027,0.8513976513554027,0.8513976513554027
32,SmartAspirationNegotiator,0.8778427550357375,0.0007442816259952948,0.8777517679227921,0.2059779077322937,0.5419103313840156,S0_F-1,ConcederTBNegotiator,0.013917250675149262,SmartAspirationNegotiator@0,False,False,False,,kSxuA2xXjZk,0.5566644835268639,0.5566644835268639,0.5731311073045606,0.7166612611675568,0.977991611797476,0.5731311073045606,0.5731311073045606,0.5731311073045606
33,ConcederTBNegotiator,0.2059779077322937,0.0008771261662935939,0.2052808387611162,0.8778427550357375,0.5419103313840156,S0_F-1,SmartAspirationNegotiator,0.023326117603573948,ConcederTBNegotiator@1,False,False,False,,kSxuA2xXjZk,0.5566644835268639,0.5566644835268639,0.5731311073045606,0.7166612611675568,0.977991611797476,0.5731311073045606,0.5731311073045606,0.5731311073045606
34,LinearTBNegotiator,0.3794671864847304,0.0007442816259952948,0.3790049913099276,0.7793597066154879,0.5794134465501092,S0_F-1,SmartAspirationNegotiator,0.02099807793274522,LinearTBNegotiator@0,False,False,False,,PIqG1l33nLY,0.7260400905445881,0.7260400905445881,0.7121247880259337,0.7662580823685883,0.9239956174677784,0.7260400905445881,0.7121247880259337,0.7121247880259337
35,SmartAspirationNegotiator,0.7793597066154879,0.0008771261662935939,0.7791660073421206,0.3794671864847304,0.5794134465501092,S0_F-1,LinearTBNegotiator,0.014610570622608066,SmartAspirationNegotiator@1,False,False,False,,PIqG1l33nLY,0.7260400905445881,0.7260400905445881,0.7121247880259337,0.7662580823685883,0.9239956174677784,0.7260400905445881,0.7121247880259337,0.7121247880259337
36,ConcederTBNegotiator,0.5935672514619883,0.0008771261662935939,0.5932104456997367,0.868421052631579,0.7309941520467836,S0_F,GeniusBOABaselineNegotiator,0.024143914924934506,ConcederTBNegotiator@0,False,False,False,,SBwod-OyZh8,0.8324241332371594,0.8324241332371594,0.8513976513554027,0.9667193271145101,1.0,0.8513976513554027,0.8513976513554027,0.8513976513554027
37,GeniusBOABaselineNegotiator,0.868421052631579,0.0007442816259952948,0.8683230478955606,0.5935672514619883,0.7309941520467836,S0_F,ConcederTBNegotiator,0.007062828924972564,GeniusBOABaselineNegotiator@1,False,False,False,,SBwod-OyZh8,0.8324241332371594,0.8324241332371594,0.8513976513554027,0.9667193271145101,1.0,0.8513976513554027,0.8513976513554027,0.8513976513554027
38,SmartAspirationNegotiator,0.7543859649122808,0.0008771261662935939,0.7541703412861719,0.7573099415204678,0.7558479532163743,S0_F,BoulwareTBNegotiator,0.01466158585390076,SmartAspirationNegotiator@0,False,False,False,,_F3qO16198E,0.9807999989329749,0.9807999989329749,1.0,0.9995877842364035,1.0,1.0,1.0,1.0
39,BoulwareTBNegotiator,0.7573099415204678,0.0007442816259952948,0.7571291772295895,0.7543859649122808,0.7558479532163743,S0_F,SmartAspirationNegotiator,0.01819457398960367,BoulwareTBNegotiator@1,False,False,False,,_F3qO16198E,0.9807999989329749,0.9807999989329749,1.0,0.9995877842364035,1.0,1.0,1.0,1.0
40,LinearTBNegotiator,0.34437946718648477,0.0007811278057266481,0.3438669434117273,0.797328273877102,0.5708538705317934,S5_F-1,GeniusBOABaselineNegotiator,0.024367751029785722,LinearTBNegotiator@0,False,False,False,,6n8hquQcrEI,0.6988246083002407,0.6988246083002407,0.6843837722421124,0.7549382824144538,0.9337405687728075,0.6988246083002407,0.6843837722421124,0.6843837722421124
41,GeniusBOABaselineNegotiator,0.797328273877102,0.0009639366705748589,0.7971327226692232,0.34437946718648477,0.5708538705317934,S5_F-1,LinearTBNegotiator,0.011751829122658819,GeniusBOABaselineNegotiator@1,False,False,False,,6n8hquQcrEI,0.6988246083002407,0.6988246083002407,0.6843837722421124,0.7549382824144538,0.9337405687728075,0.6988246083002407,0.6843837722421124,0.6843837722421124
42,SmartAspirationNegotiator,0.6031746031746031,0.0007754352238636291,0.6028666519879837,0.582010582010582,0.5925925925925926,S1_B-1,SmartAspirationNegotiator,0.016080122790299356,SmartAspirationNegotiator@0,False,False,False,,Uh3GiSfM7bk,0.9617153631935871,0.9802359416950643,0.9802359416950643,0.9538361758740667,0.9912092750886039,0.9802359416950643,0.9802359416950643,0.9802359416950643
43,SmartAspirationNegotiator,0.582010582010582,0.002193248997500751,0.5810918120473099,0.6031746031746031,0.5925925925925926,S1_B-1,SmartAspirationNegotiator,0.013440496171824634,SmartAspirationNegotiator@1,False,False,False,,Uh3GiSfM7bk,0.9617153631935871,0.9802359416950643,0.9802359416950643,0.9538361758740667,0.9912092750886039,0.9802359416950643,0.9802359416950643,0.9802359416950643
44,BoulwareTBNegotiator,0.503182396799418,0.0006426653306037134,0.5028629040232768,0.5465949820788529,0.5248886894391355,S2_E-1,GeniusBOABaselineNegotiator,0.020634167944081128,BoulwareTBNegotiator@0,False,False,False,,1HZ0cWkDqAc,0.9101795645181664,0.9126584534033798,0.9210437943802361,0.8546350332788867,0.9210437943802361,0.9210437943802361,0.9210437943802361,0.9210437943802361
45,GeniusBOABaselineNegotiator,0.5465949820788529,0.0012950634439420957,0.546007032382685,0.503182396799418,0.5248886894391355,S2_E-1,BoulwareTBNegotiator,0.007114493171684444,GeniusBOABaselineNegotiator@1,False,False,False,,1HZ0cWkDqAc,0.9101795645181664,0.9126584534033798,0.9210437943802361,0.8546350332788867,0.9210437943802361,0.9210437943802361,0.9210437943802361,0.9210437943802361
46,ConcederTBNegotiator,0.44971813056919435,0.0007574209704742231,0.4493010196130306,0.5331541218637992,0.4914361262164968,S3_E-1,ConcederTBNegotiator,0.007893625239375979,ConcederTBNegotiator@0,False,False,False,,_eUuptveVe0,0.8750503643735918,0.8735938136947262,0.8829793189802546,0.8001668516276624,0.8829793189802546,0.8829793189802546,0.8829793189802546,0.8829793189802546
47,ConcederTBNegotiator,0.5331541218637992,0.0010624744725208587,0.532657582475253,0.44971813056919435,0.4914361262164968,S3_E-1,ConcederTBNegotiator,0.007443582988344133,ConcederTBNegotiator@1,False,False,False,,_eUuptveVe0,0.8750503643735918,0.8735938136947262,0.8829793189802546,0.8001668516276624,0.8829793189802546,0.8829793189802546,0.8829793189802546,0.8829793189802546
48,ConcederTBNegotiator,0.25438596491228077,0.0009639366705748589,0.2536665467281953,0.8888888888888888,0.5716374269005848,S5_F,BoulwareTBNegotiator,0.022515377670060843,ConcederTBNegotiator@0,False,False,False,,DJvDfIZnBT8,0.590083685965619,0.590083685965619,0.6069419837946906,0.755974513803547,1.0,0.6069419837946906,0.6069419837946906,0.6069419837946906
49,BoulwareTBNegotiator,0.8888888888888888,0.0007811278057266481,0.8888020290618487,0.25438596491228077,0.5716374269005848,S5_F,ConcederTBNegotiator,0.015771244536153972,BoulwareTBNegotiator@1,False,False,False,,DJvDfIZnBT8,0.590083685965619,0.590083685965619,0.6069419837946906,0.755974513803547,1.0,0.6069419837946906,0.6069419837946906,0.6069419837946906
50,LinearTBNegotiator,0.8700454840805718,0.0007811278057266481,0.8699438936395891,0.48862897985705,0.6793372319688109,S5_F-1,ConcederTBNegotiator,0.008514584216754884,LinearTBNegotiator@0,False,False,False,,IdzzElxbeU0,0.7625130806021299,0.7625130806021299,0.7805360810361862,0.8984044946650847,1.0,0.7805360810361862,0.7805360810361862,0.7805360810361862
51,ConcederTBNegotiator,0.48862897985705,0.0009639366705748589,0.48813557496739834,0.8700454840805718,0.6793372319688109,S5_F-1,LinearTBNegotiator,0.008733289025258273,ConcederTBNegotiator@1,False,False,False,,IdzzElxbeU0,0.7625130806021299,0.7625130806021299,0.7805360810361862,0.8984044946650847,1.0,0.7805360810361862,0.7805360810361862,0.7805360810361862
52,GeniusBOABaselineNegotiator,0.9385964912280702,0.0008771261662935939,0.938542585321543,0.2108512020792723,0.5747238466536713,S0_F,ConcederTBNegotiator,0.0071122938534244895,GeniusBOABaselineNegotiator@0,False,False,False,,I2hTa8JXnfA,0.5785530218644237,0.5785530218644237,0.5615949814358568,0.7600562176291416,0.9902986456949824,0.5785530218644237,0.5615949814358568,0.5615949814358568
53,ConcederTBNegotiator,0.2108512020792723,0.0007442816259952948,0.21026341565016443,0.9385964912280702,0.5747238466536713,S0_F,GeniusBOABaselineNegotiator,0.019789744110312313,ConcederTBNegotiator@1,False,False,False,,I2hTa8JXnfA,0.5785530218644237,0.5785530218644237,0.5615949814358568,0.7600562176291416,0.9902986456949824,0.5785530218644237,0.5615949814358568,0.5615949814358568
54,LinearTBNegotiator,0.6919439898163302,0.0006426653306037134,0.6917458855839791,0.30734767025089604,0.4996458300336131,S2_E-1,ConcederTBNegotiator,0.011604001221712679,LinearTBNegotiator@0,False,False,False,,xBZx74lJk1M,0.7541134173788117,0.7902421138444015,0.7774568873879285,0.8135340676414962,1.0,0.7902421138444015,0.7774568873879285,0.7774568873879285
55,ConcederTBNegotiator,0.30734767025089604,0.0012950634439420957,0.3064494783237462,0.6919439898163302,0.4996458300336131,S2_E-1,LinearTBNegotiator,0.013708124228287488,ConcederTBNegotiator@1,False,False,False,,xBZx74lJk1M,0.7541134173788117,0.7902421138444015,0.7774568873879285,0.8135340676414962,1.0,0.7902421138444015,0.7774568873879285,0.7774568873879285
56,LinearTBNegotiator,0.796801346187857,0.0007754352238636291,0.7966436565161236,0.32275132275132273,0.5597763344695899,S1_B-1,ConcederTBNegotiator,0.009446751151699573,LinearTBNegotiator@0,False,False,False,,LaCebC4zxvE,0.7341014220333839,0.756164987707006,0.756164987707006,0.9010151744882784,1.0,0.756164987707006,0.756164987707006,0.756164987707006
57,ConcederTBNegotiator,0.32275132275132273,0.002193248997500751,0.32126268281083126,0.796801346187857,0.5597763344695899,S1_B-1,LinearTBNegotiator,0.011460459732916206,ConcederTBNegotiator@1,False,False,False,,LaCebC4zxvE,0.7341014220333839,0.756164987707006,0.756164987707006,0.9010151744882784,1.0,0.756164987707006,0.756164987707006,0.756164987707006
58,SmartAspirationNegotiator,0.47368421052631576,0.004370114375307104,0.47137405468352794,0.5263157894736842,0.5,S4_A,SmartAspirationNegotiator,0.015467959630768746,SmartAspirationNegotiator@0,False,False,False,,HgEMpmCbY7E,0.9707602339181286,0.9707602339181286,0.9707602339181286,1.0,0.9999999999999999,0.9707602339181286,0.9766081871345029,0.9766081871345029
59,SmartAspirationNegotiator,0.5263157894736842,0.0034960628013070215,0.5246539498299364,0.47368421052631576,0.5,S4_A,SmartAspirationNegotiator,0.014776785741560161,SmartAspirationNegotiator@1,False,False,False,,HgEMpmCbY7E,0.9707602339181286,0.9707602339181286,0.9707602339181286,1.0,0.9999999999999999,0.9707602339181286,0.9766081871345029,0.9766081871345029
60,BoulwareTBNegotiator,0.5185185185185185,0.0007442816259952948,0.518159893780792,0.55843702955246,0.5384777740354892,S0_F-1,GeniusBOABaselineNegotiator,0.02095425484003499,BoulwareTBNegotiator@0,False,False,False,,kJ2AkDyHVPU,0.7659319509600617,0.7659319509600617,0.7651664033242354,0.7121218000501757,0.7817356951733825,0.7659319509600617,0.7651664033242354,0.7651664033242354
61,GeniusBOABaselineNegotiator,0.55843702955246,0.0008771261662935939,0.5580493831021693,0.5185185185185185,0.5384777740354892,S0_F-1,BoulwareTBNegotiator,0.007478241575881839,GeniusBOABaselineNegotiator@1,False,False,False,,kJ2AkDyHVPU,0.7659319509600617,0.7659319509600617,0.7651664033242354,0.7121218000501757,0.7817356951733825,0.7659319509600617,0.7651664033242354,0.7651664033242354
62,LinearTBNegotiator,0.3166030187306783,0.0007574209704742231,0.3160850071730895,0.7539135594696658,0.535258289100172,S3_E-1,BoulwareTBNegotiator,0.020134918158873916,LinearTBNegotiator@0,False,False,False,,Gt7suwkdlwE,0.7874967847247605,0.7566580799973476,0.7733644806400886,0.8715190380778248,0.9676090921129151,0.7874967847247605,0.7733644806400886,0.7733644806400886
63,BoulwareTBNegotiator,0.7539135594696658,0.0010624744725208587,0.7536518208179329,0.3166030187306783,0.535258289100172,S3_E-1,LinearTBNegotiator,0.017790370620787144,BoulwareTBNegotiator@1,False,False,False,,Gt7suwkdlwE,0.7874967847247605,0.7566580799973476,0.7733644806400886,0.8715190380778248,0.9676090921129151,0.7874967847247605,0.7733644806400886,0.7733644806400886
64,LinearTBNegotiator,0.5304659498207884,0.0010624744725208587,0.5299665512802929,0.5653755228223313,0.5479207363215599,S3_E,LinearTBNegotiator,0.014838122762739658,LinearTBNegotiator@0,False,False,False,,s254umB4tck,0.9218443521335803,0.942796874646565,0.9422771620333915,0.8921363065009765,0.942796874646565,0.942796874646565,0.9422771620333915,0.9422771620333915
65,LinearTBNegotiator,0.5653755228223313,0.0007574209704742231,0.5650460796018317,0.5304659498207884,0.5479207363215599,S3_E,LinearTBNegotiator,0.014071037410758436,LinearTBNegotiator@1,False,False,False,,s254umB4tck,0.9218443521335803,0.942796874646565,0.9422771620333915,0.8921363065009765,0.942796874646565,0.942796874646565,0.9422771620333915,0.9422771620333915
66,LinearTBNegotiator,0.7651169989224802,0.0010624744725208587,0.764867176299647,0.4238952536824877,0.594506126302484,S3_E,ConcederTBNegotiator,0.00995887815952301,LinearTBNegotiator@0,False,False,False,,8Ia3oyamaXw,0.8500196090556311,0.8150382970349164,0.8316149347784617,0.9679876386361752,1.0,0.8500196090556311,0.8316149347784617,0.8316149347784617
67,ConcederTBNegotiator,0.4238952536824877,0.0007574209704742231,0.4234585691123863,0.7651169989224802,0.594506126302484,S3_E,LinearTBNegotiator,0.011341788107529283,ConcederTBNegotiator@1,False,False,False,,8Ia3oyamaXw,0.8500196090556311,0.8150382970349164,0.8316149347784617,0.9679876386361752,1.0,0.8500196090556311,0.8316149347784617,0.8316149347784617
68,ConcederTBNegotiator,0.1375661375661376,0.002193248997500751,0.13567044764191794,0.9079124572989682,0.5227392974325529,S1_B,BoulwareTBNegotiator,0.02313108602538705,ConcederTBNegotiator@0,False,False,False,,YD_pR4kXO2M,0.5796181182470082,0.601689676597047,0.601689676597047,0.8414004134961494,1.0,0.601689676597047,0.601689676597047,0.601689676597047
69,BoulwareTBNegotiator,0.9079124572989682,0.0007754352238636291,0.9078409939594881,0.1375661375661376,0.5227392974325529,S1_B,ConcederTBNegotiator,0.01507532614050433,BoulwareTBNegotiator@1,False,False,False,,YD_pR4kXO2M,0.5796181182470082,0.601689676597047,0.601689676597047,0.8414004134961494,1.0,0.601689676597047,0.601689676597047,0.601689676597047
70,LinearTBNegotiator,0.8700454840805718,0.0007442816259952948,0.869948689279566,0.48862897985705,0.6793372319688109,S0_F-1,ConcederTBNegotiator,0.00814300001366064,LinearTBNegotiator@0,False,False,False,,ZqAHG_dtitI,0.7625130806021299,0.7625130806021299,0.7805360810361862,0.8984044946650847,1.0,0.7805360810361862,0.7805360810361862,0.7805360810361862
71,ConcederTBNegotiator,0.48862897985705,0.0008771261662935939,0.4881800491857597,0.8700454840805718,0.6793372319688109,S0_F-1,LinearTBNegotiator,0.008473166089970618,ConcederTBNegotiator@1,False,False,False,,ZqAHG_dtitI,0.7625130806021299,0.7625130806021299,0.7805360810361862,0.8984044946650847,1.0,0.7805360810361862,0.7805360810361862,0.7805360810361862
72,SmartAspirationNegotiator,0.5918734261726876,0.0012950634439420957,0.5913441909732625,0.6170212765957446,0.6044473513842161,S2_E,BoulwareTBNegotiator,0.015867614652961493,SmartAspirationNegotiator@0,False,False,False,,Xc2QQlzuM5Q,0.962744468605478,1.0,0.9832225744061249,0.9841741547480721,1.0,1.0,0.9832225744061249,0.9832225744061249
73,BoulwareTBNegotiator,0.6170212765957446,0.0006426653306037134,0.6167749911687485,0.5918734261726876,0.6044473513842161,S2_E,SmartAspirationNegotiator,0.019323232991155237,BoulwareTBNegotiator@1,False,False,False,,Xc2QQlzuM5Q,0.962744468605478,1.0,0.9832225744061249,0.9841741547480721,1.0,1.0,0.9832225744061249,0.9832225744061249
74,BoulwareTBNegotiator,0.503182396799418,0.0006426653306037134,0.5028629040232768,0.5465949820788529,0.5248886894391355,S2_E-1,GeniusBOABaselineNegotiator,0.02059729426400736,BoulwareTBNegotiator@0,False,False,False,,jYpQcScfnLo,0.9101795645181664,0.9126584534033798,0.9210437943802361,0.8546350332788867,0.9210437943802361,0.9210437943802361,0.9210437943802361,0.9210437943802361
75,GeniusBOABaselineNegotiator,0.5465949820788529,0.0012950634439420957,0.546007032382685,0.503182396799418,0.5248886894391355,S2_E-1,BoulwareTBNegotiator,0.007242620224133134,GeniusBOABaselineNegotiator@1,False,False,False,,jYpQcScfnLo,0.9101795645181664,0.9126584534033798,0.9210437943802361,0.8546350332788867,0.9210437943802361,0.9210437943802361,0.9210437943802361,0.9210437943802361
76,SmartAspirationNegotiator,0.5564516129032258,0.0012950634439420957,0.5558764447221919,0.6563011456628477,0.6063763792830368,S2_E,GeniusBOABaselineNegotiator,0.01618729333858937,SmartAspirationNegotiator@0,False,False,False,,huv1MywhJh0,0.9259475513173088,0.9622920760502182,0.9456457474034602,0.9873150393883301,1.0,0.9622920760502182,0.9456457474034602,0.9456457474034602
77,GeniusBOABaselineNegotiator,0.6563011456628477,0.0006426653306037134,0.6560801202796461,0.5564516129032258,0.6063763792830368,S2_E,SmartAspirationNegotiator,0.007369960541836917,GeniusBOABaselineNegotiator@1,False,False,False,,huv1MywhJh0,0.9259475513173088,0.9622920760502182,0.9456457474034602,0.9873150393883301,1.0,0.9622920760502182,0.9456457474034602,0.9456457474034602
78,GeniusBOABaselineNegotiator,0.7573099415204678,0.0007811278057266481,0.7571202213719327,0.7543859649122808,0.7558479532163743,S5_F-1,SmartAspirationNegotiator,0.007334889378398657,GeniusBOABaselineNegotiator@0,False,False,False,,VZV8RHntwNU,0.9807999989329749,0.9807999989329749,1.0,0.9995877842364035,1.0,1.0,1.0,1.0
79,SmartAspirationNegotiator,0.7543859649122808,0.0009639366705748589,0.7541489800986998,0.7573099415204678,0.7558479532163743,S5_F-1,GeniusBOABaselineNegotiator,0.01449541631154716,SmartAspirationNegotiator@1,False,False,False,,VZV8RHntwNU,0.9807999989329749,0.9807999989329749,1.0,0.9995877842364035,1.0,1.0,1.0,1.0
80,ConcederTBNegotiator,0.15384615384615385,0.0007574209704742231,0.15320477338381733,0.9232683981793433,0.5385572760127486,S3_E-1,GeniusBOABaselineNegotiator,0.020191795891150832,ConcederTBNegotiator@0,False,False,False,,xHtvq6ymw-E,0.6276054466489961,0.5939791687865419,0.6107442472375311,0.8768905193967101,1.0,0.6276054466489961,0.6107442472375311,0.6107442472375311
81,GeniusBOABaselineNegotiator,0.9232683981793433,0.0010624744725208587,0.9231867861004228,0.15384615384615385,0.5385572760127486,S3_E-1,ConcederTBNegotiator,0.032045621948782355,GeniusBOABaselineNegotiator@1,False,False,False,,xHtvq6ymw-E,0.6276054466489961,0.5939791687865419,0.6107442472375311,0.8768905193967101,1.0,0.6276054466489961,0.6107442472375311,0.6107442472375311
82,SmartAspirationNegotiator,0.8778427550357375,0.0007442816259952948,0.8777517679227921,0.2059779077322937,0.5419103313840156,S0_F-1,ConcederTBNegotiator,0.013134334760252386,SmartAspirationNegotiator@0,False,False,False,,L9OjxdfcWuA,0.5566644835268639,0.5566644835268639,0.5731311073045606,0.7166612611675568,0.977991611797476,0.5731311073045606,0.5731311073045606,0.5731311073045606
83,ConcederTBNegotiator,0.2059779077322937,0.0008771261662935939,0.2052808387611162,0.8778427550357375,0.5419103313840156,S0_F-1,SmartAspirationNegotiator,0.022280620236415416,ConcederTBNegotiator@1,False,False,False,,L9OjxdfcWuA,0.5566644835268639,0.5566644835268639,0.5731311073045606,0.7166612611675568,0.977991611797476,0.5731311073045606,0.5731311073045606,0.5731311073045606
84,LinearTBNegotiator,0.48862897985705,0.0009639366705748589,0.48813557496739834,0.8700454840805718,0.6793372319688109,S5_F,SmartAspirationNegotiator,0.018014289787970483,LinearTBNegotiator@0,False,False,False,,YUnWa9pa3bk,0.7625130806021299,0.7625130806021299,0.7805360810361862,0.8984044946650847,1.0,0.7805360810361862,0.7805360810361862,0.7805360810361862
85,SmartAspirationNegotiator,0.8700454840805718,0.0007811278057266481,0.8699438936395891,0.48862897985705,0.6793372319688109,S5_F,LinearTBNegotiator,0.013068339321762323,SmartAspirationNegotiator@1,False,False,False,,YUnWa9pa3bk,0.7625130806021299,0.7625130806021299,0.7805360810361862,0.8984044946650847,1.0,0.7805360810361862,0.7805360810361862,0.7805360810361862
86,GeniusBOABaselineNegotiator,0.868421052631579,0.0007442816259952948,0.8683230478955606,0.5935672514619883,0.7309941520467836,S0_F-1,LinearTBNegotiator,0.006794671586249024,GeniusBOABaselineNegotiator@0,False,False,False,,5NzfQItp5Cc,0.8324241332371594,0.8324241332371594,0.8513976513554027,0.9667193271145101,1.0,0.8513976513554027,0.8513976513554027,0.8513976513554027
87,LinearTBNegotiator,0.5935672514619883,0.0008771261662935939,0.5932104456997367,0.868421052631579,0.7309941520467836,S0_F-1,GeniusBOABaselineNegotiator,0.01765436789719388,LinearTBNegotiator@1,False,False,False,,5NzfQItp5Cc,0.8324241332371594,0.8324241332371594,0.8513976513554027,0.9667193271145101,1.0,0.8513976513554027,0.8513976513554027,0.8513976513554027
88,GeniusBOABaselineNegotiator,0.6933073424301495,0.0009639366705748589,0.6930114248851488,0.7063027940220923,0.6998050682261209,S5_F,BoulwareTBNegotiator,0.007322795514483005,GeniusBOABaselineNegotiator@0,False,False,False,,_od8fwCEq7E,0.9346036197574028,0.9346036197574028,0.9395037748202615,0.9254726358242911,0.9462663627744217,0.9395037748202615,0.9395037748202615,0.9395037748202615
89,BoulwareTBNegotiator,0.7063027940220923,0.0007811278057266481,0.7060731996254714,0.6933073424301495,0.6998050682261209,S5_F,GeniusBOABaselineNegotiator,0.018418824358377606,BoulwareTBNegotiator@1,False,False,False,,_od8fwCEq7E,0.9346036197574028,0.9346036197574028,0.9395037748202615,0.9254726358242911,0.9462663627744217,0.9395037748202615,0.9395037748202615,0.9395037748202615
90,SmartAspirationNegotiator,0.9473684210526316,0.0008771261662935939,0.947322215989894,0.17251461988304095,0.5599415204678363,S0_F,ConcederTBNegotiator,0.013060288154520094,SmartAspirationNegotiator@0,False,False,False,,qu6246Y7uDw,0.5487427081223939,0.5487427081223939,0.5318374353927556,0.7405070045697147,0.9816984826275842,0.5487427081223939,0.5318374353927556,0.5318374353927556
91,ConcederTBNegotiator,0.17251461988304095,0.0007442816259952948,0.17189827898763638,0.9473684210526316,0.5599415204678363,S0_F,SmartAspirationNegotiator,0.0214449517079629,ConcederTBNegotiator@1,False,False,False,,qu6246Y7uDw,0.5487427081223939,0.5487427081223939,0.5318374353927556,0.7405070045697147,0.9816984826275842,0.5487427081223939,0.5318374353927556,0.5318374353927556
92,LinearTBNegotiator,0.5304659498207884,0.0010624744725208587,0.5299665512802929,0.5653755228223313,0.5479207363215599,S3_E,LinearTBNegotiator,0.014990040101110935,LinearTBNegotiator@0,False,False,False,,kdY0aV7GR-I,0.9218443521335803,0.942796874646565,0.9422771620333915,0.8921363065009765,0.942796874646565,0.942796874646565,0.9422771620333915,0.9422771620333915
93,LinearTBNegotiator,0.5653755228223313,0.0007574209704742231,0.5650460796018317,0.5304659498207884,0.5479207363215599,S3_E,LinearTBNegotiator,0.014222534256987274,LinearTBNegotiator@1,False,False,False,,kdY0aV7GR-I,0.9218443521335803,0.942796874646565,0.9422771620333915,0.8921363065009765,0.942796874646565,0.942796874646565,0.9422771620333915,0.9422771620333915
94,ConcederTBNegotiator,0.15384615384615385,0.0007574209704742231,0.15320477338381733,0.9232683981793433,0.5385572760127486,S3_E-1,BoulwareTBNegotiator,0.020666668191552162,ConcederTBNegotiator@0,False,False,False,,vfXiySCzsDA,0.6276054466489961,0.5939791687865419,0.6107442472375311,0.8768905193967101,1.0,0.6276054466489961,0.6107442472375311,0.6107442472375311
95,BoulwareTBNegotiator,0.9232683981793433,0.0010624744725208587,0.9231867861004228,0.15384615384615385,0.5385572760127486,S3_E-1,ConcederTBNegotiator,0.014754909963812679,BoulwareTBNegotiator@1,False,False,False,,vfXiySCzsDA,0.6276054466489961,0.5939791687865419,0.6107442472375311,0.8768905193967101,1.0,0.6276054466489961,0.6107442472375311,0.6107442472375311
96,ConcederTBNegotiator,0.5935672514619883,0.0008771261662935939,0.5932104456997367,0.868421052631579,0.7309941520467836,S0_F,GeniusBOABaselineNegotiator,0.023157332907430828,ConcederTBNegotiator@0,False,False,False,,YU2jsCJlRkw,0.8324241332371594,0.8324241332371594,0.8513976513554027,0.9667193271145101,1.0,0.8513976513554027,0.8513976513554027,0.8513976513554027
97,GeniusBOABaselineNegotiator,0.868421052631579,0.0007442816259952948,0.8683230478955606,0.5935672514619883,0.7309941520467836,S0_F,ConcederTBNegotiator,0.007097709167283028,GeniusBOABaselineNegotiator@1,False,False,False,,YU2jsCJlRkw,0.8324241332371594,0.8324241332371594,0.8513976513554027,0.9667193271145101,1.0,0.8513976513554027,0.8513976513554027,0.8513976513554027
98,SmartAspirationNegotiator,0.5918734261726876,0.0012950634439420957,0.5913441909732625,0.6170212765957446,0.6044473513842161,S2_E,BoulwareTBNegotiator,0.01552853937027976,SmartAspirationNegotiator@0,False,False,False,,tzYcBCpUVA8,0.962744468605478,1.0,0.9832225744061249,0.9841741547480721,1.0,1.0,0.9832225744061249,0.9832225744061249
99,BoulwareTBNegotiator,0.6170212765957446,0.0006426653306037134,0.6167749911687485,0.5918734261726876,0.6044473513842161,S2_E,SmartAspirationNegotiator,0.019474998174700886,BoulwareTBNegotiator@1,False,False,False,,tzYcBCpUVA8,0.962744468605478,1.0,0.9832225744061249,0.9841741547480721,1.0,1.0,0.9832225744061249,0.9832225744061249
100,ConcederTBNegotiator,0.5968161143599741,0.0009639366705748589,0.5964270956382094,0.5838206627680312,0.5903183885640026,S5_F,ConcederTBNegotiator,0.006739000964444131,ConcederTBNegotiator@0,False,False,False,,wHkj67_qmQo,0.8213816800521802,0.8213816800521802,0.8218283087855961,0.7806795632742511,0.8338690225980921,0.8218283087855961,0.8218283087855961,0.8218283087855961
101,ConcederTBNegotiator,0.5838206627680312,0.0007811278057266481,0.5834953193807842,0.5968161143599741,0.5903183885640026,S5_F,ConcederTBNegotiator,0.006434875947888941,ConcederTBNegotiator@1,False,False,False,,wHkj67_qmQo,0.8213816800521802,0.8213816800521802,0.8218283087855961,0.7806795632742511,0.8338690225980921,0.8218283087855961,0.8218283087855961,0.8218283087855961
102,BoulwareTBNegotiator,0.7539135594696658,0.0010624744725208587,0.7536518208179329,0.3166030187306783,0.535258289100172,S3_E,LinearTBNegotiator,0.017930580012034625,BoulwareTBNegotiator@0,False,False,False,,LPr_FCdkwNk,0.7874967847247605,0.7566580799973476,0.7733644806400886,0.8715190380778248,0.9676090921129151,0.7874967847247605,0.7733644806400886,0.7733644806400886
103,LinearTBNegotiator,0.3166030187306783,0.0007574209704742231,0.3160850071730895,0.7539135594696658,0.535258289100172,S3_E,BoulwareTBNegotiator,0.01936945685883984,LinearTBNegotiator@1,False,False,False,,LPr_FCdkwNk,0.7874967847247605,0.7566580799973476,0.7733644806400886,0.8715190380778248,0.9676090921129151,0.7874967847247605,0.7733644806400886,0.7733644806400886
104,GeniusBOABaselineNegotiator,0.49405692864529305,0.0012950634439420957,0.49340085060618105,0.5633751591198399,0.5287160438825664,S2_E,BoulwareTBNegotiator,0.0072679627337493,GeniusBOABaselineNegotiator@0,False,False,False,,5jx7bMOYrco,0.8961624518430267,0.9204659248418944,0.9173845975320372,0.8608668139553324,0.9213631521657724,0.9204659248418944,0.9173845975320372,0.9173845975320372
105,BoulwareTBNegotiator,0.5633751591198399,0.0006426653306037134,0.5630943750219208,0.49405692864529305,0.5287160438825664,S2_E,GeniusBOABaselineNegotiator,0.019816619926132262,BoulwareTBNegotiator@1,False,False,False,,5jx7bMOYrco,0.8961624518430267,0.9204659248418944,0.9173845975320372,0.8608668139553324,0.9213631521657724,0.9204659248418944,0.9173845975320372,0.9173845975320372
106,BoulwareTBNegotiator,0.9365079365079365,0.002193248997500751,0.9363683765135155,0.2595117842050396,0.5980098603564881,S1_B,ConcederTBNegotiator,0.013509035867173225,BoulwareTBNegotiator@0,False,False,False,,m3mrdC8Ucog,0.67706503438979,0.6559033950247126,0.6559033950247126,0.9625558021943916,1.0,0.67706503438979,0.6559033950247126,0.6559033950247126
107,ConcederTBNegotiator,0.2595117842050396,0.0007754352238636291,0.2589371379587156,0.9365079365079365,0.5980098603564881,S1_B,BoulwareTBNegotiator,0.0198920406983234,ConcederTBNegotiator@1,False,False,False,,m3mrdC8Ucog,0.67706503438979,0.6559033950247126,0.6559033950247126,0.9625558021943916,1.0,0.67706503438979,0.6559033950247126,0.6559033950247126
108,SmartAspirationNegotiator,0.7076023391812865,0.0034960628013070215,0.7065765122407014,0.2923976608187134,0.4999999999999999,S4_A-1,LinearTBNegotiator,0.012314707331825048,SmartAspirationNegotiator@0,False,False,False,,TCMUADBkgOs,0.7894736842105263,0.7894736842105263,0.7894736842105263,0.9999999999999998,0.9999999999999999,0.7894736842105263,0.7953216374269007,0.7953216374269007
109,LinearTBNegotiator,0.2923976608187134,0.004370114375307104,0.28929178463007643,0.7076023391812865,0.4999999999999999,S4_A-1,SmartAspirationNegotiator,0.02123961760662496,LinearTBNegotiator@1,False,False,False,,TCMUADBkgOs,0.7894736842105263,0.7894736842105263,0.7894736842105263,0.9999999999999998,0.9999999999999999,0.7894736842105263,0.7953216374269007,0.7953216374269007
110,GeniusBOABaselineNegotiator,0.6170212765957446,0.0007574209704742231,0.6167309806031204,0.5918734261726876,0.6044473513842161,S3_E-1,SmartAspirationNegotiator,0.007376833469606936,GeniusBOABaselineNegotiator@0,False,False,False,,7bvCK8pJu2w,0.962744468605478,1.0,0.9832225744061249,0.9841741547480721,1.0,1.0,0.9832225744061249,0.9832225744061249
111,SmartAspirationNegotiator,0.5918734261726876,0.0010624744725208587,0.5914393409019196,0.6170212765957446,0.6044473513842161,S3_E-1,GeniusBOABaselineNegotiator,0.01551928895059973,SmartAspirationNegotiator@1,False,False,False,,7bvCK8pJu2w,0.962744468605478,1.0,0.9832225744061249,0.9841741547480721,1.0,1.0,0.9832225744061249,0.9832225744061249
112,LinearTBNegotiator,0.26900584795321636,0.0034960628013070215,0.2664412806017537,0.7309941520467835,0.49999999999999994,S4_A-1,GeniusBOABaselineNegotiator,0.021166829974390566,LinearTBNegotiator@0,False,False,False,,PEhCdvo-inQ,0.7719298245614036,0.7719298245614036,0.7719298245614036,0.9999999999999999,0.9999999999999999,0.7719298245614036,0.7719298245614036,0.7719298245614036
113,GeniusBOABaselineNegotiator,0.7309941520467835,0.004370114375307104,0.7298134057271364,0.26900584795321636,0.49999999999999994,S4_A-1,LinearTBNegotiator,0.006394824653398246,GeniusBOABaselineNegotiator@1,False,False,False,,PEhCdvo-inQ,0.7719298245614036,0.7719298245614036,0.7719298245614036,0.9999999999999999,0.9999999999999999,0.7719298245614036,0.7719298245614036,0.7719298245614036
114,BoulwareTBNegotiator,0.7725532264198727,0.0008771261662935939,0.7723535517634607,0.7397660818713451,0.7561596541456088,S0_F,SmartAspirationNegotiator,0.01863429369404912,BoulwareTBNegotiator@0,False,False,False,,hARBmFp32pA,1.0,1.0,0.9807999989329749,1.0,1.0,1.0,0.9807999989329749,0.9807999989329749
115,SmartAspirationNegotiator,0.7397660818713451,0.0007442816259952948,0.7395722502823309,0.7725532264198727,0.7561596541456088,S0_F,BoulwareTBNegotiator,0.013870455557480454,SmartAspirationNegotiator@1,False,False,False,,hARBmFp32pA,1.0,1.0,0.9807999989329749,1.0,1.0,1.0,0.9807999989329749,0.9807999989329749
116,SmartAspirationNegotiator,0.7397660818713451,0.0007811278057266481,0.7395626470132772,0.7725532264198727,0.7561596541456088,S5_F-1,GeniusBOABaselineNegotiator,0.013836504658684134,SmartAspirationNegotiator@0,False,False,False,,XVU2td8E23k,1.0,1.0,0.9807999989329749,1.0,1.0,1.0,0.9807999989329749,0.9807999989329749
117,GeniusBOABaselineNegotiator,0.7725532264198727,0.0009639366705748589,0.7723337705926955,0.7397660818713451,0.7561596541456088,S5_F-1,SmartAspirationNegotiator,0.007004199957009405,GeniusBOABaselineNegotiator@1,False,False,False,,XVU2td8E23k,1.0,1.0,0.9807999989329749,1.0,1.0,1.0,0.9807999989329749,0.9807999989329749
118,ConcederTBNegotiator,0.1185236972314441,0.0010624744725208587,0.11758615504698254,0.8821603927986906,0.5003420450150674,S3_E,BoulwareTBNegotiator,0.022977293760050088,ConcederTBNegotiator@0,False,False,False,,v8dHeaYLh0E,0.575956136137469,0.6132082015172416,0.598227682953997,0.8146676598217358,0.9763036178091531,0.6132082015172416,0.598227682953997,0.598227682953997
119,BoulwareTBNegotiator,0.8821603927986906,0.0007574209704742231,0.8820710709548063,0.1185236972314441,0.5003420450150674,S3_E,ConcederTBNegotiator,0.015616952907294035,BoulwareTBNegotiator@1,False,False,False,,v8dHeaYLh0E,0.575956136137469,0.6132082015172416,0.598227682953997,0.8146676598217358,0.9763036178091531,0.6132082015172416,0.598227682953997,0.598227682953997
120,ConcederTBNegotiator,0.1490748497922465,0.0012950634439420957,0.1479714187234414,0.8952536824877251,0.5221642661399858,S2_E,GeniusBOABaselineNegotiator,0.02243080089101568,ConcederTBNegotiator@0,False,False,False,,hQAKUckInkk,0.5899418999499724,0.627175323667607,0.6118375432198896,0.8501990687710164,1.0,0.627175323667607,0.6118375432198896,0.6118375432198896
121,GeniusBOABaselineNegotiator,0.8952536824877251,0.0006426653306037134,0.8951863223709399,0.1490748497922465,0.5221642661399858,S2_E,ConcederTBNegotiator,0.006956625322345644,GeniusBOABaselineNegotiator@1,False,False,False,,hQAKUckInkk,0.5899418999499724,0.627175323667607,0.6118375432198896,0.8501990687710164,1.0,0.627175323667607,0.6118375432198896,0.6118375432198896
122,SmartAspirationNegotiator,0.7543859649122808,0.0009639366705748589,0.7541489800986998,0.7573099415204678,0.7558479532163743,S5_F,GeniusBOABaselineNegotiator,0.014705163950566202,SmartAspirationNegotiator@0,False,False,False,,dVyMthpX6mw,0.9807999989329749,0.9807999989329749,1.0,0.9995877842364035,1.0,1.0,1.0,1.0
123,GeniusBOABaselineNegotiator,0.7573099415204678,0.0007811278057266481,0.7571202213719327,0.7543859649122808,0.7558479532163743,S5_F,SmartAspirationNegotiator,0.007230237824842334,GeniusBOABaselineNegotiator@1,False,False,False,,dVyMthpX6mw,0.9807999989329749,0.9807999989329749,1.0,0.9995877842364035,1.0,1.0,1.0,1.0
124,BoulwareTBNegotiator,0.4970760233918128,0.0034960628013070215,0.49531160105400646,0.502923976608187,0.4999999999999999,S4_A-1,SmartAspirationNegotiator,0.02029708679765463,BoulwareTBNegotiator@0,False,False,False,,Cfueqg4Pdcw,0.9999999999999998,0.9999999999999998,0.9999999999999998,0.9999999999999998,0.9999999999999998,0.9999999999999998,0.9999999999999998,0.9999999999999998
125,SmartAspirationNegotiator,0.502923976608187,0.004370114375307104,0.5007421627566652,0.4970760233918128,0.4999999999999999,S4_A-1,BoulwareTBNegotiator,0.015044586092699319,SmartAspirationNegotiator@1,False,False,False,,Cfueqg4Pdcw,0.9999999999999998,0.9999999999999998,0.9999999999999998,0.9999999999999998,0.9999999999999998,0.9999999999999998,0.9999999999999998,0.9999999999999998
126,SmartAspirationNegotiator,0.582010582010582,0.002193248997500751,0.5810918120473099,0.6031746031746031,0.5925925925925926,S1_B,SmartAspirationNegotiator,0.014346411626320332,SmartAspirationNegotiator@0,False,False,False,,8yQ8GJ6TLYo,0.9617153631935871,0.9802359416950643,0.9802359416950643,0.9538361758740667,0.9912092750886039,0.9802359416950643,0.9802359416950643,0.9802359416950643
127,SmartAspirationNegotiator,0.6031746031746031,0.0007754352238636291,0.6028666519879837,0.582010582010582,0.5925925925925926,S1_B,SmartAspirationNegotiator,0.01521553285419941,SmartAspirationNegotiator@1,False,False,False,,8yQ8GJ6TLYo,0.9617153631935871,0.9802359416950643,0.9802359416950643,0.9538361758740667,0.9912092750886039,0.9802359416950643,0.9802359416950643,0.9802359416950643
128,BoulwareTBNegotiator,0.8888888888888888,0.0007442816259952948,0.8888061293340289,0.25438596491228077,0.5716374269005848,S0_F-1,ConcederTBNegotiator,0.01579162711277604,BoulwareTBNegotiator@0,False,False,False,,gpXXbqjgc4I,0.590083685965619,0.590083685965619,0.6069419837946906,0.755974513803547,1.0,0.6069419837946906,0.6069419837946906,0.6069419837946906
129,ConcederTBNegotiator,0.25438596491228077,0.0008771261662935939,0.25373139319016436,0.8888888888888888,0.5716374269005848,S0_F-1,BoulwareTBNegotiator,0.02218036778504029,ConcederTBNegotiator@1,False,False,False,,gpXXbqjgc4I,0.590083685965619,0.590083685965619,0.6069419837946906,0.755974513803547,1.0,0.6069419837946906,0.6069419837946906,0.6069419837946906
130,ConcederTBNegotiator,0.1387525004546281,0.0007574209704742231,0.1380996790771027,0.9144540713339779,0.526603285894303,S3_E-1,SmartAspirationNegotiator,0.022317243739962578,ConcederTBNegotiator@0,False,False,False,,BNPqnQzr-QY,0.6218815860491587,0.588727183871518,0.6055037501538055,0.857426776038838,0.9875390245474492,0.6218815860491587,0.6055037501538055,0.6055037501538055
131,SmartAspirationNegotiator,0.9144540713339779,0.0010624744725208587,0.9143630842971383,0.1387525004546281,0.526603285894303,S3_E-1,ConcederTBNegotiator,0.012738991936203092,SmartAspirationNegotiator@1,False,False,False,,BNPqnQzr-QY,0.6218815860491587,0.588727183871518,0.6055037501538055,0.857426776038838,0.9875390245474492,0.6218815860491587,0.6055037501538055,0.6055037501538055
132,LinearTBNegotiator,0.7651169989224802,0.0012950634439420957,0.7648124160800766,0.4238952536824877,0.594506126302484,S2_E,ConcederTBNegotiator,0.010054125217720866,LinearTBNegotiator@0,False,False,False,,Y5U2XpdDYLA,0.8500196090556311,0.8150382970349164,0.8316149347784617,0.9679876386361752,1.0,0.8500196090556311,0.8316149347784617,0.8316149347784617
133,ConcederTBNegotiator,0.4238952536824877,0.0006426653306037134,0.4235247730401688,0.7651169989224802,0.594506126302484,S2_E,LinearTBNegotiator,0.010985382134094834,ConcederTBNegotiator@1,False,False,False,,Y5U2XpdDYLA,0.8500196090556311,0.8150382970349164,0.8316149347784617,0.9679876386361752,1.0,0.8500196090556311,0.8316149347784617,0.8316149347784617
134,GeniusBOABaselineNegotiator,0.5904521398386507,0.0007754352238636291,0.5901343155498752,0.5873015873015872,0.5888768635701189,S1_B-1,BoulwareTBNegotiator,0.006716128264088184,GeniusBOABaselineNegotiator@0,False,False,False,,cJpbSfSdmmU,0.9657533700827802,0.9788365509746099,0.9788365509746099,0.947855343839237,0.9829625189076004,0.9788365509746099,0.9788365509746099,0.9788365509746099
135,BoulwareTBNegotiator,0.5873015873015872,0.002193248997500751,0.5863944473378502,0.5904521398386507,0.5888768635701189,S1_B-1,GeniusBOABaselineNegotiator,0.01901820272905752,BoulwareTBNegotiator@1,False,False,False,,cJpbSfSdmmU,0.9657533700827802,0.9788365509746099,0.9788365509746099,0.947855343839237,0.9829625189076004,0.9788365509746099,0.9788365509746099,0.9788365509746099
136,SmartAspirationNegotiator,0.5973813420621931,0.0006426653306037134,0.5971224266132997,0.6048387096774194,0.6011100258698062,S2_E-1,SmartAspirationNegotiator,0.014770666195545346,SmartAspirationNegotiator@0,False,False,False,,-53xPqO25HQ,0.9765338686924485,0.9832225744061249,1.0,0.9787402496945685,1.0,1.0,1.0,1.0
137,SmartAspirationNegotiator,0.6048387096774194,0.0012950634439420957,0.6043262871161347,0.5973813420621931,0.6011100258698062,S2_E-1,SmartAspirationNegotiator,0.01483495329739526,SmartAspirationNegotiator@1,False,False,False,,-53xPqO25HQ,0.9765338686924485,0.9832225744061249,1.0,0.9787402496945685,1.0,1.0,1.0,1.0
138,ConcederTBNegotiator,0.30734767025089604,0.0010624744725208587,0.30661096209860006,0.6919439898163302,0.4996458300336131,S3_E,LinearTBNegotiator,0.014362040732521564,ConcederTBNegotiator@0,False,False,False,,3yr-bwkYwSg,0.7541134173788117,0.7902421138444015,0.7774568873879285,0.8135340676414962,1.0,0.7902421138444015,0.7774568873879285,0.7774568873879285
139,LinearTBNegotiator,0.6919439898163302,0.0007574209704742231,0.6917104848725955,0.30734767025089604,0.4996458300336131,S3_E,ConcederTBNegotiator,0.011366953956894577,LinearTBNegotiator@1,False,False,False,,3yr-bwkYwSg,0.7541134173788117,0.7902421138444015,0.7774568873879285,0.8135340676414962,1.0,0.7902421138444015,0.7774568873879285,0.7774568873879285
140,BoulwareTBNegotiator,0.5873015873015872,0.002193248997500751,0.5863944473378502,0.5904521398386507,0.5888768635701189,S1_B,GeniusBOABaselineNegotiator,0.018920504837296903,BoulwareTBNegotiator@0,False,False,False,,R5ddGTX9eR8,0.9657533700827802,0.9788365509746099,0.9788365509746099,0.947855343839237,0.9829625189076004,0.9788365509746099,0.9788365509746099,0.9788365509746099
141,GeniusBOABaselineNegotiator,0.5904521398386507,0.0007754352238636291,0.5901343155498752,0.5873015873015872,0.5888768635701189,S1_B,BoulwareTBNegotiator,0.006509877799544483,GeniusBOABaselineNegotiator@1,False,False,False,,R5ddGTX9eR8,0.9657533700827802,0.9788365509746099,0.9788365509746099,0.947855343839237,0.9829625189076004,0.9788365509746099,0.9788365509746099,0.9788365509746099
142,ConcederTBNegotiator,0.4238952536824877,0.0007574209704742231,0.4234585691123863,0.7651169989224802,0.594506126302484,S3_E-1,LinearTBNegotiator,0.011550581024494022,ConcederTBNegotiator@0,False,False,False,,LU2eWYJ1xzU,0.8500196090556311,0.8150382970349164,0.8316149347784617,0.9679876386361752,1.0,0.8500196090556311,0.8316149347784617,0.8316149347784617
143,LinearTBNegotiator,0.7651169989224802,0.0010624744725208587,0.764867176299647,0.4238952536824877,0.594506126302484,S3_E-1,ConcederTBNegotiator,0.009751576988492161,LinearTBNegotiator@1,False,False,False,,LU2eWYJ1xzU,0.8500196090556311,0.8150382970349164,0.8316149347784617,0.9679876386361752,1.0,0.8500196090556311,0.8316149347784617,0.8316149347784617
144,ConcederTBNegotiator,0.5080645161290323,0.0012950634439420957,0.5074266023282492,0.6759410801963993,0.5920027981627158,S2_E,ConcederTBNegotiator,0.0070272492012009025,ConcederTBNegotiator@0,False,False,False,,INWiIMEzLsg,0.8898032269892446,0.9269635106480826,0.9111370615807703,0.9639116660136278,1.0,0.9269635106480826,0.9111370615807703,0.9111370615807703
145,ConcederTBNegotiator,0.6759410801963993,0.0006426653306037134,0.675732684835095,0.5080645161290323,0.5920027981627158,S2_E,ConcederTBNegotiator,0.006862207956146449,ConcederTBNegotiator@1,False,False,False,,INWiIMEzLsg,0.8898032269892446,0.9269635106480826,0.9111370615807703,0.9639116660136278,1.0,0.9269635106480826,0.9111370615807703,0.9111370615807703
146,ConcederTBNegotiator,0.20467836257309946,0.0007811278057266481,0.2040566290742856,0.9561403508771931,0.5804093567251463,S5_F-1,GeniusBOABaselineNegotiator,0.018269540451001376,ConcederTBNegotiator@0,False,False,False,,OgXCfKRHlyo,0.5699318647760668,0.5699318647760668,0.5527488392164512,0.767575145728921,1.0,0.5699318647760668,0.5527488392164512,0.5527488392164512
147,GeniusBOABaselineNegotiator,0.9561403508771931,0.0009639366705748589,0.9560980321604822,0.20467836257309946,0.5804093567251463,S5_F-1,ConcederTBNegotiator,0.0066589960479177535,GeniusBOABaselineNegotiator@1,False,False,False,,OgXCfKRHlyo,0.5699318647760668,0.5699318647760668,0.5527488392164512,0.767575145728921,1.0,0.5699318647760668,0.5527488392164512,0.5527488392164512
148,SmartAspirationNegotiator,0.7397660818713451,0.0007811278057266481,0.7395626470132772,0.7725532264198727,0.7561596541456088,S5_F-1,GeniusBOABaselineNegotiator,0.013949960004538298,SmartAspirationNegotiator@0,False,False,False,,OmwmwLHHPgo,1.0,1.0,0.9807999989329749,1.0,1.0,1.0,0.9807999989329749,0.9807999989329749
149,GeniusBOABaselineNegotiator,0.7725532264198727,0.0009639366705748589,0.7723337705926955,0.7397660818713451,0.7561596541456088,S5_F-1,SmartAspirationNegotiator,0.007059744733851403,GeniusBOABaselineNegotiator@1,False,False,False,,OmwmwLHHPgo,1.0,1.0,0.9807999989329749,1.0,1.0,1.0,0.9807999989329749,0.9807999989329749
150,LinearTBNegotiator,0.3794671864847304,0.0007811278057266481,0.3789820921290382,0.7793597066154879,0.5794134465501092,S5_F-1,SmartAspirationNegotiator,0.02048762864433229,LinearTBNegotiator@0,False,False,False,,K7gaD0m0-O0,0.7260400905445881,0.7260400905445881,0.7121247880259337,0.7662580823685883,0.9239956174677784,0.7260400905445881,0.7121247880259337,0.7121247880259337
151,SmartAspirationNegotiator,0.7793597066154879,0.0009639366705748589,0.7791468181346748,0.3794671864847304,0.5794134465501092,S5_F-1,LinearTBNegotiator,0.014072127873077989,SmartAspirationNegotiator@1,False,False,False,,K7gaD0m0-O0,0.7260400905445881,0.7260400905445881,0.7121247880259337,0.7662580823685883,0.9239956174677784,0.7260400905445881,0.7121247880259337,0.7121247880259337
152,LinearTBNegotiator,0.3174603174603175,0.002193248997500751,0.31596004752029094,0.7857142857142857,0.5515873015873016,S1_B,BoulwareTBNegotiator,0.02011316904099658,LinearTBNegotiator@0,False,False,False,,ak8cBzlVUIw,0.7350807129090169,0.7571573201665989,0.7571573201665989,0.8878341190613523,0.9912092750886039,0.7571573201665989,0.7571573201665989,0.7571573201665989
153,BoulwareTBNegotiator,0.7857142857142857,0.0007754352238636291,0.7855479920735112,0.3174603174603175,0.5515873015873016,S1_B,LinearTBNegotiator,0.016759288788307458,BoulwareTBNegotiator@1,False,False,False,,ak8cBzlVUIw,0.7350807129090169,0.7571573201665989,0.7571573201665989,0.8878341190613523,0.9912092750886039,0.7571573201665989,0.7571573201665989,0.7571573201665989
154,GeniusBOABaselineNegotiator,0.868421052631579,0.0007811278057266481,0.868318192310084,0.5935672514619883,0.7309941520467836,S5_F-1,LinearTBNegotiator,0.00764804205391556,GeniusBOABaselineNegotiator@0,False,False,False,,JqxRXtTvprc,0.8324241332371594,0.8324241332371594,0.8513976513554027,0.9667193271145101,1.0,0.8513976513554027,0.8513976513554027,0.8513976513554027
155,LinearTBNegotiator,0.5935672514619883,0.0009639366705748589,0.5931750980204672,0.868421052631579,0.7309941520467836,S5_F-1,GeniusBOABaselineNegotiator,0.01780754135688767,LinearTBNegotiator@1,False,False,False,,JqxRXtTvprc,0.8324241332371594,0.8324241332371594,0.8513976513554027,0.9667193271145101,1.0,0.8513976513554027,0.8513976513554027,0.8513976513554027
156,GeniusBOABaselineNegotiator,0.4970760233918128,0.0034960628013070215,0.49531160105400646,0.502923976608187,0.4999999999999999,S4_A-1,GeniusBOABaselineNegotiator,0.006584415677934885,GeniusBOABaselineNegotiator@0,False,False,False,,QyjiJmX8d4U,0.9999999999999998,0.9999999999999998,0.9999999999999998,0.9999999999999998,0.9999999999999998,0.9999999999999998,0.9999999999999998,0.9999999999999998
157,GeniusBOABaselineNegotiator,0.502923976608187,0.004370114375307104,0.5007421627566652,0.4970760233918128,0.4999999999999999,S4_A-1,GeniusBOABaselineNegotiator,0.006417741358745843,GeniusBOABaselineNegotiator@1,False,False,False,,QyjiJmX8d4U,0.9999999999999998,0.9999999999999998,0.9999999999999998,0.9999999999999998,0.9999999999999998,0.9999999999999998,0.9999999999999998,0.9999999999999998
158,LinearTBNegotiator,0.373015873015873,0.0007754352238636291,0.3725293101410143,0.8465608465608465,0.6097883597883598,S1_B-1,SmartAspirationNegotiator,0.020182172069326043,LinearTBNegotiator@0,False,False,False,,9zs7nMgCrR0,0.7804057992535158,0.7590536317045327,0.7590536317045327,0.9815144577632695,1.0,0.7804057992535158,0.7590536317045327,0.7590536317045327
159,SmartAspirationNegotiator,0.8465608465608465,0.002193248997500751,0.8462235765743289,0.373015873015873,0.6097883597883598,S1_B-1,LinearTBNegotiator,0.011788617877755314,SmartAspirationNegotiator@1,False,False,False,,9zs7nMgCrR0,0.7804057992535158,0.7590536317045327,0.7590536317045327,0.9815144577632695,1.0,0.7804057992535158,0.7590536317045327,0.7590536317045327
160,GeniusBOABaselineNegotiator,0.6854838709677419,0.0012950634439420957,0.6850760244393724,0.541734860883797,0.6136093659257694,S2_E,SmartAspirationNegotiator,0.007240009494125843,GeniusBOABaselineNegotiator@0,False,False,False,,GxbuIIi1NSM,0.9508547189471204,0.9143580762567265,0.9301480822807243,0.9990919435291352,1.0,0.9508547189471204,0.9301480822807243,0.9301480822807243
161,SmartAspirationNegotiator,0.541734860883797,0.0006426653306037134,0.5414401603728615,0.6854838709677419,0.6136093659257694,S2_E,GeniusBOABaselineNegotiator,0.01519041444407776,SmartAspirationNegotiator@1,False,False,False,,GxbuIIi1NSM,0.9508547189471204,0.9143580762567265,0.9301480822807243,0.9990919435291352,1.0,0.9508547189471204,0.9301480822807243,0.9301480822807243
162,ConcederTBNegotiator,0.1185236972314441,0.0012950634439420957,0.11738064917527512,0.8821603927986906,0.5003420450150674,S2_E,SmartAspirationNegotiator,0.024212709453422576,ConcederTBNegotiator@0,False,False,False,,rp3IdkS3nCs,0.575956136137469,0.6132082015172416,0.598227682953997,0.8146676598217358,0.9763036178091531,0.6132082015172416,0.598227682953997,0.598227682953997
163,SmartAspirationNegotiator,0.8821603927986906,0.0006426653306037134,0.8820846126673073,0.1185236972314441,0.5003420450150674,S2_E,ConcederTBNegotiator,0.013445035379845649,SmartAspirationNegotiator@1,False,False,False,,rp3IdkS3nCs,0.575956136137469,0.6132082015172416,0.598227682953997,0.8146676598217358,0.9763036178091531,0.6132082015172416,0.598227682953997,0.598227682953997
164,BoulwareTBNegotiator,0.8657937806873975,0.0007574209704742231,0.8656920530318626,0.17741935483870966,0.5216065677630536,S3_E-1,ConcederTBNegotiator,0.016171544906683266,BoulwareTBNegotiator@0,False,False,False,,jV3abARsFBo,0.6181361991736312,0.6553875741567566,0.6401835445286903,0.8492910123001515,1.0,0.6553875741567566,0.6401835445286903,0.6401835445286903
165,ConcederTBNegotiator,0.17741935483870966,0.0010624744725208587,0.1765444543421925,0.8657937806873975,0.5216065677630536,S3_E-1,BoulwareTBNegotiator,0.02283187082502991,ConcederTBNegotiator@1,False,False,False,,jV3abARsFBo,0.6181361991736312,0.6553875741567566,0.6401835445286903,0.8492910123001515,1.0,0.6553875741567566,0.6401835445286903,0.6401835445286903
166,SmartAspirationNegotiator,0.8821603927986906,0.0007574209704742231,0.8820710709548063,0.1185236972314441,0.5003420450150674,S3_E-1,ConcederTBNegotiator,0.013217420200817287,SmartAspirationNegotiator@0,False,False,False,,UIFw185rL2I,0.575956136137469,0.6132082015172416,0.598227682953997,0.8146676598217358,0.9763036178091531,0.6132082015172416,0.598227682953997,0.598227682953997
167,ConcederTBNegotiator,0.1185236972314441,0.0010624744725208587,0.11758615504698254,0.8821603927986906,0.5003420450150674,S3_E-1,SmartAspirationNegotiator,0.02318291104165837,ConcederTBNegotiator@1,False,False,False,,UIFw185rL2I,0.575956136137469,0.6132082015172416,0.598227682953997,0.8146676598217358,0.9763036178091531,0.6132082015172416,0.598227682953997,0.598227682953997
168,ConcederTBNegotiator,0.1375661375661376,0.002193248997500751,0.13567044764191794,0.9079124572989682,0.5227392974325529,S1_B,BoulwareTBNegotiator,0.022197500977199525,ConcederTBNegotiator@0,False,False,False,,a1uJsFC_Ggc,0.5796181182470082,0.601689676597047,0.601689676597047,0.8414004134961494,1.0,0.601689676597047,0.601689676597047,0.601689676597047
169,BoulwareTBNegotiator,0.9079124572989682,0.0007754352238636291,0.9078409939594881,0.1375661375661376,0.5227392974325529,S1_B,ConcederTBNegotiator,0.014292756910435855,BoulwareTBNegotiator@1,False,False,False,,a1uJsFC_Ggc,0.5796181182470082,0.601689676597047,0.601689676597047,0.8414004134961494,1.0,0.601689676597047,0.601689676597047,0.601689676597047
170,SmartAspirationNegotiator,0.8778427550357375,0.0007811278057266481,0.8777472600212138,0.2059779077322937,0.5419103313840156,S5_F-1,ConcederTBNegotiator,0.013041668746154755,SmartAspirationNegotiator@0,False,False,False,,yT8qgvJfaEY,0.5566644835268639,0.5566644835268639,0.5731311073045606,0.7166612611675568,0.977991611797476,0.5731311073045606,0.5731311073045606,0.5731311073045606
171,ConcederTBNegotiator,0.2059779077322937,0.0009639366705748589,0.2052117822238384,0.8778427550357375,0.5419103313840156,S5_F-1,SmartAspirationNegotiator,0.02232058346271515,ConcederTBNegotiator@1,False,False,False,,yT8qgvJfaEY,0.5566644835268639,0.5566644835268639,0.5731311073045606,0.7166612611675568,0.977991611797476,0.5731311073045606,0.5731311073045606,0.5731311073045606
172,GeniusBOABaselineNegotiator,0.5457355882887797,0.0007574209704742231,0.5453912580942994,0.578853046594982,0.5622943174418809,S3_E-1,GeniusBOABaselineNegotiator,0.007366419129539281,GeniusBOABaselineNegotiator@0,False,False,False,,1CFObB2YiqY,0.9474842994747478,0.9483384723776958,0.9587829391141542,0.915539679875679,0.9587829391141542,0.9587829391141542,0.9587829391141542,0.9587829391141542
173,GeniusBOABaselineNegotiator,0.578853046594982,0.0010624744725208587,0.5784051127895757,0.5457355882887797,0.5622943174418809,S3_E-1,GeniusBOABaselineNegotiator,0.007118212757632136,GeniusBOABaselineNegotiator@1,False,False,False,,1CFObB2YiqY,0.9474842994747478,0.9483384723776958,0.9587829391141542,0.915539679875679,0.9587829391141542,0.9587829391141542,0.9587829391141542,0.9587829391141542
174,ConcederTBNegotiator,0.1490748497922465,0.0012950634439420957,0.1479714187234414,0.8952536824877251,0.5221642661399858,S2_E,GeniusBOABaselineNegotiator,0.021969126944895834,ConcederTBNegotiator@0,False,False,False,,Qnzo9YXt1Xg,0.5899418999499724,0.627175323667607,0.6118375432198896,0.8501990687710164,1.0,0.627175323667607,0.6118375432198896,0.6118375432198896
175,GeniusBOABaselineNegotiator,0.8952536824877251,0.0006426653306037134,0.8951863223709399,0.1490748497922465,0.5221642661399858,S2_E,ConcederTBNegotiator,0.006808331178035587,GeniusBOABaselineNegotiator@1,False,False,False,,Qnzo9YXt1Xg,0.5899418999499724,0.627175323667607,0.6118375432198896,0.8501990687710164,1.0,0.627175323667607,0.6118375432198896,0.6118375432198896
176,LinearTBNegotiator,0.48862897985705,0.0008771261662935939,0.4881800491857597,0.8700454840805718,0.6793372319688109,S0_F,SmartAspirationNegotiator,0.01796841894974932,LinearTBNegotiator@0,False,False,False,,QA-LwToWdWs,0.7625130806021299,0.7625130806021299,0.7805360810361862,0.8984044946650847,1.0,0.7805360810361862,0.7805360810361862,0.7805360810361862
177,SmartAspirationNegotiator,0.8700454840805718,0.0007442816259952948,0.869948689279566,0.48862897985705,0.6793372319688109,S0_F,LinearTBNegotiator,0.012997495068702847,SmartAspirationNegotiator@1,False,False,False,,QA-LwToWdWs,0.7625130806021299,0.7625130806021299,0.7805360810361862,0.8984044946650847,1.0,0.7805360810361862,0.7805360810361862,0.7805360810361862
178,LinearTBNegotiator,0.7689495968231964,0.0009639366705748589,0.7687266639736745,0.37426900584795325,0.5716093013355749,S5_F,ConcederTBNegotiator,0.010379331826698035,LinearTBNegotiator@0,False,False,False,,OAJALnmC0QI,0.7221236298881974,0.7221236298881974,0.7085893136460552,0.7559373185302263,0.9161843172014918,0.7221236298881974,0.7085893136460552,0.7085893136460552
179,ConcederTBNegotiator,0.37426900584795325,0.0007811278057266481,0.37377984787462176,0.7689495968231964,0.5716093013355749,S5_F,LinearTBNegotiator,0.011415286746341735,ConcederTBNegotiator@1,False,False,False,,OAJALnmC0QI,0.7221236298881974,0.7221236298881974,0.7085893136460552,0.7559373185302263,0.9161843172014918,0.7221236298881974,0.7085893136460552,0.7085893136460552
180,ConcederTBNegotiator,0.1375661375661376,0.002193248997500751,0.13567044764191794,0.9079124572989682,0.5227392974325529,S1_B,SmartAspirationNegotiator,0.022870329907163978,ConcederTBNegotiator@0,False,False,False,,jtQnWskjIHg,0.5796181182470082,0.601689676597047,0.601689676597047,0.8414004134961494,1.0,0.601689676597047,0.601689676597047,0.601689676597047
181,SmartAspirationNegotiator,0.9079124572989682,0.0007754352238636291,0.9078409939594881,0.1375661375661376,0.5227392974325529,S1_B,ConcederTBNegotiator,0.011695821885950863,SmartAspirationNegotiator@1,False,False,False,,jtQnWskjIHg,0.5796181182470082,0.601689676597047,0.601689676597047,0.8414004134961494,1.0,0.601689676597047,0.601689676597047,0.601689676597047
182,ConcederTBNegotiator,0.12280701754385964,0.0034960628013070215,0.1197295367221045,0.8771929824561403,0.5,S4_A-1,BoulwareTBNegotiator,0.02329312131041661,ConcederTBNegotiator@0,False,False,False,,1MZpDsFrkt8,0.6257309941520469,0.6257309941520469,0.6257309941520469,1.0,1.0,0.6257309941520469,0.6257309941520469,0.6257309941520469
183,BoulwareTBNegotiator,0.8771929824561403,0.004370114375307104,0.8766539460928231,0.12280701754385964,0.5,S4_A-1,ConcederTBNegotiator,0.014996124082244933,BoulwareTBNegotiator@1,False,False,False,,1MZpDsFrkt8,0.6257309941520469,0.6257309941520469,0.6257309941520469,1.0,1.0,0.6257309941520469,0.6257309941520469,0.6257309941520469
184,BoulwareTBNegotiator,0.9298245614035088,0.0009639366705748589,0.9297568514567713,0.21572449642625083,0.5727745289148798,S5_F,ConcederTBNegotiator,0.01474521157797426,BoulwareTBNegotiator@0,False,False,False,,idfQYtUJ2FU,0.5840520094147557,0.5840520094147557,0.5672054735427323,0.7574782994235028,0.9878762575568232,0.5840520094147557,0.5672054735427323,0.5672054735427323
185,ConcederTBNegotiator,0.21572449642625083,0.0007811278057266481,0.2151113981149205,0.9298245614035088,0.5727745289148798,S5_F,BoulwareTBNegotiator,0.019875664787832648,ConcederTBNegotiator@1,False,False,False,,idfQYtUJ2FU,0.5840520094147557,0.5840520094147557,0.5672054735427323,0.7574782994235028,0.9878762575568232,0.5840520094147557,0.5672054735427323,0.5672054735427323
186,ConcederTBNegotiator,0.6759410801963993,0.0006426653306037134,0.675732684835095,0.5080645161290323,0.5920027981627158,S2_E-1,ConcederTBNegotiator,0.007134084997233003,ConcederTBNegotiator@0,False,False,False,,mZlWcwGz_DU,0.8898032269892446,0.9269635106480826,0.9111370615807703,0.9639116660136278,1.0,0.9269635106480826,0.9111370615807703,0.9111370615807703
187,ConcederTBNegotiator,0.5080645161290323,0.0012950634439420957,0.5074266023282492,0.6759410801963993,0.5920027981627158,S2_E-1,ConcederTBNegotiator,0.006950375100132078,ConcederTBNegotiator@1,False,False,False,,mZlWcwGz_DU,0.8898032269892446,0.9269635106480826,0.9111370615807703,0.9639116660136278,1.0,0.9269635106480826,0.9111370615807703,0.9111370615807703
188,LinearTBNegotiator,0.3794671864847304,0.0007811278057266481,0.3789820921290382,0.7793597066154879,0.5794134465501092,S5_F-1,SmartAspirationNegotiator,0.020778705074917525,LinearTBNegotiator@0,False,False,False,,_hFNfoaX5aM,0.7260400905445881,0.7260400905445881,0.7121247880259337,0.7662580823685883,0.9239956174677784,0.7260400905445881,0.7121247880259337,0.7121247880259337
189,SmartAspirationNegotiator,0.7793597066154879,0.0009639366705748589,0.7791468181346748,0.3794671864847304,0.5794134465501092,S5_F-1,LinearTBNegotiator,0.01410166418645531,SmartAspirationNegotiator@1,False,False,False,,_hFNfoaX5aM,0.7260400905445881,0.7260400905445881,0.7121247880259337,0.7662580823685883,0.9239956174677784,0.7260400905445881,0.7121247880259337,0.7121247880259337
190,BoulwareTBNegotiator,0.7076023391812865,0.0034960628013070215,0.7065765122407014,0.2923976608187134,0.4999999999999999,S4_A-1,LinearTBNegotiator,0.017053503601346165,BoulwareTBNegotiator@0,False,False,False,,63HTdmgSpjs,0.7894736842105263,0.7894736842105263,0.7894736842105263,0.9999999999999998,0.9999999999999999,0.7894736842105263,0.7953216374269007,0.7953216374269007
191,LinearTBNegotiator,0.2923976608187134,0.004370114375307104,0.28929178463007643,0.7076023391812865,0.4999999999999999,S4_A-1,BoulwareTBNegotiator,0.021149872103706002,LinearTBNegotiator@1,False,False,False,,63HTdmgSpjs,0.7894736842105263,0.7894736842105263,0.7894736842105263,0.9999999999999998,0.9999999999999999,0.7894736842105263,0.7953216374269007,0.7953216374269007
192,BoulwareTBNegotiator,0.6031746031746031,0.0007754352238636291,0.6028666519879837,0.582010582010582,0.5925925925925926,S1_B-1,GeniusBOABaselineNegotiator,0.01942870271159336,BoulwareTBNegotiator@0,False,False,False,,Q1CKZcLF7d4,0.9617153631935871,0.9802359416950643,0.9802359416950643,0.9538361758740667,0.9912092750886039,0.9802359416950643,0.9802359416950643,0.9802359416950643
193,GeniusBOABaselineNegotiator,0.582010582010582,0.002193248997500751,0.5810918120473099,0.6031746031746031,0.5925925925925926,S1_B-1,BoulwareTBNegotiator,0.006502492004074156,GeniusBOABaselineNegotiator@1,False,False,False,,Q1CKZcLF7d4,0.9617153631935871,0.9802359416950643,0.9802359416950643,0.9538361758740667,0.9912092750886039,0.9802359416950643,0.9802359416950643,0.9802359416950643
194,LinearTBNegotiator,0.6143599740090968,0.0007811278057266481,0.6140585043754807,0.5380116959064328,0.5761858349577649,S5_F-1,LinearTBNegotiator,0.015486457792576402,LinearTBNegotiator@0,False,False,False,,jLPNJ03Q3L8,0.7978060555542934,0.7978060555542934,0.8028481415680127,0.7619896562833707,0.8278591037218082,0.8028481415680127,0.8028481415680127,0.8028481415680127
195,LinearTBNegotiator,0.5380116959064328,0.0009639366705748589,0.5375659387570779,0.6143599740090968,0.5761858349577649,S5_F-1,LinearTBNegotiator,0.01544383936561644,LinearTBNegotiator@1,False,False,False,,jLPNJ03Q3L8,0.7978060555542934,0.7978060555542934,0.8028481415680127,0.7619896562833707,0.8278591037218082,0.8028481415680127,0.8028481415680127,0.8028481415680127
196,SmartAspirationNegotiator,0.5873015873015874,0.002193248997500751,0.5863944473378504,0.5505798964995747,0.5689407419005811,S1_B,GeniusBOABaselineNegotiator,0.015389747801236808,SmartAspirationNegotiator@0,False,False,False,,ox5OGokF_5U,0.9532848494831877,0.9541142051663507,0.9541142051663507,0.9157661913713704,0.9609009237432099,0.9541142051663507,0.9541142051663507,0.9541142051663507
197,GeniusBOABaselineNegotiator,0.5505798964995747,0.0007754352238636291,0.5502311298750825,0.5873015873015874,0.5689407419005811,S1_B,SmartAspirationNegotiator,0.006625735142733902,GeniusBOABaselineNegotiator@1,False,False,False,,ox5OGokF_5U,0.9532848494831877,0.9541142051663507,0.9541142051663507,0.9157661913713704,0.9609009237432099,0.9541142051663507,0.9541142051663507,0.9541142051663507
198,ConcederTBNegotiator,0.5080645161290323,0.0012950634439420957,0.5074266023282492,0.6759410801963993,0.5920027981627158,S2_E,ConcederTBNegotiator,0.006969665875658393,ConcederTBNegotiator@0,False,False,False,,HO5F9qtgSOU,0.8898032269892446,0.9269635106480826,0.9111370615807703,0.9639116660136278,1.0,0.9269635106480826,0.9111370615807703,0.9111370615807703
199,ConcederTBNegotiator,0.6759410801963993,0.0006426653306037134,0.675732684835095,0.5080645161290323,0.5920027981627158,S2_E,ConcederTBNegotiator,0.006648377049714327,ConcederTBNegotiator@1,False,False,False,,HO5F9qtgSOU,0.8898032269892446,0.9269635106480826,0.9111370615807703,0.9639116660136278,1.0,0.9269635106480826,0.9111370615807703,0.9111370615807703
200,SmartAspirationNegotiator,0.5973813420621931,0.0007574209704742231,0.5970761590955881,0.6048387096774194,0.6011100258698062,S3_E-1,GeniusBOABaselineNegotiator,0.014873003296088427,SmartAspirationNegotiator@0,False,False,False,,Sc7FEzENq9k,0.9765338686924485,0.9832225744061249,1.0,0.9787402496945685,1.0,1.0,1.0,1.0
201,GeniusBOABaselineNegotiator,0.6048387096774194,0.0010624744725208587,0.6044184143408573,0.5973813420621931,0.6011100258698062,S3_E-1,SmartAspirationNegotiator,0.007210542098619044,GeniusBOABaselineNegotiator@1,False,False,False,,Sc7FEzENq9k,0.9765338686924485,0.9832225744061249,1.0,0.9787402496945685,1.0,1.0,1.0,1.0
202,ConcederTBNegotiator,0.48862897985705,0.0009639366705748589,0.48813557496739834,0.8700454840805718,0.6793372319688109,S5_F,LinearTBNegotiator,0.009067706007044762,ConcederTBNegotiator@0,False,False,False,,nbzyNNjDKp8,0.7625130806021299,0.7625130806021299,0.7805360810361862,0.8984044946650847,1.0,0.7805360810361862,0.7805360810361862,0.7805360810361862
203,LinearTBNegotiator,0.8700454840805718,0.0007811278057266481,0.8699438936395891,0.48862897985705,0.6793372319688109,S5_F,ConcederTBNegotiator,0.008269415993709117,LinearTBNegotiator@1,False,False,False,,nbzyNNjDKp8,0.7625130806021299,0.7625130806021299,0.7805360810361862,0.8984044946650847,1.0,0.7805360810361862,0.7805360810361862,0.7805360810361862
204,GeniusBOABaselineNegotiator,0.868421052631579,0.0007442816259952948,0.8683230478955606,0.5935672514619883,0.7309941520467836,S0_F-1,LinearTBNegotiator,0.006864590046461672,GeniusBOABaselineNegotiator@0,False,False,False,,2CtxWbeG5nU,0.8324241332371594,0.8324241332371594,0.8513976513554027,0.9667193271145101,1.0,0.8513976513554027,0.8513976513554027,0.8513976513554027
205,LinearTBNegotiator,0.5935672514619883,0.0008771261662935939,0.5932104456997367,0.868421052631579,0.7309941520467836,S0_F-1,GeniusBOABaselineNegotiator,0.01744949712883681,LinearTBNegotiator@1,False,False,False,,2CtxWbeG5nU,0.8324241332371594,0.8324241332371594,0.8513976513554027,0.9667193271145101,1.0,0.8513976513554027,0.8513976513554027,0.8513976513554027
206,GeniusBOABaselineNegotiator,0.6710310965630115,0.0006426653306037134,0.6708195436962329,0.23703471649526825,0.45403290652913986,S2_E-1,LinearTBNegotiator,0.0073529110522940755,GeniusBOABaselineNegotiator@0,False,False,False,,2cUZ3vV8E_g,0.70911502398021,0.7441159507431945,0.7325810824533303,0.7392661263016912,0.9694735723246475,0.7441159507431945,0.7325810824533303,0.7325810824533303
207,LinearTBNegotiator,0.23703471649526825,0.0012950634439420957,0.23604534675101607,0.6710310965630115,0.45403290652913986,S2_E-1,GeniusBOABaselineNegotiator,0.02236691996222362,LinearTBNegotiator@1,False,False,False,,2cUZ3vV8E_g,0.70911502398021,0.7441159507431945,0.7325810824533303,0.7392661263016912,0.9694735723246475,0.7441159507431945,0.7325810824533303,0.7325810824533303
208,GeniusBOABaselineNegotiator,0.578853046594982,0.0012950634439420957,0.5783069273119802,0.5457355882887797,0.5622943174418809,S2_E,GeniusBOABaselineNegotiator,0.007351090665906668,GeniusBOABaselineNegotiator@0,False,False,False,,bcBvh0ObbBo,0.9474842994747478,0.9483384723776958,0.9587829391141542,0.915539679875679,0.9587829391141542,0.9587829391141542,0.9587829391141542,0.9587829391141542
209,GeniusBOABaselineNegotiator,0.5457355882887797,0.0006426653306037134,0.5454434605600824,0.578853046594982,0.5622943174418809,S2_E,GeniusBOABaselineNegotiator,0.007206537819001824,GeniusBOABaselineNegotiator@1,False,False,False,,bcBvh0ObbBo,0.9474842994747478,0.9483384723776958,0.9587829391141542,0.915539679875679,0.9587829391141542,0.9587829391141542,0.9587829391141542,0.9587829391141542
210,SmartAspirationNegotiator,0.541734860883797,0.0006426653306037134,0.5414401603728615,0.6854838709677419,0.6136093659257694,S2_E-1,BoulwareTBNegotiator,0.015483252122066915,SmartAspirationNegotiator@0,False,False,False,,2brYtYWIFl0,0.9508547189471204,0.9143580762567265,0.9301480822807243,0.9990919435291352,1.0,0.9508547189471204,0.9301480822807243,0.9301480822807243
211,BoulwareTBNegotiator,0.6854838709677419,0.0012950634439420957,0.6850760244393724,0.541734860883797,0.6136093659257694,S2_E-1,SmartAspirationNegotiator,0.01992557814810425,BoulwareTBNegotiator@1,False,False,False,,2brYtYWIFl0,0.9508547189471204,0.9143580762567265,0.9301480822807243,0.9990919435291352,1.0,0.9508547189471204,0.9301480822807243,0.9301480822807243
212,ConcederTBNegotiator,0.11695906432748539,0.004370114375307104,0.11308313619125249,0.8830409356725146,0.5,S4_A,SmartAspirationNegotiator,0.025167419982608408,ConcederTBNegotiator@0,False,False,False,,CtTZmwDdwKQ,0.6140350877192982,0.6140350877192982,0.6140350877192982,1.0,1.0,0.6140350877192982,0.6198830409356726,0.6198830409356726
213,SmartAspirationNegotiator,0.8830409356725146,0.0034960628013070215,0.8826306048962806,0.11695906432748539,0.5,S4_A,ConcederTBNegotiator,0.011491538723930717,SmartAspirationNegotiator@1,False,False,False,,CtTZmwDdwKQ,0.6140350877192982,0.6140350877192982,0.6140350877192982,1.0,1.0,0.6140350877192982,0.6198830409356726,0.6198830409356726
214,LinearTBNegotiator,0.5887096774193548,0.0012950634439420957,0.588176339651487,0.6104746317512275,0.5995921545852911,S2_E,LinearTBNegotiator,0.01371862372616306,LinearTBNegotiator@0,False,False,False,,0NC3g2r7GNY,0.962770739134347,0.9948163616773602,0.9851895102634617,0.9762688190810784,0.9948163616773602,0.9948163616773602,0.9851895102634617,0.9851895102634617
215,LinearTBNegotiator,0.6104746317512275,0.0006426653306037134,0.6102241363169323,0.5887096774193548,0.5995921545852911,S2_E,LinearTBNegotiator,0.01325821114005521,LinearTBNegotiator@1,False,False,False,,0NC3g2r7GNY,0.962770739134347,0.9948163616773602,0.9851895102634617,0.9762688190810784,0.9948163616773602,0.9948163616773602,0.9851895102634617,0.9851895102634617
216,ConcederTBNegotiator,0.1185236972314441,0.0010624744725208587,0.11758615504698254,0.8821603927986906,0.5003420450150674,S3_E,SmartAspirationNegotiator,0.02379136864328757,ConcederTBNegotiator@0,False,False,False,,XO2oO3j4LwM,0.575956136137469,0.6132082015172416,0.598227682953997,0.8146676598217358,0.9763036178091531,0.6132082015172416,0.598227682953997,0.598227682953997
217,SmartAspirationNegotiator,0.8821603927986906,0.0007574209704742231,0.8820710709548063,0.1185236972314441,0.5003420450150674,S3_E,ConcederTBNegotiator,0.013192248356062919,SmartAspirationNegotiator@1,False,False,False,,XO2oO3j4LwM,0.575956136137469,0.6132082015172416,0.598227682953997,0.8146676598217358,0.9763036178091531,0.6132082015172416,0.598227682953997,0.598227682953997
218,SmartAspirationNegotiator,0.8904549021370864,0.0010624744725208587,0.8903383894752885,0.1485724677214039,0.5195136849292452,S3_E,ConcederTBNegotiator,0.012961211265064776,SmartAspirationNegotiator@0,False,False,False,,o6xM1dcaUZI,0.6366318463672536,0.6039651735915272,0.6207403505252886,0.8458833355368517,0.9800410753248283,0.6366318463672536,0.6207403505252886,0.6207403505252886
219,ConcederTBNegotiator,0.1485724677214039,0.0007574209704742231,0.14792708983086883,0.8904549021370864,0.5195136849292452,S3_E,SmartAspirationNegotiator,0.021712579764425755,ConcederTBNegotiator@1,False,False,False,,o6xM1dcaUZI,0.6366318463672536,0.6039651735915272,0.6207403505252886,0.8458833355368517,0.9800410753248283,0.6366318463672536,0.6207403505252886,0.6207403505252886
220,GeniusBOABaselineNegotiator,0.6854838709677419,0.0012950634439420957,0.6850760244393724,0.541734860883797,0.6136093659257694,S2_E,SmartAspirationNegotiator,0.007607128180097789,GeniusBOABaselineNegotiator@0,False,False,False,,wtN0R2tV81c,0.9508547189471204,0.9143580762567265,0.9301480822807243,0.9990919435291352,1.0,0.9508547189471204,0.9301480822807243,0.9301480822807243
221,SmartAspirationNegotiator,0.541734860883797,0.0006426653306037134,0.5414401603728615,0.6854838709677419,0.6136093659257694,S2_E,GeniusBOABaselineNegotiator,0.015432292071636766,SmartAspirationNegotiator@1,False,False,False,,wtN0R2tV81c,0.9508547189471204,0.9143580762567265,0.9301480822807243,0.9990919435291352,1.0,0.9508547189471204,0.9301480822807243,0.9301480822807243
222,SmartAspirationNegotiator,0.8700454840805718,0.0007811278057266481,0.8699438936395891,0.48862897985705,0.6793372319688109,S5_F-1,LinearTBNegotiator,0.013316801516339183,SmartAspirationNegotiator@0,False,False,False,,Z-GdCi1M9N0,0.7625130806021299,0.7625130806021299,0.7805360810361862,0.8984044946650847,1.0,0.7805360810361862,0.7805360810361862,0.7805360810361862
223,LinearTBNegotiator,0.48862897985705,0.0009639366705748589,0.48813557496739834,0.8700454840805718,0.6793372319688109,S5_F-1,SmartAspirationNegotiator,0.0176658799755387,LinearTBNegotiator@1,False,False,False,,Z-GdCi1M9N0,0.7625130806021299,0.7625130806021299,0.7805360810361862,0.8984044946650847,1.0,0.7805360810361862,0.7805360810361862,0.7805360810361862
224,GeniusBOABaselineNegotiator,0.868421052631579,0.0007811278057266481,0.868318192310084,0.5935672514619883,0.7309941520467836,S5_F-1,ConcederTBNegotiator,0.007021459226962179,GeniusBOABaselineNegotiator@0,False,False,False,,qMirTWPX6Vc,0.8324241332371594,0.8324241332371594,0.8513976513554027,0.9667193271145101,1.0,0.8513976513554027,0.8513976513554027,0.8513976513554027
225,ConcederTBNegotiator,0.5935672514619883,0.0009639366705748589,0.5931750980204672,0.868421052631579,0.7309941520467836,S5_F-1,GeniusBOABaselineNegotiator,0.022360791102983057,ConcederTBNegotiator@1,False,False,False,,qMirTWPX6Vc,0.8324241332371594,0.8324241332371594,0.8513976513554027,0.9667193271145101,1.0,0.8513976513554027,0.8513976513554027,0.8513976513554027
226,SmartAspirationNegotiator,0.7099472631387526,0.0006426653306037134,0.709760736426474,0.2614226440725705,0.48568495360566155,S2_E-1,LinearTBNegotiator,0.01673357601976022,SmartAspirationNegotiator@0,False,False,False,,2TX9zODIXLA,0.7190358578484184,0.7552784600187009,0.7423561147168696,0.7908026689075016,0.9908502915717833,0.7552784600187009,0.7423561147168696,0.7423561147168696
227,LinearTBNegotiator,0.2614226440725705,0.0012950634439420957,0.26046489919800986,0.7099472631387526,0.48568495360566155,S2_E-1,SmartAspirationNegotiator,0.028291665308643132,LinearTBNegotiator@1,False,False,False,,2TX9zODIXLA,0.7190358578484184,0.7552784600187009,0.7423561147168696,0.7908026689075016,0.9908502915717833,0.7552784600187009,0.7423561147168696,0.7423561147168696
228,GeniusBOABaselineNegotiator,0.7894736842105263,0.0009639366705748589,0.789270554370314,0.559779077322937,0.6746263807667316,S5_F,GeniusBOABaselineNegotiator,0.007528801914304495,GeniusBOABaselineNegotiator@0,False,False,False,,NjzVlBurD-M,0.8625646620321361,0.8625646620321361,0.8474798110912376,0.8921745256681245,0.9573599675039428,0.8625646620321361,0.8474798110912376,0.8474798110912376
229,GeniusBOABaselineNegotiator,0.559779077322937,0.0007811278057266481,0.5594349397041082,0.7894736842105263,0.6746263807667316,S5_F,GeniusBOABaselineNegotiator,0.0074062959174625576,GeniusBOABaselineNegotiator@1,False,False,False,,NjzVlBurD-M,0.8625646620321361,0.8625646620321361,0.8474798110912376,0.8921745256681245,0.9573599675039428,0.8625646620321361,0.8474798110912376,0.8474798110912376
230,BoulwareTBNegotiator,0.5185185185185185,0.0007811278057266481,0.5181421259346777,0.55843702955246,0.5384777740354892,S5_F-1,GeniusBOABaselineNegotiator,0.02069146023131907,BoulwareTBNegotiator@0,False,False,False,,ySALVN4HcP8,0.7659319509600617,0.7659319509600617,0.7651664033242354,0.7121218000501757,0.7817356951733825,0.7659319509600617,0.7651664033242354,0.7651664033242354
231,GeniusBOABaselineNegotiator,0.55843702955246,0.0009639366705748589,0.5580109801282142,0.5185185185185185,0.5384777740354892,S5_F-1,BoulwareTBNegotiator,0.00728466414147988,GeniusBOABaselineNegotiator@1,False,False,False,,ySALVN4HcP8,0.7659319509600617,0.7659319509600617,0.7651664033242354,0.7121218000501757,0.7817356951733825,0.7659319509600617,0.7651664033242354,0.7651664033242354
232,LinearTBNegotiator,0.48862897985705,0.0008771261662935939,0.4881800491857597,0.8700454840805718,0.6793372319688109,S0_F,BoulwareTBNegotiator,0.018150875344872475,LinearTBNegotiator@0,False,False,False,,Zef-9ABhlVA,0.7625130806021299,0.7625130806021299,0.7805360810361862,0.8984044946650847,1.0,0.7805360810361862,0.7805360810361862,0.7805360810361862
233,BoulwareTBNegotiator,0.8700454840805718,0.0007442816259952948,0.869948689279566,0.48862897985705,0.6793372319688109,S0_F,LinearTBNegotiator,0.016059455228969455,BoulwareTBNegotiator@1,False,False,False,,Zef-9ABhlVA,0.7625130806021299,0.7625130806021299,0.7805360810361862,0.8984044946650847,1.0,0.7805360810361862,0.7805360810361862,0.7805360810361862
234,ConcederTBNegotiator,0.15384615384615385,0.0006426653306037134,0.15330201040274785,0.9232683981793433,0.5385572760127486,S2_E-1,GeniusBOABaselineNegotiator,0.02058817003853619,ConcederTBNegotiator@0,False,False,False,,UydsoVz4RJw,0.6276054466489961,0.5939791687865419,0.6107442472375311,0.8768905193967101,1.0,0.6276054466489961,0.6107442472375311,0.6107442472375311
235,GeniusBOABaselineNegotiator,0.9232683981793433,0.0012950634439420957,0.9231688970265246,0.15384615384615385,0.5385572760127486,S2_E-1,ConcederTBNegotiator,0.00671542133204639,GeniusBOABaselineNegotiator@1,False,False,False,,UydsoVz4RJw,0.6276054466489961,0.5939791687865419,0.6107442472375311,0.8768905193967101,1.0,0.6276054466489961,0.6107442472375311,0.6107442472375311
236,BoulwareTBNegotiator,0.7894736842105263,0.0009639366705748589,0.789270554370314,0.559779077322937,0.6746263807667316,S5_F,GeniusBOABaselineNegotiator,0.02016229322180152,BoulwareTBNegotiator@0,False,False,False,,WkgQHqZe3Do,0.8625646620321361,0.8625646620321361,0.8474798110912376,0.8921745256681245,0.9573599675039428,0.8625646620321361,0.8474798110912376,0.8474798110912376
237,GeniusBOABaselineNegotiator,0.559779077322937,0.0007811278057266481,0.5594349397041082,0.7894736842105263,0.6746263807667316,S5_F,BoulwareTBNegotiator,0.00718654174124822,GeniusBOABaselineNegotiator@1,False,False,False,,WkgQHqZe3Do,0.8625646620321361,0.8625646620321361,0.8474798110912376,0.8921745256681245,0.9573599675039428,0.8625646620321361,0.8474798110912376,0.8474798110912376
238,GeniusBOABaselineNegotiator,0.8538011695906432,0.0034960628013070215,0.8532882561203508,0.14619883040935672,0.5,S4_A-1,ConcederTBNegotiator,0.0060022485558874905,GeniusBOABaselineNegotiator@0,False,False,False,,lQnFhd4Z2ms,0.6432748538011697,0.6432748538011697,0.6432748538011697,1.0,1.0,0.6432748538011697,0.6491228070175439,0.6491228070175439
239,ConcederTBNegotiator,0.14619883040935672,0.004370114375307104,0.14245124426438982,0.8538011695906432,0.5,S4_A-1,GeniusBOABaselineNegotiator,0.023489330953452736,ConcederTBNegotiator@1,False,False,False,,lQnFhd4Z2ms,0.6432748538011697,0.6432748538011697,0.6432748538011697,1.0,1.0,0.6432748538011697,0.6491228070175439,0.6491228070175439
240,BoulwareTBNegotiator,0.8990748497922465,0.0012950634439420957,0.8989439758295533,0.15839243498817968,0.5287336423902131,S2_E,ConcederTBNegotiator,0.015545543748885393,BoulwareTBNegotiator@0,False,False,False,,GSU6PQBLV-g,0.6395440404757784,0.6064640701267894,0.6232411012448391,0.8608954682233152,0.9888399765136822,0.6395440404757784,0.6232411012448391,0.6232411012448391
241,ConcederTBNegotiator,0.15839243498817968,0.0006426653306037134,0.15785121516095357,0.8990748497922465,0.5287336423902131,S2_E,BoulwareTBNegotiator,0.020483244326896966,ConcederTBNegotiator@1,False,False,False,,GSU6PQBLV-g,0.6395440404757784,0.6064640701267894,0.6232411012448391,0.8608954682233152,0.9888399765136822,0.6395440404757784,0.6232411012448391,0.6232411012448391
242,BoulwareTBNegotiator,0.8700454840805718,0.0007442816259952948,0.869948689279566,0.48862897985705,0.6793372319688109,S0_F-1,LinearTBNegotiator,0.01618800003780052,BoulwareTBNegotiator@0,False,False,False,,7PYBmx_6h4Y,0.7625130806021299,0.7625130806021299,0.7805360810361862,0.8984044946650847,1.0,0.7805360810361862,0.7805360810361862,0.7805360810361862
243,LinearTBNegotiator,0.48862897985705,0.0008771261662935939,0.4881800491857597,0.8700454840805718,0.6793372319688109,S0_F-1,BoulwareTBNegotiator,0.01727208582451567,LinearTBNegotiator@1,False,False,False,,7PYBmx_6h4Y,0.7625130806021299,0.7625130806021299,0.7805360810361862,0.8984044946650847,1.0,0.7805360810361862,0.7805360810361862,0.7805360810361862
244,GeniusBOABaselineNegotiator,0.4970760233918128,0.004370114375307104,0.49486854114203777,0.5029239766081871,0.49999999999999994,S4_A,SmartAspirationNegotiator,0.00641654699575156,GeniusBOABaselineNegotiator@0,False,False,False,,N6rN0lDylR8,0.9941520467836257,0.9941520467836257,0.9941520467836257,0.9999999999999999,0.9999999999999999,0.9941520467836257,0.9999999999999999,0.9999999999999999
245,SmartAspirationNegotiator,0.5029239766081871,0.0034960628013070215,0.5011800708091925,0.4970760233918128,0.49999999999999994,S4_A,GeniusBOABaselineNegotiator,0.014521535078529269,SmartAspirationNegotiator@1,False,False,False,,N6rN0lDylR8,0.9941520467836257,0.9941520467836257,0.9941520467836257,0.9999999999999999,0.9999999999999999,0.9941520467836257,0.9999999999999999,0.9999999999999999
246,GeniusBOABaselineNegotiator,0.4970760233918128,0.0034960628013070215,0.49531160105400646,0.502923976608187,0.4999999999999999,S4_A-1,GeniusBOABaselineNegotiator,0.006677667028270662,GeniusBOABaselineNegotiator@0,False,False,False,,rZUO_L_0-xc,0.9999999999999998,0.9999999999999998,0.9999999999999998,0.9999999999999998,0.9999999999999998,0.9999999999999998,0.9999999999999998,0.9999999999999998
247,GeniusBOABaselineNegotiator,0.502923976608187,0.004370114375307104,0.5007421627566652,0.4970760233918128,0.4999999999999999,S4_A-1,GeniusBOABaselineNegotiator,0.006212910113390535,GeniusBOABaselineNegotiator@1,False,False,False,,rZUO_L_0-xc,0.9999999999999998,0.9999999999999998,0.9999999999999998,0.9999999999999998,0.9999999999999998,0.9999999999999998,0.9999999999999998,0.9999999999999998
248,GeniusBOABaselineNegotiator,0.9047619047619048,0.0007754352238636291,0.9046879964771161,0.15873015873015878,0.5317460317460317,S1_B-1,ConcederTBNegotiator,0.006151498935651034,GeniusBOABaselineNegotiator@0,False,False,False,,mNpQUGlzwY8,0.5935926814596778,0.6156542004475094,0.6156542004475094,0.8558976399584259,1.0,0.6156542004475094,0.6156542004475094,0.6156542004475094
249,ConcederTBNegotiator,0.15873015873015878,0.002193248997500751,0.1568809888040795,0.9047619047619048,0.5317460317460317,S1_B-1,GeniusBOABaselineNegotiator,0.021571533870883286,ConcederTBNegotiator@1,False,False,False,,mNpQUGlzwY8,0.5935926814596778,0.6156542004475094,0.6156542004475094,0.8558976399584259,1.0,0.6156542004475094,0.6156542004475094,0.6156542004475094
250,BoulwareTBNegotiator,0.7539135594696658,0.0012950634439420957,0.7535944486477251,0.3166030187306783,0.535258289100172,S2_E,LinearTBNegotiator,0.018028668186161667,BoulwareTBNegotiator@0,False,False,False,,-R11JAESuD4,0.7874967847247605,0.7566580799973476,0.7733644806400886,0.8715190380778248,0.9676090921129151,0.7874967847247605,0.7733644806400886,0.7733644806400886
251,LinearTBNegotiator,0.3166030187306783,0.0006426653306037134,0.31616354074651337,0.7539135594696658,0.535258289100172,S2_E,BoulwareTBNegotiator,0.019721248070709407,LinearTBNegotiator@1,False,False,False,,-R11JAESuD4,0.7874967847247605,0.7566580799973476,0.7733644806400886,0.8715190380778248,0.9676090921129151,0.7874967847247605,0.7733644806400886,0.7733644806400886
252,ConcederTBNegotiator,0.1185236972314441,0.0012950634439420957,0.11738064917527512,0.8821603927986906,0.5003420450150674,S2_E,SmartAspirationNegotiator,0.023858463566284627,ConcederTBNegotiator@0,False,False,False,,B2rLfOiQF2A,0.575956136137469,0.6132082015172416,0.598227682953997,0.8146676598217358,0.9763036178091531,0.6132082015172416,0.598227682953997,0.598227682953997
253,SmartAspirationNegotiator,0.8821603927986906,0.0006426653306037134,0.8820846126673073,0.1185236972314441,0.5003420450150674,S2_E,ConcederTBNegotiator,0.0131906209862791,SmartAspirationNegotiator@1,False,False,False,,B2rLfOiQF2A,0.575956136137469,0.6132082015172416,0.598227682953997,0.8146676598217358,0.9763036178091531,0.6132082015172416,0.598227682953997,0.598227682953997
254,LinearTBNegotiator,0.6143599740090968,0.0007811278057266481,0.6140585043754807,0.5380116959064328,0.5761858349577649,S5_F-1,LinearTBNegotiator,0.01541399781126529,LinearTBNegotiator@0,False,False,False,,QlrPLQUiYqw,0.7978060555542934,0.7978060555542934,0.8028481415680127,0.7619896562833707,0.8278591037218082,0.8028481415680127,0.8028481415680127,0.8028481415680127
255,LinearTBNegotiator,0.5380116959064328,0.0009639366705748589,0.5375659387570779,0.6143599740090968,0.5761858349577649,S5_F-1,LinearTBNegotiator,0.015882038278505206,LinearTBNegotiator@1,False,False,False,,QlrPLQUiYqw,0.7978060555542934,0.7978060555542934,0.8028481415680127,0.7619896562833707,0.8278591037218082,0.8028481415680127,0.8028481415680127,0.8028481415680127
256,BoulwareTBNegotiator,0.7076023391812865,0.004370114375307104,0.7063189192686266,0.2923976608187134,0.4999999999999999,S4_A,LinearTBNegotiator,0.01702962932176888,BoulwareTBNegotiator@0,False,False,False,,Pj9jgKu7EkY,0.7953216374269007,0.7953216374269007,0.7953216374269007,0.9999999999999998,0.9999999999999999,0.7953216374269007,0.7953216374269007,0.7953216374269007
257,LinearTBNegotiator,0.2923976608187134,0.0034960628013070215,0.28991515962249753,0.7076023391812865,0.4999999999999999,S4_A,BoulwareTBNegotiator,0.020815835043322295,LinearTBNegotiator@1,False,False,False,,Pj9jgKu7EkY,0.7953216374269007,0.7953216374269007,0.7953216374269007,0.9999999999999998,0.9999999999999999,0.7953216374269007,0.7953216374269007,0.7953216374269007
258,SmartAspirationNegotiator,0.7397660818713451,0.0007442816259952948,0.7395722502823309,0.7725532264198727,0.7561596541456088,S0_F-1,GeniusBOABaselineNegotiator,0.01388166710967198,SmartAspirationNegotiator@0,False,False,False,,9dZ_UFlKIaE,1.0,1.0,0.9807999989329749,1.0,1.0,1.0,0.9807999989329749,0.9807999989329749
259,GeniusBOABaselineNegotiator,0.7725532264198727,0.0008771261662935939,0.7723535517634607,0.7397660818713451,0.7561596541456088,S0_F-1,SmartAspirationNegotiator,0.007117743953131139,GeniusBOABaselineNegotiator@1,False,False,False,,9dZ_UFlKIaE,1.0,1.0,0.9807999989329749,1.0,1.0,1.0,0.9807999989329749,0.9807999989329749
260,SmartAspirationNegotiator,0.7397660818713451,0.0007442816259952948,0.7395722502823309,0.7725532264198727,0.7561596541456088,S0_F-1,SmartAspirationNegotiator,0.014469580783043057,SmartAspirationNegotiator@0,False,False,False,,K8s_FPDJetM,1.0,1.0,0.9807999989329749,1.0,1.0,1.0,0.9807999989329749,0.9807999989329749
261,SmartAspirationNegotiator,0.7725532264198727,0.0008771261662935939,0.7723535517634607,0.7397660818713451,0.7561596541456088,S0_F-1,SmartAspirationNegotiator,0.014893370622303337,SmartAspirationNegotiator@1,False,False,False,,K8s_FPDJetM,1.0,1.0,0.9807999989329749,1.0,1.0,1.0,0.9807999989329749,0.9807999989329749
262,ConcederTBNegotiator,0.47368421052631576,0.004370114375307104,0.47137405468352794,0.5263157894736841,0.4999999999999999,S4_A,ConcederTBNegotiator,0.006411793176084757,ConcederTBNegotiator@0,False,False,False,,ZeFLPhfr0J0,0.9707602339181287,0.9707602339181287,0.9707602339181287,0.9999999999999998,0.9999999999999999,0.9707602339181287,0.976608187134503,0.976608187134503
263,ConcederTBNegotiator,0.5263157894736841,0.0034960628013070215,0.5246539498299363,0.47368421052631576,0.4999999999999999,S4_A,ConcederTBNegotiator,0.0062408349476754665,ConcederTBNegotiator@1,False,False,False,,ZeFLPhfr0J0,0.9707602339181287,0.9707602339181287,0.9707602339181287,0.9999999999999998,0.9999999999999999,0.9707602339181287,0.976608187134503,0.976608187134503
264,BoulwareTBNegotiator,0.4970760233918128,0.0034960628013070215,0.49531160105400646,0.502923976608187,0.4999999999999999,S4_A-1,GeniusBOABaselineNegotiator,0.020197754842229187,BoulwareTBNegotiator@0,False,False,False,,Nn957ArC9g8,0.9999999999999998,0.9999999999999998,0.9999999999999998,0.9999999999999998,0.9999999999999998,0.9999999999999998,0.9999999999999998,0.9999999999999998
265,GeniusBOABaselineNegotiator,0.502923976608187,0.004370114375307104,0.5007421627566652,0.4970760233918128,0.4999999999999999,S4_A-1,BoulwareTBNegotiator,0.006277953332755715,GeniusBOABaselineNegotiator@1,False,False,False,,Nn957ArC9g8,0.9999999999999998,0.9999999999999998,0.9999999999999998,0.9999999999999998,0.9999999999999998,0.9999999999999998,0.9999999999999998,0.9999999999999998
266,SmartAspirationNegotiator,0.7793597066154879,0.0009639366705748589,0.7791468181346748,0.3794671864847304,0.5794134465501092,S5_F,LinearTBNegotiator,0.014215670817065984,SmartAspirationNegotiator@0,False,False,False,,0dPemw4oBxo,0.7260400905445881,0.7260400905445881,0.7121247880259337,0.7662580823685883,0.9239956174677784,0.7260400905445881,0.7121247880259337,0.7121247880259337
267,LinearTBNegotiator,0.3794671864847304,0.0007811278057266481,0.3789820921290382,0.7793597066154879,0.5794134465501092,S5_F,SmartAspirationNegotiator,0.0196931577520445,LinearTBNegotiator@1,False,False,False,,0dPemw4oBxo,0.7260400905445881,0.7260400905445881,0.7121247880259337,0.7662580823685883,0.9239956174677784,0.7260400905445881,0.7121247880259337,0.7121247880259337
268,ConcederTBNegotiator,0.48862897985705,0.0008771261662935939,0.4881800491857597,0.8700454840805718,0.6793372319688109,S0_F,LinearTBNegotiator,0.009109713835641742,ConcederTBNegotiator@0,False,False,False,,5tXS8yl7W2o,0.7625130806021299,0.7625130806021299,0.7805360810361862,0.8984044946650847,1.0,0.7805360810361862,0.7805360810361862,0.7805360810361862
269,LinearTBNegotiator,0.8700454840805718,0.0007442816259952948,0.869948689279566,0.48862897985705,0.6793372319688109,S0_F,ConcederTBNegotiator,0.008269582700449973,LinearTBNegotiator@1,False,False,False,,5tXS8yl7W2o,0.7625130806021299,0.7625130806021299,0.7805360810361862,0.8984044946650847,1.0,0.7805360810361862,0.7805360810361862,0.7805360810361862
270,LinearTBNegotiator,0.6104746317512275,0.0006426653306037134,0.6102241363169323,0.5887096774193548,0.5995921545852911,S2_E-1,LinearTBNegotiator,0.01296291803009808,LinearTBNegotiator@0,False,False,False,,QOz92RT3z2c,0.962770739134347,0.9948163616773602,0.9851895102634617,0.9762688190810784,0.9948163616773602,0.9948163616773602,0.9851895102634617,0.9851895102634617
271,LinearTBNegotiator,0.5887096774193548,0.0012950634439420957,0.588176339651487,0.6104746317512275,0.5995921545852911,S2_E-1,LinearTBNegotiator,0.013264707929920405,LinearTBNegotiator@1,False,False,False,,QOz92RT3z2c,0.962770739134347,0.9948163616773602,0.9851895102634617,0.9762688190810784,0.9948163616773602,0.9948163616773602,0.9851895102634617,0.9851895102634617
272,SmartAspirationNegotiator,0.5904521398386507,0.0007754352238636291,0.5901343155498752,0.5873015873015872,0.5888768635701189,S1_B-1,BoulwareTBNegotiator,0.016341834736522287,SmartAspirationNegotiator@0,False,False,False,,ZP1xuupJDfE,0.9657533700827802,0.9788365509746099,0.9788365509746099,0.947855343839237,0.9829625189076004,0.9788365509746099,0.9788365509746099,0.9788365509746099
273,BoulwareTBNegotiator,0.5873015873015872,0.002193248997500751,0.5863944473378502,0.5904521398386507,0.5888768635701189,S1_B-1,SmartAspirationNegotiator,0.018872412852942944,BoulwareTBNegotiator@1,False,False,False,,ZP1xuupJDfE,0.9657533700827802,0.9788365509746099,0.9788365509746099,0.947855343839237,0.9829625189076004,0.9788365509746099,0.9788365509746099,0.9788365509746099
274,BoulwareTBNegotiator,0.5465949820788529,0.0010624744725208587,0.5461127384500538,0.503182396799418,0.5248886894391355,S3_E,BoulwareTBNegotiator,0.020898373681120574,BoulwareTBNegotiator@0,False,False,False,,fptLPsvhTiI,0.9101795645181664,0.9126584534033798,0.9210437943802361,0.8546350332788867,0.9210437943802361,0.9210437943802361,0.9210437943802361,0.9210437943802361
275,BoulwareTBNegotiator,0.503182396799418,0.0007574209704742231,0.5028058114946462,0.5465949820788529,0.5248886894391355,S3_E,BoulwareTBNegotiator,0.0207452088361606,BoulwareTBNegotiator@1,False,False,False,,fptLPsvhTiI,0.9101795645181664,0.9126584534033798,0.9210437943802361,0.8546350332788867,0.9210437943802361,0.9210437943802361,0.9210437943802361,0.9210437943802361
276,GeniusBOABaselineNegotiator,0.7735117533991136,0.0008771261662935939,0.7733129202298865,0.4194282001299545,0.5964699767645341,S0_F,LinearTBNegotiator,0.007195716549176723,GeniusBOABaselineNegotiator@0,False,False,False,,hoQu5izIx44,0.7564675455445156,0.7564675455445156,0.7427200277162486,0.7888148666679268,0.9278759254536693,0.7564675455445156,0.7427200277162486,0.7427200277162486
277,LinearTBNegotiator,0.4194282001299545,0.0007442816259952948,0.418995769356461,0.7735117533991136,0.5964699767645341,S0_F,GeniusBOABaselineNegotiator,0.0193700342788361,LinearTBNegotiator@1,False,False,False,,hoQu5izIx44,0.7564675455445156,0.7564675455445156,0.7427200277162486,0.7888148666679268,0.9278759254536693,0.7564675455445156,0.7427200277162486,0.7427200277162486
278,BoulwareTBNegotiator,0.584795321637427,0.0007811278057266481,0.5844707401784873,0.6217898560631812,0.603292588850304,S5_F-1,BoulwareTBNegotiator,0.020077425346244127,BoulwareTBNegotiator@0,False,False,False,,E6PNnjLuy_g,0.8356322357077108,0.8356322357077108,0.834585113574342,0.7978375803876622,0.8418817572733157,0.8356322357077108,0.834585113574342,0.834585113574342
279,BoulwareTBNegotiator,0.6217898560631812,0.0009639366705748589,0.6214249336741844,0.584795321637427,0.603292588850304,S5_F-1,BoulwareTBNegotiator,0.020118035725317895,BoulwareTBNegotiator@1,False,False,False,,E6PNnjLuy_g,0.8356322357077108,0.8356322357077108,0.834585113574342,0.7978375803876622,0.8418817572733157,0.8356322357077108,0.834585113574342,0.834585113574342
280,LinearTBNegotiator,0.23703471649526825,0.0010624744725208587,0.23622322316717914,0.6710310965630115,0.45403290652913986,S3_E,BoulwareTBNegotiator,0.022677581291645765,LinearTBNegotiator@0,False,False,False,,UJhN7cUznM4,0.70911502398021,0.7441159507431945,0.7325810824533303,0.7392661263016912,0.9694735723246475,0.7441159507431945,0.7325810824533303,0.7325810824533303
281,BoulwareTBNegotiator,0.6710310965630115,0.0007574209704742231,0.6707817397488343,0.23703471649526825,0.45403290652913986,S3_E,LinearTBNegotiator,0.01870583207346499,BoulwareTBNegotiator@1,False,False,False,,UJhN7cUznM4,0.70911502398021,0.7441159507431945,0.7325810824533303,0.7392661263016912,0.9694735723246475,0.7441159507431945,0.7325810824533303,0.7325810824533303
282,SmartAspirationNegotiator,0.8538011695906432,0.0034960628013070215,0.8532882561203508,0.14619883040935672,0.5,S4_A-1,ConcederTBNegotiator,0.011330042034387589,SmartAspirationNegotiator@0,False,False,False,,inCr6lAvgYg,0.6432748538011697,0.6432748538011697,0.6432748538011697,1.0,1.0,0.6432748538011697,0.6491228070175439,0.6491228070175439
283,ConcederTBNegotiator,0.14619883040935672,0.004370114375307104,0.14245124426438982,0.8538011695906432,0.5,S4_A-1,SmartAspirationNegotiator,0.02332779235439375,ConcederTBNegotiator@1,False,False,False,,inCr6lAvgYg,0.6432748538011697,0.6432748538011697,0.6432748538011697,1.0,1.0,0.6432748538011697,0.6491228070175439,0.6491228070175439
284,BoulwareTBNegotiator,0.4970760233918128,0.004370114375307104,0.49486854114203777,0.5029239766081871,0.49999999999999994,S4_A,GeniusBOABaselineNegotiator,0.020213962241541594,BoulwareTBNegotiator@0,False,False,False,,cD90Ilquzio,0.9941520467836257,0.9941520467836257,0.9941520467836257,0.9999999999999999,0.9999999999999999,0.9941520467836257,0.9999999999999999,0.9999999999999999
285,GeniusBOABaselineNegotiator,0.5029239766081871,0.0034960628013070215,0.5011800708091925,0.4970760233918128,0.49999999999999994,S4_A,BoulwareTBNegotiator,0.006271203397773206,GeniusBOABaselineNegotiator@1,False,False,False,,cD90Ilquzio,0.9941520467836257,0.9941520467836257,0.9941520467836257,0.9999999999999999,0.9999999999999999,0.9941520467836257,0.9999999999999999,0.9999999999999999
286,BoulwareTBNegotiator,0.8657937806873975,0.0006426653306037134,0.8657074755377665,0.17741935483870966,0.5216065677630536,S2_E-1,ConcederTBNegotiator,0.01624483981868252,BoulwareTBNegotiator@0,False,False,False,,f-aRrdjk0sw,0.6181361991736312,0.6553875741567566,0.6401835445286903,0.8492910123001515,1.0,0.6553875741567566,0.6401835445286903,0.6401835445286903
287,ConcederTBNegotiator,0.17741935483870966,0.0012950634439420957,0.17635267930297413,0.8657937806873975,0.5216065677630536,S2_E-1,BoulwareTBNegotiator,0.052730698604136705,ConcederTBNegotiator@1,False,False,False,,f-aRrdjk0sw,0.6181361991736312,0.6553875741567566,0.6401835445286903,0.8492910123001515,1.0,0.6553875741567566,0.6401835445286903,0.6401835445286903
288,BoulwareTBNegotiator,0.578853046594982,0.0012950634439420957,0.5783069273119802,0.5457355882887797,0.5622943174418809,S2_E,GeniusBOABaselineNegotiator,0.02006321883527562,BoulwareTBNegotiator@0,False,False,False,,UEZH9HTaRKk,0.9474842994747478,0.9483384723776958,0.9587829391141542,0.915539679875679,0.9587829391141542,0.9587829391141542,0.9587829391141542,0.9587829391141542
289,GeniusBOABaselineNegotiator,0.5457355882887797,0.0006426653306037134,0.5454434605600824,0.578853046594982,0.5622943174418809,S2_E,BoulwareTBNegotiator,0.0074326994945295155,GeniusBOABaselineNegotiator@1,False,False,False,,UEZH9HTaRKk,0.9474842994747478,0.9483384723776958,0.9587829391141542,0.915539679875679,0.9587829391141542,0.9587829391141542,0.9587829391141542,0.9587829391141542
290,LinearTBNegotiator,0.7543859649122808,0.0008771261662935939,0.7541703412861719,0.7573099415204678,0.7558479532163743,S0_F,LinearTBNegotiator,0.010384168825112283,LinearTBNegotiator@0,False,False,False,,eU_MDhwGyTw,0.9807999989329749,0.9807999989329749,1.0,0.9995877842364035,1.0,1.0,1.0,1.0
291,LinearTBNegotiator,0.7573099415204678,0.0007442816259952948,0.7571291772295895,0.7543859649122808,0.7558479532163743,S0_F,LinearTBNegotiator,0.010240124014671892,LinearTBNegotiator@1,False,False,False,,eU_MDhwGyTw,0.9807999989329749,0.9807999989329749,1.0,0.9995877842364035,1.0,1.0,1.0,1.0
292,ConcederTBNegotiator,0.19047619047619047,0.0007754352238636291,0.18984797005548684,0.9682539682539681,0.5793650793650793,S1_B-1,BoulwareTBNegotiator,0.019652703194878995,ConcederTBNegotiator@0,False,False,False,,fuuNeXH1udw,0.6247884002894775,0.6039172983238965,0.6039172983238965,0.9325451898054491,1.0,0.6247884002894775,0.6039172983238965,0.6039172983238965
293,BoulwareTBNegotiator,0.9682539682539681,0.002193248997500751,0.9681841882567576,0.19047619047619047,0.5793650793650793,S1_B-1,ConcederTBNegotiator,0.012982365267816931,BoulwareTBNegotiator@1,False,False,False,,fuuNeXH1udw,0.6247884002894775,0.6039172983238965,0.6039172983238965,0.9325451898054491,1.0,0.6247884002894775,0.6039172983238965,0.6039172983238965
294,LinearTBNegotiator,0.2631578947368421,0.004370114375307104,0.25992367655693915,0.7368421052631577,0.4999999999999999,S4_A,SmartAspirationNegotiator,0.021244756178930402,LinearTBNegotiator@0,False,False,False,,zpNvHiOUUJM,0.760233918128655,0.760233918128655,0.760233918128655,0.9999999999999998,0.9999999999999999,0.760233918128655,0.7660818713450294,0.7660818713450294
295,SmartAspirationNegotiator,0.7368421052631577,0.0034960628013070215,0.7359188610166312,0.2631578947368421,0.4999999999999999,S4_A,LinearTBNegotiator,0.012156411190517247,SmartAspirationNegotiator@1,False,False,False,,zpNvHiOUUJM,0.760233918128655,0.760233918128655,0.760233918128655,0.9999999999999998,0.9999999999999999,0.760233918128655,0.7660818713450294,0.7660818713450294
296,BoulwareTBNegotiator,0.6710310965630115,0.0007574209704742231,0.6707817397488343,0.23703471649526825,0.45403290652913986,S3_E-1,LinearTBNegotiator,0.01905584178166464,BoulwareTBNegotiator@0,False,False,False,,grNHZDFi2gQ,0.70911502398021,0.7441159507431945,0.7325810824533303,0.7392661263016912,0.9694735723246475,0.7441159507431945,0.7325810824533303,0.7325810824533303
297,LinearTBNegotiator,0.23703471649526825,0.0010624744725208587,0.23622322316717914,0.6710310965630115,0.45403290652913986,S3_E-1,BoulwareTBNegotiator,0.02248869655886665,LinearTBNegotiator@1,False,False,False,,grNHZDFi2gQ,0.70911502398021,0.7441159507431945,0.7325810824533303,0.7392661263016912,0.9694735723246475,0.7441159507431945,0.7325810824533303,0.7325810824533303
298,LinearTBNegotiator,0.253828356729652,0.0010624744725208587,0.2530347251933104,0.6995817421349336,0.4767050494322928,S3_E,SmartAspirationNegotiator,0.021966495143715292,LinearTBNegotiator@0,False,False,False,,CSo9eNIsXpU,0.7159757289221454,0.7519186022843661,0.7393675598672658,0.7761813961377478,0.9845829745045027,0.7519186022843661,0.7393675598672658,0.7393675598672658
299,SmartAspirationNegotiator,0.6995817421349336,0.0007574209704742231,0.6993540265699691,0.253828356729652,0.4767050494322928,S3_E,LinearTBNegotiator,0.013971787062473595,SmartAspirationNegotiator@1,False,False,False,,CSo9eNIsXpU,0.7159757289221454,0.7519186022843661,0.7393675598672658,0.7761813961377478,0.9845829745045027,0.7519186022843661,0.7393675598672658,0.7393675598672658
300,BoulwareTBNegotiator,0.7725532264198727,0.0008771261662935939,0.7723535517634607,0.7397660818713451,0.7561596541456088,S0_F,SmartAspirationNegotiator,0.01836430304683745,BoulwareTBNegotiator@0,False,False,False,,PNoR5gPKrJk,1.0,1.0,0.9807999989329749,1.0,1.0,1.0,0.9807999989329749,0.9807999989329749
301,SmartAspirationNegotiator,0.7397660818713451,0.0007442816259952948,0.7395722502823309,0.7725532264198727,0.7561596541456088,S0_F,BoulwareTBNegotiator,0.013731326151173562,SmartAspirationNegotiator@1,False,False,False,,PNoR5gPKrJk,1.0,1.0,0.9807999989329749,1.0,1.0,1.0,0.9807999989329749,0.9807999989329749
302,ConcederTBNegotiator,0.12280701754385964,0.0034960628013070215,0.1197295367221045,0.8771929824561403,0.5,S4_A-1,BoulwareTBNegotiator,0.023816208471544087,ConcederTBNegotiator@0,False,False,False,,5Y_2sNl17mM,0.6257309941520469,0.6257309941520469,0.6257309941520469,1.0,1.0,0.6257309941520469,0.6257309941520469,0.6257309941520469
303,BoulwareTBNegotiator,0.8771929824561403,0.004370114375307104,0.8766539460928231,0.12280701754385964,0.5,S4_A-1,ConcederTBNegotiator,0.015210207260679454,BoulwareTBNegotiator@1,False,False,False,,5Y_2sNl17mM,0.6257309941520469,0.6257309941520469,0.6257309941520469,1.0,1.0,0.6257309941520469,0.6257309941520469,0.6257309941520469
304,GeniusBOABaselineNegotiator,0.7725532264198727,0.0009639366705748589,0.7723337705926955,0.7397660818713451,0.7561596541456088,S5_F,SmartAspirationNegotiator,0.00734021479729563,GeniusBOABaselineNegotiator@0,False,False,False,,Ln7CXuUry1I,1.0,1.0,0.9807999989329749,1.0,1.0,1.0,0.9807999989329749,0.9807999989329749
305,SmartAspirationNegotiator,0.7397660818713451,0.0007811278057266481,0.7395626470132772,0.7725532264198727,0.7561596541456088,S5_F,GeniusBOABaselineNegotiator,0.013864711043424904,SmartAspirationNegotiator@1,False,False,False,,Ln7CXuUry1I,1.0,1.0,0.9807999989329749,1.0,1.0,1.0,0.9807999989329749,0.9807999989329749
306,SmartAspirationNegotiator,0.5918734261726876,0.0010624744725208587,0.5914393409019196,0.6170212765957446,0.6044473513842161,S3_E,SmartAspirationNegotiator,0.015423427044879645,SmartAspirationNegotiator@0,False,False,False,,HysJtZEOGMA,0.962744468605478,1.0,0.9832225744061249,0.9841741547480721,1.0,1.0,0.9832225744061249,0.9832225744061249
307,SmartAspirationNegotiator,0.6170212765957446,0.0007574209704742231,0.6167309806031204,0.5918734261726876,0.6044473513842161,S3_E,SmartAspirationNegotiator,0.014281449257396162,SmartAspirationNegotiator@1,False,False,False,,HysJtZEOGMA,0.962744468605478,1.0,0.9832225744061249,0.9841741547480721,1.0,1.0,0.9832225744061249,0.9832225744061249
308,ConcederTBNegotiator,0.4238952536824877,0.0006426653306037134,0.4235247730401688,0.7651169989224802,0.594506126302484,S2_E-1,LinearTBNegotiator,0.011599920282606035,ConcederTBNegotiator@0,False,False,False,,vFxXpgZNUlQ,0.8500196090556311,0.8150382970349164,0.8316149347784617,0.9679876386361752,1.0,0.8500196090556311,0.8316149347784617,0.8316149347784617
309,LinearTBNegotiator,0.7651169989224802,0.0012950634439420957,0.7648124160800766,0.4238952536824877,0.594506126302484,S2_E-1,ConcederTBNegotiator,0.009913705114740878,LinearTBNegotiator@1,False,False,False,,vFxXpgZNUlQ,0.8500196090556311,0.8150382970349164,0.8316149347784617,0.9679876386361752,1.0,0.8500196090556311,0.8316149347784617,0.8316149347784617
310,SmartAspirationNegotiator,0.5918734261726876,0.0010624744725208587,0.5914393409019196,0.6170212765957446,0.6044473513842161,S3_E,SmartAspirationNegotiator,0.015645168139599264,SmartAspirationNegotiator@0,False,False,False,,PjhM1uiuWaE,0.962744468605478,1.0,0.9832225744061249,0.9841741547480721,1.0,1.0,0.9832225744061249,0.9832225744061249
311,SmartAspirationNegotiator,0.6170212765957446,0.0007574209704742231,0.6167309806031204,0.5918734261726876,0.6044473513842161,S3_E,SmartAspirationNegotiator,0.01456216408405453,SmartAspirationNegotiator@1,False,False,False,,PjhM1uiuWaE,0.962744468605478,1.0,0.9832225744061249,0.9841741547480721,1.0,1.0,0.9832225744061249,0.9832225744061249
312,ConcederTBNegotiator,0.1387525004546281,0.0007574209704742231,0.1380996790771027,0.9144540713339779,0.526603285894303,S3_E-1,SmartAspirationNegotiator,0.022950878017582,ConcederTBNegotiator@0,False,False,False,,gkk9dfyQ9gY,0.6218815860491587,0.588727183871518,0.6055037501538055,0.857426776038838,0.9875390245474492,0.6218815860491587,0.6055037501538055,0.6055037501538055
313,SmartAspirationNegotiator,0.9144540713339779,0.0010624744725208587,0.9143630842971383,0.1387525004546281,0.526603285894303,S3_E-1,ConcederTBNegotiator,0.012788708787411451,SmartAspirationNegotiator@1,False,False,False,,gkk9dfyQ9gY,0.6218815860491587,0.588727183871518,0.6055037501538055,0.857426776038838,0.9875390245474492,0.6218815860491587,0.6055037501538055,0.6055037501538055
314,SmartAspirationNegotiator,0.6995817421349336,0.0007574209704742231,0.6993540265699691,0.253828356729652,0.4767050494322928,S3_E-1,LinearTBNegotiator,0.014574169821571559,SmartAspirationNegotiator@0,False,False,False,,TQHR0b0t4kM,0.7159757289221454,0.7519186022843661,0.7393675598672658,0.7761813961377478,0.9845829745045027,0.7519186022843661,0.7393675598672658,0.7393675598672658
315,LinearTBNegotiator,0.253828356729652,0.0010624744725208587,0.2530347251933104,0.6995817421349336,0.4767050494322928,S3_E-1,SmartAspirationNegotiator,0.021713541296776384,LinearTBNegotiator@1,False,False,False,,TQHR0b0t4kM,0.7159757289221454,0.7519186022843661,0.7393675598672658,0.7761813961377478,0.9845829745045027,0.7519186022843661,0.7393675598672658,0.7393675598672658
316,ConcederTBNegotiator,0.20467836257309946,0.0007442816259952948,0.2040859783909438,0.9561403508771931,0.5804093567251463,S0_F-1,GeniusBOABaselineNegotiator,0.01855199917918071,ConcederTBNegotiator@0,False,False,False,,4QDmih2_Njc,0.5699318647760668,0.5699318647760668,0.5527488392164512,0.767575145728921,1.0,0.5699318647760668,0.5527488392164512,0.5527488392164512
317,GeniusBOABaselineNegotiator,0.9561403508771931,0.0008771261662935939,0.956101846658245,0.20467836257309946,0.5804093567251463,S0_F-1,ConcederTBNegotiator,0.0066886229906231165,GeniusBOABaselineNegotiator@1,False,False,False,,4QDmih2_Njc,0.5699318647760668,0.5699318647760668,0.5527488392164512,0.767575145728921,1.0,0.5699318647760668,0.5527488392164512,0.5527488392164512
318,SmartAspirationNegotiator,0.5564516129032258,0.0010624744725208587,0.5559798528315745,0.6563011456628477,0.6063763792830368,S3_E,GeniusBOABaselineNegotiator,0.0161092120106332,SmartAspirationNegotiator@0,False,False,False,,vWCNHTRlZSc,0.9259475513173088,0.9622920760502182,0.9456457474034602,0.9873150393883301,1.0,0.9622920760502182,0.9456457474034602,0.9456457474034602
319,GeniusBOABaselineNegotiator,0.6563011456628477,0.0007574209704742231,0.6560406236181849,0.5564516129032258,0.6063763792830368,S3_E,SmartAspirationNegotiator,0.007301913923583925,GeniusBOABaselineNegotiator@1,False,False,False,,vWCNHTRlZSc,0.9259475513173088,0.9622920760502182,0.9456457474034602,0.9873150393883301,1.0,0.9622920760502182,0.9456457474034602,0.9456457474034602
320,BoulwareTBNegotiator,0.503182396799418,0.0006426653306037134,0.5028629040232768,0.5465949820788529,0.5248886894391355,S2_E-1,BoulwareTBNegotiator,0.021090958558488637,BoulwareTBNegotiator@0,False,False,False,,ZLttOG3ox4U,0.9101795645181664,0.9126584534033798,0.9210437943802361,0.8546350332788867,0.9210437943802361,0.9210437943802361,0.9210437943802361,0.9210437943802361
321,BoulwareTBNegotiator,0.5465949820788529,0.0012950634439420957,0.546007032382685,0.503182396799418,0.5248886894391355,S2_E-1,BoulwareTBNegotiator,0.020556909556034952,BoulwareTBNegotiator@1,False,False,False,,ZLttOG3ox4U,0.9101795645181664,0.9126584534033798,0.9210437943802361,0.8546350332788867,0.9210437943802361,0.9210437943802361,0.9210437943802361,0.9210437943802361
322,GeniusBOABaselineNegotiator,0.5457355882887797,0.0006426653306037134,0.5454434605600824,0.578853046594982,0.5622943174418809,S2_E-1,GeniusBOABaselineNegotiator,0.007355123001616448,GeniusBOABaselineNegotiator@0,False,False,False,,EgWNMFiK6TI,0.9474842994747478,0.9483384723776958,0.9587829391141542,0.915539679875679,0.9587829391141542,0.9587829391141542,0.9587829391141542,0.9587829391141542
323,GeniusBOABaselineNegotiator,0.578853046594982,0.0012950634439420957,0.5783069273119802,0.5457355882887797,0.5622943174418809,S2_E-1,GeniusBOABaselineNegotiator,0.0070264984969981015,GeniusBOABaselineNegotiator@1,False,False,False,,EgWNMFiK6TI,0.9474842994747478,0.9483384723776958,0.9587829391141542,0.915539679875679,0.9587829391141542,0.9587829391141542,0.9587829391141542,0.9587829391141542
324,SmartAspirationNegotiator,0.7543859649122808,0.0009639366705748589,0.7541489800986998,0.7573099415204678,0.7558479532163743,S5_F,GeniusBOABaselineNegotiator,0.014276588219217956,SmartAspirationNegotiator@0,False,False,False,,f0LF-GImnbg,0.9807999989329749,0.9807999989329749,1.0,0.9995877842364035,1.0,1.0,1.0,1.0
325,GeniusBOABaselineNegotiator,0.7573099415204678,0.0007811278057266481,0.7571202213719327,0.7543859649122808,0.7558479532163743,S5_F,SmartAspirationNegotiator,0.007233159150928259,GeniusBOABaselineNegotiator@1,False,False,False,,f0LF-GImnbg,0.9807999989329749,0.9807999989329749,1.0,0.9995877842364035,1.0,1.0,1.0,1.0
326,SmartAspirationNegotiator,0.7397660818713451,0.0007811278057266481,0.7395626470132772,0.7725532264198727,0.7561596541456088,S5_F-1,BoulwareTBNegotiator,0.013946670107543468,SmartAspirationNegotiator@0,False,False,False,,67JfqfdNq08,1.0,1.0,0.9807999989329749,1.0,1.0,1.0,0.9807999989329749,0.9807999989329749
327,BoulwareTBNegotiator,0.7725532264198727,0.0009639366705748589,0.7723337705926955,0.7397660818713451,0.7561596541456088,S5_F-1,SmartAspirationNegotiator,0.017704364960081875,BoulwareTBNegotiator@1,False,False,False,,67JfqfdNq08,1.0,1.0,0.9807999989329749,1.0,1.0,1.0,0.9807999989329749,0.9807999989329749
328,SmartAspirationNegotiator,0.7076023391812865,0.004370114375307104,0.7063189192686266,0.2923976608187134,0.4999999999999999,S4_A,LinearTBNegotiator,0.012286751822102815,SmartAspirationNegotiator@0,False,False,False,,DxogmgT5N2w,0.7953216374269007,0.7953216374269007,0.7953216374269007,0.9999999999999998,0.9999999999999999,0.7953216374269007,0.7953216374269007,0.7953216374269007
329,LinearTBNegotiator,0.2923976608187134,0.0034960628013070215,0.28991515962249753,0.7076023391812865,0.4999999999999999,S4_A,SmartAspirationNegotiator,0.021217454690486193,LinearTBNegotiator@1,False,False,False,,DxogmgT5N2w,0.7953216374269007,0.7953216374269007,0.7953216374269007,0.9999999999999998,0.9999999999999999,0.7953216374269007,0.7953216374269007,0.7953216374269007
330,LinearTBNegotiator,0.8253968253968255,0.002193248997500751,0.8250130354121675,0.3839132298329081,0.6046550276148668,S1_B,ConcederTBNegotiator,0.008116248121950775,LinearTBNegotiator@0,False,False,False,,9xe5cvvPA8k,0.7964202352116565,0.7752162495989036,0.7752162495989036,0.9732518537566377,0.9855095709579489,0.7964202352116565,0.7752162495989036,0.7752162495989036
331,ConcederTBNegotiator,0.3839132298329081,0.0007754352238636291,0.3834351237100357,0.8253968253968255,0.6046550276148668,S1_B,LinearTBNegotiator,0.00955949374474585,ConcederTBNegotiator@1,False,False,False,,9xe5cvvPA8k,0.7964202352116565,0.7752162495989036,0.7752162495989036,0.9732518537566377,0.9855095709579489,0.7964202352116565,0.7752162495989036,0.7752162495989036
332,SmartAspirationNegotiator,0.5973813420621931,0.0006426653306037134,0.5971224266132997,0.6048387096774194,0.6011100258698062,S2_E-1,GeniusBOABaselineNegotiator,0.014741670165676624,SmartAspirationNegotiator@0,False,False,False,,pL7aay3fqeA,0.9765338686924485,0.9832225744061249,1.0,0.9787402496945685,1.0,1.0,1.0,1.0
333,GeniusBOABaselineNegotiator,0.6048387096774194,0.0012950634439420957,0.6043262871161347,0.5973813420621931,0.6011100258698062,S2_E-1,SmartAspirationNegotiator,0.007054409361444414,GeniusBOABaselineNegotiator@1,False,False,False,,pL7aay3fqeA,0.9765338686924485,0.9832225744061249,1.0,0.9787402496945685,1.0,1.0,1.0,1.0
334,BoulwareTBNegotiator,0.8538011695906432,0.0034960628013070215,0.8532882561203508,0.14619883040935672,0.5,S4_A-1,ConcederTBNegotiator,0.0149120093556121,BoulwareTBNegotiator@0,False,False,False,,xLOUmZwSyso,0.6432748538011697,0.6432748538011697,0.6432748538011697,1.0,1.0,0.6432748538011697,0.6491228070175439,0.6491228070175439
335,ConcederTBNegotiator,0.14619883040935672,0.004370114375307104,0.14245124426438982,0.8538011695906432,0.5,S4_A-1,BoulwareTBNegotiator,0.02267687109997496,ConcederTBNegotiator@1,False,False,False,,xLOUmZwSyso,0.6432748538011697,0.6432748538011697,0.6432748538011697,1.0,1.0,0.6432748538011697,0.6491228070175439,0.6491228070175439
336,GeniusBOABaselineNegotiator,0.5457355882887797,0.0006426653306037134,0.5454434605600824,0.578853046594982,0.5622943174418809,S2_E-1,BoulwareTBNegotiator,0.0073338718502782285,GeniusBOABaselineNegotiator@0,False,False,False,,tmzcLB8u2kg,0.9474842994747478,0.9483384723776958,0.9587829391141542,0.915539679875679,0.9587829391141542,0.9587829391141542,0.9587829391141542,0.9587829391141542
337,BoulwareTBNegotiator,0.578853046594982,0.0012950634439420957,0.5783069273119802,0.5457355882887797,0.5622943174418809,S2_E-1,GeniusBOABaselineNegotiator,0.01996941538527608,BoulwareTBNegotiator@1,False,False,False,,tmzcLB8u2kg,0.9474842994747478,0.9483384723776958,0.9587829391141542,0.915539679875679,0.9587829391141542,0.9587829391141542,0.9587829391141542,0.9587829391141542
338,BoulwareTBNegotiator,0.7573099415204678,0.0007811278057266481,0.7571202213719327,0.7543859649122808,0.7558479532163743,S5_F-1,SmartAspirationNegotiator,0.018308671889826655,BoulwareTBNegotiator@0,False,False,False,,CbbdCrVoeIU,0.9807999989329749,0.9807999989329749,1.0,0.9995877842364035,1.0,1.0,1.0,1.0
339,SmartAspirationNegotiator,0.7543859649122808,0.0009639366705748589,0.7541489800986998,0.7573099415204678,0.7558479532163743,S5_F-1,BoulwareTBNegotiator,0.014552537177223712,SmartAspirationNegotiator@1,False,False,False,,CbbdCrVoeIU,0.9807999989329749,0.9807999989329749,1.0,0.9995877842364035,1.0,1.0,1.0,1.0
340,BoulwareTBNegotiator,0.5790143662484089,0.0007574209704742231,0.5786952612042848,0.5806451612903226,0.5798297637693657,S3_E-1,SmartAspirationNegotiator,0.019823508278932422,BoulwareTBNegotiator@0,False,False,False,,uwb5TDw3skQ,0.9588819145275801,0.9717465499436655,0.9783447675564003,0.9440912700645696,0.9783447675564003,0.9783447675564003,0.9783447675564003,0.9783447675564003
341,SmartAspirationNegotiator,0.5806451612903226,0.0010624744725208587,0.5801991335862159,0.5790143662484089,0.5798297637693657,S3_E-1,BoulwareTBNegotiator,0.01571237383177504,SmartAspirationNegotiator@1,False,False,False,,uwb5TDw3skQ,0.9588819145275801,0.9717465499436655,0.9783447675564003,0.9440912700645696,0.9783447675564003,0.9783447675564003,0.9783447675564003,0.9783447675564003
342,ConcederTBNegotiator,0.19047619047619047,0.0007754352238636291,0.18984797005548684,0.9682539682539681,0.5793650793650793,S1_B-1,SmartAspirationNegotiator,0.019640459737274796,ConcederTBNegotiator@0,False,False,False,,_21rb9Vr560,0.6247884002894775,0.6039172983238965,0.6039172983238965,0.9325451898054491,1.0,0.6247884002894775,0.6039172983238965,0.6039172983238965
343,SmartAspirationNegotiator,0.9682539682539681,0.002193248997500751,0.9681841882567576,0.19047619047619047,0.5793650793650793,S1_B-1,ConcederTBNegotiator,0.011092623055446893,SmartAspirationNegotiator@1,False,False,False,,_21rb9Vr560,0.6247884002894775,0.6039172983238965,0.6039172983238965,0.9325451898054491,1.0,0.6247884002894775,0.6039172983238965,0.6039172983238965
344,BoulwareTBNegotiator,0.7894736842105263,0.0008771261662935939,0.7892888639595759,0.559779077322937,0.6746263807667316,S0_F,GeniusBOABaselineNegotiator,0.020531758724246174,BoulwareTBNegotiator@0,False,False,False,,ZIWsIXDF7lA,0.8625646620321361,0.8625646620321361,0.8474798110912376,0.8921745256681245,0.9573599675039428,0.8625646620321361,0.8474798110912376,0.8474798110912376
345,GeniusBOABaselineNegotiator,0.559779077322937,0.0007442816259952948,0.5594511849345297,0.7894736842105263,0.6746263807667316,S0_F,BoulwareTBNegotiator,0.007210872368887067,GeniusBOABaselineNegotiator@1,False,False,False,,ZIWsIXDF7lA,0.8625646620321361,0.8625646620321361,0.8474798110912376,0.8921745256681245,0.9573599675039428,0.8625646620321361,0.8474798110912376,0.8474798110912376
346,LinearTBNegotiator,0.3166030187306783,0.0007574209704742231,0.3160850071730895,0.7539135594696658,0.535258289100172,S3_E-1,BoulwareTBNegotiator,0.02003562229219824,LinearTBNegotiator@0,False,False,False,,wQ2st40EZe4,0.7874967847247605,0.7566580799973476,0.7733644806400886,0.8715190380778248,0.9676090921129151,0.7874967847247605,0.7733644806400886,0.7733644806400886
347,BoulwareTBNegotiator,0.7539135594696658,0.0010624744725208587,0.7536518208179329,0.3166030187306783,0.535258289100172,S3_E-1,LinearTBNegotiator,0.01781587488949299,BoulwareTBNegotiator@1,False,False,False,,wQ2st40EZe4,0.7874967847247605,0.7566580799973476,0.7733644806400886,0.8715190380778248,0.9676090921129151,0.7874967847247605,0.7733644806400886,0.7733644806400886
348,BoulwareTBNegotiator,0.4970760233918128,0.0034960628013070215,0.49531160105400646,0.502923976608187,0.4999999999999999,S4_A-1,BoulwareTBNegotiator,0.020046666963025928,BoulwareTBNegotiator@0,False,False,False,,SPd_LrdfLHs,0.9999999999999998,0.9999999999999998,0.9999999999999998,0.9999999999999998,0.9999999999999998,0.9999999999999998,0.9999999999999998,0.9999999999999998
349,BoulwareTBNegotiator,0.502923976608187,0.004370114375307104,0.5007421627566652,0.4970760233918128,0.4999999999999999,S4_A-1,BoulwareTBNegotiator,0.019281618238892406,BoulwareTBNegotiator@1,False,False,False,,SPd_LrdfLHs,0.9999999999999998,0.9999999999999998,0.9999999999999998,0.9999999999999998,0.9999999999999998,0.9999999999999998,0.9999999999999998,0.9999999999999998
350,BoulwareTBNegotiator,0.7894736842105263,0.0008771261662935939,0.7892888639595759,0.559779077322937,0.6746263807667316,S0_F,GeniusBOABaselineNegotiator,0.020305926853325218,BoulwareTBNegotiator@0,False,False,False,,99nYE9uH8tI,0.8625646620321361,0.8625646620321361,0.8474798110912376,0.8921745256681245,0.9573599675039428,0.8625646620321361,0.8474798110912376,0.8474798110912376
351,GeniusBOABaselineNegotiator,0.559779077322937,0.0007442816259952948,0.5594511849345297,0.7894736842105263,0.6746263807667316,S0_F,BoulwareTBNegotiator,0.007246612920425832,GeniusBOABaselineNegotiator@1,False,False,False,,99nYE9uH8tI,0.8625646620321361,0.8625646620321361,0.8474798110912376,0.8921745256681245,0.9573599675039428,0.8625646620321361,0.8474798110912376,0.8474798110912376
352,LinearTBNegotiator,0.2631578947368421,0.0034960628013070215,0.26057281084656775,0.7368421052631577,0.4999999999999999,S4_A-1,SmartAspirationNegotiator,0.021311626071110368,LinearTBNegotiator@0,False,False,False,,LSSKv_1xOcA,0.7660818713450294,0.7660818713450294,0.7660818713450294,0.9999999999999998,0.9999999999999999,0.7660818713450294,0.7660818713450294,0.7660818713450294
353,SmartAspirationNegotiator,0.7368421052631577,0.004370114375307104,0.7356870273417638,0.2631578947368421,0.4999999999999999,S4_A-1,LinearTBNegotiator,0.012138624850194901,SmartAspirationNegotiator@1,False,False,False,,LSSKv_1xOcA,0.7660818713450294,0.7660818713450294,0.7660818713450294,0.9999999999999998,0.9999999999999999,0.7660818713450294,0.7660818713450294,0.7660818713450294
354,BoulwareTBNegotiator,0.584795321637427,0.0007442816259952948,0.5844860622482134,0.6217898560631812,0.603292588850304,S0_F-1,BoulwareTBNegotiator,0.019783291092608124,BoulwareTBNegotiator@0,False,False,False,,NAbf6Ds4h-4,0.8356322357077108,0.8356322357077108,0.834585113574342,0.7978375803876622,0.8418817572733157,0.8356322357077108,0.834585113574342,0.834585113574342
355,BoulwareTBNegotiator,0.6217898560631812,0.0008771261662935939,0.6214578268180376,0.584795321637427,0.603292588850304,S0_F-1,BoulwareTBNegotiator,0.019837039813864976,BoulwareTBNegotiator@1,False,False,False,,NAbf6Ds4h-4,0.8356322357077108,0.8356322357077108,0.834585113574342,0.7978375803876622,0.8418817572733157,0.8356322357077108,0.834585113574342,0.834585113574342
356,ConcederTBNegotiator,0.1375661375661376,0.002193248997500751,0.13567044764191794,0.9079124572989682,0.5227392974325529,S1_B,SmartAspirationNegotiator,0.022179751947987825,ConcederTBNegotiator@0,False,False,False,,GTqB-UL9HPI,0.5796181182470082,0.601689676597047,0.601689676597047,0.8414004134961494,1.0,0.601689676597047,0.601689676597047,0.601689676597047
357,SmartAspirationNegotiator,0.9079124572989682,0.0007754352238636291,0.9078409939594881,0.1375661375661376,0.5227392974325529,S1_B,ConcederTBNegotiator,0.011737374006770551,SmartAspirationNegotiator@1,False,False,False,,GTqB-UL9HPI,0.5796181182470082,0.601689676597047,0.601689676597047,0.8414004134961494,1.0,0.601689676597047,0.601689676597047,0.601689676597047
358,SmartAspirationNegotiator,0.47368421052631576,0.0034960628013070215,0.47183772203326263,0.5263157894736842,0.5,S4_A-1,SmartAspirationNegotiator,0.014463619561865926,SmartAspirationNegotiator@0,False,False,False,,yxtRd6ptKY0,0.9766081871345029,0.9766081871345029,0.9766081871345029,1.0,0.9999999999999999,0.9766081871345029,0.9766081871345029,0.9766081871345029
359,SmartAspirationNegotiator,0.5263157894736842,0.004370114375307104,0.5242366492151751,0.47368421052631576,0.5,S4_A-1,SmartAspirationNegotiator,0.014541046344675124,SmartAspirationNegotiator@1,False,False,False,,yxtRd6ptKY0,0.9766081871345029,0.9766081871345029,0.9766081871345029,1.0,0.9999999999999999,0.9766081871345029,0.9766081871345029,0.9766081871345029
360,GeniusBOABaselineNegotiator,0.5457355882887797,0.0007574209704742231,0.5453912580942994,0.578853046594982,0.5622943174418809,S3_E-1,GeniusBOABaselineNegotiator,0.007663007592782378,GeniusBOABaselineNegotiator@0,False,False,False,,xqsJXKBFjHc,0.9474842994747478,0.9483384723776958,0.9587829391141542,0.915539679875679,0.9587829391141542,0.9587829391141542,0.9587829391141542,0.9587829391141542
361,GeniusBOABaselineNegotiator,0.578853046594982,0.0010624744725208587,0.5784051127895757,0.5457355882887797,0.5622943174418809,S3_E-1,GeniusBOABaselineNegotiator,0.007358109869528562,GeniusBOABaselineNegotiator@1,False,False,False,,xqsJXKBFjHc,0.9474842994747478,0.9483384723776958,0.9587829391141542,0.915539679875679,0.9587829391141542,0.9587829391141542,0.9587829391141542,0.9587829391141542
362,ConcederTBNegotiator,0.20467836257309946,0.0007811278057266481,0.2040566290742856,0.9561403508771931,0.5804093567251463,S5_F-1,BoulwareTBNegotiator,0.018439489940647036,ConcederTBNegotiator@0,False,False,False,,guOPDeTrmhE,0.5699318647760668,0.5699318647760668,0.5527488392164512,0.767575145728921,1.0,0.5699318647760668,0.5527488392164512,0.5527488392164512
363,BoulwareTBNegotiator,0.9561403508771931,0.0009639366705748589,0.9560980321604822,0.20467836257309946,0.5804093567251463,S5_F-1,ConcederTBNegotiator,0.013618168130051345,BoulwareTBNegotiator@1,False,False,False,,guOPDeTrmhE,0.5699318647760668,0.5699318647760668,0.5527488392164512,0.767575145728921,1.0,0.5699318647760668,0.5527488392164512,0.5527488392164512
364,SmartAspirationNegotiator,0.4678362573099415,0.0034960628013070215,0.4659692522780767,0.5321637426900585,0.5,S4_A-1,BoulwareTBNegotiator,0.01556446315953508,SmartAspirationNegotiator@0,False,False,False,,I-_BKcvnyZw,0.9707602339181287,0.9707602339181287,0.9707602339181287,1.0,1.0,0.9707602339181287,0.9707602339181287,0.9707602339181287
365,BoulwareTBNegotiator,0.5321637426900585,0.004370114375307104,0.5301102708298027,0.4678362573099415,0.5,S4_A-1,SmartAspirationNegotiator,0.019480282731819898,BoulwareTBNegotiator@1,False,False,False,,I-_BKcvnyZw,0.9707602339181287,0.9707602339181287,0.9707602339181287,1.0,1.0,0.9707602339181287,0.9707602339181287,0.9707602339181287
366,LinearTBNegotiator,0.5767195767195767,0.002193248997500751,0.5757891767567695,0.5790272025991713,0.577873389659374,S1_B,LinearTBNegotiator,0.013405667967163026,LinearTBNegotiator@0,False,False,False,,HzZ6e2B8wbA,0.9567674947426404,0.9677024037038318,0.9677024037038318,0.9301441682228879,0.9736745881204828,0.9677024037038318,0.9677024037038318,0.9677024037038318
367,LinearTBNegotiator,0.5790272025991713,0.0007754352238636291,0.5787005121364862,0.5767195767195767,0.577873389659374,S1_B,LinearTBNegotiator,0.01424396492075175,LinearTBNegotiator@1,False,False,False,,HzZ6e2B8wbA,0.9567674947426404,0.9677024037038318,0.9677024037038318,0.9301441682228879,0.9736745881204828,0.9677024037038318,0.9677024037038318,0.9677024037038318
368,ConcederTBNegotiator,0.2059779077322937,0.0008771261662935939,0.2052808387611162,0.8778427550357375,0.5419103313840156,S0_F,SmartAspirationNegotiator,0.023748451261781156,ConcederTBNegotiator@0,False,False,False,,sHABb_sUZik,0.5566644835268639,0.5566644835268639,0.5731311073045606,0.7166612611675568,0.977991611797476,0.5731311073045606,0.5731311073045606,0.5731311073045606
369,SmartAspirationNegotiator,0.8778427550357375,0.0007442816259952948,0.8777517679227921,0.2059779077322937,0.5419103313840156,S0_F,ConcederTBNegotiator,0.013207883108407259,SmartAspirationNegotiator@1,False,False,False,,sHABb_sUZik,0.5566644835268639,0.5566644835268639,0.5731311073045606,0.7166612611675568,0.977991611797476,0.5731311073045606,0.5731311073045606,0.5731311073045606
370,BoulwareTBNegotiator,0.9298245614035088,0.0009639366705748589,0.9297568514567713,0.21572449642625083,0.5727745289148798,S5_F,ConcederTBNegotiator,0.014789961918722838,BoulwareTBNegotiator@0,False,False,False,,_L_nBBo5Dy0,0.5840520094147557,0.5840520094147557,0.5672054735427323,0.7574782994235028,0.9878762575568232,0.5840520094147557,0.5672054735427323,0.5672054735427323
371,ConcederTBNegotiator,0.21572449642625083,0.0007811278057266481,0.2151113981149205,0.9298245614035088,0.5727745289148798,S5_F,BoulwareTBNegotiator,0.019443448923993856,ConcederTBNegotiator@1,False,False,False,,_L_nBBo5Dy0,0.5840520094147557,0.5840520094147557,0.5672054735427323,0.7574782994235028,0.9878762575568232,0.5840520094147557,0.5672054735427323,0.5672054735427323
372,GeniusBOABaselineNegotiator,0.5904521398386507,0.0007754352238636291,0.5901343155498752,0.5873015873015872,0.5888768635701189,S1_B-1,BoulwareTBNegotiator,0.0067876685643568635,GeniusBOABaselineNegotiator@0,False,False,False,,IccYzhmy1W0,0.9657533700827802,0.9788365509746099,0.9788365509746099,0.947855343839237,0.9829625189076004,0.9788365509746099,0.9788365509746099,0.9788365509746099
373,BoulwareTBNegotiator,0.5873015873015872,0.002193248997500751,0.5863944473378502,0.5904521398386507,0.5888768635701189,S1_B-1,GeniusBOABaselineNegotiator,0.019558286061510444,BoulwareTBNegotiator@1,False,False,False,,IccYzhmy1W0,0.9657533700827802,0.9788365509746099,0.9788365509746099,0.947855343839237,0.9829625189076004,0.9788365509746099,0.9788365509746099,0.9788365509746099
374,LinearTBNegotiator,0.7543859649122808,0.0008771261662935939,0.7541703412861719,0.7573099415204678,0.7558479532163743,S0_F,LinearTBNegotiator,0.010251910774968565,LinearTBNegotiator@0,False,False,False,,z9roL8XeorY,0.9807999989329749,0.9807999989329749,1.0,0.9995877842364035,1.0,1.0,1.0,1.0
375,LinearTBNegotiator,0.7573099415204678,0.0007442816259952948,0.7571291772295895,0.7543859649122808,0.7558479532163743,S0_F,LinearTBNegotiator,0.010165996965952218,LinearTBNegotiator@1,False,False,False,,z9roL8XeorY,0.9807999989329749,0.9807999989329749,1.0,0.9995877842364035,1.0,1.0,1.0,1.0
376,GeniusBOABaselineNegotiator,0.7573099415204678,0.0007811278057266481,0.7571202213719327,0.7543859649122808,0.7558479532163743,S5_F-1,SmartAspirationNegotiator,0.0071605059201829135,GeniusBOABaselineNegotiator@0,False,False,False,,8gKqNb-cil4,0.9807999989329749,0.9807999989329749,1.0,0.9995877842364035,1.0,1.0,1.0,1.0
377,SmartAspirationNegotiator,0.7543859649122808,0.0009639366705748589,0.7541489800986998,0.7573099415204678,0.7558479532163743,S5_F-1,GeniusBOABaselineNegotiator,0.014200955163687468,SmartAspirationNegotiator@1,False,False,False,,8gKqNb-cil4,0.9807999989329749,0.9807999989329749,1.0,0.9995877842364035,1.0,1.0,1.0,1.0
378,GeniusBOABaselineNegotiator,0.868421052631579,0.0007811278057266481,0.868318192310084,0.5935672514619883,0.7309941520467836,S5_F-1,LinearTBNegotiator,0.006813967309426516,GeniusBOABaselineNegotiator@0,False,False,False,,wcpQZTzbDxE,0.8324241332371594,0.8324241332371594,0.8513976513554027,0.9667193271145101,1.0,0.8513976513554027,0.8513976513554027,0.8513976513554027
379,LinearTBNegotiator,0.5935672514619883,0.0009639366705748589,0.5931750980204672,0.868421052631579,0.7309941520467836,S5_F-1,GeniusBOABaselineNegotiator,0.017386834195349365,LinearTBNegotiator@1,False,False,False,,wcpQZTzbDxE,0.8324241332371594,0.8324241332371594,0.8513976513554027,0.9667193271145101,1.0,0.8513976513554027,0.8513976513554027,0.8513976513554027
380,SmartAspirationNegotiator,0.47368421052631576,0.0034960628013070215,0.47183772203326263,0.5263157894736842,0.5,S4_A-1,SmartAspirationNegotiator,0.01516683236695826,SmartAspirationNegotiator@0,False,False,False,,T6hoBiMQyto,0.9766081871345029,0.9766081871345029,0.9766081871345029,1.0,0.9999999999999999,0.9766081871345029,0.9766081871345029,0.9766081871345029
381,SmartAspirationNegotiator,0.5263157894736842,0.004370114375307104,0.5242366492151751,0.47368421052631576,0.5,S4_A-1,SmartAspirationNegotiator,0.014753694995306432,SmartAspirationNegotiator@1,False,False,False,,T6hoBiMQyto,0.9766081871345029,0.9766081871345029,0.9766081871345029,1.0,0.9999999999999999,0.9766081871345029,0.9766081871345029,0.9766081871345029
382,GeniusBOABaselineNegotiator,0.5457355882887797,0.0006426653306037134,0.5454434605600824,0.578853046594982,0.5622943174418809,S2_E-1,BoulwareTBNegotiator,0.007501963467802852,GeniusBOABaselineNegotiator@0,False,False,False,,n-LEbQBE6_M,0.9474842994747478,0.9483384723776958,0.9587829391141542,0.915539679875679,0.9587829391141542,0.9587829391141542,0.9587829391141542,0.9587829391141542
383,BoulwareTBNegotiator,0.578853046594982,0.0012950634439420957,0.5783069273119802,0.5457355882887797,0.5622943174418809,S2_E-1,GeniusBOABaselineNegotiator,0.020063958188984543,BoulwareTBNegotiator@1,False,False,False,,n-LEbQBE6_M,0.9474842994747478,0.9483384723776958,0.9587829391141542,0.915539679875679,0.9587829391141542,0.9587829391141542,0.9587829391141542,0.9587829391141542
384,SmartAspirationNegotiator,0.5973813420621931,0.0006426653306037134,0.5971224266132997,0.6048387096774194,0.6011100258698062,S2_E-1,GeniusBOABaselineNegotiator,0.014952331257518381,SmartAspirationNegotiator@0,False,False,False,,y7txCHLNNak,0.9765338686924485,0.9832225744061249,1.0,0.9787402496945685,1.0,1.0,1.0,1.0
385,GeniusBOABaselineNegotiator,0.6048387096774194,0.0012950634439420957,0.6043262871161347,0.5973813420621931,0.6011100258698062,S2_E-1,SmartAspirationNegotiator,0.007210918818600476,GeniusBOABaselineNegotiator@1,False,False,False,,y7txCHLNNak,0.9765338686924485,0.9832225744061249,1.0,0.9787402496945685,1.0,1.0,1.0,1.0
386,SmartAspirationNegotiator,0.7397660818713451,0.0007442816259952948,0.7395722502823309,0.7725532264198727,0.7561596541456088,S0_F-1,BoulwareTBNegotiator,0.013937334588263184,SmartAspirationNegotiator@0,False,False,False,,4yeo3xD-n6g,1.0,1.0,0.9807999989329749,1.0,1.0,1.0,0.9807999989329749,0.9807999989329749
387,BoulwareTBNegotiator,0.7725532264198727,0.0008771261662935939,0.7723535517634607,0.7397660818713451,0.7561596541456088,S0_F-1,SmartAspirationNegotiator,0.017974652466364205,BoulwareTBNegotiator@1,False,False,False,,4yeo3xD-n6g,1.0,1.0,0.9807999989329749,1.0,1.0,1.0,0.9807999989329749,0.9807999989329749
388,LinearTBNegotiator,0.3166030187306783,0.0006426653306037134,0.31616354074651337,0.7539135594696658,0.535258289100172,S2_E-1,BoulwareTBNegotiator,0.020204629108775407,LinearTBNegotiator@0,False,False,False,,mCQCdkdf-50,0.7874967847247605,0.7566580799973476,0.7733644806400886,0.8715190380778248,0.9676090921129151,0.7874967847247605,0.7733644806400886,0.7733644806400886
389,BoulwareTBNegotiator,0.7539135594696658,0.0012950634439420957,0.7535944486477251,0.3166030187306783,0.535258289100172,S2_E-1,LinearTBNegotiator,0.01789341092808172,BoulwareTBNegotiator@1,False,False,False,,mCQCdkdf-50,0.7874967847247605,0.7566580799973476,0.7733644806400886,0.8715190380778248,0.9676090921129151,0.7874967847247605,0.7733644806400886,0.7733644806400886
390,GeniusBOABaselineNegotiator,0.6756272401433692,0.0010624744725208587,0.6752822358081414,0.2675031823967994,0.4715652112700843,S3_E,LinearTBNegotiator,0.007577581563964486,GeniusBOABaselineNegotiator@0,False,False,False,,8hbStDflVFc,0.7678606227682558,0.7437685636192172,0.7594704993015259,0.7678126012919283,0.902907436915248,0.7678606227682558,0.7594704993015259,0.7594704993015259
391,LinearTBNegotiator,0.2675031823967994,0.0007574209704742231,0.26694795340425875,0.6756272401433692,0.4715652112700843,S3_E,GeniusBOABaselineNegotiator,0.021520289301406592,LinearTBNegotiator@1,False,False,False,,8hbStDflVFc,0.7678606227682558,0.7437685636192172,0.7594704993015259,0.7678126012919283,0.902907436915248,0.7678606227682558,0.7594704993015259,0.7594704993015259
392,GeniusBOABaselineNegotiator,0.8771929824561403,0.004370114375307104,0.8766539460928231,0.12280701754385964,0.5,S4_A,ConcederTBNegotiator,0.00608133221976459,GeniusBOABaselineNegotiator@0,False,False,False,,6ZMtSNMB9UY,0.6257309941520469,0.6257309941520469,0.6257309941520469,1.0,1.0,0.6257309941520469,0.6257309941520469,0.6257309941520469
393,ConcederTBNegotiator,0.12280701754385964,0.0034960628013070215,0.1197295367221045,0.8771929824561403,0.5,S4_A,GeniusBOABaselineNegotiator,0.02238174364902079,ConcederTBNegotiator@1,False,False,False,,6ZMtSNMB9UY,0.6257309941520469,0.6257309941520469,0.6257309941520469,1.0,1.0,0.6257309941520469,0.6257309941520469,0.6257309941520469
394,BoulwareTBNegotiator,0.6933073424301495,0.0009639366705748589,0.6930114248851488,0.7063027940220923,0.6998050682261209,S5_F,BoulwareTBNegotiator,0.01879584084963426,BoulwareTBNegotiator@0,False,False,False,,7dHCnRwCw-s,0.9346036197574028,0.9346036197574028,0.9395037748202615,0.9254726358242911,0.9462663627744217,0.9395037748202615,0.9395037748202615,0.9395037748202615
395,BoulwareTBNegotiator,0.7063027940220923,0.0007811278057266481,0.7060731996254714,0.6933073424301495,0.6998050682261209,S5_F,BoulwareTBNegotiator,0.018757459241896868,BoulwareTBNegotiator@1,False,False,False,,7dHCnRwCw-s,0.9346036197574028,0.9346036197574028,0.9395037748202615,0.9254726358242911,0.9462663627744217,0.9395037748202615,0.9395037748202615,0.9395037748202615
396,BoulwareTBNegotiator,0.6710310965630115,0.0006426653306037134,0.6708195436962329,0.23703471649526825,0.45403290652913986,S2_E-1,LinearTBNegotiator,0.01913054077886045,BoulwareTBNegotiator@0,False,False,False,,XPPJ_7OL5mw,0.70911502398021,0.7441159507431945,0.7325810824533303,0.7392661263016912,0.9694735723246475,0.7441159507431945,0.7325810824533303,0.7325810824533303
397,LinearTBNegotiator,0.23703471649526825,0.0012950634439420957,0.23604534675101607,0.6710310965630115,0.45403290652913986,S2_E-1,BoulwareTBNegotiator,0.022759156534448266,LinearTBNegotiator@1,False,False,False,,XPPJ_7OL5mw,0.70911502398021,0.7441159507431945,0.7325810824533303,0.7392661263016912,0.9694735723246475,0.7441159507431945,0.7325810824533303,0.7325810824533303
398,LinearTBNegotiator,0.2631578947368421,0.004370114375307104,0.25992367655693915,0.7368421052631577,0.4999999999999999,S4_A,SmartAspirationNegotiator,0.021657962875906378,LinearTBNegotiator@0,False,False,False,,isA4pUMG-a8,0.760233918128655,0.760233918128655,0.760233918128655,0.9999999999999998,0.9999999999999999,0.760233918128655,0.7660818713450294,0.7660818713450294
399,SmartAspirationNegotiator,0.7368421052631577,0.0034960628013070215,0.7359188610166312,0.2631578947368421,0.4999999999999999,S4_A,LinearTBNegotiator,0.011998790549114347,SmartAspirationNegotiator@1,False,False,False,,isA4pUMG-a8,0.760233918128655,0.760233918128655,0.760233918128655,0.9999999999999998,0.9999999999999999,0.760233918128655,0.7660818713450294,0.7660818713450294
400,LinearTBNegotiator,0.7543859649122808,0.0009639366705748589,0.7541489800986998,0.7573099415204678,0.7558479532163743,S5_F,LinearTBNegotiator,0.010493833979126066,LinearTBNegotiator@0,False,False,False,,CWG1KQf64iU,0.9807999989329749,0.9807999989329749,1.0,0.9995877842364035,1.0,1.0,1.0,1.0
401,LinearTBNegotiator,0.7573099415204678,0.0007811278057266481,0.7571202213719327,0.7543859649122808,0.7558479532163743,S5_F,LinearTBNegotiator,0.010274872940499336,LinearTBNegotiator@1,False,False,False,,CWG1KQf64iU,0.9807999989329749,0.9807999989329749,1.0,0.9995877842364035,1.0,1.0,1.0,1.0
402,BoulwareTBNegotiator,0.7539135594696658,0.0010624744725208587,0.7536518208179329,0.3166030187306783,0.535258289100172,S3_E,LinearTBNegotiator,0.018409251410048455,BoulwareTBNegotiator@0,False,False,False,,O2K4poSsMEk,0.7874967847247605,0.7566580799973476,0.7733644806400886,0.8715190380778248,0.9676090921129151,0.7874967847247605,0.7733644806400886,0.7733644806400886
403,LinearTBNegotiator,0.3166030187306783,0.0007574209704742231,0.3160850071730895,0.7539135594696658,0.535258289100172,S3_E,BoulwareTBNegotiator,0.019957872456870973,LinearTBNegotiator@1,False,False,False,,O2K4poSsMEk,0.7874967847247605,0.7566580799973476,0.7733644806400886,0.8715190380778248,0.9676090921129151,0.7874967847247605,0.7733644806400886,0.7733644806400886
404,GeniusBOABaselineNegotiator,0.5457355882887797,0.0007574209704742231,0.5453912580942994,0.578853046594982,0.5622943174418809,S3_E-1,BoulwareTBNegotiator,0.007402839895803481,GeniusBOABaselineNegotiator@0,False,False,False,,RwbruxX1WU8,0.9474842994747478,0.9483384723776958,0.9587829391141542,0.915539679875679,0.9587829391141542,0.9587829391141542,0.9587829391141542,0.9587829391141542
405,BoulwareTBNegotiator,0.578853046594982,0.0010624744725208587,0.5784051127895757,0.5457355882887797,0.5622943174418809,S3_E-1,GeniusBOABaselineNegotiator,0.019838574691675603,BoulwareTBNegotiator@1,False,False,False,,RwbruxX1WU8,0.9474842994747478,0.9483384723776958,0.9587829391141542,0.915539679875679,0.9587829391141542,0.9587829391141542,0.9587829391141542,0.9587829391141542
406,BoulwareTBNegotiator,0.6933073424301495,0.0008771261662935939,0.69303809811395,0.7063027940220923,0.6998050682261209,S0_F,BoulwareTBNegotiator,0.019084918778389692,BoulwareTBNegotiator@0,False,False,False,,RIhhjcNvbWA,0.9346036197574028,0.9346036197574028,0.9395037748202615,0.9254726358242911,0.9462663627744217,0.9395037748202615,0.9395037748202615,0.9395037748202615
407,BoulwareTBNegotiator,0.7063027940220923,0.0007442816259952948,0.7060840377718192,0.6933073424301495,0.6998050682261209,S0_F,BoulwareTBNegotiator,0.019033835851587355,BoulwareTBNegotiator@1,False,False,False,,RIhhjcNvbWA,0.9346036197574028,0.9346036197574028,0.9395037748202615,0.9254726358242911,0.9462663627744217,0.9395037748202615,0.9395037748202615,0.9395037748202615
408,GeniusBOABaselineNegotiator,0.578853046594982,0.0010624744725208587,0.5784051127895757,0.5457355882887797,0.5622943174418809,S3_E,GeniusBOABaselineNegotiator,0.00720583664951846,GeniusBOABaselineNegotiator@0,False,False,False,,IXGLVK2R32k,0.9474842994747478,0.9483384723776958,0.9587829391141542,0.915539679875679,0.9587829391141542,0.9587829391141542,0.9587829391141542,0.9587829391141542
409,GeniusBOABaselineNegotiator,0.5457355882887797,0.0007574209704742231,0.5453912580942994,0.578853046594982,0.5622943174418809,S3_E,GeniusBOABaselineNegotiator,0.007201915781479329,GeniusBOABaselineNegotiator@1,False,False,False,,IXGLVK2R32k,0.9474842994747478,0.9483384723776958,0.9587829391141542,0.915539679875679,0.9587829391141542,0.9587829391141542,0.9587829391141542,0.9587829391141542
410,BoulwareTBNegotiator,0.5790143662484089,0.0006426653306037134,0.5787436393901486,0.5806451612903226,0.5798297637693657,S2_E-1,SmartAspirationNegotiator,0.020147001137956977,BoulwareTBNegotiator@0,False,False,False,,3w6sBgf0yeM,0.9588819145275801,0.9717465499436655,0.9783447675564003,0.9440912700645696,0.9783447675564003,0.9783447675564003,0.9783447675564003,0.9783447675564003
411,SmartAspirationNegotiator,0.5806451612903226,0.0012950634439420957,0.5801013659191634,0.5790143662484089,0.5798297637693657,S2_E-1,BoulwareTBNegotiator,0.0155176991247572,SmartAspirationNegotiator@1,False,False,False,,3w6sBgf0yeM,0.9588819145275801,0.9717465499436655,0.9783447675564003,0.9440912700645696,0.9783447675564003,0.9783447675564003,0.9783447675564003,0.9783447675564003
412,GeniusBOABaselineNegotiator,0.7822283931139397,0.0007754352238636291,0.7820593942915631,0.328042328042328,0.5551353605781338,S1_B-1,LinearTBNegotiator,0.0064271658775396645,GeniusBOABaselineNegotiator@0,False,False,False,,15brAJiHZvg,0.7428511964925584,0.7649272400742826,0.7649272400742826,0.8935450696569122,0.9889059294623107,0.7649272400742826,0.7649272400742826,0.7649272400742826
413,LinearTBNegotiator,0.328042328042328,0.002193248997500751,0.3265653181013716,0.7822283931139397,0.5551353605781338,S1_B-1,GeniusBOABaselineNegotiator,0.01984795113094151,LinearTBNegotiator@1,False,False,False,,15brAJiHZvg,0.7428511964925584,0.7649272400742826,0.7649272400742826,0.8935450696569122,0.9889059294623107,0.7649272400742826,0.7649272400742826,0.7649272400742826
414,BoulwareTBNegotiator,0.8657937806873975,0.0007574209704742231,0.8656920530318626,0.17741935483870966,0.5216065677630536,S3_E-1,ConcederTBNegotiator,0.016303831012919545,BoulwareTBNegotiator@0,False,False,False,,TpzAFPiMNBU,0.6181361991736312,0.6553875741567566,0.6401835445286903,0.8492910123001515,1.0,0.6553875741567566,0.6401835445286903,0.6401835445286903
415,ConcederTBNegotiator,0.17741935483870966,0.0010624744725208587,0.1765444543421925,0.8657937806873975,0.5216065677630536,S3_E-1,BoulwareTBNegotiator,0.023186915961559862,ConcederTBNegotiator@1,False,False,False,,TpzAFPiMNBU,0.6181361991736312,0.6553875741567566,0.6401835445286903,0.8492910123001515,1.0,0.6553875741567566,0.6401835445286903,0.6401835445286903
416,GeniusBOABaselineNegotiator,0.868421052631579,0.0007442816259952948,0.8683230478955606,0.5935672514619883,0.7309941520467836,S0_F-1,ConcederTBNegotiator,0.007084960932843387,GeniusBOABaselineNegotiator@0,False,False,False,,9TkiCHIkzfI,0.8324241332371594,0.8324241332371594,0.8513976513554027,0.9667193271145101,1.0,0.8513976513554027,0.8513976513554027,0.8513976513554027
417,ConcederTBNegotiator,0.5935672514619883,0.0008771261662935939,0.5932104456997367,0.868421052631579,0.7309941520467836,S0_F-1,GeniusBOABaselineNegotiator,0.022881079756189138,ConcederTBNegotiator@1,False,False,False,,9TkiCHIkzfI,0.8324241332371594,0.8324241332371594,0.8513976513554027,0.9667193271145101,1.0,0.8513976513554027,0.8513976513554027,0.8513976513554027
418,ConcederTBNegotiator,0.15384615384615385,0.0007574209704742231,0.15320477338381733,0.9232683981793433,0.5385572760127486,S3_E-1,BoulwareTBNegotiator,0.020638543064706028,ConcederTBNegotiator@0,False,False,False,,1ejyatjeikA,0.6276054466489961,0.5939791687865419,0.6107442472375311,0.8768905193967101,1.0,0.6276054466489961,0.6107442472375311,0.6107442472375311
419,BoulwareTBNegotiator,0.9232683981793433,0.0010624744725208587,0.9231867861004228,0.15384615384615385,0.5385572760127486,S3_E-1,ConcederTBNegotiator,0.014972747303545475,BoulwareTBNegotiator@1,False,False,False,,1ejyatjeikA,0.6276054466489961,0.5939791687865419,0.6107442472375311,0.8768905193967101,1.0,0.6276054466489961,0.6107442472375311,0.6107442472375311
420,ConcederTBNegotiator,0.4238952536824877,0.0007574209704742231,0.4234585691123863,0.7651169989224802,0.594506126302484,S3_E-1,LinearTBNegotiator,0.011578414880204946,ConcederTBNegotiator@0,False,False,False,,jfDyDKBGgtk,0.8500196090556311,0.8150382970349164,0.8316149347784617,0.9679876386361752,1.0,0.8500196090556311,0.8316149347784617,0.8316149347784617
421,LinearTBNegotiator,0.7651169989224802,0.0010624744725208587,0.764867176299647,0.4238952536824877,0.594506126302484,S3_E-1,ConcederTBNegotiator,0.009932458982802927,LinearTBNegotiator@1,False,False,False,,jfDyDKBGgtk,0.8500196090556311,0.8150382970349164,0.8316149347784617,0.9679876386361752,1.0,0.8500196090556311,0.8316149347784617,0.8316149347784617
422,BoulwareTBNegotiator,0.6507936507936508,0.002193248997500751,0.650026070824335,0.5511054333210059,0.6009495420573283,S1_B,BoulwareTBNegotiator,0.020106290583498776,BoulwareTBNegotiator@0,False,False,False,,kmIP706gYNc,0.9664393067008068,0.9474535363292,0.9474535363292,0.9672875095880819,0.9873708232938224,0.9664393067008068,0.9474535363292,0.9474535363292
423,BoulwareTBNegotiator,0.5511054333210059,0.0007754352238636291,0.5507570745325269,0.6507936507936508,0.6009495420573283,S1_B,BoulwareTBNegotiator,0.02032416284782812,BoulwareTBNegotiator@1,False,False,False,,kmIP706gYNc,0.9664393067008068,0.9474535363292,0.9474535363292,0.9672875095880819,0.9873708232938224,0.9664393067008068,0.9474535363292,0.9474535363292
424,BoulwareTBNegotiator,0.4970760233918128,0.0034960628013070215,0.49531160105400646,0.502923976608187,0.4999999999999999,S4_A-1,GeniusBOABaselineNegotiator,0.02035957807675004,BoulwareTBNegotiator@0,False,False,False,,x7f8AlbkddU,0.9999999999999998,0.9999999999999998,0.9999999999999998,0.9999999999999998,0.9999999999999998,0.9999999999999998,0.9999999999999998,0.9999999999999998
425,GeniusBOABaselineNegotiator,0.502923976608187,0.004370114375307104,0.5007421627566652,0.4970760233918128,0.4999999999999999,S4_A-1,BoulwareTBNegotiator,0.006495244684629142,GeniusBOABaselineNegotiator@1,False,False,False,,x7f8AlbkddU,0.9999999999999998,0.9999999999999998,0.9999999999999998,0.9999999999999998,0.9999999999999998,0.9999999999999998,0.9999999999999998,0.9999999999999998
426,LinearTBNegotiator,0.3667966211825861,0.0007811278057266481,0.36630162175889813,0.7994924177520258,0.5831445194673059,S5_F-1,BoulwareTBNegotiator,0.01956433500163257,LinearTBNegotiator@0,False,False,False,,GSZGOWdjeCI,0.7157177189149243,0.7157177189149243,0.701145103828247,0.7711923219788893,0.9391382745772429,0.7157177189149243,0.701145103828247,0.701145103828247
427,BoulwareTBNegotiator,0.7994924177520258,0.0009639366705748589,0.7992989546545947,0.3667966211825861,0.5831445194673059,S5_F-1,LinearTBNegotiator,0.01748920709360391,BoulwareTBNegotiator@1,False,False,False,,GSZGOWdjeCI,0.7157177189149243,0.7157177189149243,0.701145103828247,0.7711923219788893,0.9391382745772429,0.7157177189149243,0.701145103828247,0.701145103828247
428,BoulwareTBNegotiator,0.578853046594982,0.0010624744725208587,0.5784051127895757,0.5457355882887797,0.5622943174418809,S3_E,GeniusBOABaselineNegotiator,0.020616170135326684,BoulwareTBNegotiator@0,False,False,False,,CBos-ThP6jk,0.9474842994747478,0.9483384723776958,0.9587829391141542,0.915539679875679,0.9587829391141542,0.9587829391141542,0.9587829391141542,0.9587829391141542
429,GeniusBOABaselineNegotiator,0.5457355882887797,0.0007574209704742231,0.5453912580942994,0.578853046594982,0.5622943174418809,S3_E,BoulwareTBNegotiator,0.007501577201765031,GeniusBOABaselineNegotiator@1,False,False,False,,CBos-ThP6jk,0.9474842994747478,0.9483384723776958,0.9587829391141542,0.915539679875679,0.9587829391141542,0.9587829391141542,0.9587829391141542,0.9587829391141542
430,LinearTBNegotiator,0.2614226440725705,0.0012950634439420957,0.26046489919800986,0.7099472631387526,0.48568495360566155,S2_E,SmartAspirationNegotiator,0.022486085537821054,LinearTBNegotiator@0,False,False,False,,VSe2H1IxhnY,0.7190358578484184,0.7552784600187009,0.7423561147168696,0.7908026689075016,0.9908502915717833,0.7552784600187009,0.7423561147168696,0.7423561147168696
431,SmartAspirationNegotiator,0.7099472631387526,0.0006426653306037134,0.709760736426474,0.2614226440725705,0.48568495360566155,S2_E,LinearTBNegotiator,0.014384953421540558,SmartAspirationNegotiator@1,False,False,False,,VSe2H1IxhnY,0.7190358578484184,0.7552784600187009,0.7423561147168696,0.7908026689075016,0.9908502915717833,0.7552784600187009,0.7423561147168696,0.7423561147168696
432,BoulwareTBNegotiator,0.8990748497922465,0.0012950634439420957,0.8989439758295533,0.15839243498817968,0.5287336423902131,S2_E,ConcederTBNegotiator,0.015494504244998097,BoulwareTBNegotiator@0,False,False,False,,Y-5T_rt-Hmo,0.6395440404757784,0.6064640701267894,0.6232411012448391,0.8608954682233152,0.9888399765136822,0.6395440404757784,0.6232411012448391,0.6232411012448391
433,ConcederTBNegotiator,0.15839243498817968,0.0006426653306037134,0.15785121516095357,0.8990748497922465,0.5287336423902131,S2_E,BoulwareTBNegotiator,0.02133078913902864,ConcederTBNegotiator@1,False,False,False,,Y-5T_rt-Hmo,0.6395440404757784,0.6064640701267894,0.6232411012448391,0.8608954682233152,0.9888399765136822,0.6395440404757784,0.6232411012448391,0.6232411012448391
434,GeniusBOABaselineNegotiator,0.6933073424301495,0.0009639366705748589,0.6930114248851488,0.7063027940220923,0.6998050682261209,S5_F,BoulwareTBNegotiator,0.007328591658733785,GeniusBOABaselineNegotiator@0,False,False,False,,W4tt3oe0lO0,0.9346036197574028,0.9346036197574028,0.9395037748202615,0.9254726358242911,0.9462663627744217,0.9395037748202615,0.9395037748202615,0.9395037748202615
435,BoulwareTBNegotiator,0.7063027940220923,0.0007811278057266481,0.7060731996254714,0.6933073424301495,0.6998050682261209,S5_F,GeniusBOABaselineNegotiator,0.018677786749321967,BoulwareTBNegotiator@1,False,False,False,,W4tt3oe0lO0,0.9346036197574028,0.9346036197574028,0.9395037748202615,0.9254726358242911,0.9462663627744217,0.9395037748202615,0.9395037748202615,0.9395037748202615
436,SmartAspirationNegotiator,0.7793597066154879,0.0008771261662935939,0.7791660073421206,0.3794671864847304,0.5794134465501092,S0_F,LinearTBNegotiator,0.014365166134666651,SmartAspirationNegotiator@0,False,False,False,,Cm2MKzk2jXw,0.7260400905445881,0.7260400905445881,0.7121247880259337,0.7662580823685883,0.9239956174677784,0.7260400905445881,0.7121247880259337,0.7121247880259337
437,LinearTBNegotiator,0.3794671864847304,0.0007442816259952948,0.3790049913099276,0.7793597066154879,0.5794134465501092,S0_F,SmartAspirationNegotiator,0.019821828056592494,LinearTBNegotiator@1,False,False,False,,Cm2MKzk2jXw,0.7260400905445881,0.7260400905445881,0.7121247880259337,0.7662580823685883,0.9239956174677784,0.7260400905445881,0.7121247880259337,0.7121247880259337
438,ConcederTBNegotiator,0.15384615384615385,0.0006426653306037134,0.15330201040274785,0.9232683981793433,0.5385572760127486,S2_E-1,BoulwareTBNegotiator,0.021153998735826463,ConcederTBNegotiator@0,False,False,False,,sl-ws3vfnFQ,0.6276054466489961,0.5939791687865419,0.6107442472375311,0.8768905193967101,1.0,0.6276054466489961,0.6107442472375311,0.6107442472375311
439,BoulwareTBNegotiator,0.9232683981793433,0.0012950634439420957,0.9231688970265246,0.15384615384615385,0.5385572760127486,S2_E-1,ConcederTBNegotiator,0.015289507515262812,BoulwareTBNegotiator@1,False,False,False,,sl-ws3vfnFQ,0.6276054466489961,0.5939791687865419,0.6107442472375311,0.8768905193967101,1.0,0.6276054466489961,0.6107442472375311,0.6107442472375311
440,GeniusBOABaselineNegotiator,0.5793650793650793,0.0007754352238636291,0.5790386511072627,0.582010582010582,0.5806878306878307,S1_B-1,SmartAspirationNegotiator,0.006635627301875502,GeniusBOABaselineNegotiator@0,False,False,False,,IALjKm4b2rA,0.9604718833901288,0.9704295597377377,0.9704295597377377,0.9346742884123109,0.9747435113226108,0.9704295597377377,0.9704295597377377,0.9704295597377377
441,SmartAspirationNegotiator,0.582010582010582,0.002193248997500751,0.5810918120473099,0.5793650793650793,0.5806878306878307,S1_B-1,GeniusBOABaselineNegotiator,0.014188154484145343,SmartAspirationNegotiator@1,False,False,False,,IALjKm4b2rA,0.9604718833901288,0.9704295597377377,0.9704295597377377,0.9346742884123109,0.9747435113226108,0.9704295597377377,0.9704295597377377,0.9704295597377377
442,LinearTBNegotiator,0.253828356729652,0.0010624744725208587,0.2530347251933104,0.6995817421349336,0.4767050494322928,S3_E,SmartAspirationNegotiator,0.022190413728822023,LinearTBNegotiator@0,False,False,False,,vE50eahblh8,0.7159757289221454,0.7519186022843661,0.7393675598672658,0.7761813961377478,0.9845829745045027,0.7519186022843661,0.7393675598672658,0.7393675598672658
443,SmartAspirationNegotiator,0.6995817421349336,0.0007574209704742231,0.6993540265699691,0.253828356729652,0.4767050494322928,S3_E,LinearTBNegotiator,0.014016993227414787,SmartAspirationNegotiator@1,False,False,False,,vE50eahblh8,0.7159757289221454,0.7519186022843661,0.7393675598672658,0.7761813961377478,0.9845829745045027,0.7519186022843661,0.7393675598672658,0.7393675598672658
444,SmartAspirationNegotiator,0.6031746031746031,0.0007754352238636291,0.6028666519879837,0.5820105820105821,0.5925925925925926,S1_B-1,GeniusBOABaselineNegotiator,0.0159859539126046,SmartAspirationNegotiator@0,False,False,False,,8TfuwCzMWRE,0.9617153631935871,0.9802359416950644,0.9802359416950644,0.9538361758740667,0.991209275088604,0.9802359416950644,0.9802359416950644,0.9802359416950644
445,GeniusBOABaselineNegotiator,0.5820105820105821,0.002193248997500751,0.58109181204731,0.6031746031746031,0.5925925925925926,S1_B-1,SmartAspirationNegotiator,0.006233408348634839,GeniusBOABaselineNegotiator@1,False,False,False,,8TfuwCzMWRE,0.9617153631935871,0.9802359416950644,0.9802359416950644,0.9538361758740667,0.991209275088604,0.9802359416950644,0.9802359416950644,0.9802359416950644
446,LinearTBNegotiator,0.30187306783051465,0.0007574209704742231,0.30134389104244036,0.7258064516129032,0.5138397597217089,S3_E-1,SmartAspirationNegotiator,0.020678089000284672,LinearTBNegotiator@0,False,False,False,,xHzGOtGOBQ,0.7845053897860967,0.7558778564162505,0.7723591634059338,0.8366449286972107,0.9454102745825437,0.7845053897860967,0.7723591634059338,0.7723591634059338
447,SmartAspirationNegotiator,0.7258064516129032,0.0010624744725208587,0.7255148181140643,0.30187306783051465,0.5138397597217089,S3_E-1,LinearTBNegotiator,0.013869869289919734,SmartAspirationNegotiator@1,False,False,False,,xHzGOtGOBQ,0.7845053897860967,0.7558778564162505,0.7723591634059338,0.8366449286972107,0.9454102745825437,0.7845053897860967,0.7723591634059338,0.7723591634059338
448,ConcederTBNegotiator,0.12280701754385964,0.0034960628013070215,0.1197295367221045,0.8771929824561403,0.5,S4_A-1,GeniusBOABaselineNegotiator,0.023694376461207867,ConcederTBNegotiator@0,False,False,False,,cp9k6PNyZ_0,0.6257309941520469,0.6257309941520469,0.6257309941520469,1.0,1.0,0.6257309941520469,0.6257309941520469,0.6257309941520469
449,GeniusBOABaselineNegotiator,0.8771929824561403,0.004370114375307104,0.8766539460928231,0.12280701754385964,0.5,S4_A-1,ConcederTBNegotiator,0.006045082758646458,GeniusBOABaselineNegotiator@1,False,False,False,,cp9k6PNyZ_0,0.6257309941520469,0.6257309941520469,0.6257309941520469,1.0,1.0,0.6257309941520469,0.6257309941520469,0.6257309941520469
450,BoulwareTBNegotiator,0.8771929824561403,0.004370114375307104,0.8766539460928231,0.12280701754385964,0.5,S4_A,ConcederTBNegotiator,0.015384336875285953,BoulwareTBNegotiator@0,False,False,False,,ixemL91APxI,0.6257309941520469,0.6257309941520469,0.6257309941520469,1.0,1.0,0.6257309941520469,0.6257309941520469,0.6257309941520469
451,ConcederTBNegotiator,0.12280701754385964,0.0034960628013070215,0.1197295367221045,0.8771929824561403,0.5,S4_A,BoulwareTBNegotiator,0.023119245655834675,ConcederTBNegotiator@1,False,False,False,,ixemL91APxI,0.6257309941520469,0.6257309941520469,0.6257309941520469,1.0,1.0,0.6257309941520469,0.6257309941520469,0.6257309941520469
452,LinearTBNegotiator,0.2962962962962963,0.002193248997500751,0.29474950635812935,0.8126743620608728,0.5544853291785845,S1_B,SmartAspirationNegotiator,0.021177372138481587,LinearTBNegotiator@0,False,False,False,,UwmBAKMxw_o,0.7120358572922251,0.7341014220333839,0.7341014220333839,0.8924987800608313,1.0,0.7341014220333839,0.7341014220333839,0.7341014220333839
453,SmartAspirationNegotiator,0.8126743620608728,0.0007754352238636291,0.8125289904366041,0.2962962962962963,0.5544853291785845,S1_B,LinearTBNegotiator,0.01278053899295628,SmartAspirationNegotiator@1,False,False,False,,UwmBAKMxw_o,0.7120358572922251,0.7341014220333839,0.7341014220333839,0.8924987800608313,1.0,0.7341014220333839,0.7341014220333839,0.7341014220333839
454,ConcederTBNegotiator,0.20467836257309946,0.0007442816259952948,0.2040859783909438,0.9561403508771931,0.5804093567251463,S0_F-1,BoulwareTBNegotiator,0.01858212926890701,ConcederTBNegotiator@0,False,False,False,,47YbQUfe6_k,0.5699318647760668,0.5699318647760668,0.5527488392164512,0.767575145728921,1.0,0.5699318647760668,0.5527488392164512,0.5527488392164512
455,BoulwareTBNegotiator,0.9561403508771931,0.0008771261662935939,0.956101846658245,0.20467836257309946,0.5804093567251463,S0_F-1,ConcederTBNegotiator,0.013788370240945369,BoulwareTBNegotiator@1,False,False,False,,47YbQUfe6_k,0.5699318647760668,0.5699318647760668,0.5527488392164512,0.767575145728921,1.0,0.5699318647760668,0.5527488392164512,0.5527488392164512
456,ConcederTBNegotiator,0.32275132275132273,0.002193248997500751,0.32126268281083126,0.796801346187857,0.5597763344695899,S1_B,LinearTBNegotiator,0.010758997988887131,ConcederTBNegotiator@0,False,False,False,,YNv6i_S86Gs,0.7341014220333839,0.756164987707006,0.756164987707006,0.9010151744882784,1.0,0.756164987707006,0.756164987707006,0.756164987707006
457,LinearTBNegotiator,0.796801346187857,0.0007754352238636291,0.7966436565161236,0.32275132275132273,0.5597763344695899,S1_B,ConcederTBNegotiator,0.008483374083880335,LinearTBNegotiator@1,False,False,False,,YNv6i_S86Gs,0.7341014220333839,0.756164987707006,0.756164987707006,0.9010151744882784,1.0,0.756164987707006,0.756164987707006,0.756164987707006
458,LinearTBNegotiator,0.3667966211825861,0.0007811278057266481,0.36630162175889813,0.7994924177520258,0.5831445194673059,S5_F-1,BoulwareTBNegotiator,0.019886127265635878,LinearTBNegotiator@0,False,False,False,,rFgl55IvCio,0.7157177189149243,0.7157177189149243,0.701145103828247,0.7711923219788893,0.9391382745772429,0.7157177189149243,0.701145103828247,0.701145103828247
459,BoulwareTBNegotiator,0.7994924177520258,0.0009639366705748589,0.7992989546545947,0.3667966211825861,0.5831445194673059,S5_F-1,LinearTBNegotiator,0.017565169895533472,BoulwareTBNegotiator@1,False,False,False,,rFgl55IvCio,0.7157177189149243,0.7157177189149243,0.701145103828247,0.7711923219788893,0.9391382745772429,0.7157177189149243,0.701145103828247,0.701145103828247
460,BoulwareTBNegotiator,0.8538011695906432,0.0034960628013070215,0.8532882561203508,0.14619883040935672,0.5,S4_A-1,ConcederTBNegotiator,0.014896878157742321,BoulwareTBNegotiator@0,False,False,False,,3jYAjprMlys,0.6432748538011697,0.6432748538011697,0.6432748538011697,1.0,1.0,0.6432748538011697,0.6491228070175439,0.6491228070175439
461,ConcederTBNegotiator,0.14619883040935672,0.004370114375307104,0.14245124426438982,0.8538011695906432,0.5,S4_A-1,BoulwareTBNegotiator,0.022863120830152184,ConcederTBNegotiator@1,False,False,False,,3jYAjprMlys,0.6432748538011697,0.6432748538011697,0.6432748538011697,1.0,1.0,0.6432748538011697,0.6491228070175439,0.6491228070175439
462,GeniusBOABaselineNegotiator,0.9417989417989419,0.002193248997500751,0.9416710118040559,0.20634920634920634,0.5740740740740741,S1_B,ConcederTBNegotiator,0.005806003056932241,GeniusBOABaselineNegotiator@0,False,False,False,,zAUHX8Chrfc,0.6455134195436605,0.6247884002894772,0.6247884002894772,0.9240287953780021,1.0,0.6455134195436605,0.6247884002894772,0.6247884002894772
463,ConcederTBNegotiator,0.20634920634920634,0.0007754352238636291,0.2057333039759675,0.9417989417989419,0.5740740740740741,S1_B,GeniusBOABaselineNegotiator,0.019231706915888935,ConcederTBNegotiator@1,False,False,False,,zAUHX8Chrfc,0.6455134195436605,0.6247884002894772,0.6247884002894772,0.9240287953780021,1.0,0.6455134195436605,0.6247884002894772,0.6247884002894772
464,GeniusBOABaselineNegotiator,0.7735117533991136,0.0008771261662935939,0.7733129202298865,0.4194282001299545,0.5964699767645341,S0_F,LinearTBNegotiator,0.007291794405318797,GeniusBOABaselineNegotiator@0,False,False,False,,PdomDf6vmcQ,0.7564675455445156,0.7564675455445156,0.7427200277162486,0.7888148666679268,0.9278759254536693,0.7564675455445156,0.7427200277162486,0.7427200277162486
465,LinearTBNegotiator,0.4194282001299545,0.0007442816259952948,0.418995769356461,0.7735117533991136,0.5964699767645341,S0_F,GeniusBOABaselineNegotiator,0.019537742715328932,LinearTBNegotiator@1,False,False,False,,PdomDf6vmcQ,0.7564675455445156,0.7564675455445156,0.7427200277162486,0.7888148666679268,0.9278759254536693,0.7564675455445156,0.7427200277162486,0.7427200277162486
466,GeniusBOABaselineNegotiator,0.9144540713339779,0.0012950634439420957,0.9143431402662139,0.1387525004546281,0.526603285894303,S2_E,ConcederTBNegotiator,0.006956043478567153,GeniusBOABaselineNegotiator@0,False,False,False,,qFlK3PuoAQM,0.6218815860491587,0.588727183871518,0.6055037501538055,0.857426776038838,0.9875390245474492,0.6218815860491587,0.6055037501538055,0.6055037501538055
467,ConcederTBNegotiator,0.1387525004546281,0.0006426653306037134,0.1381986506055048,0.9144540713339779,0.526603285894303,S2_E,GeniusBOABaselineNegotiator,0.022670366510283202,ConcederTBNegotiator@1,False,False,False,,qFlK3PuoAQM,0.6218815860491587,0.588727183871518,0.6055037501538055,0.857426776038838,0.9875390245474492,0.6218815860491587,0.6055037501538055,0.6055037501538055
468,ConcederTBNegotiator,0.37426900584795325,0.0007442816259952948,0.3738029388811102,0.7689495968231964,0.5716093013355749,S0_F-1,LinearTBNegotiator,0.011888540117070079,ConcederTBNegotiator@0,False,False,False,,G8Q4FX4iNyg,0.7221236298881974,0.7221236298881974,0.7085893136460552,0.7559373185302263,0.9161843172014918,0.7221236298881974,0.7085893136460552,0.7085893136460552
469,LinearTBNegotiator,0.7689495968231964,0.0008771261662935939,0.768746758554084,0.37426900584795325,0.5716093013355749,S0_F-1,ConcederTBNegotiator,0.010310415003914386,LinearTBNegotiator@1,False,False,False,,G8Q4FX4iNyg,0.7221236298881974,0.7221236298881974,0.7085893136460552,0.7559373185302263,0.9161843172014918,0.7221236298881974,0.7085893136460552,0.7085893136460552
470,ConcederTBNegotiator,0.373015873015873,0.0007754352238636291,0.3725293101410143,0.8465608465608465,0.6097883597883598,S1_B-1,LinearTBNegotiator,0.009552541945595294,ConcederTBNegotiator@0,False,False,False,,8l0qtE45Gtc,0.7804057992535158,0.7590536317045327,0.7590536317045327,0.9815144577632695,1.0,0.7804057992535158,0.7590536317045327,0.7590536317045327
471,LinearTBNegotiator,0.8465608465608465,0.002193248997500751,0.8462235765743289,0.373015873015873,0.6097883597883598,S1_B-1,ConcederTBNegotiator,0.007629626139532775,LinearTBNegotiator@1,False,False,False,,8l0qtE45Gtc,0.7804057992535158,0.7590536317045327,0.7590536317045327,0.9815144577632695,1.0,0.7804057992535158,0.7590536317045327,0.7590536317045327
472,BoulwareTBNegotiator,0.7994924177520258,0.0008771261662935939,0.7993163929091003,0.3667966211825861,0.5831445194673059,S0_F,LinearTBNegotiator,0.017635420837905258,BoulwareTBNegotiator@0,False,False,False,,HNk8_1QYBx4,0.7157177189149243,0.7157177189149243,0.701145103828247,0.7711923219788893,0.9391382745772429,0.7157177189149243,0.701145103828247,0.701145103828247
473,LinearTBNegotiator,0.3667966211825861,0.0007442816259952948,0.36632498851468526,0.7994924177520258,0.5831445194673059,S0_F,BoulwareTBNegotiator,0.019070119073148817,LinearTBNegotiator@1,False,False,False,,HNk8_1QYBx4,0.7157177189149243,0.7157177189149243,0.701145103828247,0.7711923219788893,0.9391382745772429,0.7157177189149243,0.701145103828247,0.701145103828247
474,SmartAspirationNegotiator,0.47368421052631576,0.004370114375307104,0.47137405468352794,0.5263157894736842,0.5,S4_A,BoulwareTBNegotiator,0.015807582647539675,SmartAspirationNegotiator@0,False,False,False,,1AQuwjeX0tE,0.9707602339181286,0.9707602339181286,0.9707602339181286,1.0,0.9999999999999999,0.9707602339181286,0.9766081871345029,0.9766081871345029
475,BoulwareTBNegotiator,0.5263157894736842,0.0034960628013070215,0.5246539498299364,0.47368421052631576,0.5,S4_A,SmartAspirationNegotiator,0.019224910705816,BoulwareTBNegotiator@1,False,False,False,,1AQuwjeX0tE,0.9707602339181286,0.9707602339181286,0.9707602339181286,1.0,0.9999999999999999,0.9707602339181286,0.9766081871345029,0.9766081871345029
476,LinearTBNegotiator,0.6919439898163302,0.0006426653306037134,0.6917458855839791,0.30734767025089604,0.4996458300336131,S2_E-1,ConcederTBNegotiator,0.01119028974790126,LinearTBNegotiator@0,False,False,False,,0Kybqb57WqI,0.7541134173788117,0.7902421138444015,0.7774568873879285,0.8135340676414962,1.0,0.7902421138444015,0.7774568873879285,0.7774568873879285
477,ConcederTBNegotiator,0.30734767025089604,0.0012950634439420957,0.3064494783237462,0.6919439898163302,0.4996458300336131,S2_E-1,LinearTBNegotiator,0.013355118280742317,ConcederTBNegotiator@1,False,False,False,,0Kybqb57WqI,0.7541134173788117,0.7902421138444015,0.7774568873879285,0.8135340676414962,1.0,0.7902421138444015,0.7774568873879285,0.7774568873879285
478,BoulwareTBNegotiator,0.8990748497922465,0.0010624744725208587,0.8989675053457814,0.15839243498817968,0.5287336423902131,S3_E,ConcederTBNegotiator,0.015594959899317473,BoulwareTBNegotiator@0,False,False,False,,GKrG7rmxzsA,0.6395440404757784,0.6064640701267894,0.6232411012448391,0.8608954682233152,0.9888399765136822,0.6395440404757784,0.6232411012448391,0.6232411012448391
479,ConcederTBNegotiator,0.15839243498817968,0.0007574209704742231,0.15775450058463497,0.8990748497922465,0.5287336423902131,S3_E,BoulwareTBNegotiator,0.02084128459682688,ConcederTBNegotiator@1,False,False,False,,GKrG7rmxzsA,0.6395440404757784,0.6064640701267894,0.6232411012448391,0.8608954682233152,0.9888399765136822,0.6395440404757784,0.6232411012448391,0.6232411012448391
480,LinearTBNegotiator,0.23703471649526825,0.0010624744725208587,0.23622322316717914,0.6710310965630115,0.45403290652913986,S3_E,BoulwareTBNegotiator,0.022379081812687218,LinearTBNegotiator@0,False,False,False,,gBtNsABqwjo,0.70911502398021,0.7441159507431945,0.7325810824533303,0.7392661263016912,0.9694735723246475,0.7441159507431945,0.7325810824533303,0.7325810824533303
481,BoulwareTBNegotiator,0.6710310965630115,0.0007574209704742231,0.6707817397488343,0.23703471649526825,0.45403290652913986,S3_E,LinearTBNegotiator,0.018798911827616394,BoulwareTBNegotiator@1,False,False,False,,gBtNsABqwjo,0.70911502398021,0.7441159507431945,0.7325810824533303,0.7392661263016912,0.9694735723246475,0.7441159507431945,0.7325810824533303,0.7325810824533303
482,BoulwareTBNegotiator,0.7573099415204678,0.0007442816259952948,0.7571291772295895,0.7543859649122808,0.7558479532163743,S0_F-1,SmartAspirationNegotiator,0.018455669283866882,BoulwareTBNegotiator@0,False,False,False,,DhGDaY8pwd0,0.9807999989329749,0.9807999989329749,1.0,0.9995877842364035,1.0,1.0,1.0,1.0
483,SmartAspirationNegotiator,0.7543859649122808,0.0008771261662935939,0.7541703412861719,0.7573099415204678,0.7558479532163743,S0_F-1,BoulwareTBNegotiator,0.014201326004695147,SmartAspirationNegotiator@1,False,False,False,,DhGDaY8pwd0,0.9807999989329749,0.9807999989329749,1.0,0.9995877842364035,1.0,1.0,1.0,1.0
484,GeniusBOABaselineNegotiator,0.578853046594982,0.0012950634439420957,0.5783069273119802,0.5457355882887797,0.5622943174418809,S2_E,GeniusBOABaselineNegotiator,0.038615167431999,GeniusBOABaselineNegotiator@0,False,False,False,,z-J4P3-jmWM,0.9474842994747478,0.9483384723776958,0.9587829391141542,0.915539679875679,0.9587829391141542,0.9587829391141542,0.9587829391141542,0.9587829391141542
485,GeniusBOABaselineNegotiator,0.5457355882887797,0.0006426653306037134,0.5454434605600824,0.578853046594982,0.5622943174418809,S2_E,GeniusBOABaselineNegotiator,0.0071354147512465715,GeniusBOABaselineNegotiator@1,False,False,False,,z-J4P3-jmWM,0.9474842994747478,0.9483384723776958,0.9587829391141542,0.915539679875679,0.9587829391141542,0.9587829391141542,0.9587829391141542,0.9587829391141542
486,GeniusBOABaselineNegotiator,0.4970760233918128,0.0034960628013070215,0.49531160105400646,0.502923976608187,0.4999999999999999,S4_A-1,SmartAspirationNegotiator,0.006450670829508454,GeniusBOABaselineNegotiator@0,False,False,False,,MFOFo-a6Gxs,0.9999999999999998,0.9999999999999998,0.9999999999999998,0.9999999999999998,0.9999999999999998,0.9999999999999998,0.9999999999999998,0.9999999999999998
487,SmartAspirationNegotiator,0.502923976608187,0.004370114375307104,0.5007421627566652,0.4970760233918128,0.4999999999999999,S4_A-1,GeniusBOABaselineNegotiator,0.014756493677850813,SmartAspirationNegotiator@1,False,False,False,,MFOFo-a6Gxs,0.9999999999999998,0.9999999999999998,0.9999999999999998,0.9999999999999998,0.9999999999999998,0.9999999999999998,0.9999999999999998,0.9999999999999998
488,SmartAspirationNegotiator,0.7258064516129032,0.0012950634439420957,0.7254508931009914,0.30187306783051465,0.5138397597217089,S2_E,LinearTBNegotiator,0.013735586137045175,SmartAspirationNegotiator@0,False,False,False,,IizYOiA0EFo,0.7845053897860967,0.7558778564162505,0.7723591634059338,0.8366449286972107,0.9454102745825437,0.7845053897860967,0.7723591634059338,0.7723591634059338
489,LinearTBNegotiator,0.30187306783051465,0.0006426653306037134,0.30142411732992674,0.7258064516129032,0.5138397597217089,S2_E,SmartAspirationNegotiator,0.02010952716227621,LinearTBNegotiator@1,False,False,False,,IizYOiA0EFo,0.7845053897860967,0.7558778564162505,0.7723591634059338,0.8366449286972107,0.9454102745825437,0.7845053897860967,0.7723591634059338,0.7723591634059338
490,GeniusBOABaselineNegotiator,0.582010582010582,0.002193248997500751,0.5810918120473099,0.6031746031746031,0.5925925925925926,S1_B,SmartAspirationNegotiator,0.006554794788826257,GeniusBOABaselineNegotiator@0,False,False,False,,H4lA6BAxR1k,0.9617153631935871,0.9802359416950643,0.9802359416950643,0.9538361758740667,0.9912092750886039,0.9802359416950643,0.9802359416950643,0.9802359416950643
491,SmartAspirationNegotiator,0.6031746031746031,0.0007754352238636291,0.6028666519879837,0.582010582010582,0.5925925925925926,S1_B,GeniusBOABaselineNegotiator,0.015145083249080926,SmartAspirationNegotiator@1,False,False,False,,H4lA6BAxR1k,0.9617153631935871,0.9802359416950643,0.9802359416950643,0.9538361758740667,0.9912092750886039,0.9802359416950643,0.9802359416950643,0.9802359416950643
492,BoulwareTBNegotiator,0.6854838709677419,0.0012950634439420957,0.6850760244393724,0.541734860883797,0.6136093659257694,S2_E,SmartAspirationNegotiator,0.02030179079156369,BoulwareTBNegotiator@0,False,False,False,,PU1N9Tdl2zM,0.9508547189471204,0.9143580762567265,0.9301480822807243,0.9990919435291352,1.0,0.9508547189471204,0.9301480822807243,0.9301480822807243
493,SmartAspirationNegotiator,0.541734860883797,0.0006426653306037134,0.5414401603728615,0.6854838709677419,0.6136093659257694,S2_E,BoulwareTBNegotiator,0.015199698624201119,SmartAspirationNegotiator@1,False,False,False,,PU1N9Tdl2zM,0.9508547189471204,0.9143580762567265,0.9301480822807243,0.9990919435291352,1.0,0.9508547189471204,0.9301480822807243,0.9301480822807243
494,SmartAspirationNegotiator,0.8700454840805718,0.0007442816259952948,0.869948689279566,0.48862897985705,0.6793372319688109,S0_F-1,LinearTBNegotiator,0.012900295841973275,SmartAspirationNegotiator@0,False,False,False,,JNm77lYkby0,0.7625130806021299,0.7625130806021299,0.7805360810361862,0.8984044946650847,1.0,0.7805360810361862,0.7805360810361862,0.7805360810361862
495,LinearTBNegotiator,0.48862897985705,0.0008771261662935939,0.4881800491857597,0.8700454840805718,0.6793372319688109,S0_F-1,SmartAspirationNegotiator,0.017513237078674138,LinearTBNegotiator@1,False,False,False,,JNm77lYkby0,0.7625130806021299,0.7625130806021299,0.7805360810361862,0.8984044946650847,1.0,0.7805360810361862,0.7805360810361862,0.7805360810361862
496,BoulwareTBNegotiator,0.5790143662484089,0.0007574209704742231,0.5786952612042848,0.5806451612903226,0.5798297637693657,S3_E-1,SmartAspirationNegotiator,0.020133717742282897,BoulwareTBNegotiator@0,False,False,False,,PdFcO1wGXMs,0.9588819145275801,0.9717465499436655,0.9783447675564003,0.9440912700645696,0.9783447675564003,0.9783447675564003,0.9783447675564003,0.9783447675564003
497,SmartAspirationNegotiator,0.5806451612903226,0.0010624744725208587,0.5801991335862159,0.5790143662484089,0.5798297637693657,S3_E-1,BoulwareTBNegotiator,0.015446245146449655,SmartAspirationNegotiator@1,False,False,False,,PdFcO1wGXMs,0.9588819145275801,0.9717465499436655,0.9783447675564003,0.9440912700645696,0.9783447675564003,0.9783447675564003,0.9783447675564003,0.9783447675564003
498,ConcederTBNegotiator,0.25438596491228077,0.0009639366705748589,0.2536665467281953,0.8888888888888888,0.5716374269005848,S5_F,BoulwareTBNegotiator,0.02239287702832371,ConcederTBNegotiator@0,False,False,False,,qW4-_pl_JvM,0.590083685965619,0.590083685965619,0.6069419837946906,0.755974513803547,1.0,0.6069419837946906,0.6069419837946906,0.6069419837946906
499,BoulwareTBNegotiator,0.8888888888888888,0.0007811278057266481,0.8888020290618487,0.25438596491228077,0.5716374269005848,S5_F,ConcederTBNegotiator,0.01556907978374511,BoulwareTBNegotiator@1,False,False,False,,qW4-_pl_JvM,0.590083685965619,0.590083685965619,0.6069419837946906,0.755974513803547,1.0,0.6069419837946906,0.6069419837946906,0.6069419837946906
500,GeniusBOABaselineNegotiator,0.868421052631579,0.0007811278057266481,0.868318192310084,0.5935672514619883,0.7309941520467836,S5_F-1,ConcederTBNegotiator,0.0068739166017621756,GeniusBOABaselineNegotiator@0,False,False,False,,i0eY4iZ4ZgE,0.8324241332371594,0.8324241332371594,0.8513976513554027,0.9667193271145101,1.0,0.8513976513554027,0.8513976513554027,0.8513976513554027
501,ConcederTBNegotiator,0.5935672514619883,0.0009639366705748589,0.5931750980204672,0.868421052631579,0.7309941520467836,S5_F-1,GeniusBOABaselineNegotiator,0.022324783029034734,ConcederTBNegotiator@1,False,False,False,,i0eY4iZ4ZgE,0.8324241332371594,0.8324241332371594,0.8513976513554027,0.9667193271145101,1.0,0.8513976513554027,0.8513976513554027,0.8513976513554027
502,GeniusBOABaselineNegotiator,0.5457355882887797,0.0006426653306037134,0.5454434605600824,0.578853046594982,0.5622943174418809,S2_E-1,GeniusBOABaselineNegotiator,0.007310667831916362,GeniusBOABaselineNegotiator@0,False,False,False,,tDuRtU2vhvg,0.9474842994747478,0.9483384723776958,0.9587829391141542,0.915539679875679,0.9587829391141542,0.9587829391141542,0.9587829391141542,0.9587829391141542
503,GeniusBOABaselineNegotiator,0.578853046594982,0.0012950634439420957,0.5783069273119802,0.5457355882887797,0.5622943174418809,S2_E-1,GeniusBOABaselineNegotiator,0.007170959084760398,GeniusBOABaselineNegotiator@1,False,False,False,,tDuRtU2vhvg,0.9474842994747478,0.9483384723776958,0.9587829391141542,0.915539679875679,0.9587829391141542,0.9587829391141542,0.9587829391141542,0.9587829391141542
504,SmartAspirationNegotiator,0.7883597883597884,0.002193248997500751,0.7878945883783848,0.4282335518055205,0.6082966700826544,S1_B,LinearTBNegotiator,0.011844083317555487,SmartAspirationNegotiator@0,False,False,False,,P33e2iJqGKU,0.8377143149416592,0.8164358734721721,0.8164358734721721,0.9791134361807083,0.9854054871490555,0.8377143149416592,0.8164358734721721,0.8164358734721721
505,LinearTBNegotiator,0.4282335518055205,0.0007754352238636291,0.42778983989192,0.7883597883597884,0.6082966700826544,S1_B,SmartAspirationNegotiator,0.020207994908560067,LinearTBNegotiator@1,False,False,False,,P33e2iJqGKU,0.8377143149416592,0.8164358734721721,0.8164358734721721,0.9791134361807083,0.9854054871490555,0.8377143149416592,0.8164358734721721,0.8164358734721721
506,GeniusBOABaselineNegotiator,0.584795321637427,0.0007811278057266481,0.5844707401784873,0.6217898560631812,0.603292588850304,S5_F-1,BoulwareTBNegotiator,0.007447367941495031,GeniusBOABaselineNegotiator@0,False,False,False,,sYqp4xNtgyU,0.8356322357077108,0.8356322357077108,0.834585113574342,0.7978375803876622,0.8418817572733157,0.8356322357077108,0.834585113574342,0.834585113574342
507,BoulwareTBNegotiator,0.6217898560631812,0.0009639366705748589,0.6214249336741844,0.584795321637427,0.603292588850304,S5_F-1,GeniusBOABaselineNegotiator,0.01985203381627798,BoulwareTBNegotiator@1,False,False,False,,sYqp4xNtgyU,0.8356322357077108,0.8356322357077108,0.834585113574342,0.7978375803876622,0.8418817572733157,0.8356322357077108,0.834585113574342,0.834585113574342
508,BoulwareTBNegotiator,0.8888888888888888,0.0007811278057266481,0.8888020290618487,0.25438596491228077,0.5716374269005848,S5_F-1,ConcederTBNegotiator,0.015602834813762456,BoulwareTBNegotiator@0,False,False,False,,Kw5shrBuc2s,0.590083685965619,0.590083685965619,0.6069419837946906,0.755974513803547,1.0,0.6069419837946906,0.6069419837946906,0.6069419837946906
509,ConcederTBNegotiator,0.25438596491228077,0.0009639366705748589,0.2536665467281953,0.8888888888888888,0.5716374269005848,S5_F-1,BoulwareTBNegotiator,0.022003467718604952,ConcederTBNegotiator@1,False,False,False,,Kw5shrBuc2s,0.590083685965619,0.590083685965619,0.6069419837946906,0.755974513803547,1.0,0.6069419837946906,0.6069419837946906,0.6069419837946906
510,ConcederTBNegotiator,0.20467836257309946,0.0007811278057266481,0.2040566290742856,0.9561403508771931,0.5804093567251463,S5_F-1,GeniusBOABaselineNegotiator,0.018024163029622287,ConcederTBNegotiator@0,False,False,False,,5EWFbvXlrlo,0.5699318647760668,0.5699318647760668,0.5527488392164512,0.767575145728921,1.0,0.5699318647760668,0.5527488392164512,0.5527488392164512
511,GeniusBOABaselineNegotiator,0.9561403508771931,0.0009639366705748589,0.9560980321604822,0.20467836257309946,0.5804093567251463,S5_F-1,ConcederTBNegotiator,0.0065061639179475605,GeniusBOABaselineNegotiator@1,False,False,False,,5EWFbvXlrlo,0.5699318647760668,0.5699318647760668,0.5527488392164512,0.767575145728921,1.0,0.5699318647760668,0.5527488392164512,0.5527488392164512
512,GeniusBOABaselineNegotiator,0.8253968253968255,0.002193248997500751,0.8250130354121675,0.3839132298329081,0.6046550276148668,S1_B,LinearTBNegotiator,0.006231546052731574,GeniusBOABaselineNegotiator@0,False,False,False,,7bo81XEtwkk,0.7964202352116565,0.7752162495989036,0.7752162495989036,0.9732518537566377,0.9855095709579489,0.7964202352116565,0.7752162495989036,0.7752162495989036
513,LinearTBNegotiator,0.3839132298329081,0.0007754352238636291,0.3834351237100357,0.8253968253968255,0.6046550276148668,S1_B,GeniusBOABaselineNegotiator,0.019352709059603512,LinearTBNegotiator@1,False,False,False,,7bo81XEtwkk,0.7964202352116565,0.7752162495989036,0.7752162495989036,0.9732518537566377,0.9855095709579489,0.7964202352116565,0.7752162495989036,0.7752162495989036
514,ConcederTBNegotiator,0.12280701754385964,0.0034960628013070215,0.1197295367221045,0.8771929824561403,0.5,S4_A-1,GeniusBOABaselineNegotiator,0.023635089746676385,ConcederTBNegotiator@0,False,False,False,,cYbW0UmtdjE,0.6257309941520469,0.6257309941520469,0.6257309941520469,1.0,1.0,0.6257309941520469,0.6257309941520469,0.6257309941520469
515,GeniusBOABaselineNegotiator,0.8771929824561403,0.004370114375307104,0.8766539460928231,0.12280701754385964,0.5,S4_A-1,ConcederTBNegotiator,0.005967258475720882,GeniusBOABaselineNegotiator@1,False,False,False,,cYbW0UmtdjE,0.6257309941520469,0.6257309941520469,0.6257309941520469,1.0,1.0,0.6257309941520469,0.6257309941520469,0.6257309941520469
516,LinearTBNegotiator,0.24786324786324784,0.0006426653306037134,0.24737956480244253,0.6956698318710994,0.47176653986717365,S2_E-1,GeniusBOABaselineNegotiator,0.02884703822201118,LinearTBNegotiator@0,False,False,False,,rpciHa41XzY,0.7519498281184096,0.726615866712041,0.7425460455799742,0.7681404088361475,0.91321639759814,0.7519498281184096,0.7425460455799742,0.7425460455799742
517,GeniusBOABaselineNegotiator,0.6956698318710994,0.0012950634439420957,0.6952751939142755,0.24786324786324784,0.47176653986717365,S2_E-1,LinearTBNegotiator,0.009481665794737637,GeniusBOABaselineNegotiator@1,False,False,False,,rpciHa41XzY,0.7519498281184096,0.726615866712041,0.7425460455799742,0.7681404088361475,0.91321639759814,0.7519498281184096,0.7425460455799742,0.7425460455799742
518,LinearTBNegotiator,0.7651169989224802,0.0012950634439420957,0.7648124160800766,0.4238952536824877,0.594506126302484,S2_E,ConcederTBNegotiator,0.01001621107570827,LinearTBNegotiator@0,False,False,False,,sfpjx_x9xNE,0.8500196090556311,0.8150382970349164,0.8316149347784617,0.9679876386361752,1.0,0.8500196090556311,0.8316149347784617,0.8316149347784617
519,ConcederTBNegotiator,0.4238952536824877,0.0006426653306037134,0.4235247730401688,0.7651169989224802,0.594506126302484,S2_E,LinearTBNegotiator,0.011068912979681045,ConcederTBNegotiator@1,False,False,False,,sfpjx_x9xNE,0.8500196090556311,0.8150382970349164,0.8316149347784617,0.9679876386361752,1.0,0.8500196090556311,0.8316149347784617,0.8316149347784617
520,LinearTBNegotiator,0.373015873015873,0.0007754352238636291,0.3725293101410143,0.8465608465608465,0.6097883597883598,S1_B-1,BoulwareTBNegotiator,0.019862749031744897,LinearTBNegotiator@0,False,False,False,,4zT0eD1Znvw,0.7804057992535158,0.7590536317045327,0.7590536317045327,0.9815144577632695,1.0,0.7804057992535158,0.7590536317045327,0.7590536317045327
521,BoulwareTBNegotiator,0.8465608465608465,0.002193248997500751,0.8462235765743289,0.373015873015873,0.6097883597883598,S1_B-1,LinearTBNegotiator,0.015853836725000292,BoulwareTBNegotiator@1,False,False,False,,4zT0eD1Znvw,0.7804057992535158,0.7590536317045327,0.7590536317045327,0.9815144577632695,1.0,0.7804057992535158,0.7590536317045327,0.7590536317045327
522,SmartAspirationNegotiator,0.7076023391812865,0.004370114375307104,0.7063189192686266,0.2923976608187134,0.4999999999999999,S4_A,LinearTBNegotiator,0.012170459376648068,SmartAspirationNegotiator@0,False,False,False,,mRqE1gy1oO8,0.7953216374269007,0.7953216374269007,0.7953216374269007,0.9999999999999998,0.9999999999999999,0.7953216374269007,0.7953216374269007,0.7953216374269007
523,LinearTBNegotiator,0.2923976608187134,0.0034960628013070215,0.28991515962249753,0.7076023391812865,0.4999999999999999,S4_A,SmartAspirationNegotiator,0.02134682610630989,LinearTBNegotiator@1,False,False,False,,mRqE1gy1oO8,0.7953216374269007,0.7953216374269007,0.7953216374269007,0.9999999999999998,0.9999999999999999,0.7953216374269007,0.7953216374269007,0.7953216374269007
524,LinearTBNegotiator,0.3166030187306783,0.0006426653306037134,0.31616354074651337,0.7539135594696658,0.535258289100172,S2_E-1,BoulwareTBNegotiator,0.019728831946849823,LinearTBNegotiator@0,False,False,False,,KvYT3lUJs6s,0.7874967847247605,0.7566580799973476,0.7733644806400886,0.8715190380778248,0.9676090921129151,0.7874967847247605,0.7733644806400886,0.7733644806400886
525,BoulwareTBNegotiator,0.7539135594696658,0.0012950634439420957,0.7535944486477251,0.3166030187306783,0.535258289100172,S2_E-1,LinearTBNegotiator,0.017680742661468685,BoulwareTBNegotiator@1,False,False,False,,KvYT3lUJs6s,0.7874967847247605,0.7566580799973476,0.7733644806400886,0.8715190380778248,0.9676090921129151,0.7874967847247605,0.7733644806400886,0.7733644806400886
526,GeniusBOABaselineNegotiator,0.6031746031746031,0.0007754352238636291,0.6028666519879837,0.582010582010582,0.5925925925925926,S1_B-1,GeniusBOABaselineNegotiator,0.006684542167931795,GeniusBOABaselineNegotiator@0,False,False,False,,PgVqtB-iz2o,0.9617153631935871,0.9802359416950643,0.9802359416950643,0.9538361758740667,0.9912092750886039,0.9802359416950643,0.9802359416950643,0.9802359416950643
527,GeniusBOABaselineNegotiator,0.582010582010582,0.002193248997500751,0.5810918120473099,0.6031746031746031,0.5925925925925926,S1_B-1,GeniusBOABaselineNegotiator,0.006277163105551153,GeniusBOABaselineNegotiator@1,False,False,False,,PgVqtB-iz2o,0.9617153631935871,0.9802359416950643,0.9802359416950643,0.9538361758740667,0.9912092750886039,0.9802359416950643,0.9802359416950643,0.9802359416950643
528,GeniusBOABaselineNegotiator,0.8952536824877251,0.0007574209704742231,0.8951742852931612,0.1490748497922465,0.5221642661399858,S3_E-1,ConcederTBNegotiator,0.006887038878630847,GeniusBOABaselineNegotiator@0,False,False,False,,DRgh9VWtAiQ,0.5899418999499724,0.627175323667607,0.6118375432198896,0.8501990687710164,1.0,0.627175323667607,0.6118375432198896,0.6118375432198896
529,ConcederTBNegotiator,0.1490748497922465,0.0010624744725208587,0.14816980195189802,0.8952536824877251,0.5221642661399858,S3_E-1,GeniusBOABaselineNegotiator,0.021238286222796887,ConcederTBNegotiator@1,False,False,False,,DRgh9VWtAiQ,0.5899418999499724,0.627175323667607,0.6118375432198896,0.8501990687710164,1.0,0.627175323667607,0.6118375432198896,0.6118375432198896
530,ConcederTBNegotiator,0.373015873015873,0.0007754352238636291,0.3725293101410143,0.8465608465608465,0.6097883597883598,S1_B-1,LinearTBNegotiator,0.009477789921220392,ConcederTBNegotiator@0,False,False,False,,P__acwgAmAk,0.7804057992535158,0.7590536317045327,0.7590536317045327,0.9815144577632695,1.0,0.7804057992535158,0.7590536317045327,0.7590536317045327
531,LinearTBNegotiator,0.8465608465608465,0.002193248997500751,0.8462235765743289,0.373015873015873,0.6097883597883598,S1_B-1,ConcederTBNegotiator,0.0076039552222937346,LinearTBNegotiator@1,False,False,False,,P__acwgAmAk,0.7804057992535158,0.7590536317045327,0.7590536317045327,0.9815144577632695,1.0,0.7804057992535158,0.7590536317045327,0.7590536317045327
532,LinearTBNegotiator,0.26900584795321636,0.0034960628013070215,0.2664412806017537,0.7309941520467835,0.49999999999999994,S4_A-1,BoulwareTBNegotiator,0.021195124776568264,LinearTBNegotiator@0,False,False,False,,HdzzQJD5kW0,0.7719298245614036,0.7719298245614036,0.7719298245614036,0.9999999999999999,0.9999999999999999,0.7719298245614036,0.7719298245614036,0.7719298245614036
533,BoulwareTBNegotiator,0.7309941520467835,0.004370114375307104,0.7298134057271364,0.26900584795321636,0.49999999999999994,S4_A-1,LinearTBNegotiator,0.01735682022990659,BoulwareTBNegotiator@1,False,False,False,,HdzzQJD5kW0,0.7719298245614036,0.7719298245614036,0.7719298245614036,0.9999999999999999,0.9999999999999999,0.7719298245614036,0.7719298245614036,0.7719298245614036
534,ConcederTBNegotiator,0.11695906432748539,0.004370114375307104,0.11308313619125249,0.8830409356725145,0.49999999999999994,S4_A,BoulwareTBNegotiator,0.023510504863224924,ConcederTBNegotiator@0,False,False,False,,04ArPLqtdR4,0.6140350877192983,0.6140350877192983,0.6140350877192983,0.9999999999999999,0.9999999999999999,0.6140350877192983,0.6198830409356726,0.6198830409356726
535,BoulwareTBNegotiator,0.8830409356725145,0.0034960628013070215,0.8826306048962805,0.11695906432748539,0.49999999999999994,S4_A,ConcederTBNegotiator,0.015080579847563058,BoulwareTBNegotiator@1,False,False,False,,04ArPLqtdR4,0.6140350877192983,0.6140350877192983,0.6140350877192983,0.9999999999999999,0.9999999999999999,0.6140350877192983,0.6198830409356726,0.6198830409356726
536,ConcederTBNegotiator,0.37426900584795325,0.0007811278057266481,0.37377984787462176,0.7689495968231964,0.5716093013355749,S5_F-1,LinearTBNegotiator,0.011887332831975073,ConcederTBNegotiator@0,False,False,False,,uufreu0sE0M,0.7221236298881974,0.7221236298881974,0.7085893136460552,0.7559373185302263,0.9161843172014918,0.7221236298881974,0.7085893136460552,0.7085893136460552
537,LinearTBNegotiator,0.7689495968231964,0.0009639366705748589,0.7687266639736745,0.37426900584795325,0.5716093013355749,S5_F-1,ConcederTBNegotiator,0.010183001053519547,LinearTBNegotiator@1,False,False,False,,uufreu0sE0M,0.7221236298881974,0.7221236298881974,0.7085893136460552,0.7559373185302263,0.9161843172014918,0.7221236298881974,0.7085893136460552,0.7085893136460552
538,GeniusBOABaselineNegotiator,0.4970760233918128,0.0034960628013070215,0.49531160105400646,0.502923976608187,0.4999999999999999,S4_A-1,SmartAspirationNegotiator,0.006455414346419275,GeniusBOABaselineNegotiator@0,False,False,False,,q5W0bj6tPWo,0.9999999999999998,0.9999999999999998,0.9999999999999998,0.9999999999999998,0.9999999999999998,0.9999999999999998,0.9999999999999998,0.9999999999999998
539,SmartAspirationNegotiator,0.502923976608187,0.004370114375307104,0.5007421627566652,0.4970760233918128,0.4999999999999999,S4_A-1,GeniusBOABaselineNegotiator,0.015025662607513368,SmartAspirationNegotiator@1,False,False,False,,q5W0bj6tPWo,0.9999999999999998,0.9999999999999998,0.9999999999999998,0.9999999999999998,0.9999999999999998,0.9999999999999998,0.9999999999999998,0.9999999999999998
540,GeniusBOABaselineNegotiator,0.582010582010582,0.002193248997500751,0.5810918120473099,0.6031746031746031,0.5925925925925926,S1_B,GeniusBOABaselineNegotiator,0.0064734675688669086,GeniusBOABaselineNegotiator@0,False,False,False,,mUXcFZFlVwI,0.9617153631935871,0.9802359416950643,0.9802359416950643,0.9538361758740667,0.9912092750886039,0.9802359416950643,0.9802359416950643,0.9802359416950643
541,GeniusBOABaselineNegotiator,0.6031746031746031,0.0007754352238636291,0.6028666519879837,0.582010582010582,0.5925925925925926,S1_B,GeniusBOABaselineNegotiator,0.00632012530695647,GeniusBOABaselineNegotiator@1,False,False,False,,mUXcFZFlVwI,0.9617153631935871,0.9802359416950643,0.9802359416950643,0.9538361758740667,0.9912092750886039,0.9802359416950643,0.9802359416950643,0.9802359416950643
542,SmartAspirationNegotiator,0.9473684210526316,0.0009639366705748589,0.9473176385925786,0.17251461988304095,0.5599415204678363,S5_F,ConcederTBNegotiator,0.01300712366355583,SmartAspirationNegotiator@0,False,False,False,,sdGAJukG0w0,0.5487427081223939,0.5487427081223939,0.5318374353927556,0.7405070045697147,0.9816984826275842,0.5487427081223939,0.5318374353927556,0.5318374353927556
543,ConcederTBNegotiator,0.17251461988304095,0.0007811278057266481,0.17186774275008387,0.9473684210526316,0.5599415204678363,S5_F,SmartAspirationNegotiator,0.021486794168595225,ConcederTBNegotiator@1,False,False,False,,sdGAJukG0w0,0.5487427081223939,0.5487427081223939,0.5318374353927556,0.7405070045697147,0.9816984826275842,0.5487427081223939,0.5318374353927556,0.5318374353927556
544,LinearTBNegotiator,0.7076023391812865,0.0034960628013070215,0.7065765122407014,0.2923976608187134,0.4999999999999999,S4_A-1,ConcederTBNegotiator,0.009758421161677688,LinearTBNegotiator@0,False,False,False,,IBRXSrtJOmc,0.7894736842105263,0.7894736842105263,0.7894736842105263,0.9999999999999998,0.9999999999999999,0.7894736842105263,0.7953216374269007,0.7953216374269007
545,ConcederTBNegotiator,0.2923976608187134,0.004370114375307104,0.28929178463007643,0.7076023391812865,0.4999999999999999,S4_A-1,LinearTBNegotiator,0.012313294922932982,ConcederTBNegotiator@1,False,False,False,,IBRXSrtJOmc,0.7894736842105263,0.7894736842105263,0.7894736842105263,0.9999999999999998,0.9999999999999999,0.7894736842105263,0.7953216374269007,0.7953216374269007
546,LinearTBNegotiator,0.4970760233918128,0.004370114375307104,0.49486854114203777,0.5029239766081871,0.49999999999999994,S4_A,LinearTBNegotiator,0.014895579835865647,LinearTBNegotiator@0,False,False,False,,mz5I1VClOpU,0.9941520467836257,0.9941520467836257,0.9941520467836257,0.9999999999999999,0.9999999999999999,0.9941520467836257,0.9999999999999999,0.9999999999999999
547,LinearTBNegotiator,0.5029239766081871,0.0034960628013070215,0.5011800708091925,0.4970760233918128,0.49999999999999994,S4_A,LinearTBNegotiator,0.014158287784084678,LinearTBNegotiator@1,False,False,False,,mz5I1VClOpU,0.9941520467836257,0.9941520467836257,0.9941520467836257,0.9999999999999999,0.9999999999999999,0.9941520467836257,0.9999999999999999,0.9999999999999999
548,GeniusBOABaselineNegotiator,0.49405692864529305,0.0010624744725208587,0.49351880530511794,0.5633751591198399,0.5287160438825664,S3_E,BoulwareTBNegotiator,0.007266420056112111,GeniusBOABaselineNegotiator@0,False,False,False,,DNXWZm46e-Y,0.8961624518430267,0.9204659248418944,0.9173845975320372,0.8608668139553324,0.9213631521657724,0.9204659248418944,0.9173845975320372,0.9173845975320372
549,BoulwareTBNegotiator,0.5633751591198399,0.0007574209704742231,0.563044199633472,0.49405692864529305,0.5287160438825664,S3_E,GeniusBOABaselineNegotiator,0.01979270880110562,BoulwareTBNegotiator@1,False,False,False,,DNXWZm46e-Y,0.8961624518430267,0.9204659248418944,0.9173845975320372,0.8608668139553324,0.9213631521657724,0.9204659248418944,0.9173845975320372,0.9173845975320372
550,BoulwareTBNegotiator,0.578853046594982,0.0012950634439420957,0.5783069273119802,0.5457355882887797,0.5622943174418809,S2_E,GeniusBOABaselineNegotiator,0.020345252996776253,BoulwareTBNegotiator@0,False,False,False,,1NskEZOYYMI,0.9474842994747478,0.9483384723776958,0.9587829391141542,0.915539679875679,0.9587829391141542,0.9587829391141542,0.9587829391141542,0.9587829391141542
551,GeniusBOABaselineNegotiator,0.5457355882887797,0.0006426653306037134,0.5454434605600824,0.578853046594982,0.5622943174418809,S2_E,BoulwareTBNegotiator,0.007319957367144525,GeniusBOABaselineNegotiator@1,False,False,False,,1NskEZOYYMI,0.9474842994747478,0.9483384723776958,0.9587829391141542,0.915539679875679,0.9587829391141542,0.9587829391141542,0.9587829391141542,0.9587829391141542
552,BoulwareTBNegotiator,0.6031746031746031,0.0007754352238636291,0.6028666519879837,0.582010582010582,0.5925925925925926,S1_B-1,GeniusBOABaselineNegotiator,0.019738118397071958,BoulwareTBNegotiator@0,False,False,False,,8pBec2OfG0Y,0.9617153631935871,0.9802359416950643,0.9802359416950643,0.9538361758740667,0.9912092750886039,0.9802359416950643,0.9802359416950643,0.9802359416950643
553,GeniusBOABaselineNegotiator,0.582010582010582,0.002193248997500751,0.5810918120473099,0.6031746031746031,0.5925925925925926,S1_B-1,BoulwareTBNegotiator,0.0063544101431034505,GeniusBOABaselineNegotiator@1,False,False,False,,8pBec2OfG0Y,0.9617153631935871,0.9802359416950643,0.9802359416950643,0.9538361758740667,0.9912092750886039,0.9802359416950643,0.9802359416950643,0.9802359416950643
554,ConcederTBNegotiator,0.30734767025089604,0.0010624744725208587,0.30661096209860006,0.6919439898163302,0.4996458300336131,S3_E,LinearTBNegotiator,0.014216164243407547,ConcederTBNegotiator@0,False,False,False,,hrRzhSeTmmw,0.7541134173788117,0.7902421138444015,0.7774568873879285,0.8135340676414962,1.0,0.7902421138444015,0.7774568873879285,0.7774568873879285
555,LinearTBNegotiator,0.6919439898163302,0.0007574209704742231,0.6917104848725955,0.30734767025089604,0.4996458300336131,S3_E,ConcederTBNegotiator,0.01152254082262516,LinearTBNegotiator@1,False,False,False,,hrRzhSeTmmw,0.7541134173788117,0.7902421138444015,0.7774568873879285,0.8135340676414962,1.0,0.7902421138444015,0.7774568873879285,0.7774568873879285
556,LinearTBNegotiator,0.24786324786324784,0.0007574209704742231,0.2472931318967265,0.6956698318710994,0.47176653986717365,S3_E-1,GeniusBOABaselineNegotiator,0.022162539651617408,LinearTBNegotiator@0,False,False,False,,m0Z84KszFco,0.7519498281184096,0.726615866712041,0.7425460455799742,0.7681404088361475,0.91321639759814,0.7519498281184096,0.7425460455799742,0.7425460455799742
557,GeniusBOABaselineNegotiator,0.6956698318710994,0.0010624744725208587,0.6953461449271295,0.24786324786324784,0.47176653986717365,S3_E-1,LinearTBNegotiator,0.007063165074214339,GeniusBOABaselineNegotiator@1,False,False,False,,m0Z84KszFco,0.7519498281184096,0.726615866712041,0.7425460455799742,0.7681404088361475,0.91321639759814,0.7519498281184096,0.7425460455799742,0.7425460455799742
558,GeniusBOABaselineNegotiator,0.584795321637427,0.0007442816259952948,0.5844860622482134,0.6217898560631812,0.603292588850304,S0_F-1,BoulwareTBNegotiator,0.007947534031700343,GeniusBOABaselineNegotiator@0,False,False,False,,4Gepjiiu2FA,0.8356322357077108,0.8356322357077108,0.834585113574342,0.7978375803876622,0.8418817572733157,0.8356322357077108,0.834585113574342,0.834585113574342
559,BoulwareTBNegotiator,0.6217898560631812,0.0008771261662935939,0.6214578268180376,0.584795321637427,0.603292588850304,S0_F-1,GeniusBOABaselineNegotiator,0.020783825311809778,BoulwareTBNegotiator@1,False,False,False,,4Gepjiiu2FA,0.8356322357077108,0.8356322357077108,0.834585113574342,0.7978375803876622,0.8418817572733157,0.8356322357077108,0.834585113574342,0.834585113574342
560,SmartAspirationNegotiator,0.47368421052631576,0.004370114375307104,0.47137405468352794,0.5263157894736842,0.5,S4_A,BoulwareTBNegotiator,0.0161378689808771,SmartAspirationNegotiator@0,False,False,False,,xtroRTDi9rY,0.9707602339181286,0.9707602339181286,0.9707602339181286,1.0,0.9999999999999999,0.9707602339181286,0.9766081871345029,0.9766081871345029
561,BoulwareTBNegotiator,0.5263157894736842,0.0034960628013070215,0.5246539498299364,0.47368421052631576,0.5,S4_A,SmartAspirationNegotiator,0.0198120370041579,BoulwareTBNegotiator@1,False,False,False,,xtroRTDi9rY,0.9707602339181286,0.9707602339181286,0.9707602339181286,1.0,0.9999999999999999,0.9707602339181286,0.9766081871345029,0.9766081871345029
562,GeniusBOABaselineNegotiator,0.6933073424301495,0.0008771261662935939,0.69303809811395,0.7063027940220923,0.6998050682261209,S0_F,BoulwareTBNegotiator,0.0075734591810032725,GeniusBOABaselineNegotiator@0,False,False,False,,-05YTrDgsfc,0.9346036197574028,0.9346036197574028,0.9395037748202615,0.9254726358242911,0.9462663627744217,0.9395037748202615,0.9395037748202615,0.9395037748202615
563,BoulwareTBNegotiator,0.7063027940220923,0.0007442816259952948,0.7060840377718192,0.6933073424301495,0.6998050682261209,S0_F,GeniusBOABaselineNegotiator,0.018473034258931875,BoulwareTBNegotiator@1,False,False,False,,-05YTrDgsfc,0.9346036197574028,0.9346036197574028,0.9395037748202615,0.9254726358242911,0.9462663627744217,0.9395037748202615,0.9395037748202615,0.9395037748202615
564,GeniusBOABaselineNegotiator,0.868421052631579,0.0007442816259952948,0.8683230478955606,0.5935672514619883,0.7309941520467836,S0_F-1,ConcederTBNegotiator,0.006996999902185053,GeniusBOABaselineNegotiator@0,False,False,False,,RToVjGyyrFI,0.8324241332371594,0.8324241332371594,0.8513976513554027,0.9667193271145101,1.0,0.8513976513554027,0.8513976513554027,0.8513976513554027
565,ConcederTBNegotiator,0.5935672514619883,0.0008771261662935939,0.5932104456997367,0.868421052631579,0.7309941520467836,S0_F-1,GeniusBOABaselineNegotiator,0.022698621964082122,ConcederTBNegotiator@1,False,False,False,,RToVjGyyrFI,0.8324241332371594,0.8324241332371594,0.8513976513554027,0.9667193271145101,1.0,0.8513976513554027,0.8513976513554027,0.8513976513554027
566,LinearTBNegotiator,0.7076023391812865,0.004370114375307104,0.7063189192686266,0.2923976608187134,0.4999999999999999,S4_A,ConcederTBNegotiator,0.013411876047030091,LinearTBNegotiator@0,False,False,False,,V1pDr6NUafU,0.7953216374269007,0.7953216374269007,0.7953216374269007,0.9999999999999998,0.9999999999999999,0.7953216374269007,0.7953216374269007,0.7953216374269007
567,ConcederTBNegotiator,0.2923976608187134,0.0034960628013070215,0.28991515962249753,0.7076023391812865,0.4999999999999999,S4_A,LinearTBNegotiator,0.01553108380176127,ConcederTBNegotiator@1,False,False,False,,V1pDr6NUafU,0.7953216374269007,0.7953216374269007,0.7953216374269007,0.9999999999999998,0.9999999999999999,0.7953216374269007,0.7953216374269007,0.7953216374269007
568,LinearTBNegotiator,0.7689495968231964,0.0009639366705748589,0.7687266639736745,0.37426900584795325,0.5716093013355749,S5_F,ConcederTBNegotiator,0.010568791709374636,LinearTBNegotiator@0,False,False,False,,QFhYza_c0U4,0.7221236298881974,0.7221236298881974,0.7085893136460552,0.7559373185302263,0.9161843172014918,0.7221236298881974,0.7085893136460552,0.7085893136460552
569,ConcederTBNegotiator,0.37426900584795325,0.0007811278057266481,0.37377984787462176,0.7689495968231964,0.5716093013355749,S5_F,LinearTBNegotiator,0.011461959104053676,ConcederTBNegotiator@1,False,False,False,,QFhYza_c0U4,0.7221236298881974,0.7221236298881974,0.7085893136460552,0.7559373185302263,0.9161843172014918,0.7221236298881974,0.7085893136460552,0.7085893136460552
570,GeniusBOABaselineNegotiator,0.6170212765957446,0.0006426653306037134,0.6167749911687485,0.5918734261726876,0.6044473513842161,S2_E-1,SmartAspirationNegotiator,0.007471553923096508,GeniusBOABaselineNegotiator@0,False,False,False,,HtbwpchICe8,0.962744468605478,1.0,0.9832225744061249,0.9841741547480721,1.0,1.0,0.9832225744061249,0.9832225744061249
571,SmartAspirationNegotiator,0.5918734261726876,0.0012950634439420957,0.5913441909732625,0.6170212765957446,0.6044473513842161,S2_E-1,GeniusBOABaselineNegotiator,0.015335917181801051,SmartAspirationNegotiator@1,False,False,False,,HtbwpchICe8,0.962744468605478,1.0,0.9832225744061249,0.9841741547480721,1.0,1.0,0.9832225744061249,0.9832225744061249
572,SmartAspirationNegotiator,0.541734860883797,0.0006426653306037134,0.5414401603728615,0.6854838709677419,0.6136093659257694,S2_E-1,BoulwareTBNegotiator,0.015493297891225666,SmartAspirationNegotiator@0,False,False,False,,NHWDEes-Ar0,0.9508547189471204,0.9143580762567265,0.9301480822807243,0.9990919435291352,1.0,0.9508547189471204,0.9301480822807243,0.9301480822807243
573,BoulwareTBNegotiator,0.6854838709677419,0.0012950634439420957,0.6850760244393724,0.541734860883797,0.6136093659257694,S2_E-1,SmartAspirationNegotiator,0.019732330925762653,BoulwareTBNegotiator@1,False,False,False,,NHWDEes-Ar0,0.9508547189471204,0.9143580762567265,0.9301480822807243,0.9990919435291352,1.0,0.9508547189471204,0.9301480822807243,0.9301480822807243
574,LinearTBNegotiator,0.373015873015873,0.0007754352238636291,0.3725293101410143,0.8465608465608465,0.6097883597883598,S1_B-1,GeniusBOABaselineNegotiator,0.01925166923319921,LinearTBNegotiator@0,False,False,False,,0PzD4HTMlMg,0.7804057992535158,0.7590536317045327,0.7590536317045327,0.9815144577632695,1.0,0.7804057992535158,0.7590536317045327,0.7590536317045327
575,GeniusBOABaselineNegotiator,0.8465608465608465,0.002193248997500751,0.8462235765743289,0.373015873015873,0.6097883597883598,S1_B-1,LinearTBNegotiator,0.0060590418870560825,GeniusBOABaselineNegotiator@1,False,False,False,,0PzD4HTMlMg,0.7804057992535158,0.7590536317045327,0.7590536317045327,0.9815144577632695,1.0,0.7804057992535158,0.7590536317045327,0.7590536317045327
576,ConcederTBNegotiator,0.32275132275132273,0.002193248997500751,0.32126268281083126,0.796801346187857,0.5597763344695899,S1_B,LinearTBNegotiator,0.010816373978741467,ConcederTBNegotiator@0,False,False,False,,Fr1ES3QYq60,0.7341014220333839,0.756164987707006,0.756164987707006,0.9010151744882784,1.0,0.756164987707006,0.756164987707006,0.756164987707006
577,LinearTBNegotiator,0.796801346187857,0.0007754352238636291,0.7966436565161236,0.32275132275132273,0.5597763344695899,S1_B,ConcederTBNegotiator,0.008575584040954709,LinearTBNegotiator@1,False,False,False,,Fr1ES3QYq60,0.7341014220333839,0.756164987707006,0.756164987707006,0.9010151744882784,1.0,0.756164987707006,0.756164987707006,0.756164987707006
578,LinearTBNegotiator,0.5790272025991713,0.0007754352238636291,0.5787005121364862,0.5767195767195767,0.577873389659374,S1_B-1,LinearTBNegotiator,0.013668670202605426,LinearTBNegotiator@0,False,False,False,,cfMZ-yPrWW8,0.9567674947426404,0.9677024037038318,0.9677024037038318,0.9301441682228879,0.9736745881204828,0.9677024037038318,0.9677024037038318,0.9677024037038318
579,LinearTBNegotiator,0.5767195767195767,0.002193248997500751,0.5757891767567695,0.5790272025991713,0.577873389659374,S1_B-1,LinearTBNegotiator,0.012536954076495022,LinearTBNegotiator@1,False,False,False,,cfMZ-yPrWW8,0.9567674947426404,0.9677024037038318,0.9677024037038318,0.9301441682228879,0.9736745881204828,0.9677024037038318,0.9677024037038318,0.9677024037038318
580,SmartAspirationNegotiator,0.9365079365079365,0.002193248997500751,0.9363683765135155,0.2595117842050396,0.5980098603564881,S1_B,ConcederTBNegotiator,0.011181825422681868,SmartAspirationNegotiator@0,False,False,False,,URJDieNdo5o,0.67706503438979,0.6559033950247126,0.6559033950247126,0.9625558021943916,1.0,0.67706503438979,0.6559033950247126,0.6559033950247126
581,ConcederTBNegotiator,0.2595117842050396,0.0007754352238636291,0.2589371379587156,0.9365079365079365,0.5980098603564881,S1_B,SmartAspirationNegotiator,0.020649074111133814,ConcederTBNegotiator@1,False,False,False,,URJDieNdo5o,0.67706503438979,0.6559033950247126,0.6559033950247126,0.9625558021943916,1.0,0.67706503438979,0.6559033950247126,0.6559033950247126
582,LinearTBNegotiator,0.5653755228223313,0.0007574209704742231,0.5650460796018317,0.5304659498207884,0.5479207363215599,S3_E-1,LinearTBNegotiator,0.014352829777635634,LinearTBNegotiator@0,False,False,False,,niggNdWy64s,0.9218443521335803,0.942796874646565,0.9422771620333915,0.8921363065009765,0.942796874646565,0.942796874646565,0.9422771620333915,0.9422771620333915
583,LinearTBNegotiator,0.5304659498207884,0.0010624744725208587,0.5299665512802929,0.5653755228223313,0.5479207363215599,S3_E-1,LinearTBNegotiator,0.014678288716822863,LinearTBNegotiator@1,False,False,False,,niggNdWy64s,0.9218443521335803,0.942796874646565,0.9422771620333915,0.8921363065009765,0.942796874646565,0.942796874646565,0.9422771620333915,0.9422771620333915
584,LinearTBNegotiator,0.5935672514619883,0.0009639366705748589,0.5931750980204672,0.868421052631579,0.7309941520467836,S5_F,GeniusBOABaselineNegotiator,0.01774929283419624,LinearTBNegotiator@0,False,False,False,,fUOWFmYPq_4,0.8324241332371594,0.8324241332371594,0.8513976513554027,0.9667193271145101,1.0,0.8513976513554027,0.8513976513554027,0.8513976513554027
585,GeniusBOABaselineNegotiator,0.868421052631579,0.0007811278057266481,0.868318192310084,0.5935672514619883,0.7309941520467836,S5_F,LinearTBNegotiator,0.006860203284304589,GeniusBOABaselineNegotiator@1,False,False,False,,fUOWFmYPq_4,0.8324241332371594,0.8324241332371594,0.8513976513554027,0.9667193271145101,1.0,0.8513976513554027,0.8513976513554027,0.8513976513554027
586,GeniusBOABaselineNegotiator,0.9385964912280702,0.0009639366705748589,0.938537245024675,0.2108512020792723,0.5747238466536713,S5_F,ConcederTBNegotiator,0.006832462036982179,GeniusBOABaselineNegotiator@0,False,False,False,,7JuFzVlI-xs,0.5785530218644237,0.5785530218644237,0.5615949814358568,0.7600562176291416,0.9902986456949824,0.5785530218644237,0.5615949814358568,0.5615949814358568
587,ConcederTBNegotiator,0.2108512020792723,0.0007811278057266481,0.21023429412640512,0.9385964912280702,0.5747238466536713,S5_F,GeniusBOABaselineNegotiator,0.018685409100726247,ConcederTBNegotiator@1,False,False,False,,7JuFzVlI-xs,0.5785530218644237,0.5785530218644237,0.5615949814358568,0.7600562176291416,0.9902986456949824,0.5785530218644237,0.5615949814358568,0.5615949814358568
588,SmartAspirationNegotiator,0.6031746031746031,0.0007754352238636291,0.6028666519879837,0.5820105820105821,0.5925925925925926,S1_B-1,GeniusBOABaselineNegotiator,0.016097630315925926,SmartAspirationNegotiator@0,False,False,False,,80qkPHZyoRo,0.9617153631935871,0.9802359416950644,0.9802359416950644,0.9538361758740667,0.991209275088604,0.9802359416950644,0.9802359416950644,0.9802359416950644
589,GeniusBOABaselineNegotiator,0.5820105820105821,0.002193248997500751,0.58109181204731,0.6031746031746031,0.5925925925925926,S1_B-1,SmartAspirationNegotiator,0.006399202917236835,GeniusBOABaselineNegotiator@1,False,False,False,,80qkPHZyoRo,0.9617153631935871,0.9802359416950644,0.9802359416950644,0.9538361758740667,0.991209275088604,0.9802359416950644,0.9802359416950644,0.9802359416950644
590,GeniusBOABaselineNegotiator,0.7822283931139397,0.0007754352238636291,0.7820593942915631,0.328042328042328,0.5551353605781338,S1_B-1,LinearTBNegotiator,0.0062226285808719695,GeniusBOABaselineNegotiator@0,False,False,False,,3_r9sW4TPVg,0.7428511964925584,0.7649272400742826,0.7649272400742826,0.8935450696569122,0.9889059294623107,0.7649272400742826,0.7649272400742826,0.7649272400742826
591,LinearTBNegotiator,0.328042328042328,0.002193248997500751,0.3265653181013716,0.7822283931139397,0.5551353605781338,S1_B-1,GeniusBOABaselineNegotiator,0.01927257893839851,LinearTBNegotiator@1,False,False,False,,3_r9sW4TPVg,0.7428511964925584,0.7649272400742826,0.7649272400742826,0.8935450696569122,0.9889059294623107,0.7649272400742826,0.7649272400742826,0.7649272400742826
592,BoulwareTBNegotiator,0.7539135594696658,0.0012950634439420957,0.7535944486477251,0.3166030187306783,0.535258289100172,S2_E,LinearTBNegotiator,0.018051129940431565,BoulwareTBNegotiator@0,False,False,False,,OOlgPOGDdBo,0.7874967847247605,0.7566580799973476,0.7733644806400886,0.8715190380778248,0.9676090921129151,0.7874967847247605,0.7733644806400886,0.7733644806400886
593,LinearTBNegotiator,0.3166030187306783,0.0006426653306037134,0.31616354074651337,0.7539135594696658,0.535258289100172,S2_E,BoulwareTBNegotiator,0.01946186466375366,LinearTBNegotiator@1,False,False,False,,OOlgPOGDdBo,0.7874967847247605,0.7566580799973476,0.7733644806400886,0.8715190380778248,0.9676090921129151,0.7874967847247605,0.7733644806400886,0.7733644806400886
594,ConcederTBNegotiator,0.37426900584795325,0.0007811278057266481,0.37377984787462176,0.7689495968231964,0.5716093013355749,S5_F-1,LinearTBNegotiator,0.011911787267308682,ConcederTBNegotiator@0,False,False,False,,kPEgZCOkppk,0.7221236298881974,0.7221236298881974,0.7085893136460552,0.7559373185302263,0.9161843172014918,0.7221236298881974,0.7085893136460552,0.7085893136460552
595,LinearTBNegotiator,0.7689495968231964,0.0009639366705748589,0.7687266639736745,0.37426900584795325,0.5716093013355749,S5_F-1,ConcederTBNegotiator,0.010421668004710227,LinearTBNegotiator@1,False,False,False,,kPEgZCOkppk,0.7221236298881974,0.7221236298881974,0.7085893136460552,0.7559373185302263,0.9161843172014918,0.7221236298881974,0.7085893136460552,0.7085893136460552
596,BoulwareTBNegotiator,0.8253968253968255,0.002193248997500751,0.8250130354121675,0.3839132298329081,0.6046550276148668,S1_B,LinearTBNegotiator,0.016340130241587758,BoulwareTBNegotiator@0,False,False,False,,YEL1KgdPBw0,0.7964202352116565,0.7752162495989036,0.7752162495989036,0.9732518537566377,0.9855095709579489,0.7964202352116565,0.7752162495989036,0.7752162495989036
597,LinearTBNegotiator,0.3839132298329081,0.0007754352238636291,0.3834351237100357,0.8253968253968255,0.6046550276148668,S1_B,BoulwareTBNegotiator,0.0197231249185279,LinearTBNegotiator@1,False,False,False,,YEL1KgdPBw0,0.7964202352116565,0.7752162495989036,0.7752162495989036,0.9732518537566377,0.9855095709579489,0.7964202352116565,0.7752162495989036,0.7752162495989036
598,GeniusBOABaselineNegotiator,0.49405692864529305,0.0010624744725208587,0.49351880530511794,0.5633751591198399,0.5287160438825664,S3_E,BoulwareTBNegotiator,0.007300543773453683,GeniusBOABaselineNegotiator@0,False,False,False,,lynboClDEB0,0.8961624518430267,0.9204659248418944,0.9173845975320372,0.8608668139553324,0.9213631521657724,0.9204659248418944,0.9173845975320372,0.9173845975320372
599,BoulwareTBNegotiator,0.5633751591198399,0.0007574209704742231,0.563044199633472,0.49405692864529305,0.5287160438825664,S3_E,GeniusBOABaselineNegotiator,0.020039251947309822,BoulwareTBNegotiator@1,False,False,False,,lynboClDEB0,0.8961624518430267,0.9204659248418944,0.9173845975320372,0.8608668139553324,0.9213631521657724,0.9204659248418944,0.9173845975320372,0.9173845975320372
600,BoulwareTBNegotiator,0.503182396799418,0.0007574209704742231,0.5028058114946462,0.5465949820788529,0.5248886894391355,S3_E-1,BoulwareTBNegotiator,0.020429504453204572,BoulwareTBNegotiator@0,False,False,False,,qUz19Yhc0ww,0.9101795645181664,0.9126584534033798,0.9210437943802361,0.8546350332788867,0.9210437943802361,0.9210437943802361,0.9210437943802361,0.9210437943802361
601,BoulwareTBNegotiator,0.5465949820788529,0.0010624744725208587,0.5461127384500538,0.503182396799418,0.5248886894391355,S3_E-1,BoulwareTBNegotiator,0.02006371592869982,BoulwareTBNegotiator@1,False,False,False,,qUz19Yhc0ww,0.9101795645181664,0.9126584534033798,0.9210437943802361,0.8546350332788867,0.9210437943802361,0.9210437943802361,0.9210437943802361,0.9210437943802361
602,BoulwareTBNegotiator,0.5185185185185185,0.0007811278057266481,0.5181421259346777,0.55843702955246,0.5384777740354892,S5_F-1,GeniusBOABaselineNegotiator,0.019819134147837758,BoulwareTBNegotiator@0,False,False,False,,-KLK89_mlUI,0.7659319509600617,0.7659319509600617,0.7651664033242354,0.7121218000501757,0.7817356951733825,0.7659319509600617,0.7651664033242354,0.7651664033242354
603,GeniusBOABaselineNegotiator,0.55843702955246,0.0009639366705748589,0.5580109801282142,0.5185185185185185,0.5384777740354892,S5_F-1,BoulwareTBNegotiator,0.007473709061741829,GeniusBOABaselineNegotiator@1,False,False,False,,-KLK89_mlUI,0.7659319509600617,0.7659319509600617,0.7651664033242354,0.7121218000501757,0.7817356951733825,0.7659319509600617,0.7651664033242354,0.7651664033242354
604,LinearTBNegotiator,0.5653755228223313,0.0007574209704742231,0.5650460796018317,0.5304659498207884,0.5479207363215599,S3_E-1,LinearTBNegotiator,0.014135500125121325,LinearTBNegotiator@0,False,False,False,,nfRybTBQsPE,0.9218443521335803,0.942796874646565,0.9422771620333915,0.8921363065009765,0.942796874646565,0.942796874646565,0.9422771620333915,0.9422771620333915
605,LinearTBNegotiator,0.5304659498207884,0.0010624744725208587,0.5299665512802929,0.5653755228223313,0.5479207363215599,S3_E-1,LinearTBNegotiator,0.014509749016724527,LinearTBNegotiator@1,False,False,False,,nfRybTBQsPE,0.9218443521335803,0.942796874646565,0.9422771620333915,0.8921363065009765,0.942796874646565,0.942796874646565,0.9422771620333915,0.9422771620333915
606,ConcederTBNegotiator,0.11695906432748537,0.004370114375307104,0.11308313619125247,0.8830409356725145,0.49999999999999994,S4_A,GeniusBOABaselineNegotiator,0.023499957169406116,ConcederTBNegotiator@0,False,False,False,,j-kL-_DBvzI,0.6140350877192983,0.6140350877192983,0.6140350877192983,0.9999999999999999,0.9999999999999999,0.6140350877192983,0.6198830409356726,0.6198830409356726
607,GeniusBOABaselineNegotiator,0.8830409356725145,0.0034960628013070215,0.8826306048962805,0.11695906432748537,0.49999999999999994,S4_A,ConcederTBNegotiator,0.0058869588538073,GeniusBOABaselineNegotiator@1,False,False,False,,j-kL-_DBvzI,0.6140350877192983,0.6140350877192983,0.6140350877192983,0.9999999999999999,0.9999999999999999,0.6140350877192983,0.6198830409356726,0.6198830409356726
608,BoulwareTBNegotiator,0.7894736842105263,0.0009639366705748589,0.789270554370314,0.559779077322937,0.6746263807667316,S5_F,GeniusBOABaselineNegotiator,0.02077024767640978,BoulwareTBNegotiator@0,False,False,False,,F8DcsBPxRRA,0.8625646620321361,0.8625646620321361,0.8474798110912376,0.8921745256681245,0.9573599675039428,0.8625646620321361,0.8474798110912376,0.8474798110912376
609,GeniusBOABaselineNegotiator,0.559779077322937,0.0007811278057266481,0.5594349397041082,0.7894736842105263,0.6746263807667316,S5_F,BoulwareTBNegotiator,0.007209371658973396,GeniusBOABaselineNegotiator@1,False,False,False,,F8DcsBPxRRA,0.8625646620321361,0.8625646620321361,0.8474798110912376,0.8921745256681245,0.9573599675039428,0.8625646620321361,0.8474798110912376,0.8474798110912376
610,LinearTBNegotiator,0.48862897985705,0.0009639366705748589,0.48813557496739834,0.8700454840805718,0.6793372319688109,S5_F,BoulwareTBNegotiator,0.017933128867298365,LinearTBNegotiator@0,False,False,False,,vpoMiDD1kmw,0.7625130806021299,0.7625130806021299,0.7805360810361862,0.8984044946650847,1.0,0.7805360810361862,0.7805360810361862,0.7805360810361862
611,BoulwareTBNegotiator,0.8700454840805718,0.0007811278057266481,0.8699438936395891,0.48862897985705,0.6793372319688109,S5_F,LinearTBNegotiator,0.01609862723853439,BoulwareTBNegotiator@1,False,False,False,,vpoMiDD1kmw,0.7625130806021299,0.7625130806021299,0.7805360810361862,0.8984044946650847,1.0,0.7805360810361862,0.7805360810361862,0.7805360810361862
612,SmartAspirationNegotiator,0.47368421052631576,0.004370114375307104,0.47137405468352794,0.5263157894736842,0.5,S4_A,SmartAspirationNegotiator,0.014577128749806434,SmartAspirationNegotiator@0,False,False,False,,RIPUNpTC6aw,0.9707602339181286,0.9707602339181286,0.9707602339181286,1.0,0.9999999999999999,0.9707602339181286,0.9766081871345029,0.9766081871345029
613,SmartAspirationNegotiator,0.5263157894736842,0.0034960628013070215,0.5246539498299364,0.47368421052631576,0.5,S4_A,SmartAspirationNegotiator,0.014407621580176055,SmartAspirationNegotiator@1,False,False,False,,RIPUNpTC6aw,0.9707602339181286,0.9707602339181286,0.9707602339181286,1.0,0.9999999999999999,0.9707602339181286,0.9766081871345029,0.9766081871345029
614,BoulwareTBNegotiator,0.9047619047619048,0.0007754352238636291,0.9046879964771161,0.15873015873015878,0.5317460317460317,S1_B-1,ConcederTBNegotiator,0.014896752021741122,BoulwareTBNegotiator@0,False,False,False,,DEpPmndDtB0,0.5935926814596778,0.6156542004475094,0.6156542004475094,0.8558976399584259,1.0,0.6156542004475094,0.6156542004475094,0.6156542004475094
615,ConcederTBNegotiator,0.15873015873015878,0.002193248997500751,0.1568809888040795,0.9047619047619048,0.5317460317460317,S1_B-1,BoulwareTBNegotiator,0.022087449789978564,ConcederTBNegotiator@1,False,False,False,,DEpPmndDtB0,0.5935926814596778,0.6156542004475094,0.6156542004475094,0.8558976399584259,1.0,0.6156542004475094,0.6156542004475094,0.6156542004475094
616,BoulwareTBNegotiator,0.578853046594982,0.0010624744725208587,0.5784051127895757,0.5457355882887797,0.5622943174418809,S3_E,GeniusBOABaselineNegotiator,0.020329837745521218,BoulwareTBNegotiator@0,False,False,False,,zVeM5f8XEx4,0.9474842994747478,0.9483384723776958,0.9587829391141542,0.915539679875679,0.9587829391141542,0.9587829391141542,0.9587829391141542,0.9587829391141542
617,GeniusBOABaselineNegotiator,0.5457355882887797,0.0007574209704742231,0.5453912580942994,0.578853046594982,0.5622943174418809,S3_E,BoulwareTBNegotiator,0.007190911972429603,GeniusBOABaselineNegotiator@1,False,False,False,,zVeM5f8XEx4,0.9474842994747478,0.9483384723776958,0.9587829391141542,0.915539679875679,0.9587829391141542,0.9587829391141542,0.9587829391141542,0.9587829391141542
618,BoulwareTBNegotiator,0.6507936507936508,0.002193248997500751,0.650026070824335,0.5511054333210059,0.6009495420573283,S1_B,BoulwareTBNegotiator,0.019609083770774305,BoulwareTBNegotiator@0,False,False,False,,bcbcRQBM8Vo,0.9664393067008068,0.9474535363292,0.9474535363292,0.9672875095880819,0.9873708232938224,0.9664393067008068,0.9474535363292,0.9474535363292
619,BoulwareTBNegotiator,0.5511054333210059,0.0007754352238636291,0.5507570745325269,0.6507936507936508,0.6009495420573283,S1_B,BoulwareTBNegotiator,0.020120452216360718,BoulwareTBNegotiator@1,False,False,False,,bcbcRQBM8Vo,0.9664393067008068,0.9474535363292,0.9474535363292,0.9672875095880819,0.9873708232938224,0.9664393067008068,0.9474535363292,0.9474535363292
620,SmartAspirationNegotiator,0.7543859649122808,0.0009639366705748589,0.7541489800986998,0.7573099415204678,0.7558479532163743,S5_F,SmartAspirationNegotiator,0.014291169762145728,SmartAspirationNegotiator@0,False,False,False,,FqCZ9kdfZX8,0.9807999989329749,0.9807999989329749,1.0,0.9995877842364035,1.0,1.0,1.0,1.0
621,SmartAspirationNegotiator,0.7573099415204678,0.0007811278057266481,0.7571202213719327,0.7543859649122808,0.7558479532163743,S5_F,SmartAspirationNegotiator,0.013508544012438506,SmartAspirationNegotiator@1,False,False,False,,FqCZ9kdfZX8,0.9807999989329749,0.9807999989329749,1.0,0.9995877842364035,1.0,1.0,1.0,1.0
622,LinearTBNegotiator,0.4970760233918128,0.004370114375307104,0.49486854114203777,0.5029239766081871,0.49999999999999994,S4_A,LinearTBNegotiator,0.015220333938486874,LinearTBNegotiator@0,False,False,False,,XlIpFx-oMSk,0.9941520467836257,0.9941520467836257,0.9941520467836257,0.9999999999999999,0.9999999999999999,0.9941520467836257,0.9999999999999999,0.9999999999999999
623,LinearTBNegotiator,0.5029239766081871,0.0034960628013070215,0.5011800708091925,0.4970760233918128,0.49999999999999994,S4_A,LinearTBNegotiator,0.014431868854444474,LinearTBNegotiator@1,False,False,False,,XlIpFx-oMSk,0.9941520467836257,0.9941520467836257,0.9941520467836257,0.9999999999999999,0.9999999999999999,0.9941520467836257,0.9999999999999999,0.9999999999999999
624,SmartAspirationNegotiator,0.7397660818713451,0.0007442816259952948,0.7395722502823309,0.7725532264198727,0.7561596541456088,S0_F-1,GeniusBOABaselineNegotiator,0.013649171974975616,SmartAspirationNegotiator@0,False,False,False,,jfCVkcQhXcU,1.0,1.0,0.9807999989329749,1.0,1.0,1.0,0.9807999989329749,0.9807999989329749
625,GeniusBOABaselineNegotiator,0.7725532264198727,0.0008771261662935939,0.7723535517634607,0.7397660818713451,0.7561596541456088,S0_F-1,SmartAspirationNegotiator,0.0069819598575122654,GeniusBOABaselineNegotiator@1,False,False,False,,jfCVkcQhXcU,1.0,1.0,0.9807999989329749,1.0,1.0,1.0,0.9807999989329749,0.9807999989329749
626,ConcederTBNegotiator,0.19047619047619047,0.0007754352238636291,0.18984797005548684,0.9682539682539681,0.5793650793650793,S1_B-1,GeniusBOABaselineNegotiator,0.020128453441429883,ConcederTBNegotiator@0,False,False,False,,EP0TUbH1aTI,0.6247884002894775,0.6039172983238965,0.6039172983238965,0.9325451898054491,1.0,0.6247884002894775,0.6039172983238965,0.6039172983238965
627,GeniusBOABaselineNegotiator,0.9682539682539681,0.002193248997500751,0.9681841882567576,0.19047619047619047,0.5793650793650793,S1_B-1,ConcederTBNegotiator,0.0058585769147612154,GeniusBOABaselineNegotiator@1,False,False,False,,EP0TUbH1aTI,0.6247884002894775,0.6039172983238965,0.6039172983238965,0.9325451898054491,1.0,0.6247884002894775,0.6039172983238965,0.6039172983238965
628,GeniusBOABaselineNegotiator,0.6756272401433692,0.0012950634439420957,0.6752066120998657,0.2675031823967994,0.4715652112700843,S2_E,LinearTBNegotiator,0.007020793913397938,GeniusBOABaselineNegotiator@0,False,False,False,,mGjYV71-Gjk,0.7678606227682558,0.7437685636192172,0.7594704993015259,0.7678126012919283,0.902907436915248,0.7678606227682558,0.7594704993015259,0.7594704993015259
629,LinearTBNegotiator,0.2675031823967994,0.0006426653306037134,0.26703212935789133,0.6756272401433692,0.4715652112700843,S2_E,GeniusBOABaselineNegotiator,0.02118937118211761,LinearTBNegotiator@1,False,False,False,,mGjYV71-Gjk,0.7678606227682558,0.7437685636192172,0.7594704993015259,0.7678126012919283,0.902907436915248,0.7678606227682558,0.7594704993015259,0.7594704993015259
630,ConcederTBNegotiator,0.15384615384615385,0.0006426653306037134,0.15330201040274785,0.9232683981793433,0.5385572760127486,S2_E-1,BoulwareTBNegotiator,0.020380879112053663,ConcederTBNegotiator@0,False,False,False,,n1-VM1PFF9c,0.6276054466489961,0.5939791687865419,0.6107442472375311,0.8768905193967101,1.0,0.6276054466489961,0.6107442472375311,0.6107442472375311
631,BoulwareTBNegotiator,0.9232683981793433,0.0012950634439420957,0.9231688970265246,0.15384615384615385,0.5385572760127486,S2_E-1,ConcederTBNegotiator,0.014774249750189483,BoulwareTBNegotiator@1,False,False,False,,n1-VM1PFF9c,0.6276054466489961,0.5939791687865419,0.6107442472375311,0.8768905193967101,1.0,0.6276054466489961,0.6107442472375311,0.6107442472375311
632,LinearTBNegotiator,0.5935672514619883,0.0008771261662935939,0.5932104456997367,0.868421052631579,0.7309941520467836,S0_F,GeniusBOABaselineNegotiator,0.01780762168345973,LinearTBNegotiator@0,False,False,False,,4HBh6cycn0Y,0.8324241332371594,0.8324241332371594,0.8513976513554027,0.9667193271145101,1.0,0.8513976513554027,0.8513976513554027,0.8513976513554027
633,GeniusBOABaselineNegotiator,0.868421052631579,0.0007442816259952948,0.8683230478955606,0.5935672514619883,0.7309941520467836,S0_F,LinearTBNegotiator,0.007035537273623049,GeniusBOABaselineNegotiator@1,False,False,False,,4HBh6cycn0Y,0.8324241332371594,0.8324241332371594,0.8513976513554027,0.9667193271145101,1.0,0.8513976513554027,0.8513976513554027,0.8513976513554027
634,ConcederTBNegotiator,0.1490748497922465,0.0010624744725208587,0.14816980195189802,0.8952536824877251,0.5221642661399858,S3_E,GeniusBOABaselineNegotiator,0.021964250248856843,ConcederTBNegotiator@0,False,False,False,,JzVJE413p9U,0.5899418999499724,0.627175323667607,0.6118375432198896,0.8501990687710164,1.0,0.627175323667607,0.6118375432198896,0.6118375432198896
635,GeniusBOABaselineNegotiator,0.8952536824877251,0.0007574209704742231,0.8951742852931612,0.1490748497922465,0.5221642661399858,S3_E,ConcederTBNegotiator,0.006955626595299691,GeniusBOABaselineNegotiator@1,False,False,False,,JzVJE413p9U,0.5899418999499724,0.627175323667607,0.6118375432198896,0.8501990687710164,1.0,0.627175323667607,0.6118375432198896,0.6118375432198896
636,BoulwareTBNegotiator,0.9298245614035088,0.0008771261662935939,0.9297629546531919,0.21572449642625083,0.5727745289148798,S0_F,ConcederTBNegotiator,0.014786502695642412,BoulwareTBNegotiator@0,False,False,False,,G5YmViG88f8,0.5840520094147557,0.5840520094147557,0.5672054735427323,0.7574782994235028,0.9878762575568232,0.5840520094147557,0.5672054735427323,0.5672054735427323
637,ConcederTBNegotiator,0.21572449642625083,0.0007442816259952948,0.21514033980218067,0.9298245614035088,0.5727745289148798,S0_F,BoulwareTBNegotiator,0.019172865024302155,ConcederTBNegotiator@1,False,False,False,,G5YmViG88f8,0.5840520094147557,0.5840520094147557,0.5672054735427323,0.7574782994235028,0.9878762575568232,0.5840520094147557,0.5672054735427323,0.5672054735427323
638,SmartAspirationNegotiator,0.8904549021370864,0.0012950634439420957,0.8903128503192648,0.1485724677214039,0.5195136849292452,S2_E,ConcederTBNegotiator,0.012921297864522785,SmartAspirationNegotiator@0,False,False,False,,C3RLyybQcoc,0.6366318463672536,0.6039651735915272,0.6207403505252886,0.8458833355368517,0.9800410753248283,0.6366318463672536,0.6207403505252886,0.6207403505252886
639,ConcederTBNegotiator,0.1485724677214039,0.0006426653306037134,0.14802493288322918,0.8904549021370864,0.5195136849292452,S2_E,SmartAspirationNegotiator,0.021432363661006093,ConcederTBNegotiator@1,False,False,False,,C3RLyybQcoc,0.6366318463672536,0.6039651735915272,0.6207403505252886,0.8458833355368517,0.9800410753248283,0.6366318463672536,0.6207403505252886,0.6207403505252886
640,GeniusBOABaselineNegotiator,0.584795321637427,0.0007811278057266481,0.5844707401784873,0.6217898560631812,0.603292588850304,S5_F-1,BoulwareTBNegotiator,0.007560840051155537,GeniusBOABaselineNegotiator@0,False,False,False,,WIrHJd9KbjY,0.8356322357077108,0.8356322357077108,0.834585113574342,0.7978375803876622,0.8418817572733157,0.8356322357077108,0.834585113574342,0.834585113574342
641,BoulwareTBNegotiator,0.6217898560631812,0.0009639366705748589,0.6214249336741844,0.584795321637427,0.603292588850304,S5_F-1,GeniusBOABaselineNegotiator,0.020262085017748177,BoulwareTBNegotiator@1,False,False,False,,WIrHJd9KbjY,0.8356322357077108,0.8356322357077108,0.834585113574342,0.7978375803876622,0.8418817572733157,0.8356322357077108,0.834585113574342,0.834585113574342
642,GeniusBOABaselineNegotiator,0.8253968253968255,0.002193248997500751,0.8250130354121675,0.3839132298329081,0.6046550276148668,S1_B,LinearTBNegotiator,0.006100871542003006,GeniusBOABaselineNegotiator@0,False,False,False,,r53kPJabmFs,0.7964202352116565,0.7752162495989036,0.7752162495989036,0.9732518537566377,0.9855095709579489,0.7964202352116565,0.7752162495989036,0.7752162495989036
643,LinearTBNegotiator,0.3839132298329081,0.0007754352238636291,0.3834351237100357,0.8253968253968255,0.6046550276148668,S1_B,GeniusBOABaselineNegotiator,0.019139410345815122,LinearTBNegotiator@1,False,False,False,,r53kPJabmFs,0.7964202352116565,0.7752162495989036,0.7752162495989036,0.9732518537566377,0.9855095709579489,0.7964202352116565,0.7752162495989036,0.7752162495989036
644,ConcederTBNegotiator,0.11695906432748539,0.004370114375307104,0.11308313619125249,0.8830409356725146,0.5,S4_A,SmartAspirationNegotiator,0.023258878209162503,ConcederTBNegotiator@0,False,False,False,,2AQu_Rj4UrI,0.6140350877192982,0.6140350877192982,0.6140350877192982,1.0,1.0,0.6140350877192982,0.6198830409356726,0.6198830409356726
645,SmartAspirationNegotiator,0.8830409356725146,0.0034960628013070215,0.8826306048962806,0.11695906432748539,0.5,S4_A,ConcederTBNegotiator,0.011307414679322392,SmartAspirationNegotiator@1,False,False,False,,2AQu_Rj4UrI,0.6140350877192982,0.6140350877192982,0.6140350877192982,1.0,1.0,0.6140350877192982,0.6198830409356726,0.6198830409356726
646,LinearTBNegotiator,0.48862897985705,0.0009639366705748589,0.48813557496739834,0.8700454840805718,0.6793372319688109,S5_F,SmartAspirationNegotiator,0.01807787618599832,LinearTBNegotiator@0,False,False,False,,Gb0UKJhBR_Q,0.7625130806021299,0.7625130806021299,0.7805360810361862,0.8984044946650847,1.0,0.7805360810361862,0.7805360810361862,0.7805360810361862
647,SmartAspirationNegotiator,0.8700454840805718,0.0007811278057266481,0.8699438936395891,0.48862897985705,0.6793372319688109,S5_F,LinearTBNegotiator,0.013012039882596582,SmartAspirationNegotiator@1,False,False,False,,Gb0UKJhBR_Q,0.7625130806021299,0.7625130806021299,0.7805360810361862,0.8984044946650847,1.0,0.7805360810361862,0.7805360810361862,0.7805360810361862
648,LinearTBNegotiator,0.2614226440725705,0.0012950634439420957,0.26046489919800986,0.7099472631387526,0.48568495360566155,S2_E,SmartAspirationNegotiator,0.021987249259836972,LinearTBNegotiator@0,False,False,False,,mFU26UVx3bY,0.7190358578484184,0.7552784600187009,0.7423561147168696,0.7908026689075016,0.9908502915717833,0.7552784600187009,0.7423561147168696,0.7423561147168696
649,SmartAspirationNegotiator,0.7099472631387526,0.0006426653306037134,0.709760736426474,0.2614226440725705,0.48568495360566155,S2_E,LinearTBNegotiator,0.01413057220634073,SmartAspirationNegotiator@1,False,False,False,,mFU26UVx3bY,0.7190358578484184,0.7552784600187009,0.7423561147168696,0.7908026689075016,0.9908502915717833,0.7552784600187009,0.7423561147168696,0.7423561147168696
650,ConcederTBNegotiator,0.5608465608465608,0.002193248997500751,0.5598812708851484,0.6063251557116666,0.5835858582791137,S1_B,ConcederTBNegotiator,0.005778541148174554,ConcederTBNegotiator@0,False,False,False,,cRw3XPSVo7o,0.9464040587102458,0.9657533700827802,0.9657533700827802,0.9393389494117901,0.9829625189076004,0.9657533700827802,0.9657533700827802,0.9657533700827802
651,ConcederTBNegotiator,0.6063251557116666,0.0007754352238636291,0.6060196494703558,0.5608465608465608,0.5835858582791137,S1_B,ConcederTBNegotiator,0.005574125854764134,ConcederTBNegotiator@1,False,False,False,,cRw3XPSVo7o,0.9464040587102458,0.9657533700827802,0.9657533700827802,0.9393389494117901,0.9829625189076004,0.9657533700827802,0.9657533700827802,0.9657533700827802
652,LinearTBNegotiator,0.3667966211825861,0.0007442816259952948,0.36632498851468526,0.7994924177520258,0.5831445194673059,S0_F-1,BoulwareTBNegotiator,0.01950850273715332,LinearTBNegotiator@0,False,False,False,,Xg-LzfRG0FQ,0.7157177189149243,0.7157177189149243,0.701145103828247,0.7711923219788893,0.9391382745772429,0.7157177189149243,0.701145103828247,0.701145103828247
653,BoulwareTBNegotiator,0.7994924177520258,0.0008771261662935939,0.7993163929091003,0.3667966211825861,0.5831445194673059,S0_F-1,LinearTBNegotiator,0.0175087409443222,BoulwareTBNegotiator@1,False,False,False,,Xg-LzfRG0FQ,0.7157177189149243,0.7157177189149243,0.701145103828247,0.7711923219788893,0.9391382745772429,0.7157177189149243,0.701145103828247,0.701145103828247
654,SmartAspirationNegotiator,0.9365079365079365,0.002193248997500751,0.9363683765135155,0.2595117842050396,0.5980098603564881,S1_B,ConcederTBNegotiator,0.011160919966641814,SmartAspirationNegotiator@0,False,False,False,,83MOWqueJ48,0.67706503438979,0.6559033950247126,0.6559033950247126,0.9625558021943916,1.0,0.67706503438979,0.6559033950247126,0.6559033950247126
655,ConcederTBNegotiator,0.2595117842050396,0.0007754352238636291,0.2589371379587156,0.9365079365079365,0.5980098603564881,S1_B,SmartAspirationNegotiator,0.019882283406332135,ConcederTBNegotiator@1,False,False,False,,83MOWqueJ48,0.67706503438979,0.6559033950247126,0.6559033950247126,0.9625558021943916,1.0,0.67706503438979,0.6559033950247126,0.6559033950247126
656,LinearTBNegotiator,0.6143599740090968,0.0007442816259952948,0.614072735437112,0.5380116959064328,0.5761858349577649,S0_F-1,LinearTBNegotiator,0.015514713479205966,LinearTBNegotiator@0,False,False,False,,iabROIS2kaE,0.7978060555542934,0.7978060555542934,0.8028481415680127,0.7619896562833707,0.8278591037218082,0.8028481415680127,0.8028481415680127,0.8028481415680127
657,LinearTBNegotiator,0.5380116959064328,0.0008771261662935939,0.5376061181335137,0.6143599740090968,0.5761858349577649,S0_F-1,LinearTBNegotiator,0.015558118175249547,LinearTBNegotiator@1,False,False,False,,iabROIS2kaE,0.7978060555542934,0.7978060555542934,0.8028481415680127,0.7619896562833707,0.8278591037218082,0.8028481415680127,0.8028481415680127,0.8028481415680127
658,SmartAspirationNegotiator,0.761904761904762,0.0007754352238636291,0.7617199911927903,0.31746031746031744,0.5396825396825398,S1_B-1,LinearTBNegotiator,0.012802212731912732,SmartAspirationNegotiator@0,False,False,False,,ayUpD2cDtf8,0.743430141592613,0.7654675607333643,0.7654675607333643,0.8686722315995966,0.9747435113226108,0.7654675607333643,0.7654675607333643,0.7654675607333643
659,LinearTBNegotiator,0.31746031746031744,0.002193248997500751,0.3159600475202909,0.761904761904762,0.5396825396825398,S1_B-1,SmartAspirationNegotiator,0.019772875064518303,LinearTBNegotiator@1,False,False,False,,ayUpD2cDtf8,0.743430141592613,0.7654675607333643,0.7654675607333643,0.8686722315995966,0.9747435113226108,0.7654675607333643,0.7654675607333643,0.7654675607333643
660,SmartAspirationNegotiator,0.5918734261726876,0.0010624744725208587,0.5914393409019196,0.6170212765957446,0.6044473513842161,S3_E,BoulwareTBNegotiator,0.01545154897030443,SmartAspirationNegotiator@0,False,False,False,,Als1sGF0qCg,0.962744468605478,1.0,0.9832225744061249,0.9841741547480721,1.0,1.0,0.9832225744061249,0.9832225744061249
661,BoulwareTBNegotiator,0.6170212765957446,0.0007574209704742231,0.6167309806031204,0.5918734261726876,0.6044473513842161,S3_E,SmartAspirationNegotiator,0.0191056618350558,BoulwareTBNegotiator@1,False,False,False,,Als1sGF0qCg,0.962744468605478,1.0,0.9832225744061249,0.9841741547480721,1.0,1.0,0.9832225744061249,0.9832225744061249
662,GeniusBOABaselineNegotiator,0.4970760233918128,0.004370114375307104,0.49486854114203777,0.5029239766081871,0.49999999999999994,S4_A,SmartAspirationNegotiator,0.006462542980443686,GeniusBOABaselineNegotiator@0,False,False,False,,St9XSzNyN40,0.9941520467836257,0.9941520467836257,0.9941520467836257,0.9999999999999999,0.9999999999999999,0.9941520467836257,0.9999999999999999,0.9999999999999999
663,SmartAspirationNegotiator,0.5029239766081871,0.0034960628013070215,0.5011800708091925,0.4970760233918128,0.49999999999999994,S4_A,GeniusBOABaselineNegotiator,0.014401580090634525,SmartAspirationNegotiator@1,False,False,False,,St9XSzNyN40,0.9941520467836257,0.9941520467836257,0.9941520467836257,0.9999999999999999,0.9999999999999999,0.9941520467836257,0.9999999999999999,0.9999999999999999
664,LinearTBNegotiator,0.26900584795321636,0.004370114375307104,0.2657972981715666,0.7309941520467835,0.49999999999999994,S4_A,BoulwareTBNegotiator,0.020816249889321625,LinearTBNegotiator@0,False,False,False,,CH5yrd7u3D0,0.7660818713450293,0.7660818713450293,0.7660818713450293,0.9999999999999999,1.0,0.7660818713450293,0.7719298245614036,0.7719298245614036
665,BoulwareTBNegotiator,0.7309941520467835,0.0034960628013070215,0.7300503912614453,0.26900584795321636,0.49999999999999994,S4_A,LinearTBNegotiator,0.01679695025086403,BoulwareTBNegotiator@1,False,False,False,,CH5yrd7u3D0,0.7660818713450293,0.7660818713450293,0.7660818713450293,0.9999999999999999,1.0,0.7660818713450293,0.7719298245614036,0.7719298245614036
666,LinearTBNegotiator,0.26900584795321636,0.004370114375307104,0.2657972981715666,0.7309941520467835,0.49999999999999994,S4_A,GeniusBOABaselineNegotiator,0.021225621923804283,LinearTBNegotiator@0,False,False,False,,nbA9MkvwW20,0.7660818713450293,0.7660818713450293,0.7660818713450293,0.9999999999999999,1.0,0.7660818713450293,0.7719298245614036,0.7719298245614036
667,GeniusBOABaselineNegotiator,0.7309941520467835,0.0034960628013070215,0.7300503912614453,0.26900584795321636,0.49999999999999994,S4_A,LinearTBNegotiator,0.006170529872179031,GeniusBOABaselineNegotiator@1,False,False,False,,nbA9MkvwW20,0.7660818713450293,0.7660818713450293,0.7660818713450293,0.9999999999999999,1.0,0.7660818713450293,0.7719298245614036,0.7719298245614036
668,ConcederTBNegotiator,0.5838206627680312,0.0007442816259952948,0.5835106774178102,0.5968161143599741,0.5903183885640026,S0_F-1,ConcederTBNegotiator,0.006762585951946676,ConcederTBNegotiator@0,False,False,False,,mbLTVTZLDvY,0.8213816800521802,0.8213816800521802,0.8218283087855961,0.7806795632742511,0.8338690225980921,0.8218283087855961,0.8218283087855961,0.8218283087855961
669,ConcederTBNegotiator,0.5968161143599741,0.0008771261662935939,0.5964621607620889,0.5838206627680312,0.5903183885640026,S0_F-1,ConcederTBNegotiator,0.006767082028090954,ConcederTBNegotiator@1,False,False,False,,mbLTVTZLDvY,0.8213816800521802,0.8213816800521802,0.8218283087855961,0.7806795632742511,0.8338690225980921,0.8218283087855961,0.8218283087855961,0.8218283087855961
670,LinearTBNegotiator,0.8700454840805718,0.0007811278057266481,0.8699438936395891,0.48862897985705,0.6793372319688109,S5_F-1,ConcederTBNegotiator,0.008096249192021787,LinearTBNegotiator@0,False,False,False,,s67dbxX5NM8,0.7625130806021299,0.7625130806021299,0.7805360810361862,0.8984044946650847,1.0,0.7805360810361862,0.7805360810361862,0.7805360810361862
671,ConcederTBNegotiator,0.48862897985705,0.0009639366705748589,0.48813557496739834,0.8700454840805718,0.6793372319688109,S5_F-1,LinearTBNegotiator,0.008428249857388437,ConcederTBNegotiator@1,False,False,False,,s67dbxX5NM8,0.7625130806021299,0.7625130806021299,0.7805360810361862,0.8984044946650847,1.0,0.7805360810361862,0.7805360810361862,0.7805360810361862
672,ConcederTBNegotiator,0.25438596491228077,0.0008771261662935939,0.25373139319016436,0.8888888888888888,0.5716374269005848,S0_F,BoulwareTBNegotiator,0.022506755776703358,ConcederTBNegotiator@0,False,False,False,,PVAk7gkSpoo,0.590083685965619,0.590083685965619,0.6069419837946906,0.755974513803547,1.0,0.6069419837946906,0.6069419837946906,0.6069419837946906
673,BoulwareTBNegotiator,0.8888888888888888,0.0007442816259952948,0.8888061293340289,0.25438596491228077,0.5716374269005848,S0_F,ConcederTBNegotiator,0.01587233494501561,BoulwareTBNegotiator@1,False,False,False,,PVAk7gkSpoo,0.590083685965619,0.590083685965619,0.6069419837946906,0.755974513803547,1.0,0.6069419837946906,0.6069419837946906,0.6069419837946906
674,BoulwareTBNegotiator,0.6854838709677419,0.0010624744725208587,0.6851493501896618,0.541734860883797,0.6136093659257694,S3_E,SmartAspirationNegotiator,0.021018752420786768,BoulwareTBNegotiator@0,False,False,False,,xqHY1Y5HWDM,0.9508547189471204,0.9143580762567265,0.9301480822807243,0.9990919435291352,1.0,0.9508547189471204,0.9301480822807243,0.9301480822807243
675,SmartAspirationNegotiator,0.541734860883797,0.0007574209704742231,0.5413874981575799,0.6854838709677419,0.6136093659257694,S3_E,BoulwareTBNegotiator,0.015516989980824292,SmartAspirationNegotiator@1,False,False,False,,xqHY1Y5HWDM,0.9508547189471204,0.9143580762567265,0.9301480822807243,0.9990919435291352,1.0,0.9508547189471204,0.9301480822807243,0.9301480822807243
676,ConcederTBNegotiator,0.1490748497922465,0.0010624744725208587,0.14816980195189802,0.8952536824877251,0.5221642661399858,S3_E,GeniusBOABaselineNegotiator,0.022247539774980396,ConcederTBNegotiator@0,False,False,False,,2_ZjsHIDbdk,0.5899418999499724,0.627175323667607,0.6118375432198896,0.8501990687710164,1.0,0.627175323667607,0.6118375432198896,0.6118375432198896
677,GeniusBOABaselineNegotiator,0.8952536824877251,0.0007574209704742231,0.8951742852931612,0.1490748497922465,0.5221642661399858,S3_E,ConcederTBNegotiator,0.006742619792930782,GeniusBOABaselineNegotiator@1,False,False,False,,2_ZjsHIDbdk,0.5899418999499724,0.627175323667607,0.6118375432198896,0.8501990687710164,1.0,0.627175323667607,0.6118375432198896,0.6118375432198896
678,ConcederTBNegotiator,0.2059779077322937,0.0008771261662935939,0.2052808387611162,0.8778427550357375,0.5419103313840156,S0_F,SmartAspirationNegotiator,0.023159002244938165,ConcederTBNegotiator@0,False,False,False,,GisWqr26I9I,0.5566644835268639,0.5566644835268639,0.5731311073045606,0.7166612611675568,0.977991611797476,0.5731311073045606,0.5731311073045606,0.5731311073045606
679,SmartAspirationNegotiator,0.8778427550357375,0.0007442816259952948,0.8777517679227921,0.2059779077322937,0.5419103313840156,S0_F,ConcederTBNegotiator,0.013072623172774911,SmartAspirationNegotiator@1,False,False,False,,GisWqr26I9I,0.5566644835268639,0.5566644835268639,0.5731311073045606,0.7166612611675568,0.977991611797476,0.5731311073045606,0.5731311073045606,0.5731311073045606
680,SmartAspirationNegotiator,0.4736842105263157,0.0034960628013070215,0.4718377220332626,0.5263157894736842,0.49999999999999994,S4_A-1,GeniusBOABaselineNegotiator,0.015552793978713453,SmartAspirationNegotiator@0,False,False,False,,SrJ_edGfqkI,0.9766081871345029,0.9766081871345029,0.9766081871345029,0.9999999999999999,0.9999999999999999,0.9766081871345029,0.9766081871345029,0.9766081871345029
681,GeniusBOABaselineNegotiator,0.5263157894736842,0.004370114375307104,0.5242366492151751,0.4736842105263157,0.49999999999999994,S4_A-1,SmartAspirationNegotiator,0.006428576947655529,GeniusBOABaselineNegotiator@1,False,False,False,,SrJ_edGfqkI,0.9766081871345029,0.9766081871345029,0.9766081871345029,0.9999999999999999,0.9999999999999999,0.9766081871345029,0.9766081871345029,0.9766081871345029
682,ConcederTBNegotiator,0.1185236972314441,0.0012950634439420957,0.11738064917527512,0.8821603927986906,0.5003420450150674,S2_E,BoulwareTBNegotiator,0.023122374492231756,ConcederTBNegotiator@0,False,False,False,,l3ez6JdmRd8,0.575956136137469,0.6132082015172416,0.598227682953997,0.8146676598217358,0.9763036178091531,0.6132082015172416,0.598227682953997,0.598227682953997
683,BoulwareTBNegotiator,0.8821603927986906,0.0006426653306037134,0.8820846126673073,0.1185236972314441,0.5003420450150674,S2_E,ConcederTBNegotiator,0.016104166628792882,BoulwareTBNegotiator@1,False,False,False,,l3ez6JdmRd8,0.575956136137469,0.6132082015172416,0.598227682953997,0.8146676598217358,0.9763036178091531,0.6132082015172416,0.598227682953997,0.598227682953997
684,ConcederTBNegotiator,0.19428200129954518,0.0007811278057266481,0.1936521405654527,0.9407670939817185,0.5675245476406319,S5_F-1,SmartAspirationNegotiator,0.019943163206335157,ConcederTBNegotiator@0,False,False,False,,ew0pmbBNw1I,0.5660350475489319,0.5660350475489319,0.5491246568472992,0.7505353459804499,0.9858911492972834,0.5660350475489319,0.5491246568472992,0.5491246568472992
685,SmartAspirationNegotiator,0.9407670939817185,0.0009639366705748589,0.9407099421207282,0.19428200129954518,0.5675245476406319,S5_F-1,ConcederTBNegotiator,0.012709123431704938,SmartAspirationNegotiator@1,False,False,False,,ew0pmbBNw1I,0.5660350475489319,0.5660350475489319,0.5491246568472992,0.7505353459804499,0.9858911492972834,0.5660350475489319,0.5491246568472992,0.5491246568472992
686,GeniusBOABaselineNegotiator,0.7076023391812865,0.004370114375307104,0.7063189192686266,0.2923976608187134,0.4999999999999999,S4_A,LinearTBNegotiator,0.006221625430043787,GeniusBOABaselineNegotiator@0,False,False,False,,5LzF5Fc1YbM,0.7953216374269007,0.7953216374269007,0.7953216374269007,0.9999999999999998,0.9999999999999999,0.7953216374269007,0.7953216374269007,0.7953216374269007
687,LinearTBNegotiator,0.2923976608187134,0.0034960628013070215,0.28991515962249753,0.7076023391812865,0.4999999999999999,S4_A,GeniusBOABaselineNegotiator,0.02153670508414507,LinearTBNegotiator@1,False,False,False,,5LzF5Fc1YbM,0.7953216374269007,0.7953216374269007,0.7953216374269007,0.9999999999999998,0.9999999999999999,0.7953216374269007,0.7953216374269007,0.7953216374269007
688,SmartAspirationNegotiator,0.7543859649122808,0.0009639366705748589,0.7541489800986998,0.7573099415204678,0.7558479532163743,S5_F,BoulwareTBNegotiator,0.014168499212246388,SmartAspirationNegotiator@0,False,False,False,,dnbZWLYxwYc,0.9807999989329749,0.9807999989329749,1.0,0.9995877842364035,1.0,1.0,1.0,1.0
689,BoulwareTBNegotiator,0.7573099415204678,0.0007811278057266481,0.7571202213719327,0.7543859649122808,0.7558479532163743,S5_F,SmartAspirationNegotiator,0.017757741967216134,BoulwareTBNegotiator@1,False,False,False,,dnbZWLYxwYc,0.9807999989329749,0.9807999989329749,1.0,0.9995877842364035,1.0,1.0,1.0,1.0
690,GeniusBOABaselineNegotiator,0.6933073424301495,0.0008771261662935939,0.69303809811395,0.7063027940220923,0.6998050682261209,S0_F,BoulwareTBNegotiator,0.007336710637900978,GeniusBOABaselineNegotiator@0,False,False,False,,lfON-8cDnEs,0.9346036197574028,0.9346036197574028,0.9395037748202615,0.9254726358242911,0.9462663627744217,0.9395037748202615,0.9395037748202615,0.9395037748202615
691,BoulwareTBNegotiator,0.7063027940220923,0.0007442816259952948,0.7060840377718192,0.6933073424301495,0.6998050682261209,S0_F,GeniusBOABaselineNegotiator,0.018681495042983443,BoulwareTBNegotiator@1,False,False,False,,lfON-8cDnEs,0.9346036197574028,0.9346036197574028,0.9395037748202615,0.9254726358242911,0.9462663627744217,0.9395037748202615,0.9395037748202615,0.9395037748202615
692,LinearTBNegotiator,0.26900584795321636,0.0034960628013070215,0.2664412806017537,0.7309941520467835,0.49999999999999994,S4_A-1,GeniusBOABaselineNegotiator,0.020993045007344335,LinearTBNegotiator@0,False,False,False,,wSxXNUD3Ne4,0.7719298245614036,0.7719298245614036,0.7719298245614036,0.9999999999999999,0.9999999999999999,0.7719298245614036,0.7719298245614036,0.7719298245614036
693,GeniusBOABaselineNegotiator,0.7309941520467835,0.004370114375307104,0.7298134057271364,0.26900584795321636,0.49999999999999994,S4_A-1,LinearTBNegotiator,0.03677128878189251,GeniusBOABaselineNegotiator@1,False,False,False,,wSxXNUD3Ne4,0.7719298245614036,0.7719298245614036,0.7719298245614036,0.9999999999999999,0.9999999999999999,0.7719298245614036,0.7719298245614036,0.7719298245614036
694,BoulwareTBNegotiator,0.6854838709677419,0.0012950634439420957,0.6850760244393724,0.541734860883797,0.6136093659257694,S2_E,SmartAspirationNegotiator,0.020130377961322665,BoulwareTBNegotiator@0,False,False,False,,pKsvPBncACs,0.9508547189471204,0.9143580762567265,0.9301480822807243,0.9990919435291352,1.0,0.9508547189471204,0.9301480822807243,0.9301480822807243
695,SmartAspirationNegotiator,0.541734860883797,0.0006426653306037134,0.5414401603728615,0.6854838709677419,0.6136093659257694,S2_E,BoulwareTBNegotiator,0.015571661235298961,SmartAspirationNegotiator@1,False,False,False,,pKsvPBncACs,0.9508547189471204,0.9143580762567265,0.9301480822807243,0.9990919435291352,1.0,0.9508547189471204,0.9301480822807243,0.9301480822807243
696,ConcederTBNegotiator,0.5838206627680312,0.0007811278057266481,0.5834953193807842,0.5968161143599741,0.5903183885640026,S5_F-1,ConcederTBNegotiator,0.0065962099470198154,ConcederTBNegotiator@0,False,False,False,,aPS6WeXkF1o,0.8213816800521802,0.8213816800521802,0.8218283087855961,0.7806795632742511,0.8338690225980921,0.8218283087855961,0.8218283087855961,0.8218283087855961
697,ConcederTBNegotiator,0.5968161143599741,0.0009639366705748589,0.5964270956382094,0.5838206627680312,0.5903183885640026,S5_F-1,ConcederTBNegotiator,0.006719041091855615,ConcederTBNegotiator@1,False,False,False,,aPS6WeXkF1o,0.8213816800521802,0.8213816800521802,0.8218283087855961,0.7806795632742511,0.8338690225980921,0.8218283087855961,0.8218283087855961,0.8218283087855961
698,BoulwareTBNegotiator,0.7994924177520258,0.0009639366705748589,0.7992989546545947,0.3667966211825861,0.5831445194673059,S5_F,LinearTBNegotiator,0.01749350008321926,BoulwareTBNegotiator@0,False,False,False,,JCpaCKtgQ8o,0.7157177189149243,0.7157177189149243,0.701145103828247,0.7711923219788893,0.9391382745772429,0.7157177189149243,0.701145103828247,0.701145103828247
699,LinearTBNegotiator,0.3667966211825861,0.0007811278057266481,0.36630162175889813,0.7994924177520258,0.5831445194673059,S5_F,BoulwareTBNegotiator,0.018947835837025195,LinearTBNegotiator@1,False,False,False,,JCpaCKtgQ8o,0.7157177189149243,0.7157177189149243,0.701145103828247,0.7711923219788893,0.9391382745772429,0.7157177189149243,0.701145103828247,0.701145103828247
700,ConcederTBNegotiator,0.5331541218637992,0.0010624744725208587,0.532657582475253,0.44971813056919435,0.4914361262164968,S3_E,ConcederTBNegotiator,0.008047459181398153,ConcederTBNegotiator@0,False,False,False,,mqrTIo0M6Rw,0.8750503643735918,0.8735938136947262,0.8829793189802546,0.8001668516276624,0.8829793189802546,0.8829793189802546,0.8829793189802546,0.8829793189802546
701,ConcederTBNegotiator,0.44971813056919435,0.0007574209704742231,0.4493010196130306,0.5331541218637992,0.4914361262164968,S3_E,ConcederTBNegotiator,0.007912956003565341,ConcederTBNegotiator@1,False,False,False,,mqrTIo0M6Rw,0.8750503643735918,0.8735938136947262,0.8829793189802546,0.8001668516276624,0.8829793189802546,0.8829793189802546,0.8829793189802546,0.8829793189802546
702,ConcederTBNegotiator,0.2059779077322937,0.0009639366705748589,0.2052117822238384,0.8778427550357375,0.5419103313840156,S5_F,SmartAspirationNegotiator,0.023772867920342833,ConcederTBNegotiator@0,False,False,False,,xwsB842RTQc,0.5566644835268639,0.5566644835268639,0.5731311073045606,0.7166612611675568,0.977991611797476,0.5731311073045606,0.5731311073045606,0.5731311073045606
703,SmartAspirationNegotiator,0.8778427550357375,0.0007811278057266481,0.8777472600212138,0.2059779077322937,0.5419103313840156,S5_F,ConcederTBNegotiator,0.013086663035210222,SmartAspirationNegotiator@1,False,False,False,,xwsB842RTQc,0.5566644835268639,0.5566644835268639,0.5731311073045606,0.7166612611675568,0.977991611797476,0.5731311073045606,0.5731311073045606,0.5731311073045606
704,SmartAspirationNegotiator,0.5238095238095238,0.002193248997500751,0.5227628238513657,0.6345827581547269,0.5791961409821254,S1_B,BoulwareTBNegotiator,0.015142545977141708,SmartAspirationNegotiator@0,False,False,False,,4dsyCzk1vio,0.9156542223097626,0.9371370162294771,0.9371370162294771,0.9322732668297498,0.9823108132553978,0.9371370162294771,0.9371370162294771,0.9371370162294771
705,BoulwareTBNegotiator,0.6345827581547269,0.0007754352238636291,0.6342991808581685,0.5238095238095238,0.5791961409821254,S1_B,SmartAspirationNegotiator,0.01940253854263574,BoulwareTBNegotiator@1,False,False,False,,4dsyCzk1vio,0.9156542223097626,0.9371370162294771,0.9371370162294771,0.9322732668297498,0.9823108132553978,0.9371370162294771,0.9371370162294771,0.9371370162294771
706,ConcederTBNegotiator,0.1387525004546281,0.0006426653306037134,0.1381986506055048,0.9144540713339779,0.526603285894303,S2_E-1,SmartAspirationNegotiator,0.022018338029738516,ConcederTBNegotiator@0,False,False,False,,FUdppUGA1XA,0.6218815860491587,0.588727183871518,0.6055037501538055,0.857426776038838,0.9875390245474492,0.6218815860491587,0.6055037501538055,0.6055037501538055
707,SmartAspirationNegotiator,0.9144540713339779,0.0012950634439420957,0.9143431402662139,0.1387525004546281,0.526603285894303,S2_E-1,ConcederTBNegotiator,0.012567830679472536,SmartAspirationNegotiator@1,False,False,False,,FUdppUGA1XA,0.6218815860491587,0.588727183871518,0.6055037501538055,0.857426776038838,0.9875390245474492,0.6218815860491587,0.6055037501538055,0.6055037501538055
708,SmartAspirationNegotiator,0.6995817421349336,0.0007574209704742231,0.6993540265699691,0.253828356729652,0.4767050494322928,S3_E-1,LinearTBNegotiator,0.014291335071902722,SmartAspirationNegotiator@0,False,False,False,,fI1d0E9zMxk,0.7159757289221454,0.7519186022843661,0.7393675598672658,0.7761813961377478,0.9845829745045027,0.7519186022843661,0.7393675598672658,0.7393675598672658
709,LinearTBNegotiator,0.253828356729652,0.0010624744725208587,0.2530347251933104,0.6995817421349336,0.4767050494322928,S3_E-1,SmartAspirationNegotiator,0.02215969783719629,LinearTBNegotiator@1,False,False,False,,fI1d0E9zMxk,0.7159757289221454,0.7519186022843661,0.7393675598672658,0.7761813961377478,0.9845829745045027,0.7519186022843661,0.7393675598672658,0.7393675598672658
710,GeniusBOABaselineNegotiator,0.4970760233918128,0.004370114375307104,0.49486854114203777,0.5029239766081871,0.49999999999999994,S4_A,BoulwareTBNegotiator,0.0064297079225070775,GeniusBOABaselineNegotiator@0,False,False,False,,Vn4BLFGLDMY,0.9941520467836257,0.9941520467836257,0.9941520467836257,0.9999999999999999,0.9999999999999999,0.9941520467836257,0.9999999999999999,0.9999999999999999
711,BoulwareTBNegotiator,0.5029239766081871,0.0034960628013070215,0.5011800708091925,0.4970760233918128,0.49999999999999994,S4_A,GeniusBOABaselineNegotiator,0.019071238697506487,BoulwareTBNegotiator@1,False,False,False,,Vn4BLFGLDMY,0.9941520467836257,0.9941520467836257,0.9941520467836257,0.9999999999999999,0.9999999999999999,0.9941520467836257,0.9999999999999999,0.9999999999999999
712,ConcederTBNegotiator,0.5664529123725907,0.0007754352238636291,0.5661164637955632,0.5608465608465609,0.5636497366095758,S1_B-1,ConcederTBNegotiator,0.006170042033772916,ConcederTBNegotiator@0,False,False,False,,qUbKeClESj0,0.9431329833373322,0.9532848494831877,0.9532848494831877,0.9072497969439234,0.9609009237432099,0.9532848494831877,0.9532848494831877,0.9532848494831877
713,ConcederTBNegotiator,0.5608465608465609,0.002193248997500751,0.5598812708851485,0.5664529123725907,0.5636497366095758,S1_B-1,ConcederTBNegotiator,0.005348958948161453,ConcederTBNegotiator@1,False,False,False,,qUbKeClESj0,0.9431329833373322,0.9532848494831877,0.9532848494831877,0.9072497969439234,0.9609009237432099,0.9532848494831877,0.9532848494831877,0.9532848494831877
714,SmartAspirationNegotiator,0.7258064516129032,0.0010624744725208587,0.7255148181140643,0.30187306783051465,0.5138397597217089,S3_E,LinearTBNegotiator,0.01406746549764648,SmartAspirationNegotiator@0,False,False,False,,rMxIx4mKDPA,0.7845053897860967,0.7558778564162505,0.7723591634059338,0.8366449286972107,0.9454102745825437,0.7845053897860967,0.7723591634059338,0.7723591634059338
715,LinearTBNegotiator,0.30187306783051465,0.0007574209704742231,0.30134389104244036,0.7258064516129032,0.5138397597217089,S3_E,SmartAspirationNegotiator,0.019978994561824948,LinearTBNegotiator@1,False,False,False,,rMxIx4mKDPA,0.7845053897860967,0.7558778564162505,0.7723591634059338,0.8366449286972107,0.9454102745825437,0.7845053897860967,0.7723591634059338,0.7723591634059338
716,SmartAspirationNegotiator,0.541734860883797,0.0007574209704742231,0.5413874981575799,0.6854838709677419,0.6136093659257694,S3_E-1,BoulwareTBNegotiator,0.015428840706590563,SmartAspirationNegotiator@0,False,False,False,,RbpEFa0mt0k,0.9508547189471204,0.9143580762567265,0.9301480822807243,0.9990919435291352,1.0,0.9508547189471204,0.9301480822807243,0.9301480822807243
717,BoulwareTBNegotiator,0.6854838709677419,0.0010624744725208587,0.6851493501896618,0.541734860883797,0.6136093659257694,S3_E-1,SmartAspirationNegotiator,0.019681867270264775,BoulwareTBNegotiator@1,False,False,False,,RbpEFa0mt0k,0.9508547189471204,0.9143580762567265,0.9301480822807243,0.9990919435291352,1.0,0.9508547189471204,0.9301480822807243,0.9301480822807243
718,SmartAspirationNegotiator,0.7543859649122808,0.0008771261662935939,0.7541703412861719,0.7573099415204678,0.7558479532163743,S0_F,BoulwareTBNegotiator,0.014448787842411548,SmartAspirationNegotiator@0,False,False,False,,0bZMSf5dq-E,0.9807999989329749,0.9807999989329749,1.0,0.9995877842364035,1.0,1.0,1.0,1.0
719,BoulwareTBNegotiator,0.7573099415204678,0.0007442816259952948,0.7571291772295895,0.7543859649122808,0.7558479532163743,S0_F,SmartAspirationNegotiator,0.01783519791206345,BoulwareTBNegotiator@1,False,False,False,,0bZMSf5dq-E,0.9807999989329749,0.9807999989329749,1.0,0.9995877842364035,1.0,1.0,1.0,1.0
720,LinearTBNegotiator,0.23703471649526825,0.0012950634439420957,0.23604534675101607,0.6710310965630115,0.45403290652913986,S2_E,GeniusBOABaselineNegotiator,0.023010958218947053,LinearTBNegotiator@0,False,False,False,,6vZ3o4RKx-c,0.70911502398021,0.7441159507431945,0.7325810824533303,0.7392661263016912,0.9694735723246475,0.7441159507431945,0.7325810824533303,0.7325810824533303
721,GeniusBOABaselineNegotiator,0.6710310965630115,0.0006426653306037134,0.6708195436962329,0.23703471649526825,0.45403290652913986,S2_E,LinearTBNegotiator,0.007181493914686143,GeniusBOABaselineNegotiator@1,False,False,False,,6vZ3o4RKx-c,0.70911502398021,0.7441159507431945,0.7325810824533303,0.7392661263016912,0.9694735723246475,0.7441159507431945,0.7325810824533303,0.7325810824533303
722,LinearTBNegotiator,0.4970760233918128,0.0034960628013070215,0.49531160105400646,0.502923976608187,0.4999999999999999,S4_A-1,LinearTBNegotiator,0.014900919806677848,LinearTBNegotiator@0,False,False,False,,mRO1tb6KxXg,0.9999999999999998,0.9999999999999998,0.9999999999999998,0.9999999999999998,0.9999999999999998,0.9999999999999998,0.9999999999999998,0.9999999999999998
723,LinearTBNegotiator,0.502923976608187,0.004370114375307104,0.5007421627566652,0.4970760233918128,0.4999999999999999,S4_A-1,LinearTBNegotiator,0.014261953649111092,LinearTBNegotiator@1,False,False,False,,mRO1tb6KxXg,0.9999999999999998,0.9999999999999998,0.9999999999999998,0.9999999999999998,0.9999999999999998,0.9999999999999998,0.9999999999999998,0.9999999999999998
724,BoulwareTBNegotiator,0.503182396799418,0.0006426653306037134,0.5028629040232768,0.5465949820788529,0.5248886894391355,S2_E-1,BoulwareTBNegotiator,0.02034633664879948,BoulwareTBNegotiator@0,False,False,False,,sZDfIdHJADc,0.9101795645181664,0.9126584534033798,0.9210437943802361,0.8546350332788867,0.9210437943802361,0.9210437943802361,0.9210437943802361,0.9210437943802361
725,BoulwareTBNegotiator,0.5465949820788529,0.0012950634439420957,0.546007032382685,0.503182396799418,0.5248886894391355,S2_E-1,BoulwareTBNegotiator,0.020272872410714626,BoulwareTBNegotiator@1,False,False,False,,sZDfIdHJADc,0.9101795645181664,0.9126584534033798,0.9210437943802361,0.8546350332788867,0.9210437943802361,0.9210437943802361,0.9210437943802361,0.9210437943802361
726,BoulwareTBNegotiator,0.503182396799418,0.0007574209704742231,0.5028058114946462,0.5465949820788529,0.5248886894391355,S3_E-1,BoulwareTBNegotiator,0.020111801917664707,BoulwareTBNegotiator@0,False,False,False,,p4TYjoo2IoU,0.9101795645181664,0.9126584534033798,0.9210437943802361,0.8546350332788867,0.9210437943802361,0.9210437943802361,0.9210437943802361,0.9210437943802361
727,BoulwareTBNegotiator,0.5465949820788529,0.0010624744725208587,0.5461127384500538,0.503182396799418,0.5248886894391355,S3_E-1,BoulwareTBNegotiator,0.019796243344899267,BoulwareTBNegotiator@1,False,False,False,,p4TYjoo2IoU,0.9101795645181664,0.9126584534033798,0.9210437943802361,0.8546350332788867,0.9210437943802361,0.9210437943802361,0.9210437943802361,0.9210437943802361
728,BoulwareTBNegotiator,0.6710310965630115,0.0006426653306037134,0.6708195436962329,0.23703471649526825,0.45403290652913986,S2_E-1,LinearTBNegotiator,0.0190616698237136,BoulwareTBNegotiator@0,False,False,False,,glV-qASqqD8,0.70911502398021,0.7441159507431945,0.7325810824533303,0.7392661263016912,0.9694735723246475,0.7441159507431945,0.7325810824533303,0.7325810824533303
729,LinearTBNegotiator,0.23703471649526825,0.0012950634439420957,0.23604534675101607,0.6710310965630115,0.45403290652913986,S2_E-1,BoulwareTBNegotiator,0.02288399526150897,LinearTBNegotiator@1,False,False,False,,glV-qASqqD8,0.70911502398021,0.7441159507431945,0.7325810824533303,0.7392661263016912,0.9694735723246475,0.7441159507431945,0.7325810824533303,0.7325810824533303
730,LinearTBNegotiator,0.7543859649122808,0.0009639366705748589,0.7541489800986998,0.7573099415204678,0.7558479532163743,S5_F,LinearTBNegotiator,0.010443086153827608,LinearTBNegotiator@0,False,False,False,,1XKp9pj641Y,0.9807999989329749,0.9807999989329749,1.0,0.9995877842364035,1.0,1.0,1.0,1.0
731,LinearTBNegotiator,0.7573099415204678,0.0007811278057266481,0.7571202213719327,0.7543859649122808,0.7558479532163743,S5_F,LinearTBNegotiator,0.01019420672673732,LinearTBNegotiator@1,False,False,False,,1XKp9pj641Y,0.9807999989329749,0.9807999989329749,1.0,0.9995877842364035,1.0,1.0,1.0,1.0
732,GeniusBOABaselineNegotiator,0.6854838709677419,0.0010624744725208587,0.6851493501896618,0.541734860883797,0.6136093659257694,S3_E,SmartAspirationNegotiator,0.007509498682338744,GeniusBOABaselineNegotiator@0,False,False,False,,YAAg6XmZslw,0.9508547189471204,0.9143580762567265,0.9301480822807243,0.9990919435291352,1.0,0.9508547189471204,0.9301480822807243,0.9301480822807243
733,SmartAspirationNegotiator,0.541734860883797,0.0007574209704742231,0.5413874981575799,0.6854838709677419,0.6136093659257694,S3_E,GeniusBOABaselineNegotiator,0.015096497256308794,SmartAspirationNegotiator@1,False,False,False,,YAAg6XmZslw,0.9508547189471204,0.9143580762567265,0.9301480822807243,0.9990919435291352,1.0,0.9508547189471204,0.9301480822807243,0.9301480822807243
734,SmartAspirationNegotiator,0.761904761904762,0.0007754352238636291,0.7617199911927903,0.31746031746031744,0.5396825396825398,S1_B-1,LinearTBNegotiator,0.012960460328031331,SmartAspirationNegotiator@0,False,False,False,,8RRqV5F99AM,0.743430141592613,0.7654675607333643,0.7654675607333643,0.8686722315995966,0.9747435113226108,0.7654675607333643,0.7654675607333643,0.7654675607333643
735,LinearTBNegotiator,0.31746031746031744,0.002193248997500751,0.3159600475202909,0.761904761904762,0.5396825396825398,S1_B-1,SmartAspirationNegotiator,0.020222525345161557,LinearTBNegotiator@1,False,False,False,,8RRqV5F99AM,0.743430141592613,0.7654675607333643,0.7654675607333643,0.8686722315995966,0.9747435113226108,0.7654675607333643,0.7654675607333643,0.7654675607333643
736,ConcederTBNegotiator,0.25438596491228077,0.0008771261662935939,0.25373139319016436,0.8888888888888888,0.5716374269005848,S0_F,BoulwareTBNegotiator,0.02291575149865821,ConcederTBNegotiator@0,False,False,False,,opu1pfcojUo,0.590083685965619,0.590083685965619,0.6069419837946906,0.755974513803547,1.0,0.6069419837946906,0.6069419837946906,0.6069419837946906
737,BoulwareTBNegotiator,0.8888888888888888,0.0007442816259952948,0.8888061293340289,0.25438596491228077,0.5716374269005848,S0_F,ConcederTBNegotiator,0.016097082232590765,BoulwareTBNegotiator@1,False,False,False,,opu1pfcojUo,0.590083685965619,0.590083685965619,0.6069419837946906,0.755974513803547,1.0,0.6069419837946906,0.6069419837946906,0.6069419837946906
738,ConcederTBNegotiator,0.47368421052631576,0.0034960628013070215,0.47183772203326263,0.5263157894736841,0.4999999999999999,S4_A-1,ConcederTBNegotiator,0.006314415950328112,ConcederTBNegotiator@0,False,False,False,,fm5CiZqrCU8,0.976608187134503,0.976608187134503,0.976608187134503,0.9999999999999998,0.9999999999999999,0.976608187134503,0.976608187134503,0.976608187134503
739,ConcederTBNegotiator,0.5263157894736841,0.004370114375307104,0.524236649215175,0.47368421052631576,0.4999999999999999,S4_A-1,ConcederTBNegotiator,0.0062797918799333274,ConcederTBNegotiator@1,False,False,False,,fm5CiZqrCU8,0.976608187134503,0.976608187134503,0.976608187134503,0.9999999999999998,0.9999999999999999,0.976608187134503,0.976608187134503,0.976608187134503
740,LinearTBNegotiator,0.7651169989224802,0.0010624744725208587,0.764867176299647,0.4238952536824877,0.594506126302484,S3_E,ConcederTBNegotiator,0.009901209094095975,LinearTBNegotiator@0,False,False,False,,yNUskN8Y8zM,0.8500196090556311,0.8150382970349164,0.8316149347784617,0.9679876386361752,1.0,0.8500196090556311,0.8316149347784617,0.8316149347784617
741,ConcederTBNegotiator,0.4238952536824877,0.0007574209704742231,0.4234585691123863,0.7651169989224802,0.594506126302484,S3_E,LinearTBNegotiator,0.010895997984334826,ConcederTBNegotiator@1,False,False,False,,yNUskN8Y8zM,0.8500196090556311,0.8150382970349164,0.8316149347784617,0.9679876386361752,1.0,0.8500196090556311,0.8316149347784617,0.8316149347784617
742,SmartAspirationNegotiator,0.8778427550357375,0.0007811278057266481,0.8777472600212138,0.2059779077322937,0.5419103313840156,S5_F-1,ConcederTBNegotiator,0.01310521422419697,SmartAspirationNegotiator@0,False,False,False,,kh4dsdvTPSE,0.5566644835268639,0.5566644835268639,0.5731311073045606,0.7166612611675568,0.977991611797476,0.5731311073045606,0.5731311073045606,0.5731311073045606
743,ConcederTBNegotiator,0.2059779077322937,0.0009639366705748589,0.2052117822238384,0.8778427550357375,0.5419103313840156,S5_F-1,SmartAspirationNegotiator,0.02362791443010792,ConcederTBNegotiator@1,False,False,False,,kh4dsdvTPSE,0.5566644835268639,0.5566644835268639,0.5731311073045606,0.7166612611675568,0.977991611797476,0.5731311073045606,0.5731311073045606,0.5731311073045606
744,ConcederTBNegotiator,0.19047619047619047,0.0007754352238636291,0.18984797005548684,0.9682539682539681,0.5793650793650793,S1_B-1,BoulwareTBNegotiator,0.019759251386858523,ConcederTBNegotiator@0,False,False,False,,sdN1dP7D_eA,0.6247884002894775,0.6039172983238965,0.6039172983238965,0.9325451898054491,1.0,0.6247884002894775,0.6039172983238965,0.6039172983238965
745,BoulwareTBNegotiator,0.9682539682539681,0.002193248997500751,0.9681841882567576,0.19047619047619047,0.5793650793650793,S1_B-1,ConcederTBNegotiator,0.013081873941700906,BoulwareTBNegotiator@1,False,False,False,,sdN1dP7D_eA,0.6247884002894775,0.6039172983238965,0.6039172983238965,0.9325451898054491,1.0,0.6247884002894775,0.6039172983238965,0.6039172983238965
746,GeniusBOABaselineNegotiator,0.4970760233918128,0.004370114375307104,0.49486854114203777,0.5029239766081871,0.49999999999999994,S4_A,GeniusBOABaselineNegotiator,0.006459749129135162,GeniusBOABaselineNegotiator@0,False,False,False,,epvhy23Tpw8,0.9941520467836257,0.9941520467836257,0.9941520467836257,0.9999999999999999,0.9999999999999999,0.9941520467836257,0.9999999999999999,0.9999999999999999
747,GeniusBOABaselineNegotiator,0.5029239766081871,0.0034960628013070215,0.5011800708091925,0.4970760233918128,0.49999999999999994,S4_A,GeniusBOABaselineNegotiator,0.006154743081424385,GeniusBOABaselineNegotiator@1,False,False,False,,epvhy23Tpw8,0.9941520467836257,0.9941520467836257,0.9941520467836257,0.9999999999999999,0.9999999999999999,0.9941520467836257,0.9999999999999999,0.9999999999999999
748,LinearTBNegotiator,0.23703471649526825,0.0012950634439420957,0.23604534675101607,0.6710310965630115,0.45403290652913986,S2_E,BoulwareTBNegotiator,0.0224838760914281,LinearTBNegotiator@0,False,False,False,,GHHot5dDEjo,0.70911502398021,0.7441159507431945,0.7325810824533303,0.7392661263016912,0.9694735723246475,0.7441159507431945,0.7325810824533303,0.7325810824533303
749,BoulwareTBNegotiator,0.6710310965630115,0.0006426653306037134,0.6708195436962329,0.23703471649526825,0.45403290652913986,S2_E,LinearTBNegotiator,0.01867103873519227,BoulwareTBNegotiator@1,False,False,False,,GHHot5dDEjo,0.70911502398021,0.7441159507431945,0.7325810824533303,0.7392661263016912,0.9694735723246475,0.7441159507431945,0.7325810824533303,0.7325810824533303
750,LinearTBNegotiator,0.30187306783051465,0.0006426653306037134,0.30142411732992674,0.7258064516129032,0.5138397597217089,S2_E-1,SmartAspirationNegotiator,0.020473551063332707,LinearTBNegotiator@0,False,False,False,,mknG4i8cIr4,0.7845053897860967,0.7558778564162505,0.7723591634059338,0.8366449286972107,0.9454102745825437,0.7845053897860967,0.7723591634059338,0.7723591634059338
751,SmartAspirationNegotiator,0.7258064516129032,0.0012950634439420957,0.7254508931009914,0.30187306783051465,0.5138397597217089,S2_E-1,LinearTBNegotiator,0.014107536291703582,SmartAspirationNegotiator@1,False,False,False,,mknG4i8cIr4,0.7845053897860967,0.7558778564162505,0.7723591634059338,0.8366449286972107,0.9454102745825437,0.7845053897860967,0.7723591634059338,0.7723591634059338
752,BoulwareTBNegotiator,0.8657937806873975,0.0006426653306037134,0.8657074755377665,0.17741935483870966,0.5216065677630536,S2_E-1,ConcederTBNegotiator,0.01635871035978198,BoulwareTBNegotiator@0,False,False,False,,LrUqzLdUHQU,0.6181361991736312,0.6553875741567566,0.6401835445286903,0.8492910123001515,1.0,0.6553875741567566,0.6401835445286903,0.6401835445286903
753,ConcederTBNegotiator,0.17741935483870966,0.0012950634439420957,0.17635267930297413,0.8657937806873975,0.5216065677630536,S2_E-1,BoulwareTBNegotiator,0.02321124414447695,ConcederTBNegotiator@1,False,False,False,,LrUqzLdUHQU,0.6181361991736312,0.6553875741567566,0.6401835445286903,0.8492910123001515,1.0,0.6553875741567566,0.6401835445286903,0.6401835445286903
754,GeniusBOABaselineNegotiator,0.4970760233918128,0.004370114375307104,0.49486854114203777,0.5029239766081871,0.49999999999999994,S4_A,GeniusBOABaselineNegotiator,0.006542374205309898,GeniusBOABaselineNegotiator@0,False,False,False,,42LbpLO5eFw,0.9941520467836257,0.9941520467836257,0.9941520467836257,0.9999999999999999,0.9999999999999999,0.9941520467836257,0.9999999999999999,0.9999999999999999
755,GeniusBOABaselineNegotiator,0.5029239766081871,0.0034960628013070215,0.5011800708091925,0.4970760233918128,0.49999999999999994,S4_A,GeniusBOABaselineNegotiator,0.006243658950552344,GeniusBOABaselineNegotiator@1,False,False,False,,42LbpLO5eFw,0.9941520467836257,0.9941520467836257,0.9941520467836257,0.9999999999999999,0.9999999999999999,0.9941520467836257,0.9999999999999999,0.9999999999999999
756,GeniusBOABaselineNegotiator,0.7894736842105263,0.0008771261662935939,0.7892888639595759,0.559779077322937,0.6746263807667316,S0_F,GeniusBOABaselineNegotiator,0.007272795948665589,GeniusBOABaselineNegotiator@0,False,False,False,,UyqfNEmMX_8,0.8625646620321361,0.8625646620321361,0.8474798110912376,0.8921745256681245,0.9573599675039428,0.8625646620321361,0.8474798110912376,0.8474798110912376
757,GeniusBOABaselineNegotiator,0.559779077322937,0.0007442816259952948,0.5594511849345297,0.7894736842105263,0.6746263807667316,S0_F,GeniusBOABaselineNegotiator,0.007229158247355372,GeniusBOABaselineNegotiator@1,False,False,False,,UyqfNEmMX_8,0.8625646620321361,0.8625646620321361,0.8474798110912376,0.8921745256681245,0.9573599675039428,0.8625646620321361,0.8474798110912376,0.8474798110912376
758,LinearTBNegotiator,0.5790272025991713,0.0007754352238636291,0.5787005121364862,0.5767195767195767,0.577873389659374,S1_B-1,LinearTBNegotiator,0.013769455661531538,LinearTBNegotiator@0,False,False,False,,ED9OhfS71yg,0.9567674947426404,0.9677024037038318,0.9677024037038318,0.9301441682228879,0.9736745881204828,0.9677024037038318,0.9677024037038318,0.9677024037038318
759,LinearTBNegotiator,0.5767195767195767,0.002193248997500751,0.5757891767567695,0.5790272025991713,0.577873389659374,S1_B-1,LinearTBNegotiator,0.012693499389570206,LinearTBNegotiator@1,False,False,False,,ED9OhfS71yg,0.9567674947426404,0.9677024037038318,0.9677024037038318,0.9301441682228879,0.9736745881204828,0.9677024037038318,0.9677024037038318,0.9677024037038318
760,ConcederTBNegotiator,0.1185236972314441,0.0010624744725208587,0.11758615504698254,0.8821603927986906,0.5003420450150674,S3_E,BoulwareTBNegotiator,0.02272883866680786,ConcederTBNegotiator@0,False,False,False,,f_iRTGDupBw,0.575956136137469,0.6132082015172416,0.598227682953997,0.8146676598217358,0.9763036178091531,0.6132082015172416,0.598227682953997,0.598227682953997
761,BoulwareTBNegotiator,0.8821603927986906,0.0007574209704742231,0.8820710709548063,0.1185236972314441,0.5003420450150674,S3_E,ConcederTBNegotiator,0.015708371240179986,BoulwareTBNegotiator@1,False,False,False,,f_iRTGDupBw,0.575956136137469,0.6132082015172416,0.598227682953997,0.8146676598217358,0.9763036178091531,0.6132082015172416,0.598227682953997,0.598227682953997
762,SmartAspirationNegotiator,0.7397660818713451,0.0007811278057266481,0.7395626470132772,0.7725532264198727,0.7561596541456088,S5_F-1,SmartAspirationNegotiator,0.013767002208624035,SmartAspirationNegotiator@0,False,False,False,,kp-4McCWtDs,1.0,1.0,0.9807999989329749,1.0,1.0,1.0,0.9807999989329749,0.9807999989329749
763,SmartAspirationNegotiator,0.7725532264198727,0.0009639366705748589,0.7723337705926955,0.7397660818713451,0.7561596541456088,S5_F-1,SmartAspirationNegotiator,0.013906708161812276,SmartAspirationNegotiator@1,False,False,False,,kp-4McCWtDs,1.0,1.0,0.9807999989329749,1.0,1.0,1.0,0.9807999989329749,0.9807999989329749
764,GeniusBOABaselineNegotiator,0.6710310965630115,0.0007574209704742231,0.6707817397488343,0.23703471649526825,0.45403290652913986,S3_E-1,LinearTBNegotiator,0.0075496272766031325,GeniusBOABaselineNegotiator@0,False,False,False,,bnTV_Z_1ghk,0.70911502398021,0.7441159507431945,0.7325810824533303,0.7392661263016912,0.9694735723246475,0.7441159507431945,0.7325810824533303,0.7325810824533303
765,LinearTBNegotiator,0.23703471649526825,0.0010624744725208587,0.23622322316717914,0.6710310965630115,0.45403290652913986,S3_E-1,GeniusBOABaselineNegotiator,0.022988874232396483,LinearTBNegotiator@1,False,False,False,,bnTV_Z_1ghk,0.70911502398021,0.7441159507431945,0.7325810824533303,0.7392661263016912,0.9694735723246475,0.7441159507431945,0.7325810824533303,0.7325810824533303
766,BoulwareTBNegotiator,0.4970760233918128,0.004370114375307104,0.49486854114203777,0.5029239766081871,0.49999999999999994,S4_A,BoulwareTBNegotiator,0.02078841597540304,BoulwareTBNegotiator@0,False,False,False,,a_o9dSC85KI,0.9941520467836257,0.9941520467836257,0.9941520467836257,0.9999999999999999,0.9999999999999999,0.9941520467836257,0.9999999999999999,0.9999999999999999
767,BoulwareTBNegotiator,0.5029239766081871,0.0034960628013070215,0.5011800708091925,0.4970760233918128,0.49999999999999994,S4_A,BoulwareTBNegotiator,0.019931324932258576,BoulwareTBNegotiator@1,False,False,False,,a_o9dSC85KI,0.9941520467836257,0.9941520467836257,0.9941520467836257,0.9999999999999999,0.9999999999999999,0.9941520467836257,0.9999999999999999,0.9999999999999999
768,GeniusBOABaselineNegotiator,0.7076023391812865,0.0034960628013070215,0.7065765122407014,0.2923976608187134,0.4999999999999999,S4_A-1,LinearTBNegotiator,0.006335837300866842,GeniusBOABaselineNegotiator@0,False,False,False,,uhFlS1PYfRA,0.7894736842105263,0.7894736842105263,0.7894736842105263,0.9999999999999998,0.9999999999999999,0.7894736842105263,0.7953216374269007,0.7953216374269007
769,LinearTBNegotiator,0.2923976608187134,0.004370114375307104,0.28929178463007643,0.7076023391812865,0.4999999999999999,S4_A-1,GeniusBOABaselineNegotiator,0.02099086984526366,LinearTBNegotiator@1,False,False,False,,uhFlS1PYfRA,0.7894736842105263,0.7894736842105263,0.7894736842105263,0.9999999999999998,0.9999999999999999,0.7894736842105263,0.7953216374269007,0.7953216374269007
770,SmartAspirationNegotiator,0.4678362573099415,0.0034960628013070215,0.4659692522780767,0.5321637426900585,0.5,S4_A-1,BoulwareTBNegotiator,0.01583350880537182,SmartAspirationNegotiator@0,False,False,False,,avZAtpYYeG4,0.9707602339181287,0.9707602339181287,0.9707602339181287,1.0,1.0,0.9707602339181287,0.9707602339181287,0.9707602339181287
771,BoulwareTBNegotiator,0.5321637426900585,0.004370114375307104,0.5301102708298027,0.4678362573099415,0.5,S4_A-1,SmartAspirationNegotiator,0.019516982196364552,BoulwareTBNegotiator@1,False,False,False,,avZAtpYYeG4,0.9707602339181287,0.9707602339181287,0.9707602339181287,1.0,1.0,0.9707602339181287,0.9707602339181287,0.9707602339181287
772,ConcederTBNegotiator,0.1387525004546281,0.0006426653306037134,0.1381986506055048,0.9144540713339779,0.526603285894303,S2_E-1,SmartAspirationNegotiator,0.02305737097049132,ConcederTBNegotiator@0,False,False,False,,r0BPKTvijAw,0.6218815860491587,0.588727183871518,0.6055037501538055,0.857426776038838,0.9875390245474492,0.6218815860491587,0.6055037501538055,0.6055037501538055
773,SmartAspirationNegotiator,0.9144540713339779,0.0012950634439420957,0.9143431402662139,0.1387525004546281,0.526603285894303,S2_E-1,ConcederTBNegotiator,0.013083920755889267,SmartAspirationNegotiator@1,False,False,False,,r0BPKTvijAw,0.6218815860491587,0.588727183871518,0.6055037501538055,0.857426776038838,0.9875390245474492,0.6218815860491587,0.6055037501538055,0.6055037501538055
774,SmartAspirationNegotiator,0.4678362573099415,0.004370114375307104,0.4655004330689005,0.5321637426900585,0.5,S4_A,GeniusBOABaselineNegotiator,0.016109042102470994,SmartAspirationNegotiator@0,False,False,False,,R6bfSQOlbmw,0.9649122807017543,0.9649122807017543,0.9649122807017543,1.0,1.0,0.9649122807017543,0.9707602339181287,0.9707602339181287
775,GeniusBOABaselineNegotiator,0.5321637426900585,0.0034960628013070215,0.5305224195851225,0.4678362573099415,0.5,S4_A,SmartAspirationNegotiator,0.0065799562144093215,GeniusBOABaselineNegotiator@1,False,False,False,,R6bfSQOlbmw,0.9649122807017543,0.9649122807017543,0.9649122807017543,1.0,1.0,0.9649122807017543,0.9707602339181287,0.9707602339181287
776,SmartAspirationNegotiator,0.8904549021370864,0.0010624744725208587,0.8903383894752885,0.1485724677214039,0.5195136849292452,S3_E,ConcederTBNegotiator,0.013003630272578448,SmartAspirationNegotiator@0,False,False,False,,QuhnpE0SYf0,0.6366318463672536,0.6039651735915272,0.6207403505252886,0.8458833355368517,0.9800410753248283,0.6366318463672536,0.6207403505252886,0.6207403505252886
777,ConcederTBNegotiator,0.1485724677214039,0.0007574209704742231,0.14792708983086883,0.8904549021370864,0.5195136849292452,S3_E,SmartAspirationNegotiator,0.021613327495288104,ConcederTBNegotiator@1,False,False,False,,QuhnpE0SYf0,0.6366318463672536,0.6039651735915272,0.6207403505252886,0.8458833355368517,0.9800410753248283,0.6366318463672536,0.6207403505252886,0.6207403505252886
778,BoulwareTBNegotiator,0.8253968253968255,0.002193248997500751,0.8250130354121675,0.3839132298329081,0.6046550276148668,S1_B,LinearTBNegotiator,0.016591961088124663,BoulwareTBNegotiator@0,False,False,False,,Av2MlPctLJI,0.7964202352116565,0.7752162495989036,0.7752162495989036,0.9732518537566377,0.9855095709579489,0.7964202352116565,0.7752162495989036,0.7752162495989036
779,LinearTBNegotiator,0.3839132298329081,0.0007754352238636291,0.3834351237100357,0.8253968253968255,0.6046550276148668,S1_B,BoulwareTBNegotiator,0.01944469631416723,LinearTBNegotiator@1,False,False,False,,Av2MlPctLJI,0.7964202352116565,0.7752162495989036,0.7752162495989036,0.9732518537566377,0.9855095709579489,0.7964202352116565,0.7752162495989036,0.7752162495989036
780,GeniusBOABaselineNegotiator,0.7725532264198727,0.0008771261662935939,0.7723535517634607,0.7397660818713451,0.7561596541456088,S0_F,SmartAspirationNegotiator,0.007233874872326851,GeniusBOABaselineNegotiator@0,False,False,False,,PWv9HjViNsI,1.0,1.0,0.9807999989329749,1.0,1.0,1.0,0.9807999989329749,0.9807999989329749
781,SmartAspirationNegotiator,0.7397660818713451,0.0007442816259952948,0.7395722502823309,0.7725532264198727,0.7561596541456088,S0_F,GeniusBOABaselineNegotiator,0.013846160902176052,SmartAspirationNegotiator@1,False,False,False,,PWv9HjViNsI,1.0,1.0,0.9807999989329749,1.0,1.0,1.0,0.9807999989329749,0.9807999989329749
782,ConcederTBNegotiator,0.30734767025089604,0.0012950634439420957,0.3064494783237462,0.6919439898163302,0.4996458300336131,S2_E,LinearTBNegotiator,0.014044916199054569,ConcederTBNegotiator@0,False,False,False,,sw_EigCfd7Q,0.7541134173788117,0.7902421138444015,0.7774568873879285,0.8135340676414962,1.0,0.7902421138444015,0.7774568873879285,0.7774568873879285
783,LinearTBNegotiator,0.6919439898163302,0.0006426653306037134,0.6917458855839791,0.30734767025089604,0.4996458300336131,S2_E,ConcederTBNegotiator,0.011394038971047848,LinearTBNegotiator@1,False,False,False,,sw_EigCfd7Q,0.7541134173788117,0.7902421138444015,0.7774568873879285,0.8135340676414962,1.0,0.7902421138444015,0.7774568873879285,0.7774568873879285
784,SmartAspirationNegotiator,0.5973813420621931,0.0007574209704742231,0.5970761590955881,0.6048387096774194,0.6011100258698062,S3_E-1,SmartAspirationNegotiator,0.015025457192678005,SmartAspirationNegotiator@0,False,False,False,,0QVhgj1oipk,0.9765338686924485,0.9832225744061249,1.0,0.9787402496945685,1.0,1.0,1.0,1.0
785,SmartAspirationNegotiator,0.6048387096774194,0.0010624744725208587,0.6044184143408573,0.5973813420621931,0.6011100258698062,S3_E-1,SmartAspirationNegotiator,0.015111704589799047,SmartAspirationNegotiator@1,False,False,False,,0QVhgj1oipk,0.9765338686924485,0.9832225744061249,1.0,0.9787402496945685,1.0,1.0,1.0,1.0
786,GeniusBOABaselineNegotiator,0.582010582010582,0.002193248997500751,0.5810918120473099,0.6031746031746031,0.5925925925925926,S1_B,GeniusBOABaselineNegotiator,0.006565793184563518,GeniusBOABaselineNegotiator@0,False,False,False,,ipLqYJQmHhw,0.9617153631935871,0.9802359416950643,0.9802359416950643,0.9538361758740667,0.9912092750886039,0.9802359416950643,0.9802359416950643,0.9802359416950643
787,GeniusBOABaselineNegotiator,0.6031746031746031,0.0007754352238636291,0.6028666519879837,0.582010582010582,0.5925925925925926,S1_B,GeniusBOABaselineNegotiator,0.006472591019701213,GeniusBOABaselineNegotiator@1,False,False,False,,ipLqYJQmHhw,0.9617153631935871,0.9802359416950643,0.9802359416950643,0.9538361758740667,0.9912092750886039,0.9802359416950643,0.9802359416950643,0.9802359416950643
788,SmartAspirationNegotiator,0.9473684210526316,0.0008771261662935939,0.947322215989894,0.17251461988304095,0.5599415204678363,S0_F,ConcederTBNegotiator,0.013113247405271977,SmartAspirationNegotiator@0,False,False,False,,aeyJny8r7vI,0.5487427081223939,0.5487427081223939,0.5318374353927556,0.7405070045697147,0.9816984826275842,0.5487427081223939,0.5318374353927556,0.5318374353927556
789,ConcederTBNegotiator,0.17251461988304095,0.0007442816259952948,0.17189827898763638,0.9473684210526316,0.5599415204678363,S0_F,SmartAspirationNegotiator,0.02139529085252434,ConcederTBNegotiator@1,False,False,False,,aeyJny8r7vI,0.5487427081223939,0.5487427081223939,0.5318374353927556,0.7405070045697147,0.9816984826275842,0.5487427081223939,0.5318374353927556,0.5318374353927556
790,SmartAspirationNegotiator,0.7793597066154879,0.0009639366705748589,0.7791468181346748,0.3794671864847304,0.5794134465501092,S5_F,LinearTBNegotiator,0.014145713998004794,SmartAspirationNegotiator@0,False,False,False,,v_f17wM9KBo,0.7260400905445881,0.7260400905445881,0.7121247880259337,0.7662580823685883,0.9239956174677784,0.7260400905445881,0.7121247880259337,0.7121247880259337
791,LinearTBNegotiator,0.3794671864847304,0.0007811278057266481,0.3789820921290382,0.7793597066154879,0.5794134465501092,S5_F,SmartAspirationNegotiator,0.01971329189836979,LinearTBNegotiator@1,False,False,False,,v_f17wM9KBo,0.7260400905445881,0.7260400905445881,0.7121247880259337,0.7662580823685883,0.9239956174677784,0.7260400905445881,0.7121247880259337,0.7121247880259337
792,SmartAspirationNegotiator,0.7397660818713451,0.0007811278057266481,0.7395626470132772,0.7725532264198727,0.7561596541456088,S5_F-1,BoulwareTBNegotiator,0.014010882761795074,SmartAspirationNegotiator@0,False,False,False,,YT_fDxpW1io,1.0,1.0,0.9807999989329749,1.0,1.0,1.0,0.9807999989329749,0.9807999989329749
793,BoulwareTBNegotiator,0.7725532264198727,0.0009639366705748589,0.7723337705926955,0.7397660818713451,0.7561596541456088,S5_F-1,SmartAspirationNegotiator,0.017965161590836942,BoulwareTBNegotiator@1,False,False,False,,YT_fDxpW1io,1.0,1.0,0.9807999989329749,1.0,1.0,1.0,0.9807999989329749,0.9807999989329749
794,LinearTBNegotiator,0.3794671864847304,0.0007442816259952948,0.3790049913099276,0.7793597066154879,0.5794134465501092,S0_F-1,SmartAspirationNegotiator,0.02035795961273834,LinearTBNegotiator@0,False,False,False,,FYZh8H-XxWo,0.7260400905445881,0.7260400905445881,0.7121247880259337,0.7662580823685883,0.9239956174677784,0.7260400905445881,0.7121247880259337,0.7121247880259337
795,SmartAspirationNegotiator,0.7793597066154879,0.0008771261662935939,0.7791660073421206,0.3794671864847304,0.5794134465501092,S0_F-1,LinearTBNegotiator,0.014064162620343268,SmartAspirationNegotiator@1,False,False,False,,FYZh8H-XxWo,0.7260400905445881,0.7260400905445881,0.7121247880259337,0.7662580823685883,0.9239956174677784,0.7260400905445881,0.7121247880259337,0.7121247880259337
796,BoulwareTBNegotiator,0.7857142857142857,0.0007754352238636291,0.7855479920735112,0.3174603174603175,0.5515873015873016,S1_B-1,LinearTBNegotiator,0.0172073349240236,BoulwareTBNegotiator@0,False,False,False,,zSmbr896Gqo,0.7350807129090169,0.7571573201665989,0.7571573201665989,0.8878341190613523,0.9912092750886039,0.7571573201665989,0.7571573201665989,0.7571573201665989
797,LinearTBNegotiator,0.3174603174603175,0.002193248997500751,0.31596004752029094,0.7857142857142857,0.5515873015873016,S1_B-1,BoulwareTBNegotiator,0.019681911391671747,LinearTBNegotiator@1,False,False,False,,zSmbr896Gqo,0.7350807129090169,0.7571573201665989,0.7571573201665989,0.8878341190613523,0.9912092750886039,0.7571573201665989,0.7571573201665989,0.7571573201665989
798,GeniusBOABaselineNegotiator,0.9417989417989419,0.002193248997500751,0.9416710118040559,0.20634920634920634,0.5740740740740741,S1_B,ConcederTBNegotiator,0.005989037803374231,GeniusBOABaselineNegotiator@0,False,False,False,,jd_W3WsW6vo,0.6455134195436605,0.6247884002894772,0.6247884002894772,0.9240287953780021,1.0,0.6455134195436605,0.6247884002894772,0.6247884002894772
799,ConcederTBNegotiator,0.20634920634920634,0.0007754352238636291,0.2057333039759675,0.9417989417989419,0.5740740740740741,S1_B,GeniusBOABaselineNegotiator,0.019588621333241463,ConcederTBNegotiator@1,False,False,False,,jd_W3WsW6vo,0.6455134195436605,0.6247884002894772,0.6247884002894772,0.9240287953780021,1.0,0.6455134195436605,0.6247884002894772,0.6247884002894772
800,LinearTBNegotiator,0.373015873015873,0.0007754352238636291,0.3725293101410143,0.8465608465608465,0.6097883597883598,S1_B-1,BoulwareTBNegotiator,0.01926925592124462,LinearTBNegotiator@0,False,False,False,,cwsWNqkwP2c,0.7804057992535158,0.7590536317045327,0.7590536317045327,0.9815144577632695,1.0,0.7804057992535158,0.7590536317045327,0.7590536317045327
801,BoulwareTBNegotiator,0.8465608465608465,0.002193248997500751,0.8462235765743289,0.373015873015873,0.6097883597883598,S1_B-1,LinearTBNegotiator,0.015379036776721478,BoulwareTBNegotiator@1,False,False,False,,cwsWNqkwP2c,0.7804057992535158,0.7590536317045327,0.7590536317045327,0.9815144577632695,1.0,0.7804057992535158,0.7590536317045327,0.7590536317045327
802,GeniusBOABaselineNegotiator,0.9144540713339779,0.0012950634439420957,0.9143431402662139,0.1387525004546281,0.526603285894303,S2_E,ConcederTBNegotiator,0.007019751938059926,GeniusBOABaselineNegotiator@0,False,False,False,,GRFurXCXbII,0.6218815860491587,0.588727183871518,0.6055037501538055,0.857426776038838,0.9875390245474492,0.6218815860491587,0.6055037501538055,0.6055037501538055
803,ConcederTBNegotiator,0.1387525004546281,0.0006426653306037134,0.1381986506055048,0.9144540713339779,0.526603285894303,S2_E,GeniusBOABaselineNegotiator,0.022443538822699338,ConcederTBNegotiator@1,False,False,False,,GRFurXCXbII,0.6218815860491587,0.588727183871518,0.6055037501538055,0.857426776038838,0.9875390245474492,0.6218815860491587,0.6055037501538055,0.6055037501538055
804,SmartAspirationNegotiator,0.7543859649122808,0.0008771261662935939,0.7541703412861719,0.7573099415204678,0.7558479532163743,S0_F,SmartAspirationNegotiator,0.014167758170515299,SmartAspirationNegotiator@0,False,False,False,,4GQGMsdijNc,0.9807999989329749,0.9807999989329749,1.0,0.9995877842364035,1.0,1.0,1.0,1.0
805,SmartAspirationNegotiator,0.7573099415204678,0.0007442816259952948,0.7571291772295895,0.7543859649122808,0.7558479532163743,S0_F,SmartAspirationNegotiator,0.01347583782626316,SmartAspirationNegotiator@1,False,False,False,,4GQGMsdijNc,0.9807999989329749,0.9807999989329749,1.0,0.9995877842364035,1.0,1.0,1.0,1.0
806,LinearTBNegotiator,0.5887096774193548,0.0012950634439420957,0.588176339651487,0.6104746317512275,0.5995921545852911,S2_E,LinearTBNegotiator,0.013390125648584217,LinearTBNegotiator@0,False,False,False,,OiusFzMo62g,0.962770739134347,0.9948163616773602,0.9851895102634617,0.9762688190810784,0.9948163616773602,0.9948163616773602,0.9851895102634617,0.9851895102634617
807,LinearTBNegotiator,0.6104746317512275,0.0006426653306037134,0.6102241363169323,0.5887096774193548,0.5995921545852911,S2_E,LinearTBNegotiator,0.012674337136559188,LinearTBNegotiator@1,False,False,False,,OiusFzMo62g,0.962770739134347,0.9948163616773602,0.9851895102634617,0.9762688190810784,0.9948163616773602,0.9948163616773602,0.9851895102634617,0.9851895102634617
808,GeniusBOABaselineNegotiator,0.6854838709677419,0.0010624744725208587,0.6851493501896618,0.541734860883797,0.6136093659257694,S3_E,SmartAspirationNegotiator,0.0072533280472271144,GeniusBOABaselineNegotiator@0,False,False,False,,pUe7Aw9zytk,0.9508547189471204,0.9143580762567265,0.9301480822807243,0.9990919435291352,1.0,0.9508547189471204,0.9301480822807243,0.9301480822807243
809,SmartAspirationNegotiator,0.541734860883797,0.0007574209704742231,0.5413874981575799,0.6854838709677419,0.6136093659257694,S3_E,GeniusBOABaselineNegotiator,0.015041369653772563,SmartAspirationNegotiator@1,False,False,False,,pUe7Aw9zytk,0.9508547189471204,0.9143580762567265,0.9301480822807243,0.9990919435291352,1.0,0.9508547189471204,0.9301480822807243,0.9301480822807243
810,SmartAspirationNegotiator,0.7883597883597884,0.002193248997500751,0.7878945883783848,0.4282335518055205,0.6082966700826544,S1_B,LinearTBNegotiator,0.012231926375534385,SmartAspirationNegotiator@0,False,False,False,,YZBNuOiwyr8,0.8377143149416592,0.8164358734721721,0.8164358734721721,0.9791134361807083,0.9854054871490555,0.8377143149416592,0.8164358734721721,0.8164358734721721
811,LinearTBNegotiator,0.4282335518055205,0.0007754352238636291,0.42778983989192,0.7883597883597884,0.6082966700826544,S1_B,SmartAspirationNegotiator,0.02027666085632518,LinearTBNegotiator@1,False,False,False,,YZBNuOiwyr8,0.8377143149416592,0.8164358734721721,0.8164358734721721,0.9791134361807083,0.9854054871490555,0.8377143149416592,0.8164358734721721,0.8164358734721721
812,LinearTBNegotiator,0.6143599740090968,0.0007442816259952948,0.614072735437112,0.5380116959064328,0.5761858349577649,S0_F-1,LinearTBNegotiator,0.01537050522165373,LinearTBNegotiator@0,False,False,False,,2GnRbIUcvdM,0.7978060555542934,0.7978060555542934,0.8028481415680127,0.7619896562833707,0.8278591037218082,0.8028481415680127,0.8028481415680127,0.8028481415680127
813,LinearTBNegotiator,0.5380116959064328,0.0008771261662935939,0.5376061181335137,0.6143599740090968,0.5761858349577649,S0_F-1,LinearTBNegotiator,0.015425124205648899,LinearTBNegotiator@1,False,False,False,,2GnRbIUcvdM,0.7978060555542934,0.7978060555542934,0.8028481415680127,0.7619896562833707,0.8278591037218082,0.8028481415680127,0.8028481415680127,0.8028481415680127
814,BoulwareTBNegotiator,0.5793650793650793,0.0007754352238636291,0.5790386511072627,0.582010582010582,0.5806878306878307,S1_B-1,SmartAspirationNegotiator,0.019775634864345193,BoulwareTBNegotiator@0,False,False,False,,fHhS2i1uaL0,0.9604718833901288,0.9704295597377377,0.9704295597377377,0.9346742884123109,0.9747435113226108,0.9704295597377377,0.9704295597377377,0.9704295597377377
815,SmartAspirationNegotiator,0.582010582010582,0.002193248997500751,0.5810918120473099,0.5793650793650793,0.5806878306878307,S1_B-1,BoulwareTBNegotiator,0.014697154751047492,SmartAspirationNegotiator@1,False,False,False,,fHhS2i1uaL0,0.9604718833901288,0.9704295597377377,0.9704295597377377,0.9346742884123109,0.9747435113226108,0.9704295597377377,0.9704295597377377,0.9704295597377377
816,BoulwareTBNegotiator,0.5873015873015872,0.002193248997500751,0.5863944473378502,0.5904521398386507,0.5888768635701189,S1_B,SmartAspirationNegotiator,0.01926530199125409,BoulwareTBNegotiator@0,False,False,False,,c5PMfvZG0I0,0.9657533700827802,0.9788365509746099,0.9788365509746099,0.947855343839237,0.9829625189076004,0.9788365509746099,0.9788365509746099,0.9788365509746099
817,SmartAspirationNegotiator,0.5904521398386507,0.0007754352238636291,0.5901343155498752,0.5873015873015872,0.5888768635701189,S1_B,BoulwareTBNegotiator,0.015237283718306571,SmartAspirationNegotiator@1,False,False,False,,c5PMfvZG0I0,0.9657533700827802,0.9788365509746099,0.9788365509746099,0.947855343839237,0.9829625189076004,0.9788365509746099,0.9788365509746099,0.9788365509746099
818,GeniusBOABaselineNegotiator,0.4970760233918128,0.0034960628013070215,0.49531160105400646,0.502923976608187,0.4999999999999999,S4_A-1,BoulwareTBNegotiator,0.0064379198011010885,GeniusBOABaselineNegotiator@0,False,False,False,,a3vuzG4UqyI,0.9999999999999998,0.9999999999999998,0.9999999999999998,0.9999999999999998,0.9999999999999998,0.9999999999999998,0.9999999999999998,0.9999999999999998
819,BoulwareTBNegotiator,0.502923976608187,0.004370114375307104,0.5007421627566652,0.4970760233918128,0.4999999999999999,S4_A-1,GeniusBOABaselineNegotiator,0.019562078814487904,BoulwareTBNegotiator@1,False,False,False,,a3vuzG4UqyI,0.9999999999999998,0.9999999999999998,0.9999999999999998,0.9999999999999998,0.9999999999999998,0.9999999999999998,0.9999999999999998,0.9999999999999998
820,LinearTBNegotiator,0.6919439898163302,0.0007574209704742231,0.6917104848725955,0.30734767025089604,0.4996458300336131,S3_E-1,ConcederTBNegotiator,0.011638333788141608,LinearTBNegotiator@0,False,False,False,,2pWU6ugMnLc,0.7541134173788117,0.7902421138444015,0.7774568873879285,0.8135340676414962,1.0,0.7902421138444015,0.7774568873879285,0.7774568873879285
821,ConcederTBNegotiator,0.30734767025089604,0.0010624744725208587,0.30661096209860006,0.6919439898163302,0.4996458300336131,S3_E-1,LinearTBNegotiator,0.013726537174079567,ConcederTBNegotiator@1,False,False,False,,2pWU6ugMnLc,0.7541134173788117,0.7902421138444015,0.7774568873879285,0.8135340676414962,1.0,0.7902421138444015,0.7774568873879285,0.7774568873879285
822,BoulwareTBNegotiator,0.8771929824561403,0.004370114375307104,0.8766539460928231,0.12280701754385964,0.5,S4_A,ConcederTBNegotiator,0.015279658022336662,BoulwareTBNegotiator@0,False,False,False,,b4aeC2sXFYk,0.6257309941520469,0.6257309941520469,0.6257309941520469,1.0,1.0,0.6257309941520469,0.6257309941520469,0.6257309941520469
823,ConcederTBNegotiator,0.12280701754385964,0.0034960628013070215,0.1197295367221045,0.8771929824561403,0.5,S4_A,BoulwareTBNegotiator,0.023492696112953126,ConcederTBNegotiator@1,False,False,False,,b4aeC2sXFYk,0.6257309941520469,0.6257309941520469,0.6257309941520469,1.0,1.0,0.6257309941520469,0.6257309941520469,0.6257309941520469
824,BoulwareTBNegotiator,0.5465949820788529,0.0012950634439420957,0.546007032382685,0.503182396799418,0.5248886894391355,S2_E,BoulwareTBNegotiator,0.020644790260121226,BoulwareTBNegotiator@0,False,False,False,,nGbfLtRBLkc,0.9101795645181664,0.9126584534033798,0.9210437943802361,0.8546350332788867,0.9210437943802361,0.9210437943802361,0.9210437943802361,0.9210437943802361
825,BoulwareTBNegotiator,0.503182396799418,0.0006426653306037134,0.5028629040232768,0.5465949820788529,0.5248886894391355,S2_E,BoulwareTBNegotiator,0.019901785883121192,BoulwareTBNegotiator@1,False,False,False,,nGbfLtRBLkc,0.9101795645181664,0.9126584534033798,0.9210437943802361,0.8546350332788867,0.9210437943802361,0.9210437943802361,0.9210437943802361,0.9210437943802361
826,SmartAspirationNegotiator,0.7258064516129032,0.0012950634439420957,0.7254508931009914,0.30187306783051465,0.5138397597217089,S2_E,LinearTBNegotiator,0.01409413100918755,SmartAspirationNegotiator@0,False,False,False,,B2zz8fw0-tU,0.7845053897860967,0.7558778564162505,0.7723591634059338,0.8366449286972107,0.9454102745825437,0.7845053897860967,0.7723591634059338,0.7723591634059338
827,LinearTBNegotiator,0.30187306783051465,0.0006426653306037134,0.30142411732992674,0.7258064516129032,0.5138397597217089,S2_E,SmartAspirationNegotiator,0.019735537352971733,LinearTBNegotiator@1,False,False,False,,B2zz8fw0-tU,0.7845053897860967,0.7558778564162505,0.7723591634059338,0.8366449286972107,0.9454102745825437,0.7845053897860967,0.7723591634059338,0.7723591634059338
828,SmartAspirationNegotiator,0.582010582010582,0.002193248997500751,0.5810918120473099,0.6031746031746031,0.5925925925925926,S1_B,SmartAspirationNegotiator,0.014335213345475495,SmartAspirationNegotiator@0,False,False,False,,zwt6WUk74VE,0.9617153631935871,0.9802359416950643,0.9802359416950643,0.9538361758740667,0.9912092750886039,0.9802359416950643,0.9802359416950643,0.9802359416950643
829,SmartAspirationNegotiator,0.6031746031746031,0.0007754352238636291,0.6028666519879837,0.582010582010582,0.5925925925925926,S1_B,SmartAspirationNegotiator,0.014957212784793228,SmartAspirationNegotiator@1,False,False,False,,zwt6WUk74VE,0.9617153631935871,0.9802359416950643,0.9802359416950643,0.9538361758740667,0.9912092750886039,0.9802359416950643,0.9802359416950643,0.9802359416950643
830,BoulwareTBNegotiator,0.6933073424301495,0.0009639366705748589,0.6930114248851488,0.7063027940220923,0.6998050682261209,S5_F,BoulwareTBNegotiator,0.01883379794890061,BoulwareTBNegotiator@0,False,False,False,,DLyFvi6r4RY,0.9346036197574028,0.9346036197574028,0.9395037748202615,0.9254726358242911,0.9462663627744217,0.9395037748202615,0.9395037748202615,0.9395037748202615
831,BoulwareTBNegotiator,0.7063027940220923,0.0007811278057266481,0.7060731996254714,0.6933073424301495,0.6998050682261209,S5_F,BoulwareTBNegotiator,0.01854591292794794,BoulwareTBNegotiator@1,False,False,False,,DLyFvi6r4RY,0.9346036197574028,0.9346036197574028,0.9395037748202615,0.9254726358242911,0.9462663627744217,0.9395037748202615,0.9395037748202615,0.9395037748202615
832,BoulwareTBNegotiator,0.5793650793650793,0.0007754352238636291,0.5790386511072627,0.582010582010582,0.5806878306878307,S1_B-1,SmartAspirationNegotiator,0.019367584958672523,BoulwareTBNegotiator@0,False,False,False,,_DR4S8Cv1cY,0.9604718833901288,0.9704295597377377,0.9704295597377377,0.9346742884123109,0.9747435113226108,0.9704295597377377,0.9704295597377377,0.9704295597377377
833,SmartAspirationNegotiator,0.582010582010582,0.002193248997500751,0.5810918120473099,0.5793650793650793,0.5806878306878307,S1_B-1,BoulwareTBNegotiator,0.014305583492387086,SmartAspirationNegotiator@1,False,False,False,,_DR4S8Cv1cY,0.9604718833901288,0.9704295597377377,0.9704295597377377,0.9346742884123109,0.9747435113226108,0.9704295597377377,0.9704295597377377,0.9704295597377377
834,LinearTBNegotiator,0.48862897985705,0.0008771261662935939,0.4881800491857597,0.8700454840805718,0.6793372319688109,S0_F,SmartAspirationNegotiator,0.018133174686226994,LinearTBNegotiator@0,False,False,False,,mRxZbvh7sgQ,0.7625130806021299,0.7625130806021299,0.7805360810361862,0.8984044946650847,1.0,0.7805360810361862,0.7805360810361862,0.7805360810361862
835,SmartAspirationNegotiator,0.8700454840805718,0.0007442816259952948,0.869948689279566,0.48862897985705,0.6793372319688109,S0_F,LinearTBNegotiator,0.012998541293200105,SmartAspirationNegotiator@1,False,False,False,,mRxZbvh7sgQ,0.7625130806021299,0.7625130806021299,0.7805360810361862,0.8984044946650847,1.0,0.7805360810361862,0.7805360810361862,0.7805360810361862
836,GeniusBOABaselineNegotiator,0.559779077322937,0.0007811278057266481,0.5594349397041082,0.7894736842105263,0.6746263807667316,S5_F-1,GeniusBOABaselineNegotiator,0.00734757911413908,GeniusBOABaselineNegotiator@0,False,False,False,,JBwYEiyE2y0,0.8625646620321361,0.8625646620321361,0.8474798110912376,0.8921745256681245,0.9573599675039428,0.8625646620321361,0.8474798110912376,0.8474798110912376
837,GeniusBOABaselineNegotiator,0.7894736842105263,0.0009639366705748589,0.789270554370314,0.559779077322937,0.6746263807667316,S5_F-1,GeniusBOABaselineNegotiator,0.007259989972226322,GeniusBOABaselineNegotiator@1,False,False,False,,JBwYEiyE2y0,0.8625646620321361,0.8625646620321361,0.8474798110912376,0.8921745256681245,0.9573599675039428,0.8625646620321361,0.8474798110912376,0.8474798110912376
838,SmartAspirationNegotiator,0.8771929824561403,0.004370114375307104,0.8766539460928231,0.12280701754385964,0.5,S4_A,ConcederTBNegotiator,0.011352116824127734,SmartAspirationNegotiator@0,False,False,False,,_tvWeAIb51c,0.6257309941520469,0.6257309941520469,0.6257309941520469,1.0,1.0,0.6257309941520469,0.6257309941520469,0.6257309941520469
839,ConcederTBNegotiator,0.12280701754385964,0.0034960628013070215,0.1197295367221045,0.8771929824561403,0.5,S4_A,SmartAspirationNegotiator,0.023609542869962752,ConcederTBNegotiator@1,False,False,False,,_tvWeAIb51c,0.6257309941520469,0.6257309941520469,0.6257309941520469,1.0,1.0,0.6257309941520469,0.6257309941520469,0.6257309941520469
840,ConcederTBNegotiator,0.12280701754385964,0.0034960628013070215,0.1197295367221045,0.8771929824561403,0.5,S4_A-1,SmartAspirationNegotiator,0.023246045864652842,ConcederTBNegotiator@0,False,False,False,,Vovb7uGsHE4,0.6257309941520469,0.6257309941520469,0.6257309941520469,1.0,1.0,0.6257309941520469,0.6257309941520469,0.6257309941520469
841,SmartAspirationNegotiator,0.8771929824561403,0.004370114375307104,0.8766539460928231,0.12280701754385964,0.5,S4_A-1,ConcederTBNegotiator,0.011067333747632802,SmartAspirationNegotiator@1,False,False,False,,Vovb7uGsHE4,0.6257309941520469,0.6257309941520469,0.6257309941520469,1.0,1.0,0.6257309941520469,0.6257309941520469,0.6257309941520469
842,ConcederTBNegotiator,0.19428200129954518,0.0007811278057266481,0.1936521405654527,0.9407670939817185,0.5675245476406319,S5_F-1,SmartAspirationNegotiator,0.019664748979266733,ConcederTBNegotiator@0,False,False,False,,v0kVLwCbYSM,0.5660350475489319,0.5660350475489319,0.5491246568472992,0.7505353459804499,0.9858911492972834,0.5660350475489319,0.5491246568472992,0.5491246568472992
843,SmartAspirationNegotiator,0.9407670939817185,0.0009639366705748589,0.9407099421207282,0.19428200129954518,0.5675245476406319,S5_F-1,ConcederTBNegotiator,0.013028784771449864,SmartAspirationNegotiator@1,False,False,False,,v0kVLwCbYSM,0.5660350475489319,0.5660350475489319,0.5491246568472992,0.7505353459804499,0.9858911492972834,0.5660350475489319,0.5491246568472992,0.5491246568472992
844,LinearTBNegotiator,0.26900584795321636,0.0034960628013070215,0.2664412806017537,0.7309941520467835,0.49999999999999994,S4_A-1,BoulwareTBNegotiator,0.021360876562539488,LinearTBNegotiator@0,False,False,False,,S3ea429yKmA,0.7719298245614036,0.7719298245614036,0.7719298245614036,0.9999999999999999,0.9999999999999999,0.7719298245614036,0.7719298245614036,0.7719298245614036
845,BoulwareTBNegotiator,0.7309941520467835,0.004370114375307104,0.7298134057271364,0.26900584795321636,0.49999999999999994,S4_A-1,LinearTBNegotiator,0.017271872842684388,BoulwareTBNegotiator@1,False,False,False,,S3ea429yKmA,0.7719298245614036,0.7719298245614036,0.7719298245614036,0.9999999999999999,0.9999999999999999,0.7719298245614036,0.7719298245614036,0.7719298245614036
846,ConcederTBNegotiator,0.19047619047619047,0.0007754352238636291,0.18984797005548684,0.9682539682539681,0.5793650793650793,S1_B-1,SmartAspirationNegotiator,0.020036544068716466,ConcederTBNegotiator@0,False,False,False,,M3YoAcmBJ8k,0.6247884002894775,0.6039172983238965,0.6039172983238965,0.9325451898054491,1.0,0.6247884002894775,0.6039172983238965,0.6039172983238965
847,SmartAspirationNegotiator,0.9682539682539681,0.002193248997500751,0.9681841882567576,0.19047619047619047,0.5793650793650793,S1_B-1,ConcederTBNegotiator,0.011256122030317783,SmartAspirationNegotiator@1,False,False,False,,M3YoAcmBJ8k,0.6247884002894775,0.6039172983238965,0.6039172983238965,0.9325451898054491,1.0,0.6247884002894775,0.6039172983238965,0.6039172983238965
848,SmartAspirationNegotiator,0.8821603927986906,0.0006426653306037134,0.8820846126673073,0.1185236972314441,0.5003420450150674,S2_E-1,ConcederTBNegotiator,0.013429002079647034,SmartAspirationNegotiator@0,False,False,False,,2zuMXLIKvWM,0.575956136137469,0.6132082015172416,0.598227682953997,0.8146676598217358,0.9763036178091531,0.6132082015172416,0.598227682953997,0.598227682953997
849,ConcederTBNegotiator,0.1185236972314441,0.0012950634439420957,0.11738064917527512,0.8821603927986906,0.5003420450150674,S2_E-1,SmartAspirationNegotiator,0.023032493074424565,ConcederTBNegotiator@1,False,False,False,,2zuMXLIKvWM,0.575956136137469,0.6132082015172416,0.598227682953997,0.8146676598217358,0.9763036178091531,0.6132082015172416,0.598227682953997,0.598227682953997
850,ConcederTBNegotiator,0.5968161143599741,0.0008771261662935939,0.5964621607620889,0.5838206627680312,0.5903183885640026,S0_F,ConcederTBNegotiator,0.006807999045122415,ConcederTBNegotiator@0,False,False,False,,b-jBVN5I2qA,0.8213816800521802,0.8213816800521802,0.8218283087855961,0.7806795632742511,0.8338690225980921,0.8218283087855961,0.8218283087855961,0.8218283087855961
851,ConcederTBNegotiator,0.5838206627680312,0.0007442816259952948,0.5835106774178102,0.5968161143599741,0.5903183885640026,S0_F,ConcederTBNegotiator,0.006194625981152058,ConcederTBNegotiator@1,False,False,False,,b-jBVN5I2qA,0.8213816800521802,0.8213816800521802,0.8218283087855961,0.7806795632742511,0.8338690225980921,0.8218283087855961,0.8218283087855961,0.8218283087855961
852,ConcederTBNegotiator,0.48862897985705,0.0009639366705748589,0.48813557496739834,0.8700454840805718,0.6793372319688109,S5_F,LinearTBNegotiator,0.008897709951270372,ConcederTBNegotiator@0,False,False,False,,V0zqOYviDUY,0.7625130806021299,0.7625130806021299,0.7805360810361862,0.8984044946650847,1.0,0.7805360810361862,0.7805360810361862,0.7805360810361862
853,LinearTBNegotiator,0.8700454840805718,0.0007811278057266481,0.8699438936395891,0.48862897985705,0.6793372319688109,S5_F,ConcederTBNegotiator,0.0082076660473831,LinearTBNegotiator@1,False,False,False,,V0zqOYviDUY,0.7625130806021299,0.7625130806021299,0.7805360810361862,0.8984044946650847,1.0,0.7805360810361862,0.7805360810361862,0.7805360810361862
854,GeniusBOABaselineNegotiator,0.7735117533991136,0.0009639366705748589,0.773293222422739,0.4194282001299545,0.5964699767645341,S5_F,LinearTBNegotiator,0.00738553999690339,GeniusBOABaselineNegotiator@0,False,False,False,,CcLxU7mxoB8,0.7564675455445156,0.7564675455445156,0.7427200277162486,0.7888148666679268,0.9278759254536693,0.7564675455445156,0.7427200277162486,0.7427200277162486
855,LinearTBNegotiator,0.4194282001299545,0.0007811278057266481,0.4189743448348645,0.7735117533991136,0.5964699767645341,S5_F,GeniusBOABaselineNegotiator,0.02005328598897904,LinearTBNegotiator@1,False,False,False,,CcLxU7mxoB8,0.7564675455445156,0.7564675455445156,0.7427200277162486,0.7888148666679268,0.9278759254536693,0.7564675455445156,0.7427200277162486,0.7427200277162486
856,BoulwareTBNegotiator,0.4970760233918128,0.004370114375307104,0.49486854114203777,0.5029239766081871,0.49999999999999994,S4_A,GeniusBOABaselineNegotiator,0.020122294838074595,BoulwareTBNegotiator@0,False,False,False,,WoInqK3RJJ4,0.9941520467836257,0.9941520467836257,0.9941520467836257,0.9999999999999999,0.9999999999999999,0.9941520467836257,0.9999999999999999,0.9999999999999999
857,GeniusBOABaselineNegotiator,0.5029239766081871,0.0034960628013070215,0.5011800708091925,0.4970760233918128,0.49999999999999994,S4_A,BoulwareTBNegotiator,0.006324080575723201,GeniusBOABaselineNegotiator@1,False,False,False,,WoInqK3RJJ4,0.9941520467836257,0.9941520467836257,0.9941520467836257,0.9999999999999999,0.9999999999999999,0.9941520467836257,0.9999999999999999,0.9999999999999999
858,GeniusBOABaselineNegotiator,0.582010582010582,0.002193248997500751,0.5810918120473099,0.6031746031746031,0.5925925925925926,S1_B,SmartAspirationNegotiator,0.00641253701178357,GeniusBOABaselineNegotiator@0,False,False,False,,JojsN9jw5S8,0.9617153631935871,0.9802359416950643,0.9802359416950643,0.9538361758740667,0.9912092750886039,0.9802359416950643,0.9802359416950643,0.9802359416950643
859,SmartAspirationNegotiator,0.6031746031746031,0.0007754352238636291,0.6028666519879837,0.582010582010582,0.5925925925925926,S1_B,GeniusBOABaselineNegotiator,0.015052159200422466,SmartAspirationNegotiator@1,False,False,False,,JojsN9jw5S8,0.9617153631935871,0.9802359416950643,0.9802359416950643,0.9538361758740667,0.9912092750886039,0.9802359416950643,0.9802359416950643,0.9802359416950643
860,ConcederTBNegotiator,0.5968161143599741,0.0009639366705748589,0.5964270956382094,0.5838206627680312,0.5903183885640026,S5_F,ConcederTBNegotiator,0.0067400840343907475,ConcederTBNegotiator@0,False,False,False,,hZvaTMOsQ90,0.8213816800521802,0.8213816800521802,0.8218283087855961,0.7806795632742511,0.8338690225980921,0.8218283087855961,0.8218283087855961,0.8218283087855961
861,ConcederTBNegotiator,0.5838206627680312,0.0007811278057266481,0.5834953193807842,0.5968161143599741,0.5903183885640026,S5_F,ConcederTBNegotiator,0.006257040950004011,ConcederTBNegotiator@1,False,False,False,,hZvaTMOsQ90,0.8213816800521802,0.8213816800521802,0.8218283087855961,0.7806795632742511,0.8338690225980921,0.8218283087855961,0.8218283087855961,0.8218283087855961
862,LinearTBNegotiator,0.34437946718648477,0.0007442816259952948,0.3438911374154104,0.797328273877102,0.5708538705317934,S0_F-1,GeniusBOABaselineNegotiator,0.019765627279412,LinearTBNegotiator@0,False,False,False,,QaRkBPR68v0,0.6988246083002407,0.6988246083002407,0.6843837722421124,0.7549382824144538,0.9337405687728075,0.6988246083002407,0.6843837722421124,0.6843837722421124
863,GeniusBOABaselineNegotiator,0.797328273877102,0.0008771261662935939,0.7971503491405096,0.34437946718648477,0.5708538705317934,S0_F-1,LinearTBNegotiator,0.007053530716802925,GeniusBOABaselineNegotiator@1,False,False,False,,QaRkBPR68v0,0.6988246083002407,0.6988246083002407,0.6843837722421124,0.7549382824144538,0.9337405687728075,0.6988246083002407,0.6843837722421124,0.6843837722421124
864,BoulwareTBNegotiator,0.8990748497922465,0.0010624744725208587,0.8989675053457814,0.15839243498817968,0.5287336423902131,S3_E,ConcederTBNegotiator,0.015471959311980754,BoulwareTBNegotiator@0,False,False,False,,QQdcPEugaqA,0.6395440404757784,0.6064640701267894,0.6232411012448391,0.8608954682233152,0.9888399765136822,0.6395440404757784,0.6232411012448391,0.6232411012448391
865,ConcederTBNegotiator,0.15839243498817968,0.0007574209704742231,0.15775450058463497,0.8990748497922465,0.5287336423902131,S3_E,BoulwareTBNegotiator,0.020824536914005876,ConcederTBNegotiator@1,False,False,False,,QQdcPEugaqA,0.6395440404757784,0.6064640701267894,0.6232411012448391,0.8608954682233152,0.9888399765136822,0.6395440404757784,0.6232411012448391,0.6232411012448391
866,ConcederTBNegotiator,0.1185236972314441,0.0010624744725208587,0.11758615504698254,0.8821603927986906,0.5003420450150674,S3_E,SmartAspirationNegotiator,0.02392841927940026,ConcederTBNegotiator@0,False,False,False,,4B6OqOdjELU,0.575956136137469,0.6132082015172416,0.598227682953997,0.8146676598217358,0.9763036178091531,0.6132082015172416,0.598227682953997,0.598227682953997
867,SmartAspirationNegotiator,0.8821603927986906,0.0007574209704742231,0.8820710709548063,0.1185236972314441,0.5003420450150674,S3_E,ConcederTBNegotiator,0.013233119272626936,SmartAspirationNegotiator@1,False,False,False,,4B6OqOdjELU,0.575956136137469,0.6132082015172416,0.598227682953997,0.8146676598217358,0.9763036178091531,0.6132082015172416,0.598227682953997,0.598227682953997
868,SmartAspirationNegotiator,0.7793597066154879,0.0008771261662935939,0.7791660073421206,0.3794671864847304,0.5794134465501092,S0_F,LinearTBNegotiator,0.013860462699085474,SmartAspirationNegotiator@0,False,False,False,,PjxA_KlsQM0,0.7260400905445881,0.7260400905445881,0.7121247880259337,0.7662580823685883,0.9239956174677784,0.7260400905445881,0.7121247880259337,0.7121247880259337
869,LinearTBNegotiator,0.3794671864847304,0.0007442816259952948,0.3790049913099276,0.7793597066154879,0.5794134465501092,S0_F,SmartAspirationNegotiator,0.01938332786085084,LinearTBNegotiator@1,False,False,False,,PjxA_KlsQM0,0.7260400905445881,0.7260400905445881,0.7121247880259337,0.7662580823685883,0.9239956174677784,0.7260400905445881,0.7121247880259337,0.7121247880259337
870,GeniusBOABaselineNegotiator,0.6756272401433692,0.0012950634439420957,0.6752066120998657,0.2675031823967994,0.4715652112700843,S2_E,LinearTBNegotiator,0.007272754097357392,GeniusBOABaselineNegotiator@0,False,False,False,,NOOS4zVa9Lc,0.7678606227682558,0.7437685636192172,0.7594704993015259,0.7678126012919283,0.902907436915248,0.7678606227682558,0.7594704993015259,0.7594704993015259
871,LinearTBNegotiator,0.2675031823967994,0.0006426653306037134,0.26703212935789133,0.6756272401433692,0.4715652112700843,S2_E,GeniusBOABaselineNegotiator,0.021118784905411303,LinearTBNegotiator@1,False,False,False,,NOOS4zVa9Lc,0.7678606227682558,0.7437685636192172,0.7594704993015259,0.7678126012919283,0.902907436915248,0.7678606227682558,0.7594704993015259,0.7594704993015259
872,SmartAspirationNegotiator,0.8538011695906432,0.0034960628013070215,0.8532882561203508,0.14619883040935672,0.5,S4_A-1,ConcederTBNegotiator,0.0113227887195535,SmartAspirationNegotiator@0,False,False,False,,4VMw46ifbCc,0.6432748538011697,0.6432748538011697,0.6432748538011697,1.0,1.0,0.6432748538011697,0.6491228070175439,0.6491228070175439
873,ConcederTBNegotiator,0.14619883040935672,0.004370114375307104,0.14245124426438982,0.8538011695906432,0.5,S4_A-1,SmartAspirationNegotiator,0.023502458701841533,ConcederTBNegotiator@1,False,False,False,,4VMw46ifbCc,0.6432748538011697,0.6432748538011697,0.6432748538011697,1.0,1.0,0.6432748538011697,0.6491228070175439,0.6491228070175439
874,GeniusBOABaselineNegotiator,0.584795321637427,0.0007442816259952948,0.5844860622482134,0.6217898560631812,0.603292588850304,S0_F-1,BoulwareTBNegotiator,0.007240210194140673,GeniusBOABaselineNegotiator@0,False,False,False,,TWrP36O83rQ,0.8356322357077108,0.8356322357077108,0.834585113574342,0.7978375803876622,0.8418817572733157,0.8356322357077108,0.834585113574342,0.834585113574342
875,BoulwareTBNegotiator,0.6217898560631812,0.0008771261662935939,0.6214578268180376,0.584795321637427,0.603292588850304,S0_F-1,GeniusBOABaselineNegotiator,0.019706702674739063,BoulwareTBNegotiator@1,False,False,False,,TWrP36O83rQ,0.8356322357077108,0.8356322357077108,0.834585113574342,0.7978375803876622,0.8418817572733157,0.8356322357077108,0.834585113574342,0.834585113574342
876,SmartAspirationNegotiator,0.5973813420621931,0.0007574209704742231,0.5970761590955881,0.6048387096774194,0.6011100258698062,S3_E-1,GeniusBOABaselineNegotiator,0.014663380803540349,SmartAspirationNegotiator@0,False,False,False,,x3fDBruOD5g,0.9765338686924485,0.9832225744061249,1.0,0.9787402496945685,1.0,1.0,1.0,1.0
877,GeniusBOABaselineNegotiator,0.6048387096774194,0.0010624744725208587,0.6044184143408573,0.5973813420621931,0.6011100258698062,S3_E-1,SmartAspirationNegotiator,0.0070117850555107,GeniusBOABaselineNegotiator@1,False,False,False,,x3fDBruOD5g,0.9765338686924485,0.9832225744061249,1.0,0.9787402496945685,1.0,1.0,1.0,1.0
878,LinearTBNegotiator,0.48862897985705,0.0009639366705748589,0.48813557496739834,0.8700454840805718,0.6793372319688109,S5_F,BoulwareTBNegotiator,0.01838266768027097,LinearTBNegotiator@0,False,False,False,,Nu6T_YRTC_g,0.7625130806021299,0.7625130806021299,0.7805360810361862,0.8984044946650847,1.0,0.7805360810361862,0.7805360810361862,0.7805360810361862
879,BoulwareTBNegotiator,0.8700454840805718,0.0007811278057266481,0.8699438936395891,0.48862897985705,0.6793372319688109,S5_F,LinearTBNegotiator,0.016239368298556656,BoulwareTBNegotiator@1,False,False,False,,Nu6T_YRTC_g,0.7625130806021299,0.7625130806021299,0.7805360810361862,0.8984044946650847,1.0,0.7805360810361862,0.7805360810361862,0.7805360810361862
880,GeniusBOABaselineNegotiator,0.7573099415204678,0.0007442816259952948,0.7571291772295895,0.7543859649122808,0.7558479532163743,S0_F-1,SmartAspirationNegotiator,0.007105706143192947,GeniusBOABaselineNegotiator@0,False,False,False,,UmE5NkLLCu8,0.9807999989329749,0.9807999989329749,1.0,0.9995877842364035,1.0,1.0,1.0,1.0
881,SmartAspirationNegotiator,0.7543859649122808,0.0008771261662935939,0.7541703412861719,0.7573099415204678,0.7558479532163743,S0_F-1,GeniusBOABaselineNegotiator,0.014241076889447868,SmartAspirationNegotiator@1,False,False,False,,UmE5NkLLCu8,0.9807999989329749,0.9807999989329749,1.0,0.9995877842364035,1.0,1.0,1.0,1.0
882,SmartAspirationNegotiator,0.9079124572989681,0.0007754352238636291,0.907840993959488,0.1375661375661376,0.5227392974325529,S1_B-1,ConcederTBNegotiator,0.011673211120069027,SmartAspirationNegotiator@0,False,False,False,,igJ_T2pYLsg,0.5796181182470082,0.601689676597047,0.601689676597047,0.8414004134961494,0.9999999999999999,0.601689676597047,0.601689676597047,0.601689676597047
883,ConcederTBNegotiator,0.1375661375661376,0.002193248997500751,0.13567044764191794,0.9079124572989681,0.5227392974325529,S1_B-1,SmartAspirationNegotiator,0.021662959014065564,ConcederTBNegotiator@1,False,False,False,,igJ_T2pYLsg,0.5796181182470082,0.601689676597047,0.601689676597047,0.8414004134961494,0.9999999999999999,0.601689676597047,0.601689676597047,0.601689676597047
884,GeniusBOABaselineNegotiator,0.49405692864529305,0.0012950634439420957,0.49340085060618105,0.5633751591198399,0.5287160438825664,S2_E,BoulwareTBNegotiator,0.0074354298994876444,GeniusBOABaselineNegotiator@0,False,False,False,,OR6q8o4Gn-s,0.8961624518430267,0.9204659248418944,0.9173845975320372,0.8608668139553324,0.9213631521657724,0.9204659248418944,0.9173845975320372,0.9173845975320372
885,BoulwareTBNegotiator,0.5633751591198399,0.0006426653306037134,0.5630943750219208,0.49405692864529305,0.5287160438825664,S2_E,GeniusBOABaselineNegotiator,0.020149379735812545,BoulwareTBNegotiator@1,False,False,False,,OR6q8o4Gn-s,0.8961624518430267,0.9204659248418944,0.9173845975320372,0.8608668139553324,0.9213631521657724,0.9204659248418944,0.9173845975320372,0.9173845975320372
886,SmartAspirationNegotiator,0.5918734261726876,0.0010624744725208587,0.5914393409019196,0.6170212765957446,0.6044473513842161,S3_E,BoulwareTBNegotiator,0.015448703023139387,SmartAspirationNegotiator@0,False,False,False,,dlF5fkVLn1w,0.962744468605478,1.0,0.9832225744061249,0.9841741547480721,1.0,1.0,0.9832225744061249,0.9832225744061249
887,BoulwareTBNegotiator,0.6170212765957446,0.0007574209704742231,0.6167309806031204,0.5918734261726876,0.6044473513842161,S3_E,SmartAspirationNegotiator,0.019584407040383667,BoulwareTBNegotiator@1,False,False,False,,dlF5fkVLn1w,0.962744468605478,1.0,0.9832225744061249,0.9841741547480721,1.0,1.0,0.9832225744061249,0.9832225744061249
888,ConcederTBNegotiator,0.20467836257309946,0.0007811278057266481,0.2040566290742856,0.9561403508771931,0.5804093567251463,S5_F-1,BoulwareTBNegotiator,0.01864033902529627,ConcederTBNegotiator@0,False,False,False,,oKg4korRRsM,0.5699318647760668,0.5699318647760668,0.5527488392164512,0.767575145728921,1.0,0.5699318647760668,0.5527488392164512,0.5527488392164512
889,BoulwareTBNegotiator,0.9561403508771931,0.0009639366705748589,0.9560980321604822,0.20467836257309946,0.5804093567251463,S5_F-1,ConcederTBNegotiator,0.013980626012198627,BoulwareTBNegotiator@1,False,False,False,,oKg4korRRsM,0.5699318647760668,0.5699318647760668,0.5527488392164512,0.767575145728921,1.0,0.5699318647760668,0.5527488392164512,0.5527488392164512
890,ConcederTBNegotiator,0.1375661375661376,0.002193248997500751,0.13567044764191794,0.9079124572989682,0.5227392974325529,S1_B,GeniusBOABaselineNegotiator,0.022149925178382546,ConcederTBNegotiator@0,False,False,False,,l_gO5Tb5heA,0.5796181182470082,0.601689676597047,0.601689676597047,0.8414004134961494,1.0,0.601689676597047,0.601689676597047,0.601689676597047
891,GeniusBOABaselineNegotiator,0.9079124572989682,0.0007754352238636291,0.9078409939594881,0.1375661375661376,0.5227392974325529,S1_B,ConcederTBNegotiator,0.006279413588345051,GeniusBOABaselineNegotiator@1,False,False,False,,l_gO5Tb5heA,0.5796181182470082,0.601689676597047,0.601689676597047,0.8414004134961494,1.0,0.601689676597047,0.601689676597047,0.601689676597047
892,GeniusBOABaselineNegotiator,0.6031746031746031,0.0007754352238636291,0.6028666519879837,0.582010582010582,0.5925925925925926,S1_B-1,GeniusBOABaselineNegotiator,0.006645048619247973,GeniusBOABaselineNegotiator@0,False,False,False,,GvNeaJ3GpOs,0.9617153631935871,0.9802359416950643,0.9802359416950643,0.9538361758740667,0.9912092750886039,0.9802359416950643,0.9802359416950643,0.9802359416950643
893,GeniusBOABaselineNegotiator,0.582010582010582,0.002193248997500751,0.5810918120473099,0.6031746031746031,0.5925925925925926,S1_B-1,GeniusBOABaselineNegotiator,0.00624699704349041,GeniusBOABaselineNegotiator@1,False,False,False,,GvNeaJ3GpOs,0.9617153631935871,0.9802359416950643,0.9802359416950643,0.9538361758740667,0.9912092750886039,0.9802359416950643,0.9802359416950643,0.9802359416950643
894,LinearTBNegotiator,0.3667966211825861,0.0007442816259952948,0.36632498851468526,0.7994924177520258,0.5831445194673059,S0_F-1,BoulwareTBNegotiator,0.019757549976930022,LinearTBNegotiator@0,False,False,False,,gFGB36tEeaA,0.7157177189149243,0.7157177189149243,0.701145103828247,0.7711923219788893,0.9391382745772429,0.7157177189149243,0.701145103828247,0.701145103828247
895,BoulwareTBNegotiator,0.7994924177520258,0.0008771261662935939,0.7993163929091003,0.3667966211825861,0.5831445194673059,S0_F-1,LinearTBNegotiator,0.01798149704700336,BoulwareTBNegotiator@1,False,False,False,,gFGB36tEeaA,0.7157177189149243,0.7157177189149243,0.701145103828247,0.7711923219788893,0.9391382745772429,0.7157177189149243,0.701145103828247,0.701145103828247
896,GeniusBOABaselineNegotiator,0.578853046594982,0.0010624744725208587,0.5784051127895757,0.5457355882887797,0.5622943174418809,S3_E,GeniusBOABaselineNegotiator,0.007102844829205424,GeniusBOABaselineNegotiator@0,False,False,False,,x0T4ARMI8TQ,0.9474842994747478,0.9483384723776958,0.9587829391141542,0.915539679875679,0.9587829391141542,0.9587829391141542,0.9587829391141542,0.9587829391141542
897,GeniusBOABaselineNegotiator,0.5457355882887797,0.0007574209704742231,0.5453912580942994,0.578853046594982,0.5622943174418809,S3_E,GeniusBOABaselineNegotiator,0.00719024334102869,GeniusBOABaselineNegotiator@1,False,False,False,,x0T4ARMI8TQ,0.9474842994747478,0.9483384723776958,0.9587829391141542,0.915539679875679,0.9587829391141542,0.9587829391141542,0.9587829391141542,0.9587829391141542
898,GeniusBOABaselineNegotiator,0.9385964912280702,0.0009639366705748589,0.938537245024675,0.2108512020792723,0.5747238466536713,S5_F,ConcederTBNegotiator,0.006910792319104075,GeniusBOABaselineNegotiator@0,False,False,False,,FYB0TNIX5EM,0.5785530218644237,0.5785530218644237,0.5615949814358568,0.7600562176291416,0.9902986456949824,0.5785530218644237,0.5615949814358568,0.5615949814358568
899,ConcederTBNegotiator,0.2108512020792723,0.0007811278057266481,0.21023429412640512,0.9385964912280702,0.5747238466536713,S5_F,GeniusBOABaselineNegotiator,0.05241828825091943,ConcederTBNegotiator@1,False,False,False,,FYB0TNIX5EM,0.5785530218644237,0.5785530218644237,0.5615949814358568,0.7600562176291416,0.9902986456949824,0.5785530218644237,0.5615949814358568,0.5615949814358568
900,ConcederTBNegotiator,0.47368421052631576,0.0034960628013070215,0.47183772203326263,0.5263157894736841,0.4999999999999999,S4_A-1,ConcederTBNegotiator,0.006192080967593938,ConcederTBNegotiator@0,False,False,False,,8AegDIiEPdA,0.976608187134503,0.976608187134503,0.976608187134503,0.9999999999999998,0.9999999999999999,0.976608187134503,0.976608187134503,0.976608187134503
901,ConcederTBNegotiator,0.5263157894736841,0.004370114375307104,0.524236649215175,0.47368421052631576,0.4999999999999999,S4_A-1,ConcederTBNegotiator,0.006147502979729325,ConcederTBNegotiator@1,False,False,False,,8AegDIiEPdA,0.976608187134503,0.976608187134503,0.976608187134503,0.9999999999999998,0.9999999999999999,0.976608187134503,0.976608187134503,0.976608187134503
902,ConcederTBNegotiator,0.26900584795321636,0.0034960628013070215,0.2664412806017537,0.7309941520467835,0.49999999999999994,S4_A-1,LinearTBNegotiator,0.012556254980154335,ConcederTBNegotiator@0,False,False,False,,oJno3FUyBnk,0.7719298245614036,0.7719298245614036,0.7719298245614036,0.9999999999999999,0.9999999999999999,0.7719298245614036,0.7719298245614036,0.7719298245614036
903,LinearTBNegotiator,0.7309941520467835,0.004370114375307104,0.7298134057271364,0.26900584795321636,0.49999999999999994,S4_A-1,ConcederTBNegotiator,0.00969087693374604,LinearTBNegotiator@1,False,False,False,,oJno3FUyBnk,0.7719298245614036,0.7719298245614036,0.7719298245614036,0.9999999999999999,0.9999999999999999,0.7719298245614036,0.7719298245614036,0.7719298245614036
904,ConcederTBNegotiator,0.19428200129954518,0.0007442816259952948,0.19368187353330907,0.9407670939817185,0.5675245476406319,S0_F-1,SmartAspirationNegotiator,0.019791245984379202,ConcederTBNegotiator@0,False,False,False,,aCOXdmeksoA,0.5660350475489319,0.5660350475489319,0.5491246568472992,0.7505353459804499,0.9858911492972834,0.5660350475489319,0.5491246568472992,0.5491246568472992
905,SmartAspirationNegotiator,0.9407670939817185,0.0008771261662935939,0.9407150936390831,0.19428200129954518,0.5675245476406319,S0_F-1,ConcederTBNegotiator,0.012993877055123448,SmartAspirationNegotiator@1,False,False,False,,aCOXdmeksoA,0.5660350475489319,0.5660350475489319,0.5491246568472992,0.7505353459804499,0.9858911492972834,0.5660350475489319,0.5491246568472992,0.5491246568472992
906,SmartAspirationNegotiator,0.7397660818713451,0.0007442816259952948,0.7395722502823309,0.7725532264198727,0.7561596541456088,S0_F-1,SmartAspirationNegotiator,0.013745584816206247,SmartAspirationNegotiator@0,False,False,False,,MviWaS_JDm4,1.0,1.0,0.9807999989329749,1.0,1.0,1.0,0.9807999989329749,0.9807999989329749
907,SmartAspirationNegotiator,0.7725532264198727,0.0008771261662935939,0.7723535517634607,0.7397660818713451,0.7561596541456088,S0_F-1,SmartAspirationNegotiator,0.01406375109218061,SmartAspirationNegotiator@1,False,False,False,,MviWaS_JDm4,1.0,1.0,0.9807999989329749,1.0,1.0,1.0,0.9807999989329749,0.9807999989329749
908,LinearTBNegotiator,0.5935672514619883,0.0009639366705748589,0.5931750980204672,0.868421052631579,0.7309941520467836,S5_F,GeniusBOABaselineNegotiator,0.01809387485263869,LinearTBNegotiator@0,False,False,False,,gboibADzgZg,0.8324241332371594,0.8324241332371594,0.8513976513554027,0.9667193271145101,1.0,0.8513976513554027,0.8513976513554027,0.8513976513554027
909,GeniusBOABaselineNegotiator,0.868421052631579,0.0007811278057266481,0.868318192310084,0.5935672514619883,0.7309941520467836,S5_F,LinearTBNegotiator,0.007002994068898261,GeniusBOABaselineNegotiator@1,False,False,False,,gboibADzgZg,0.8324241332371594,0.8324241332371594,0.8513976513554027,0.9667193271145101,1.0,0.8513976513554027,0.8513976513554027,0.8513976513554027
910,GeniusBOABaselineNegotiator,0.8771929824561403,0.004370114375307104,0.8766539460928231,0.12280701754385964,0.5,S4_A,ConcederTBNegotiator,0.0059842890477739275,GeniusBOABaselineNegotiator@0,False,False,False,,oqT1FaTQ9PI,0.6257309941520469,0.6257309941520469,0.6257309941520469,1.0,1.0,0.6257309941520469,0.6257309941520469,0.6257309941520469
911,ConcederTBNegotiator,0.12280701754385964,0.0034960628013070215,0.1197295367221045,0.8771929824561403,0.5,S4_A,GeniusBOABaselineNegotiator,0.022542157908901572,ConcederTBNegotiator@1,False,False,False,,oqT1FaTQ9PI,0.6257309941520469,0.6257309941520469,0.6257309941520469,1.0,1.0,0.6257309941520469,0.6257309941520469,0.6257309941520469
912,BoulwareTBNegotiator,0.4970760233918128,0.004370114375307104,0.49486854114203777,0.5029239766081871,0.49999999999999994,S4_A,BoulwareTBNegotiator,0.019931415969040245,BoulwareTBNegotiator@0,False,False,False,,YCgbFDAbJIg,0.9941520467836257,0.9941520467836257,0.9941520467836257,0.9999999999999999,0.9999999999999999,0.9941520467836257,0.9999999999999999,0.9999999999999999
913,BoulwareTBNegotiator,0.5029239766081871,0.0034960628013070215,0.5011800708091925,0.4970760233918128,0.49999999999999994,S4_A,BoulwareTBNegotiator,0.019200194044969976,BoulwareTBNegotiator@1,False,False,False,,YCgbFDAbJIg,0.9941520467836257,0.9941520467836257,0.9941520467836257,0.9999999999999999,0.9999999999999999,0.9941520467836257,0.9999999999999999,0.9999999999999999
914,BoulwareTBNegotiator,0.7076023391812865,0.004370114375307104,0.7063189192686266,0.2923976608187134,0.4999999999999999,S4_A,LinearTBNegotiator,0.016790414636489004,BoulwareTBNegotiator@0,False,False,False,,JYf3400uMKk,0.7953216374269007,0.7953216374269007,0.7953216374269007,0.9999999999999998,0.9999999999999999,0.7953216374269007,0.7953216374269007,0.7953216374269007
915,LinearTBNegotiator,0.2923976608187134,0.0034960628013070215,0.28991515962249753,0.7076023391812865,0.4999999999999999,S4_A,BoulwareTBNegotiator,0.020846414496190846,LinearTBNegotiator@1,False,False,False,,JYf3400uMKk,0.7953216374269007,0.7953216374269007,0.7953216374269007,0.9999999999999998,0.9999999999999999,0.7953216374269007,0.7953216374269007,0.7953216374269007
916,ConcederTBNegotiator,0.19047619047619047,0.0007754352238636291,0.18984797005548684,0.9682539682539681,0.5793650793650793,S1_B-1,GeniusBOABaselineNegotiator,0.019854375917930156,ConcederTBNegotiator@0,False,False,False,,97XX81b1SSQ,0.6247884002894775,0.6039172983238965,0.6039172983238965,0.9325451898054491,1.0,0.6247884002894775,0.6039172983238965,0.6039172983238965
917,GeniusBOABaselineNegotiator,0.9682539682539681,0.002193248997500751,0.9681841882567576,0.19047619047619047,0.5793650793650793,S1_B-1,ConcederTBNegotiator,0.005748917057644576,GeniusBOABaselineNegotiator@1,False,False,False,,97XX81b1SSQ,0.6247884002894775,0.6039172983238965,0.6039172983238965,0.9325451898054491,1.0,0.6247884002894775,0.6039172983238965,0.6039172983238965
918,SmartAspirationNegotiator,0.8821603927986906,0.0006426653306037134,0.8820846126673073,0.1185236972314441,0.5003420450150674,S2_E-1,ConcederTBNegotiator,0.01337687170598656,SmartAspirationNegotiator@0,False,False,False,,HsBp7kLGNmU,0.575956136137469,0.6132082015172416,0.598227682953997,0.8146676598217358,0.9763036178091531,0.6132082015172416,0.598227682953997,0.598227682953997
919,ConcederTBNegotiator,0.1185236972314441,0.0012950634439420957,0.11738064917527512,0.8821603927986906,0.5003420450150674,S2_E-1,SmartAspirationNegotiator,0.023318165680393577,ConcederTBNegotiator@1,False,False,False,,HsBp7kLGNmU,0.575956136137469,0.6132082015172416,0.598227682953997,0.8146676598217358,0.9763036178091531,0.6132082015172416,0.598227682953997,0.598227682953997
920,SmartAspirationNegotiator,0.5918734261726876,0.0012950634439420957,0.5913441909732625,0.6170212765957446,0.6044473513842161,S2_E,SmartAspirationNegotiator,0.015648499596863985,SmartAspirationNegotiator@0,False,False,False,,3OoqEPpx6GY,0.962744468605478,1.0,0.9832225744061249,0.9841741547480721,1.0,1.0,0.9832225744061249,0.9832225744061249
921,SmartAspirationNegotiator,0.6170212765957446,0.0006426653306037134,0.6167749911687485,0.5918734261726876,0.6044473513842161,S2_E,SmartAspirationNegotiator,0.014525205304380506,SmartAspirationNegotiator@1,False,False,False,,3OoqEPpx6GY,0.962744468605478,1.0,0.9832225744061249,0.9841741547480721,1.0,1.0,0.9832225744061249,0.9832225744061249
922,LinearTBNegotiator,0.8253968253968255,0.002193248997500751,0.8250130354121675,0.3839132298329081,0.6046550276148668,S1_B,ConcederTBNegotiator,0.007924085017293692,LinearTBNegotiator@0,False,False,False,,hyvBbK6khq0,0.7964202352116565,0.7752162495989036,0.7752162495989036,0.9732518537566377,0.9855095709579489,0.7964202352116565,0.7752162495989036,0.7752162495989036
923,ConcederTBNegotiator,0.3839132298329081,0.0007754352238636291,0.3834351237100357,0.8253968253968255,0.6046550276148668,S1_B,LinearTBNegotiator,0.009775579965207726,ConcederTBNegotiator@1,False,False,False,,hyvBbK6khq0,0.7964202352116565,0.7752162495989036,0.7752162495989036,0.9732518537566377,0.9855095709579489,0.7964202352116565,0.7752162495989036,0.7752162495989036
924,GeniusBOABaselineNegotiator,0.8538011695906432,0.0034960628013070215,0.8532882561203508,0.14619883040935672,0.5,S4_A-1,ConcederTBNegotiator,0.0059575020568445325,GeniusBOABaselineNegotiator@0,False,False,False,,brIs4H-8dJ8,0.6432748538011697,0.6432748538011697,0.6432748538011697,1.0,1.0,0.6432748538011697,0.6491228070175439,0.6491228070175439
925,ConcederTBNegotiator,0.14619883040935672,0.004370114375307104,0.14245124426438982,0.8538011695906432,0.5,S4_A-1,GeniusBOABaselineNegotiator,0.022975740139372647,ConcederTBNegotiator@1,False,False,False,,brIs4H-8dJ8,0.6432748538011697,0.6432748538011697,0.6432748538011697,1.0,1.0,0.6432748538011697,0.6491228070175439,0.6491228070175439
926,SmartAspirationNegotiator,0.7543859649122808,0.0009639366705748589,0.7541489800986998,0.7573099415204678,0.7558479532163743,S5_F,SmartAspirationNegotiator,0.014175755844917148,SmartAspirationNegotiator@0,False,False,False,,nM5RrzsUtho,0.9807999989329749,0.9807999989329749,1.0,0.9995877842364035,1.0,1.0,1.0,1.0
927,SmartAspirationNegotiator,0.7573099415204678,0.0007811278057266481,0.7571202213719327,0.7543859649122808,0.7558479532163743,S5_F,SmartAspirationNegotiator,0.013660412281751633,SmartAspirationNegotiator@1,False,False,False,,nM5RrzsUtho,0.9807999989329749,0.9807999989329749,1.0,0.9995877842364035,1.0,1.0,1.0,1.0
928,ConcederTBNegotiator,0.15384615384615385,0.0006426653306037134,0.15330201040274785,0.9232683981793433,0.5385572760127486,S2_E-1,GeniusBOABaselineNegotiator,0.020423706620931625,ConcederTBNegotiator@0,False,False,False,,5wuJ_1mgk-8,0.6276054466489961,0.5939791687865419,0.6107442472375311,0.8768905193967101,1.0,0.6276054466489961,0.6107442472375311,0.6107442472375311
929,GeniusBOABaselineNegotiator,0.9232683981793433,0.0012950634439420957,0.9231688970265246,0.15384615384615385,0.5385572760127486,S2_E-1,ConcederTBNegotiator,0.006513663101941347,GeniusBOABaselineNegotiator@1,False,False,False,,5wuJ_1mgk-8,0.6276054466489961,0.5939791687865419,0.6107442472375311,0.8768905193967101,1.0,0.6276054466489961,0.6107442472375311,0.6107442472375311
930,ConcederTBNegotiator,0.11695906432748539,0.004370114375307104,0.11308313619125249,0.8830409356725145,0.49999999999999994,S4_A,BoulwareTBNegotiator,0.02351737895514816,ConcederTBNegotiator@0,False,False,False,,Ijnl-s_UgTc,0.6140350877192983,0.6140350877192983,0.6140350877192983,0.9999999999999999,0.9999999999999999,0.6140350877192983,0.6198830409356726,0.6198830409356726
931,BoulwareTBNegotiator,0.8830409356725145,0.0034960628013070215,0.8826306048962805,0.11695906432748539,0.49999999999999994,S4_A,ConcederTBNegotiator,0.014982125896494836,BoulwareTBNegotiator@1,False,False,False,,Ijnl-s_UgTc,0.6140350877192983,0.6140350877192983,0.6140350877192983,0.9999999999999999,0.9999999999999999,0.6140350877192983,0.6198830409356726,0.6198830409356726
932,BoulwareTBNegotiator,0.7573099415204678,0.0007442816259952948,0.7571291772295895,0.7543859649122808,0.7558479532163743,S0_F-1,SmartAspirationNegotiator,0.01847100240411237,BoulwareTBNegotiator@0,False,False,False,,lPoNeJJA8aA,0.9807999989329749,0.9807999989329749,1.0,0.9995877842364035,1.0,1.0,1.0,1.0
933,SmartAspirationNegotiator,0.7543859649122808,0.0008771261662935939,0.7541703412861719,0.7573099415204678,0.7558479532163743,S0_F-1,BoulwareTBNegotiator,0.014273952052462846,SmartAspirationNegotiator@1,False,False,False,,lPoNeJJA8aA,0.9807999989329749,0.9807999989329749,1.0,0.9995877842364035,1.0,1.0,1.0,1.0
934,SmartAspirationNegotiator,0.5973813420621931,0.0006426653306037134,0.5971224266132997,0.6048387096774194,0.6011100258698062,S2_E-1,SmartAspirationNegotiator,0.014713123848196119,SmartAspirationNegotiator@0,False,False,False,,nyMUDIhXZuM,0.9765338686924485,0.9832225744061249,1.0,0.9787402496945685,1.0,1.0,1.0,1.0
935,SmartAspirationNegotiator,0.6048387096774194,0.0012950634439420957,0.6043262871161347,0.5973813420621931,0.6011100258698062,S2_E-1,SmartAspirationNegotiator,0.01499995298217982,SmartAspirationNegotiator@1,False,False,False,,nyMUDIhXZuM,0.9765338686924485,0.9832225744061249,1.0,0.9787402496945685,1.0,1.0,1.0,1.0
936,ConcederTBNegotiator,0.6759410801963993,0.0006426653306037134,0.675732684835095,0.5080645161290323,0.5920027981627158,S2_E-1,ConcederTBNegotiator,0.007135750085581094,ConcederTBNegotiator@0,False,False,False,,rqWZhBHX9fY,0.8898032269892446,0.9269635106480826,0.9111370615807703,0.9639116660136278,1.0,0.9269635106480826,0.9111370615807703,0.9111370615807703
937,ConcederTBNegotiator,0.5080645161290323,0.0012950634439420957,0.5074266023282492,0.6759410801963993,0.5920027981627158,S2_E-1,ConcederTBNegotiator,0.007090207072906196,ConcederTBNegotiator@1,False,False,False,,rqWZhBHX9fY,0.8898032269892446,0.9269635106480826,0.9111370615807703,0.9639116660136278,1.0,0.9269635106480826,0.9111370615807703,0.9111370615807703
938,BoulwareTBNegotiator,0.9047619047619048,0.0007754352238636291,0.9046879964771161,0.15873015873015878,0.5317460317460317,S1_B-1,ConcederTBNegotiator,0.014650000142864883,BoulwareTBNegotiator@0,False,False,False,,cp5T5AasGec,0.5935926814596778,0.6156542004475094,0.6156542004475094,0.8558976399584259,1.0,0.6156542004475094,0.6156542004475094,0.6156542004475094
939,ConcederTBNegotiator,0.15873015873015878,0.002193248997500751,0.1568809888040795,0.9047619047619048,0.5317460317460317,S1_B-1,BoulwareTBNegotiator,0.02143427898408845,ConcederTBNegotiator@1,False,False,False,,cp5T5AasGec,0.5935926814596778,0.6156542004475094,0.6156542004475094,0.8558976399584259,1.0,0.6156542004475094,0.6156542004475094,0.6156542004475094
940,ConcederTBNegotiator,0.5838206627680312,0.0007811278057266481,0.5834953193807842,0.5968161143599741,0.5903183885640026,S5_F-1,ConcederTBNegotiator,0.006621791981160641,ConcederTBNegotiator@0,False,False,False,,V_PgU4RmbmA,0.8213816800521802,0.8213816800521802,0.8218283087855961,0.7806795632742511,0.8338690225980921,0.8218283087855961,0.8218283087855961,0.8218283087855961
941,ConcederTBNegotiator,0.5968161143599741,0.0009639366705748589,0.5964270956382094,0.5838206627680312,0.5903183885640026,S5_F-1,ConcederTBNegotiator,0.012298499990720302,ConcederTBNegotiator@1,False,False,False,,V_PgU4RmbmA,0.8213816800521802,0.8213816800521802,0.8218283087855961,0.7806795632742511,0.8338690225980921,0.8218283087855961,0.8218283087855961,0.8218283087855961
942,SmartAspirationNegotiator,0.5238095238095238,0.002193248997500751,0.5227628238513657,0.6345827581547269,0.5791961409821254,S1_B,BoulwareTBNegotiator,0.015271747775841504,SmartAspirationNegotiator@0,False,False,False,,xlhllFolMBs,0.9156542223097626,0.9371370162294771,0.9371370162294771,0.9322732668297498,0.9823108132553978,0.9371370162294771,0.9371370162294771,0.9371370162294771
943,BoulwareTBNegotiator,0.6345827581547269,0.0007754352238636291,0.6342991808581685,0.5238095238095238,0.5791961409821254,S1_B,SmartAspirationNegotiator,0.019332241732627153,BoulwareTBNegotiator@1,False,False,False,,xlhllFolMBs,0.9156542223097626,0.9371370162294771,0.9371370162294771,0.9322732668297498,0.9823108132553978,0.9371370162294771,0.9371370162294771,0.9371370162294771
944,ConcederTBNegotiator,0.5664529123725907,0.0007754352238636291,0.5661164637955632,0.5608465608465609,0.5636497366095758,S1_B-1,ConcederTBNegotiator,0.006150204979348928,ConcederTBNegotiator@0,False,False,False,,CbY2bo10GrM,0.9431329833373322,0.9532848494831877,0.9532848494831877,0.9072497969439234,0.9609009237432099,0.9532848494831877,0.9532848494831877,0.9532848494831877
945,ConcederTBNegotiator,0.5608465608465609,0.002193248997500751,0.5598812708851485,0.5664529123725907,0.5636497366095758,S1_B-1,ConcederTBNegotiator,0.005490208161063492,ConcederTBNegotiator@1,False,False,False,,CbY2bo10GrM,0.9431329833373322,0.9532848494831877,0.9532848494831877,0.9072497969439234,0.9609009237432099,0.9532848494831877,0.9532848494831877,0.9532848494831877
946,GeniusBOABaselineNegotiator,0.559779077322937,0.0007442816259952948,0.5594511849345297,0.7894736842105263,0.6746263807667316,S0_F-1,GeniusBOABaselineNegotiator,0.007514215132687241,GeniusBOABaselineNegotiator@0,False,False,False,,VGVOkSd7iEg,0.8625646620321361,0.8625646620321361,0.8474798110912376,0.8921745256681245,0.9573599675039428,0.8625646620321361,0.8474798110912376,0.8474798110912376
947,GeniusBOABaselineNegotiator,0.7894736842105263,0.0008771261662935939,0.7892888639595759,0.559779077322937,0.6746263807667316,S0_F-1,GeniusBOABaselineNegotiator,0.007477828010451049,GeniusBOABaselineNegotiator@1,False,False,False,,VGVOkSd7iEg,0.8625646620321361,0.8625646620321361,0.8474798110912376,0.8921745256681245,0.9573599675039428,0.8625646620321361,0.8474798110912376,0.8474798110912376
948,LinearTBNegotiator,0.5767195767195767,0.002193248997500751,0.5757891767567695,0.5790272025991713,0.577873389659374,S1_B,LinearTBNegotiator,0.01323599903844297,LinearTBNegotiator@0,False,False,False,,yh21i_Fit4U,0.9567674947426404,0.9677024037038318,0.9677024037038318,0.9301441682228879,0.9736745881204828,0.9677024037038318,0.9677024037038318,0.9677024037038318
949,LinearTBNegotiator,0.5790272025991713,0.0007754352238636291,0.5787005121364862,0.5767195767195767,0.577873389659374,S1_B,LinearTBNegotiator,0.013722706236876547,LinearTBNegotiator@1,False,False,False,,yh21i_Fit4U,0.9567674947426404,0.9677024037038318,0.9677024037038318,0.9301441682228879,0.9736745881204828,0.9677024037038318,0.9677024037038318,0.9677024037038318
950,SmartAspirationNegotiator,0.7099472631387526,0.0006426653306037134,0.709760736426474,0.2614226440725705,0.48568495360566155,S2_E-1,LinearTBNegotiator,0.014232546556741,SmartAspirationNegotiator@0,False,False,False,,DTssuBsywhk,0.7190358578484184,0.7552784600187009,0.7423561147168696,0.7908026689075016,0.9908502915717833,0.7552784600187009,0.7423561147168696,0.7423561147168696
951,LinearTBNegotiator,0.2614226440725705,0.0012950634439420957,0.26046489919800986,0.7099472631387526,0.48568495360566155,S2_E-1,SmartAspirationNegotiator,0.021654663258232176,LinearTBNegotiator@1,False,False,False,,DTssuBsywhk,0.7190358578484184,0.7552784600187009,0.7423561147168696,0.7908026689075016,0.9908502915717833,0.7552784600187009,0.7423561147168696,0.7423561147168696
952,GeniusBOABaselineNegotiator,0.582010582010582,0.002193248997500751,0.5810918120473099,0.6031746031746031,0.5925925925925926,S1_B,BoulwareTBNegotiator,0.006738291936926544,GeniusBOABaselineNegotiator@0,False,False,False,,u8VjtwR2-oU,0.9617153631935871,0.9802359416950643,0.9802359416950643,0.9538361758740667,0.9912092750886039,0.9802359416950643,0.9802359416950643,0.9802359416950643
953,BoulwareTBNegotiator,0.6031746031746031,0.0007754352238636291,0.6028666519879837,0.582010582010582,0.5925925925925926,S1_B,GeniusBOABaselineNegotiator,0.01934932079166174,BoulwareTBNegotiator@1,False,False,False,,u8VjtwR2-oU,0.9617153631935871,0.9802359416950643,0.9802359416950643,0.9538361758740667,0.9912092750886039,0.9802359416950643,0.9802359416950643,0.9802359416950643
954,GeniusBOABaselineNegotiator,0.7725532264198727,0.0008771261662935939,0.7723535517634607,0.7397660818713451,0.7561596541456088,S0_F,SmartAspirationNegotiator,0.007056666712742299,GeniusBOABaselineNegotiator@0,False,False,False,,1xj1fMg7Xxc,1.0,1.0,0.9807999989329749,1.0,1.0,1.0,0.9807999989329749,0.9807999989329749
955,SmartAspirationNegotiator,0.7397660818713451,0.0007442816259952948,0.7395722502823309,0.7725532264198727,0.7561596541456088,S0_F,GeniusBOABaselineNegotiator,0.013550782110542059,SmartAspirationNegotiator@1,False,False,False,,1xj1fMg7Xxc,1.0,1.0,0.9807999989329749,1.0,1.0,1.0,0.9807999989329749,0.9807999989329749
956,GeniusBOABaselineNegotiator,0.6756272401433692,0.0010624744725208587,0.6752822358081414,0.2675031823967994,0.4715652112700843,S3_E,LinearTBNegotiator,0.016747038811445236,GeniusBOABaselineNegotiator@0,False,False,False,,mjPScklIakw,0.7678606227682558,0.7437685636192172,0.7594704993015259,0.7678126012919283,0.902907436915248,0.7678606227682558,0.7594704993015259,0.7594704993015259
957,LinearTBNegotiator,0.2675031823967994,0.0007574209704742231,0.26694795340425875,0.6756272401433692,0.4715652112700843,S3_E,GeniusBOABaselineNegotiator,0.02393982687499374,LinearTBNegotiator@1,False,False,False,,mjPScklIakw,0.7678606227682558,0.7437685636192172,0.7594704993015259,0.7678126012919283,0.902907436915248,0.7678606227682558,0.7594704993015259,0.7594704993015259
958,GeniusBOABaselineNegotiator,0.8952536824877251,0.0006426653306037134,0.8951863223709399,0.1490748497922465,0.5221642661399858,S2_E-1,ConcederTBNegotiator,0.00711241940734908,GeniusBOABaselineNegotiator@0,False,False,False,,NMoGKP14_eY,0.5899418999499724,0.627175323667607,0.6118375432198896,0.8501990687710164,1.0,0.627175323667607,0.6118375432198896,0.6118375432198896
959,ConcederTBNegotiator,0.1490748497922465,0.0012950634439420957,0.1479714187234414,0.8952536824877251,0.5221642661399858,S2_E-1,GeniusBOABaselineNegotiator,0.02188633708283305,ConcederTBNegotiator@1,False,False,False,,NMoGKP14_eY,0.5899418999499724,0.627175323667607,0.6118375432198896,0.8501990687710164,1.0,0.627175323667607,0.6118375432198896,0.6118375432198896
960,SmartAspirationNegotiator,0.6031746031746031,0.0007754352238636291,0.6028666519879837,0.582010582010582,0.5925925925925926,S1_B-1,SmartAspirationNegotiator,0.016517127864062786,SmartAspirationNegotiator@0,False,False,False,,g5blE9mduE8,0.9617153631935871,0.9802359416950643,0.9802359416950643,0.9538361758740667,0.9912092750886039,0.9802359416950643,0.9802359416950643,0.9802359416950643
961,SmartAspirationNegotiator,0.582010582010582,0.002193248997500751,0.5810918120473099,0.6031746031746031,0.5925925925925926,S1_B-1,SmartAspirationNegotiator,0.013640290184412152,SmartAspirationNegotiator@1,False,False,False,,g5blE9mduE8,0.9617153631935871,0.9802359416950643,0.9802359416950643,0.9538361758740667,0.9912092750886039,0.9802359416950643,0.9802359416950643,0.9802359416950643
962,BoulwareTBNegotiator,0.9298245614035088,0.0008771261662935939,0.9297629546531919,0.21572449642625083,0.5727745289148798,S0_F,ConcederTBNegotiator,0.015289621835108846,BoulwareTBNegotiator@0,False,False,False,,k-TN4yFbDrg,0.5840520094147557,0.5840520094147557,0.5672054735427323,0.7574782994235028,0.9878762575568232,0.5840520094147557,0.5672054735427323,0.5672054735427323
963,ConcederTBNegotiator,0.21572449642625083,0.0007442816259952948,0.21514033980218067,0.9298245614035088,0.5727745289148798,S0_F,BoulwareTBNegotiator,0.01980149873998016,ConcederTBNegotiator@1,False,False,False,,k-TN4yFbDrg,0.5840520094147557,0.5840520094147557,0.5672054735427323,0.7574782994235028,0.9878762575568232,0.5840520094147557,0.5672054735427323,0.5672054735427323
964,SmartAspirationNegotiator,0.4678362573099415,0.004370114375307104,0.4655004330689005,0.5321637426900585,0.5,S4_A,GeniusBOABaselineNegotiator,0.01587454095715657,SmartAspirationNegotiator@0,False,False,False,,bh_XM3fnpTk,0.9649122807017543,0.9649122807017543,0.9649122807017543,1.0,1.0,0.9649122807017543,0.9707602339181287,0.9707602339181287
965,GeniusBOABaselineNegotiator,0.5321637426900585,0.0034960628013070215,0.5305224195851225,0.4678362573099415,0.5,S4_A,SmartAspirationNegotiator,0.00641154422191903,GeniusBOABaselineNegotiator@1,False,False,False,,bh_XM3fnpTk,0.9649122807017543,0.9649122807017543,0.9649122807017543,1.0,1.0,0.9649122807017543,0.9707602339181287,0.9707602339181287
966,SmartAspirationNegotiator,0.7543859649122808,0.0008771261662935939,0.7541703412861719,0.7573099415204678,0.7558479532163743,S0_F,GeniusBOABaselineNegotiator,0.01402887684525922,SmartAspirationNegotiator@0,False,False,False,,L7_WsnLRW4Q,0.9807999989329749,0.9807999989329749,1.0,0.9995877842364035,1.0,1.0,1.0,1.0
967,GeniusBOABaselineNegotiator,0.7573099415204678,0.0007442816259952948,0.7571291772295895,0.7543859649122808,0.7558479532163743,S0_F,SmartAspirationNegotiator,0.007134246872738004,GeniusBOABaselineNegotiator@1,False,False,False,,L7_WsnLRW4Q,0.9807999989329749,0.9807999989329749,1.0,0.9995877842364035,1.0,1.0,1.0,1.0
968,BoulwareTBNegotiator,0.5465949820788529,0.0012950634439420957,0.546007032382685,0.503182396799418,0.5248886894391355,S2_E,BoulwareTBNegotiator,0.020414754806552082,BoulwareTBNegotiator@0,False,False,False,,WOkyXwfy53M,0.9101795645181664,0.9126584534033798,0.9210437943802361,0.8546350332788867,0.9210437943802361,0.9210437943802361,0.9210437943802361,0.9210437943802361
969,BoulwareTBNegotiator,0.503182396799418,0.0006426653306037134,0.5028629040232768,0.5465949820788529,0.5248886894391355,S2_E,BoulwareTBNegotiator,0.0199506570934318,BoulwareTBNegotiator@1,False,False,False,,WOkyXwfy53M,0.9101795645181664,0.9126584534033798,0.9210437943802361,0.8546350332788867,0.9210437943802361,0.9210437943802361,0.9210437943802361,0.9210437943802361
970,SmartAspirationNegotiator,0.9079124572989681,0.0007754352238636291,0.907840993959488,0.1375661375661376,0.5227392974325529,S1_B-1,ConcederTBNegotiator,0.011711456521879882,SmartAspirationNegotiator@0,False,False,False,,6H_7TLJ7gLg,0.5796181182470082,0.601689676597047,0.601689676597047,0.8414004134961494,0.9999999999999999,0.601689676597047,0.601689676597047,0.601689676597047
971,ConcederTBNegotiator,0.1375661375661376,0.002193248997500751,0.13567044764191794,0.9079124572989681,0.5227392974325529,S1_B-1,SmartAspirationNegotiator,0.021291160548571497,ConcederTBNegotiator@1,False,False,False,,6H_7TLJ7gLg,0.5796181182470082,0.601689676597047,0.601689676597047,0.8414004134961494,0.9999999999999999,0.601689676597047,0.601689676597047,0.601689676597047
972,SmartAspirationNegotiator,0.7543859649122808,0.0008771261662935939,0.7541703412861719,0.7573099415204678,0.7558479532163743,S0_F,GeniusBOABaselineNegotiator,0.01433675509179011,SmartAspirationNegotiator@0,False,False,False,,Q_lNgrzUPcE,0.9807999989329749,0.9807999989329749,1.0,0.9995877842364035,1.0,1.0,1.0,1.0
973,GeniusBOABaselineNegotiator,0.7573099415204678,0.0007442816259952948,0.7571291772295895,0.7543859649122808,0.7558479532163743,S0_F,SmartAspirationNegotiator,0.007034290058072656,GeniusBOABaselineNegotiator@1,False,False,False,,Q_lNgrzUPcE,0.9807999989329749,0.9807999989329749,1.0,0.9995877842364035,1.0,1.0,1.0,1.0
974,GeniusBOABaselineNegotiator,0.5793650793650793,0.0007754352238636291,0.5790386511072627,0.582010582010582,0.5806878306878307,S1_B-1,SmartAspirationNegotiator,0.0066678342409431934,GeniusBOABaselineNegotiator@0,False,False,False,,ckRk_W5ER7w,0.9604718833901288,0.9704295597377377,0.9704295597377377,0.9346742884123109,0.9747435113226108,0.9704295597377377,0.9704295597377377,0.9704295597377377
975,SmartAspirationNegotiator,0.582010582010582,0.002193248997500751,0.5810918120473099,0.5793650793650793,0.5806878306878307,S1_B-1,GeniusBOABaselineNegotiator,0.014305831748060882,SmartAspirationNegotiator@1,False,False,False,,ckRk_W5ER7w,0.9604718833901288,0.9704295597377377,0.9704295597377377,0.9346742884123109,0.9747435113226108,0.9704295597377377,0.9704295597377377,0.9704295597377377
976,SmartAspirationNegotiator,0.5564516129032258,0.0012950634439420957,0.5558764447221919,0.6563011456628477,0.6063763792830368,S2_E,GeniusBOABaselineNegotiator,0.016103170171845704,SmartAspirationNegotiator@0,False,False,False,,nboiTeGvcSE,0.9259475513173088,0.9622920760502182,0.9456457474034602,0.9873150393883301,1.0,0.9622920760502182,0.9456457474034602,0.9456457474034602
977,GeniusBOABaselineNegotiator,0.6563011456628477,0.0006426653306037134,0.6560801202796461,0.5564516129032258,0.6063763792830368,S2_E,SmartAspirationNegotiator,0.007405832759104669,GeniusBOABaselineNegotiator@1,False,False,False,,nboiTeGvcSE,0.9259475513173088,0.9622920760502182,0.9456457474034602,0.9873150393883301,1.0,0.9622920760502182,0.9456457474034602,0.9456457474034602
978,BoulwareTBNegotiator,0.7725532264198727,0.0009639366705748589,0.7723337705926955,0.7397660818713451,0.7561596541456088,S5_F,SmartAspirationNegotiator,0.01837292016716674,BoulwareTBNegotiator@0,False,False,False,,QzEnKn43Pcc,1.0,1.0,0.9807999989329749,1.0,1.0,1.0,0.9807999989329749,0.9807999989329749
979,SmartAspirationNegotiator,0.7397660818713451,0.0007811278057266481,0.7395626470132772,0.7725532264198727,0.7561596541456088,S5_F,BoulwareTBNegotiator,0.014009376289322972,SmartAspirationNegotiator@1,False,False,False,,QzEnKn43Pcc,1.0,1.0,0.9807999989329749,1.0,1.0,1.0,0.9807999989329749,0.9807999989329749
980,ConcederTBNegotiator,0.2059779077322937,0.0009639366705748589,0.2052117822238384,0.8778427550357375,0.5419103313840156,S5_F,SmartAspirationNegotiator,0.023619671643245965,ConcederTBNegotiator@0,False,False,False,,6dCcvFYY_Bo,0.5566644835268639,0.5566644835268639,0.5731311073045606,0.7166612611675568,0.977991611797476,0.5731311073045606,0.5731311073045606,0.5731311073045606
981,SmartAspirationNegotiator,0.8778427550357375,0.0007811278057266481,0.8777472600212138,0.2059779077322937,0.5419103313840156,S5_F,ConcederTBNegotiator,0.013111626903992146,SmartAspirationNegotiator@1,False,False,False,,6dCcvFYY_Bo,0.5566644835268639,0.5566644835268639,0.5731311073045606,0.7166612611675568,0.977991611797476,0.5731311073045606,0.5731311073045606,0.5731311073045606
982,BoulwareTBNegotiator,0.7076023391812865,0.0034960628013070215,0.7065765122407014,0.2923976608187134,0.4999999999999999,S4_A-1,LinearTBNegotiator,0.017617788747884333,BoulwareTBNegotiator@0,False,False,False,,jOc-_rfjFn8,0.7894736842105263,0.7894736842105263,0.7894736842105263,0.9999999999999998,0.9999999999999999,0.7894736842105263,0.7953216374269007,0.7953216374269007
983,LinearTBNegotiator,0.2923976608187134,0.004370114375307104,0.28929178463007643,0.7076023391812865,0.4999999999999999,S4_A-1,BoulwareTBNegotiator,0.02142519486369565,LinearTBNegotiator@1,False,False,False,,jOc-_rfjFn8,0.7894736842105263,0.7894736842105263,0.7894736842105263,0.9999999999999998,0.9999999999999999,0.7894736842105263,0.7953216374269007,0.7953216374269007
984,LinearTBNegotiator,0.7689495968231964,0.0008771261662935939,0.768746758554084,0.37426900584795325,0.5716093013355749,S0_F,ConcederTBNegotiator,0.010189708264078945,LinearTBNegotiator@0,False,False,False,,q-TD0qPzzVU,0.7221236298881974,0.7221236298881974,0.7085893136460552,0.7559373185302263,0.9161843172014918,0.7221236298881974,0.7085893136460552,0.7085893136460552
985,ConcederTBNegotiator,0.37426900584795325,0.0007442816259952948,0.3738029388811102,0.7689495968231964,0.5716093013355749,S0_F,LinearTBNegotiator,0.011439247115049511,ConcederTBNegotiator@1,False,False,False,,q-TD0qPzzVU,0.7221236298881974,0.7221236298881974,0.7085893136460552,0.7559373185302263,0.9161843172014918,0.7221236298881974,0.7085893136460552,0.7085893136460552
986,BoulwareTBNegotiator,0.5904521398386507,0.0007754352238636291,0.5901343155498752,0.5873015873015872,0.5888768635701189,S1_B-1,BoulwareTBNegotiator,0.01942295127082616,BoulwareTBNegotiator@0,False,False,False,,W36aRZ5JiO0,0.9657533700827802,0.9788365509746099,0.9788365509746099,0.947855343839237,0.9829625189076004,0.9788365509746099,0.9788365509746099,0.9788365509746099
987,BoulwareTBNegotiator,0.5873015873015872,0.002193248997500751,0.5863944473378502,0.5904521398386507,0.5888768635701189,S1_B-1,BoulwareTBNegotiator,0.018846200313419104,BoulwareTBNegotiator@1,False,False,False,,W36aRZ5JiO0,0.9657533700827802,0.9788365509746099,0.9788365509746099,0.947855343839237,0.9829625189076004,0.9788365509746099,0.9788365509746099,0.9788365509746099
988,BoulwareTBNegotiator,0.6710310965630115,0.0007574209704742231,0.6707817397488343,0.23703471649526825,0.45403290652913986,S3_E-1,LinearTBNegotiator,0.01889458583900705,BoulwareTBNegotiator@0,False,False,False,,3y_erqElUbI,0.70911502398021,0.7441159507431945,0.7325810824533303,0.7392661263016912,0.9694735723246475,0.7441159507431945,0.7325810824533303,0.7325810824533303
989,LinearTBNegotiator,0.23703471649526825,0.0010624744725208587,0.23622322316717914,0.6710310965630115,0.45403290652913986,S3_E-1,BoulwareTBNegotiator,0.02224307769211009,LinearTBNegotiator@1,False,False,False,,3y_erqElUbI,0.70911502398021,0.7441159507431945,0.7325810824533303,0.7392661263016912,0.9694735723246475,0.7441159507431945,0.7325810824533303,0.7325810824533303
990,LinearTBNegotiator,0.26900584795321636,0.004370114375307104,0.2657972981715666,0.7309941520467835,0.49999999999999994,S4_A,BoulwareTBNegotiator,0.021652916097082198,LinearTBNegotiator@0,False,False,False,,jJeB37Xy8kA,0.7660818713450293,0.7660818713450293,0.7660818713450293,0.9999999999999999,1.0,0.7660818713450293,0.7719298245614036,0.7719298245614036
991,BoulwareTBNegotiator,0.7309941520467835,0.0034960628013070215,0.7300503912614453,0.26900584795321636,0.49999999999999994,S4_A,LinearTBNegotiator,0.017279497056733817,BoulwareTBNegotiator@1,False,False,False,,jJeB37Xy8kA,0.7660818713450293,0.7660818713450293,0.7660818713450293,0.9999999999999999,1.0,0.7660818713450293,0.7719298245614036,0.7719298245614036
992,GeniusBOABaselineNegotiator,0.5457355882887797,0.0007574209704742231,0.5453912580942994,0.578853046594982,0.5622943174418809,S3_E-1,BoulwareTBNegotiator,0.00744196557207033,GeniusBOABaselineNegotiator@0,False,False,False,,SUJFzOpxiO4,0.9474842994747478,0.9483384723776958,0.9587829391141542,0.915539679875679,0.9587829391141542,0.9587829391141542,0.9587829391141542,0.9587829391141542
993,BoulwareTBNegotiator,0.578853046594982,0.0010624744725208587,0.5784051127895757,0.5457355882887797,0.5622943174418809,S3_E-1,GeniusBOABaselineNegotiator,0.01930916216224432,BoulwareTBNegotiator@1,False,False,False,,SUJFzOpxiO4,0.9474842994747478,0.9483384723776958,0.9587829391141542,0.915539679875679,0.9587829391141542,0.9587829391141542,0.9587829391141542,0.9587829391141542
994,SmartAspirationNegotiator,0.7397660818713451,0.0007442816259952948,0.7395722502823309,0.7725532264198727,0.7561596541456088,S0_F-1,BoulwareTBNegotiator,0.01398799876915291,SmartAspirationNegotiator@0,False,False,False,,M4BFqMV_LpE,1.0,1.0,0.9807999989329749,1.0,1.0,1.0,0.9807999989329749,0.9807999989329749
995,BoulwareTBNegotiator,0.7725532264198727,0.0008771261662935939,0.7723535517634607,0.7397660818713451,0.7561596541456088,S0_F-1,SmartAspirationNegotiator,0.017930663016159087,BoulwareTBNegotiator@1,False,False,False,,M4BFqMV_LpE,1.0,1.0,0.9807999989329749,1.0,1.0,1.0,0.9807999989329749,0.9807999989329749
996,LinearTBNegotiator,0.796801346187857,0.0007754352238636291,0.7966436565161236,0.32275132275132273,0.5597763344695899,S1_B-1,ConcederTBNegotiator,0.009054334019310772,LinearTBNegotiator@0,False,False,False,,h5D19NfIf40,0.7341014220333839,0.756164987707006,0.756164987707006,0.9010151744882784,1.0,0.756164987707006,0.756164987707006,0.756164987707006
997,ConcederTBNegotiator,0.32275132275132273,0.002193248997500751,0.32126268281083126,0.796801346187857,0.5597763344695899,S1_B-1,LinearTBNegotiator,0.010936831764411181,ConcederTBNegotiator@1,False,False,False,,h5D19NfIf40,0.7341014220333839,0.756164987707006,0.756164987707006,0.9010151744882784,1.0,0.756164987707006,0.756164987707006,0.756164987707006
998,BoulwareTBNegotiator,0.584795321637427,0.0007811278057266481,0.5844707401784873,0.6217898560631812,0.603292588850304,S5_F-1,BoulwareTBNegotiator,0.019608587317634374,BoulwareTBNegotiator@0,False,False,False,,5AH4ZB_Lu0s,0.8356322357077108,0.8356322357077108,0.834585113574342,0.7978375803876622,0.8418817572733157,0.8356322357077108,0.834585113574342,0.834585113574342
999,BoulwareTBNegotiator,0.6217898560631812,0.0009639366705748589,0.6214249336741844,0.584795321637427,0.603292588850304,S5_F-1,BoulwareTBNegotiator,0.020008499850519,BoulwareTBNegotiator@1,False,False,False,,5AH4ZB_Lu0s,0.8356322357077108,0.8356322357077108,0.834585113574342,0.7978375803876622,0.8418817572733157,0.8356322357077108,0.834585113574342,0.834585113574342
1000,ConcederTBNegotiator,0.19428200129954518,0.0007442816259952948,0.19368187353330907,0.9407670939817185,0.5675245476406319,S0_F-1,SmartAspirationNegotiator,0.0199842918664217,ConcederTBNegotiator@0,False,False,False,,n4dF1NgBwh0,0.5660350475489319,0.5660350475489319,0.5491246568472992,0.7505353459804499,0.9858911492972834,0.5660350475489319,0.5491246568472992,0.5491246568472992
1001,SmartAspirationNegotiator,0.9407670939817185,0.0008771261662935939,0.9407150936390831,0.19428200129954518,0.5675245476406319,S0_F-1,ConcederTBNegotiator,0.013004450709559023,SmartAspirationNegotiator@1,False,False,False,,n4dF1NgBwh0,0.5660350475489319,0.5660350475489319,0.5491246568472992,0.7505353459804499,0.9858911492972834,0.5660350475489319,0.5491246568472992,0.5491246568472992
1002,LinearTBNegotiator,0.23703471649526825,0.0010624744725208587,0.23622322316717914,0.6710310965630115,0.45403290652913986,S3_E,GeniusBOABaselineNegotiator,0.022802999999839813,LinearTBNegotiator@0,False,False,False,,eF9LYY9ACUo,0.70911502398021,0.7441159507431945,0.7325810824533303,0.7392661263016912,0.9694735723246475,0.7441159507431945,0.7325810824533303,0.7325810824533303
1003,GeniusBOABaselineNegotiator,0.6710310965630115,0.0007574209704742231,0.6707817397488343,0.23703471649526825,0.45403290652913986,S3_E,LinearTBNegotiator,0.007540619117207825,GeniusBOABaselineNegotiator@1,False,False,False,,eF9LYY9ACUo,0.70911502398021,0.7441159507431945,0.7325810824533303,0.7392661263016912,0.9694735723246475,0.7441159507431945,0.7325810824533303,0.7325810824533303
1004,LinearTBNegotiator,0.24786324786324784,0.0006426653306037134,0.24737956480244253,0.6956698318710994,0.47176653986717365,S2_E-1,GeniusBOABaselineNegotiator,0.021802454255521297,LinearTBNegotiator@0,False,False,False,,5Z29XxIDBMU,0.7519498281184096,0.726615866712041,0.7425460455799742,0.7681404088361475,0.91321639759814,0.7519498281184096,0.7425460455799742,0.7425460455799742
1005,GeniusBOABaselineNegotiator,0.6956698318710994,0.0012950634439420957,0.6952751939142755,0.24786324786324784,0.47176653986717365,S2_E-1,LinearTBNegotiator,0.007331037719268352,GeniusBOABaselineNegotiator@1,False,False,False,,5Z29XxIDBMU,0.7519498281184096,0.726615866712041,0.7425460455799742,0.7681404088361475,0.91321639759814,0.7519498281184096,0.7425460455799742,0.7425460455799742
1006,SmartAspirationNegotiator,0.5918734261726876,0.0012950634439420957,0.5913441909732625,0.6170212765957446,0.6044473513842161,S2_E,SmartAspirationNegotiator,0.015581419283989817,SmartAspirationNegotiator@0,False,False,False,,ueXEZoDVbrk,0.962744468605478,1.0,0.9832225744061249,0.9841741547480721,1.0,1.0,0.9832225744061249,0.9832225744061249
1007,SmartAspirationNegotiator,0.6170212765957446,0.0006426653306037134,0.6167749911687485,0.5918734261726876,0.6044473513842161,S2_E,SmartAspirationNegotiator,0.014383537694811821,SmartAspirationNegotiator@1,False,False,False,,ueXEZoDVbrk,0.962744468605478,1.0,0.9832225744061249,0.9841741547480721,1.0,1.0,0.9832225744061249,0.9832225744061249
1008,SmartAspirationNegotiator,0.7543859649122808,0.0009639366705748589,0.7541489800986998,0.7573099415204678,0.7558479532163743,S5_F,BoulwareTBNegotiator,0.014334293955471367,SmartAspirationNegotiator@0,False,False,False,,jUl0MRGTYZU,0.9807999989329749,0.9807999989329749,1.0,0.9995877842364035,1.0,1.0,1.0,1.0
1009,BoulwareTBNegotiator,0.7573099415204678,0.0007811278057266481,0.7571202213719327,0.7543859649122808,0.7558479532163743,S5_F,SmartAspirationNegotiator,0.01807137409923598,BoulwareTBNegotiator@1,False,False,False,,jUl0MRGTYZU,0.9807999989329749,0.9807999989329749,1.0,0.9995877842364035,1.0,1.0,1.0,1.0
1010,GeniusBOABaselineNegotiator,0.7076023391812865,0.0034960628013070215,0.7065765122407014,0.2923976608187134,0.4999999999999999,S4_A-1,LinearTBNegotiator,0.006288791133556515,GeniusBOABaselineNegotiator@0,False,False,False,,y_Wg-iDpZ6k,0.7894736842105263,0.7894736842105263,0.7894736842105263,0.9999999999999998,0.9999999999999999,0.7894736842105263,0.7953216374269007,0.7953216374269007
1011,LinearTBNegotiator,0.2923976608187134,0.004370114375307104,0.28929178463007643,0.7076023391812865,0.4999999999999999,S4_A-1,GeniusBOABaselineNegotiator,0.021407619351521134,LinearTBNegotiator@1,False,False,False,,y_Wg-iDpZ6k,0.7894736842105263,0.7894736842105263,0.7894736842105263,0.9999999999999998,0.9999999999999999,0.7894736842105263,0.7953216374269007,0.7953216374269007
1012,SmartAspirationNegotiator,0.5873015873015874,0.002193248997500751,0.5863944473378504,0.5505798964995747,0.5689407419005811,S1_B,GeniusBOABaselineNegotiator,0.015320921083912253,SmartAspirationNegotiator@0,False,False,False,,Qx1AaRuEeeU,0.9532848494831877,0.9541142051663507,0.9541142051663507,0.9157661913713704,0.9609009237432099,0.9541142051663507,0.9541142051663507,0.9541142051663507
1013,GeniusBOABaselineNegotiator,0.5505798964995747,0.0007754352238636291,0.5502311298750825,0.5873015873015874,0.5689407419005811,S1_B,SmartAspirationNegotiator,0.006639619474299252,GeniusBOABaselineNegotiator@1,False,False,False,,Qx1AaRuEeeU,0.9532848494831877,0.9541142051663507,0.9541142051663507,0.9157661913713704,0.9609009237432099,0.9541142051663507,0.9541142051663507,0.9541142051663507
1014,GeniusBOABaselineNegotiator,0.559779077322937,0.0007442816259952948,0.5594511849345297,0.7894736842105263,0.6746263807667316,S0_F-1,GeniusBOABaselineNegotiator,0.007198831124696881,GeniusBOABaselineNegotiator@0,False,False,False,,BTMd-OZgB6Y,0.8625646620321361,0.8625646620321361,0.8474798110912376,0.8921745256681245,0.9573599675039428,0.8625646620321361,0.8474798110912376,0.8474798110912376
1015,GeniusBOABaselineNegotiator,0.7894736842105263,0.0008771261662935939,0.7892888639595759,0.559779077322937,0.6746263807667316,S0_F-1,GeniusBOABaselineNegotiator,0.007211957068648189,GeniusBOABaselineNegotiator@1,False,False,False,,BTMd-OZgB6Y,0.8625646620321361,0.8625646620321361,0.8474798110912376,0.8921745256681245,0.9573599675039428,0.8625646620321361,0.8474798110912376,0.8474798110912376
1016,ConcederTBNegotiator,0.1185236972314441,0.0012950634439420957,0.11738064917527512,0.8821603927986906,0.5003420450150674,S2_E,BoulwareTBNegotiator,0.022618627757765353,ConcederTBNegotiator@0,False,False,False,,o8db-zi3STk,0.575956136137469,0.6132082015172416,0.598227682953997,0.8146676598217358,0.9763036178091531,0.6132082015172416,0.598227682953997,0.598227682953997
1017,BoulwareTBNegotiator,0.8821603927986906,0.0006426653306037134,0.8820846126673073,0.1185236972314441,0.5003420450150674,S2_E,ConcederTBNegotiator,0.01575303275603801,BoulwareTBNegotiator@1,False,False,False,,o8db-zi3STk,0.575956136137469,0.6132082015172416,0.598227682953997,0.8146676598217358,0.9763036178091531,0.6132082015172416,0.598227682953997,0.598227682953997
1018,LinearTBNegotiator,0.8700454840805718,0.0007442816259952948,0.869948689279566,0.48862897985705,0.6793372319688109,S0_F-1,ConcederTBNegotiator,0.008171874971594661,LinearTBNegotiator@0,False,False,False,,8XvX-cDgigo,0.7625130806021299,0.7625130806021299,0.7805360810361862,0.8984044946650847,1.0,0.7805360810361862,0.7805360810361862,0.7805360810361862
1019,ConcederTBNegotiator,0.48862897985705,0.0008771261662935939,0.4881800491857597,0.8700454840805718,0.6793372319688109,S0_F-1,LinearTBNegotiator,0.008392165997065604,ConcederTBNegotiator@1,False,False,False,,8XvX-cDgigo,0.7625130806021299,0.7625130806021299,0.7805360810361862,0.8984044946650847,1.0,0.7805360810361862,0.7805360810361862,0.7805360810361862
1020,BoulwareTBNegotiator,0.4970760233918128,0.004370114375307104,0.49486854114203777,0.5029239766081871,0.49999999999999994,S4_A,SmartAspirationNegotiator,0.020075006876140833,BoulwareTBNegotiator@0,False,False,False,,pgT_dQIxFQ0,0.9941520467836257,0.9941520467836257,0.9941520467836257,0.9999999999999999,0.9999999999999999,0.9941520467836257,0.9999999999999999,0.9999999999999999
1021,SmartAspirationNegotiator,0.5029239766081871,0.0034960628013070215,0.5011800708091925,0.4970760233918128,0.49999999999999994,S4_A,BoulwareTBNegotiator,0.014788005501031876,SmartAspirationNegotiator@1,False,False,False,,pgT_dQIxFQ0,0.9941520467836257,0.9941520467836257,0.9941520467836257,0.9999999999999999,0.9999999999999999,0.9941520467836257,0.9999999999999999,0.9999999999999999
1022,GeniusBOABaselineNegotiator,0.7573099415204678,0.0007442816259952948,0.7571291772295895,0.7543859649122808,0.7558479532163743,S0_F-1,SmartAspirationNegotiator,0.007352169835940003,GeniusBOABaselineNegotiator@0,False,False,False,,CCBjHPxJ69g,0.9807999989329749,0.9807999989329749,1.0,0.9995877842364035,1.0,1.0,1.0,1.0
1023,SmartAspirationNegotiator,0.7543859649122808,0.0008771261662935939,0.7541703412861719,0.7573099415204678,0.7558479532163743,S0_F-1,GeniusBOABaselineNegotiator,0.014302329975180328,SmartAspirationNegotiator@1,False,False,False,,CCBjHPxJ69g,0.9807999989329749,0.9807999989329749,1.0,0.9995877842364035,1.0,1.0,1.0,1.0
1024,GeniusBOABaselineNegotiator,0.8952536824877251,0.0006426653306037134,0.8951863223709399,0.1490748497922465,0.5221642661399858,S2_E-1,ConcederTBNegotiator,0.007015491079073399,GeniusBOABaselineNegotiator@0,False,False,False,,AwHaC237jNI,0.5899418999499724,0.627175323667607,0.6118375432198896,0.8501990687710164,1.0,0.627175323667607,0.6118375432198896,0.6118375432198896
1025,ConcederTBNegotiator,0.1490748497922465,0.0012950634439420957,0.1479714187234414,0.8952536824877251,0.5221642661399858,S2_E-1,GeniusBOABaselineNegotiator,0.021659031917806715,ConcederTBNegotiator@1,False,False,False,,AwHaC237jNI,0.5899418999499724,0.627175323667607,0.6118375432198896,0.8501990687710164,1.0,0.627175323667607,0.6118375432198896,0.6118375432198896
1026,BoulwareTBNegotiator,0.6933073424301495,0.0008771261662935939,0.69303809811395,0.7063027940220923,0.6998050682261209,S0_F,BoulwareTBNegotiator,0.01894650491885841,BoulwareTBNegotiator@0,False,False,False,,_0vug-QHExc,0.9346036197574028,0.9346036197574028,0.9395037748202615,0.9254726358242911,0.9462663627744217,0.9395037748202615,0.9395037748202615,0.9395037748202615
1027,BoulwareTBNegotiator,0.7063027940220923,0.0007442816259952948,0.7060840377718192,0.6933073424301495,0.6998050682261209,S0_F,BoulwareTBNegotiator,0.01889391540316865,BoulwareTBNegotiator@1,False,False,False,,_0vug-QHExc,0.9346036197574028,0.9346036197574028,0.9395037748202615,0.9254726358242911,0.9462663627744217,0.9395037748202615,0.9395037748202615,0.9395037748202615
1028,BoulwareTBNegotiator,0.5904521398386507,0.0007754352238636291,0.5901343155498752,0.5873015873015872,0.5888768635701189,S1_B-1,BoulwareTBNegotiator,0.01977432781131938,BoulwareTBNegotiator@0,False,False,False,,ufHecLcKXn8,0.9657533700827802,0.9788365509746099,0.9788365509746099,0.947855343839237,0.9829625189076004,0.9788365509746099,0.9788365509746099,0.9788365509746099
1029,BoulwareTBNegotiator,0.5873015873015872,0.002193248997500751,0.5863944473378502,0.5904521398386507,0.5888768635701189,S1_B-1,BoulwareTBNegotiator,0.019110375200398266,BoulwareTBNegotiator@1,False,False,False,,ufHecLcKXn8,0.9657533700827802,0.9788365509746099,0.9788365509746099,0.947855343839237,0.9829625189076004,0.9788365509746099,0.9788365509746099,0.9788365509746099
1030,ConcederTBNegotiator,0.5935672514619883,0.0009639366705748589,0.5931750980204672,0.868421052631579,0.7309941520467836,S5_F,GeniusBOABaselineNegotiator,0.023848496901337057,ConcederTBNegotiator@0,False,False,False,,0JN0hnbJcsI,0.8324241332371594,0.8324241332371594,0.8513976513554027,0.9667193271145101,1.0,0.8513976513554027,0.8513976513554027,0.8513976513554027
1031,GeniusBOABaselineNegotiator,0.868421052631579,0.0007811278057266481,0.868318192310084,0.5935672514619883,0.7309941520467836,S5_F,ConcederTBNegotiator,0.0073164961650036275,GeniusBOABaselineNegotiator@1,False,False,False,,0JN0hnbJcsI,0.8324241332371594,0.8324241332371594,0.8513976513554027,0.9667193271145101,1.0,0.8513976513554027,0.8513976513554027,0.8513976513554027
1032,SmartAspirationNegotiator,0.4736842105263157,0.0034960628013070215,0.4718377220332626,0.5263157894736842,0.49999999999999994,S4_A-1,GeniusBOABaselineNegotiator,0.01631225598976016,SmartAspirationNegotiator@0,False,False,False,,XpWsFyC6Nbk,0.9766081871345029,0.9766081871345029,0.9766081871345029,0.9999999999999999,0.9999999999999999,0.9766081871345029,0.9766081871345029,0.9766081871345029
1033,GeniusBOABaselineNegotiator,0.5263157894736842,0.004370114375307104,0.5242366492151751,0.4736842105263157,0.49999999999999994,S4_A-1,SmartAspirationNegotiator,0.006898543797433376,GeniusBOABaselineNegotiator@1,False,False,False,,XpWsFyC6Nbk,0.9766081871345029,0.9766081871345029,0.9766081871345029,0.9999999999999999,0.9999999999999999,0.9766081871345029,0.9766081871345029,0.9766081871345029
1034,ConcederTBNegotiator,0.26900584795321636,0.004370114375307104,0.2657972981715666,0.7309941520467835,0.49999999999999994,S4_A,LinearTBNegotiator,0.012893375882413238,ConcederTBNegotiator@0,False,False,False,,j2tupl2d9g4,0.7660818713450293,0.7660818713450293,0.7660818713450293,0.9999999999999999,1.0,0.7660818713450293,0.7719298245614036,0.7719298245614036
1035,LinearTBNegotiator,0.7309941520467835,0.0034960628013070215,0.7300503912614453,0.26900584795321636,0.49999999999999994,S4_A,ConcederTBNegotiator,0.009841041290201247,LinearTBNegotiator@1,False,False,False,,j2tupl2d9g4,0.7660818713450293,0.7660818713450293,0.7660818713450293,0.9999999999999999,1.0,0.7660818713450293,0.7719298245614036,0.7719298245614036
1036,LinearTBNegotiator,0.7076023391812865,0.0034960628013070215,0.7065765122407014,0.2923976608187134,0.4999999999999999,S4_A-1,ConcederTBNegotiator,0.009936249116435647,LinearTBNegotiator@0,False,False,False,,ySk9r-DqWMY,0.7894736842105263,0.7894736842105263,0.7894736842105263,0.9999999999999998,0.9999999999999999,0.7894736842105263,0.7953216374269007,0.7953216374269007
1037,ConcederTBNegotiator,0.2923976608187134,0.004370114375307104,0.28929178463007643,0.7076023391812865,0.4999999999999999,S4_A-1,LinearTBNegotiator,0.012695874145720154,ConcederTBNegotiator@1,False,False,False,,ySk9r-DqWMY,0.7894736842105263,0.7894736842105263,0.7894736842105263,0.9999999999999998,0.9999999999999999,0.7894736842105263,0.7953216374269007,0.7953216374269007
1038,ConcederTBNegotiator,0.20467836257309946,0.0007442816259952948,0.2040859783909438,0.9561403508771931,0.5804093567251463,S0_F-1,BoulwareTBNegotiator,0.018796332529745996,ConcederTBNegotiator@0,False,False,False,,TE1gMxosGiI,0.5699318647760668,0.5699318647760668,0.5527488392164512,0.767575145728921,1.0,0.5699318647760668,0.5527488392164512,0.5527488392164512
1039,BoulwareTBNegotiator,0.9561403508771931,0.0008771261662935939,0.956101846658245,0.20467836257309946,0.5804093567251463,S0_F-1,ConcederTBNegotiator,0.014046581869479269,BoulwareTBNegotiator@1,False,False,False,,TE1gMxosGiI,0.5699318647760668,0.5699318647760668,0.5527488392164512,0.767575145728921,1.0,0.5699318647760668,0.5527488392164512,0.5527488392164512
1040,GeniusBOABaselineNegotiator,0.7894736842105263,0.0008771261662935939,0.7892888639595759,0.559779077322937,0.6746263807667316,S0_F,GeniusBOABaselineNegotiator,0.007327165978495032,GeniusBOABaselineNegotiator@0,False,False,False,,BM9iheiUYhQ,0.8625646620321361,0.8625646620321361,0.8474798110912376,0.8921745256681245,0.9573599675039428,0.8625646620321361,0.8474798110912376,0.8474798110912376
1041,GeniusBOABaselineNegotiator,0.559779077322937,0.0007442816259952948,0.5594511849345297,0.7894736842105263,0.6746263807667316,S0_F,GeniusBOABaselineNegotiator,0.007221154461149126,GeniusBOABaselineNegotiator@1,False,False,False,,BM9iheiUYhQ,0.8625646620321361,0.8625646620321361,0.8474798110912376,0.8921745256681245,0.9573599675039428,0.8625646620321361,0.8474798110912376,0.8474798110912376
1042,BoulwareTBNegotiator,0.4970760233918128,0.004370114375307104,0.49486854114203777,0.5029239766081871,0.49999999999999994,S4_A,SmartAspirationNegotiator,0.019949958368670195,BoulwareTBNegotiator@0,False,False,False,,DVjerRkpLrY,0.9941520467836257,0.9941520467836257,0.9941520467836257,0.9999999999999999,0.9999999999999999,0.9941520467836257,0.9999999999999999,0.9999999999999999
1043,SmartAspirationNegotiator,0.5029239766081871,0.0034960628013070215,0.5011800708091925,0.4970760233918128,0.49999999999999994,S4_A,BoulwareTBNegotiator,0.014517946867272258,SmartAspirationNegotiator@1,False,False,False,,DVjerRkpLrY,0.9941520467836257,0.9941520467836257,0.9941520467836257,0.9999999999999999,0.9999999999999999,0.9941520467836257,0.9999999999999999,0.9999999999999999
1044,LinearTBNegotiator,0.373015873015873,0.0007754352238636291,0.3725293101410143,0.8465608465608465,0.6097883597883598,S1_B-1,GeniusBOABaselineNegotiator,0.019485001568682492,LinearTBNegotiator@0,False,False,False,,N9U8BajTyj8,0.7804057992535158,0.7590536317045327,0.7590536317045327,0.9815144577632695,1.0,0.7804057992535158,0.7590536317045327,0.7590536317045327
1045,GeniusBOABaselineNegotiator,0.8465608465608465,0.002193248997500751,0.8462235765743289,0.373015873015873,0.6097883597883598,S1_B-1,LinearTBNegotiator,0.0060789951821789145,GeniusBOABaselineNegotiator@1,False,False,False,,N9U8BajTyj8,0.7804057992535158,0.7590536317045327,0.7590536317045327,0.9815144577632695,1.0,0.7804057992535158,0.7590536317045327,0.7590536317045327
1046,ConcederTBNegotiator,0.4238952536824877,0.0006426653306037134,0.4235247730401688,0.7651169989224802,0.594506126302484,S2_E-1,LinearTBNegotiator,0.011644835292827338,ConcederTBNegotiator@0,False,False,False,,DaNks7tPcHs,0.8500196090556311,0.8150382970349164,0.8316149347784617,0.9679876386361752,1.0,0.8500196090556311,0.8316149347784617,0.8316149347784617
1047,LinearTBNegotiator,0.7651169989224802,0.0012950634439420957,0.7648124160800766,0.4238952536824877,0.594506126302484,S2_E-1,ConcederTBNegotiator,0.009865877160336822,LinearTBNegotiator@1,False,False,False,,DaNks7tPcHs,0.8500196090556311,0.8150382970349164,0.8316149347784617,0.9679876386361752,1.0,0.8500196090556311,0.8316149347784617,0.8316149347784617
1048,BoulwareTBNegotiator,0.7857142857142857,0.0007754352238636291,0.7855479920735112,0.3174603174603175,0.5515873015873016,S1_B-1,LinearTBNegotiator,0.02039512386545539,BoulwareTBNegotiator@0,False,False,False,,xeZYCvK1C0A,0.7350807129090169,0.7571573201665989,0.7571573201665989,0.8878341190613523,0.9912092750886039,0.7571573201665989,0.7571573201665989,0.7571573201665989
1049,LinearTBNegotiator,0.3174603174603175,0.002193248997500751,0.31596004752029094,0.7857142857142857,0.5515873015873016,S1_B-1,BoulwareTBNegotiator,0.024974653555545956,LinearTBNegotiator@1,False,False,False,,xeZYCvK1C0A,0.7350807129090169,0.7571573201665989,0.7571573201665989,0.8878341190613523,0.9912092750886039,0.7571573201665989,0.7571573201665989,0.7571573201665989
1050,LinearTBNegotiator,0.23703471649526825,0.0010624744725208587,0.23622322316717914,0.6710310965630115,0.45403290652913986,S3_E,GeniusBOABaselineNegotiator,0.022814207652118057,LinearTBNegotiator@0,False,False,False,,bzyEiNjx9Y4,0.70911502398021,0.7441159507431945,0.7325810824533303,0.7392661263016912,0.9694735723246475,0.7441159507431945,0.7325810824533303,0.7325810824533303
1051,GeniusBOABaselineNegotiator,0.6710310965630115,0.0007574209704742231,0.6707817397488343,0.23703471649526825,0.45403290652913986,S3_E,LinearTBNegotiator,0.0075567030580714345,GeniusBOABaselineNegotiator@1,False,False,False,,bzyEiNjx9Y4,0.70911502398021,0.7441159507431945,0.7325810824533303,0.7392661263016912,0.9694735723246475,0.7441159507431945,0.7325810824533303,0.7325810824533303
1052,ConcederTBNegotiator,0.47368421052631576,0.004370114375307104,0.47137405468352794,0.5263157894736841,0.4999999999999999,S4_A,ConcederTBNegotiator,0.006360292085446417,ConcederTBNegotiator@0,False,False,False,,eD_ac6rk4cQ,0.9707602339181287,0.9707602339181287,0.9707602339181287,0.9999999999999998,0.9999999999999999,0.9707602339181287,0.976608187134503,0.976608187134503
1053,ConcederTBNegotiator,0.5263157894736841,0.0034960628013070215,0.5246539498299363,0.47368421052631576,0.4999999999999999,S4_A,ConcederTBNegotiator,0.006265374948270619,ConcederTBNegotiator@1,False,False,False,,eD_ac6rk4cQ,0.9707602339181287,0.9707602339181287,0.9707602339181287,0.9999999999999998,0.9999999999999999,0.9707602339181287,0.976608187134503,0.976608187134503
1054,BoulwareTBNegotiator,0.8700454840805718,0.0007442816259952948,0.869948689279566,0.48862897985705,0.6793372319688109,S0_F-1,LinearTBNegotiator,0.016603582655079663,BoulwareTBNegotiator@0,False,False,False,,woyxUSsLnHA,0.7625130806021299,0.7625130806021299,0.7805360810361862,0.8984044946650847,1.0,0.7805360810361862,0.7805360810361862,0.7805360810361862
1055,LinearTBNegotiator,0.48862897985705,0.0008771261662935939,0.4881800491857597,0.8700454840805718,0.6793372319688109,S0_F-1,BoulwareTBNegotiator,0.018261120305396616,LinearTBNegotiator@1,False,False,False,,woyxUSsLnHA,0.7625130806021299,0.7625130806021299,0.7805360810361862,0.8984044946650847,1.0,0.7805360810361862,0.7805360810361862,0.7805360810361862
1056,GeniusBOABaselineNegotiator,0.9047619047619048,0.0007754352238636291,0.9046879964771161,0.15873015873015878,0.5317460317460317,S1_B-1,ConcederTBNegotiator,0.006484707701019943,GeniusBOABaselineNegotiator@0,False,False,False,,9gDaXjX_ZIM,0.5935926814596778,0.6156542004475094,0.6156542004475094,0.8558976399584259,1.0,0.6156542004475094,0.6156542004475094,0.6156542004475094
1057,ConcederTBNegotiator,0.15873015873015878,0.002193248997500751,0.1568809888040795,0.9047619047619048,0.5317460317460317,S1_B-1,GeniusBOABaselineNegotiator,0.022222249710466713,ConcederTBNegotiator@1,False,False,False,,9gDaXjX_ZIM,0.5935926814596778,0.6156542004475094,0.6156542004475094,0.8558976399584259,1.0,0.6156542004475094,0.6156542004475094,0.6156542004475094
1058,SmartAspirationNegotiator,0.9473684210526316,0.0009639366705748589,0.9473176385925786,0.17251461988304095,0.5599415204678363,S5_F,ConcederTBNegotiator,0.013688050035852939,SmartAspirationNegotiator@0,False,False,False,,7T3PmyS60w,0.5487427081223939,0.5487427081223939,0.5318374353927556,0.7405070045697147,0.9816984826275842,0.5487427081223939,0.5318374353927556,0.5318374353927556
1059,ConcederTBNegotiator,0.17251461988304095,0.0007811278057266481,0.17186774275008387,0.9473684210526316,0.5599415204678363,S5_F,SmartAspirationNegotiator,0.022154121194034815,ConcederTBNegotiator@1,False,False,False,,7T3PmyS60w,0.5487427081223939,0.5487427081223939,0.5318374353927556,0.7405070045697147,0.9816984826275842,0.5487427081223939,0.5318374353927556,0.5318374353927556
1060,ConcederTBNegotiator,0.15384615384615385,0.0007574209704742231,0.15320477338381733,0.9232683981793433,0.5385572760127486,S3_E-1,GeniusBOABaselineNegotiator,0.020807163033168763,ConcederTBNegotiator@0,False,False,False,,sor7Yh-ckKk,0.6276054466489961,0.5939791687865419,0.6107442472375311,0.8768905193967101,1.0,0.6276054466489961,0.6107442472375311,0.6107442472375311
1061,GeniusBOABaselineNegotiator,0.9232683981793433,0.0010624744725208587,0.9231867861004228,0.15384615384615385,0.5385572760127486,S3_E-1,ConcederTBNegotiator,0.006743950012605637,GeniusBOABaselineNegotiator@1,False,False,False,,sor7Yh-ckKk,0.6276054466489961,0.5939791687865419,0.6107442472375311,0.8768905193967101,1.0,0.6276054466489961,0.6107442472375311,0.6107442472375311
1062,LinearTBNegotiator,0.26900584795321636,0.004370114375307104,0.2657972981715666,0.7309941520467835,0.49999999999999994,S4_A,GeniusBOABaselineNegotiator,0.021377874829340726,LinearTBNegotiator@0,False,False,False,,eu6LM6BcxWo,0.7660818713450293,0.7660818713450293,0.7660818713450293,0.9999999999999999,1.0,0.7660818713450293,0.7719298245614036,0.7719298245614036
1063,GeniusBOABaselineNegotiator,0.7309941520467835,0.0034960628013070215,0.7300503912614453,0.26900584795321636,0.49999999999999994,S4_A,LinearTBNegotiator,0.006198741029947996,GeniusBOABaselineNegotiator@1,False,False,False,,eu6LM6BcxWo,0.7660818713450293,0.7660818713450293,0.7660818713450293,0.9999999999999999,1.0,0.7660818713450293,0.7719298245614036,0.7719298245614036
1064,GeniusBOABaselineNegotiator,0.6710310965630115,0.0006426653306037134,0.6708195436962329,0.23703471649526825,0.45403290652913986,S2_E-1,LinearTBNegotiator,0.0073389612953178585,GeniusBOABaselineNegotiator@0,False,False,False,,nhpZAyFIgNk,0.70911502398021,0.7441159507431945,0.7325810824533303,0.7392661263016912,0.9694735723246475,0.7441159507431945,0.7325810824533303,0.7325810824533303
1065,LinearTBNegotiator,0.23703471649526825,0.0012950634439420957,0.23604534675101607,0.6710310965630115,0.45403290652913986,S2_E-1,GeniusBOABaselineNegotiator,0.022023287892807275,LinearTBNegotiator@1,False,False,False,,nhpZAyFIgNk,0.70911502398021,0.7441159507431945,0.7325810824533303,0.7392661263016912,0.9694735723246475,0.7441159507431945,0.7325810824533303,0.7325810824533303
1066,ConcederTBNegotiator,0.5968161143599741,0.0008771261662935939,0.5964621607620889,0.5838206627680312,0.5903183885640026,S0_F,ConcederTBNegotiator,0.006659291044343263,ConcederTBNegotiator@0,False,False,False,,QTkeIdxUuRQ,0.8213816800521802,0.8213816800521802,0.8218283087855961,0.7806795632742511,0.8338690225980921,0.8218283087855961,0.8218283087855961,0.8218283087855961
1067,ConcederTBNegotiator,0.5838206627680312,0.0007442816259952948,0.5835106774178102,0.5968161143599741,0.5903183885640026,S0_F,ConcederTBNegotiator,0.006201207987032831,ConcederTBNegotiator@1,False,False,False,,QTkeIdxUuRQ,0.8213816800521802,0.8213816800521802,0.8218283087855961,0.7806795632742511,0.8338690225980921,0.8218283087855961,0.8218283087855961,0.8218283087855961
1068,BoulwareTBNegotiator,0.4970760233918128,0.0034960628013070215,0.49531160105400646,0.502923976608187,0.4999999999999999,S4_A-1,BoulwareTBNegotiator,0.019962883146945387,BoulwareTBNegotiator@0,False,False,False,,TWo7HJNY7G0,0.9999999999999998,0.9999999999999998,0.9999999999999998,0.9999999999999998,0.9999999999999998,0.9999999999999998,0.9999999999999998,0.9999999999999998
1069,BoulwareTBNegotiator,0.502923976608187,0.004370114375307104,0.5007421627566652,0.4970760233918128,0.4999999999999999,S4_A-1,BoulwareTBNegotiator,0.019107542699202895,BoulwareTBNegotiator@1,False,False,False,,TWo7HJNY7G0,0.9999999999999998,0.9999999999999998,0.9999999999999998,0.9999999999999998,0.9999999999999998,0.9999999999999998,0.9999999999999998,0.9999999999999998
1070,GeniusBOABaselineNegotiator,0.582010582010582,0.002193248997500751,0.5810918120473099,0.6031746031746031,0.5925925925925926,S1_B,BoulwareTBNegotiator,0.006497587775811553,GeniusBOABaselineNegotiator@0,False,False,False,,MHAeuClPgzY,0.9617153631935871,0.9802359416950643,0.9802359416950643,0.9538361758740667,0.9912092750886039,0.9802359416950643,0.9802359416950643,0.9802359416950643
1071,BoulwareTBNegotiator,0.6031746031746031,0.0007754352238636291,0.6028666519879837,0.582010582010582,0.5925925925925926,S1_B,GeniusBOABaselineNegotiator,0.018671075988095254,BoulwareTBNegotiator@1,False,False,False,,MHAeuClPgzY,0.9617153631935871,0.9802359416950643,0.9802359416950643,0.9538361758740667,0.9912092750886039,0.9802359416950643,0.9802359416950643,0.9802359416950643
1072,SmartAspirationNegotiator,0.7543859649122808,0.0008771261662935939,0.7541703412861719,0.7573099415204678,0.7558479532163743,S0_F,SmartAspirationNegotiator,0.014165755012072623,SmartAspirationNegotiator@0,False,False,False,,B_OMPS5awfw,0.9807999989329749,0.9807999989329749,1.0,0.9995877842364035,1.0,1.0,1.0,1.0
1073,SmartAspirationNegotiator,0.7573099415204678,0.0007442816259952948,0.7571291772295895,0.7543859649122808,0.7558479532163743,S0_F,SmartAspirationNegotiator,0.013508247444406152,SmartAspirationNegotiator@1,False,False,False,,B_OMPS5awfw,0.9807999989329749,0.9807999989329749,1.0,0.9995877842364035,1.0,1.0,1.0,1.0
1074,GeniusBOABaselineNegotiator,0.6170212765957446,0.0007574209704742231,0.6167309806031204,0.5918734261726876,0.6044473513842161,S3_E-1,SmartAspirationNegotiator,0.0074542934307828546,GeniusBOABaselineNegotiator@0,False,False,False,,MW615jn5Ysc,0.962744468605478,1.0,0.9832225744061249,0.9841741547480721,1.0,1.0,0.9832225744061249,0.9832225744061249
1075,SmartAspirationNegotiator,0.5918734261726876,0.0010624744725208587,0.5914393409019196,0.6170212765957446,0.6044473513842161,S3_E-1,GeniusBOABaselineNegotiator,0.015720286522991955,SmartAspirationNegotiator@1,False,False,False,,MW615jn5Ysc,0.962744468605478,1.0,0.9832225744061249,0.9841741547480721,1.0,1.0,0.9832225744061249,0.9832225744061249
1076,ConcederTBNegotiator,0.37426900584795325,0.0007442816259952948,0.3738029388811102,0.7689495968231964,0.5716093013355749,S0_F-1,LinearTBNegotiator,0.012000751914456487,ConcederTBNegotiator@0,False,False,False,,WtmQpHZzR44,0.7221236298881974,0.7221236298881974,0.7085893136460552,0.7559373185302263,0.9161843172014918,0.7221236298881974,0.7085893136460552,0.7085893136460552
1077,LinearTBNegotiator,0.7689495968231964,0.0008771261662935939,0.768746758554084,0.37426900584795325,0.5716093013355749,S0_F-1,ConcederTBNegotiator,0.010477373842149973,LinearTBNegotiator@1,False,False,False,,WtmQpHZzR44,0.7221236298881974,0.7221236298881974,0.7085893136460552,0.7559373185302263,0.9161843172014918,0.7221236298881974,0.7085893136460552,0.7085893136460552
1078,BoulwareTBNegotiator,0.5873015873015872,0.002193248997500751,0.5863944473378502,0.5904521398386507,0.5888768635701189,S1_B,SmartAspirationNegotiator,0.019128834013827145,BoulwareTBNegotiator@0,False,False,False,,0ErAvuMCp44,0.9657533700827802,0.9788365509746099,0.9788365509746099,0.947855343839237,0.9829625189076004,0.9788365509746099,0.9788365509746099,0.9788365509746099
1079,SmartAspirationNegotiator,0.5904521398386507,0.0007754352238636291,0.5901343155498752,0.5873015873015872,0.5888768635701189,S1_B,BoulwareTBNegotiator,0.015196869266219437,SmartAspirationNegotiator@1,False,False,False,,0ErAvuMCp44,0.9657533700827802,0.9788365509746099,0.9788365509746099,0.947855343839237,0.9829625189076004,0.9788365509746099,0.9788365509746099,0.9788365509746099
1080,LinearTBNegotiator,0.34437946718648477,0.0007442816259952948,0.3438911374154104,0.797328273877102,0.5708538705317934,S0_F-1,GeniusBOABaselineNegotiator,0.02006800170056522,LinearTBNegotiator@0,False,False,False,,nSoxlZ4gtRg,0.6988246083002407,0.6988246083002407,0.6843837722421124,0.7549382824144538,0.9337405687728075,0.6988246083002407,0.6843837722421124,0.6843837722421124
1081,GeniusBOABaselineNegotiator,0.797328273877102,0.0008771261662935939,0.7971503491405096,0.34437946718648477,0.5708538705317934,S0_F-1,LinearTBNegotiator,0.0070802910486236215,GeniusBOABaselineNegotiator@1,False,False,False,,nSoxlZ4gtRg,0.6988246083002407,0.6988246083002407,0.6843837722421124,0.7549382824144538,0.9337405687728075,0.6988246083002407,0.6843837722421124,0.6843837722421124
1082,LinearTBNegotiator,0.328042328042328,0.002193248997500751,0.3265653181013716,0.7822283931139397,0.5551353605781338,S1_B,GeniusBOABaselineNegotiator,0.020260761899407953,LinearTBNegotiator@0,False,False,False,,iTlRnsSLxyM,0.7428511964925584,0.7649272400742826,0.7649272400742826,0.8935450696569122,0.9889059294623107,0.7649272400742826,0.7649272400742826,0.7649272400742826
1083,GeniusBOABaselineNegotiator,0.7822283931139397,0.0007754352238636291,0.7820593942915631,0.328042328042328,0.5551353605781338,S1_B,LinearTBNegotiator,0.006375679804477841,GeniusBOABaselineNegotiator@1,False,False,False,,iTlRnsSLxyM,0.7428511964925584,0.7649272400742826,0.7649272400742826,0.8935450696569122,0.9889059294623107,0.7649272400742826,0.7649272400742826,0.7649272400742826
1084,BoulwareTBNegotiator,0.8888888888888888,0.0007811278057266481,0.8888020290618487,0.25438596491228077,0.5716374269005848,S5_F-1,ConcederTBNegotiator,0.015712583088316023,BoulwareTBNegotiator@0,False,False,False,,nj8pgwRdjng,0.590083685965619,0.590083685965619,0.6069419837946906,0.755974513803547,1.0,0.6069419837946906,0.6069419837946906,0.6069419837946906
1085,ConcederTBNegotiator,0.25438596491228077,0.0009639366705748589,0.2536665467281953,0.8888888888888888,0.5716374269005848,S5_F-1,BoulwareTBNegotiator,0.022470496071036905,ConcederTBNegotiator@1,False,False,False,,nj8pgwRdjng,0.590083685965619,0.590083685965619,0.6069419837946906,0.755974513803547,1.0,0.6069419837946906,0.6069419837946906,0.6069419837946906
1086,ConcederTBNegotiator,0.11695906432748537,0.004370114375307104,0.11308313619125247,0.8830409356725145,0.49999999999999994,S4_A,GeniusBOABaselineNegotiator,0.023873375146649778,ConcederTBNegotiator@0,False,False,False,,CH8rA1biATs,0.6140350877192983,0.6140350877192983,0.6140350877192983,0.9999999999999999,0.9999999999999999,0.6140350877192983,0.6198830409356726,0.6198830409356726
1087,GeniusBOABaselineNegotiator,0.8830409356725145,0.0034960628013070215,0.8826306048962805,0.11695906432748537,0.49999999999999994,S4_A,ConcederTBNegotiator,0.006049121031537652,GeniusBOABaselineNegotiator@1,False,False,False,,CH8rA1biATs,0.6140350877192983,0.6140350877192983,0.6140350877192983,0.9999999999999999,0.9999999999999999,0.6140350877192983,0.6198830409356726,0.6198830409356726
1088,LinearTBNegotiator,0.3174603174603175,0.002193248997500751,0.31596004752029094,0.7857142857142857,0.5515873015873016,S1_B,BoulwareTBNegotiator,0.02067154599353671,LinearTBNegotiator@0,False,False,False,,Wfab6DaQfws,0.7350807129090169,0.7571573201665989,0.7571573201665989,0.8878341190613523,0.9912092750886039,0.7571573201665989,0.7571573201665989,0.7571573201665989
1089,BoulwareTBNegotiator,0.7857142857142857,0.0007754352238636291,0.7855479920735112,0.3174603174603175,0.5515873015873016,S1_B,LinearTBNegotiator,0.01749611389823258,BoulwareTBNegotiator@1,False,False,False,,Wfab6DaQfws,0.7350807129090169,0.7571573201665989,0.7571573201665989,0.8878341190613523,0.9912092750886039,0.7571573201665989,0.7571573201665989,0.7571573201665989
1090,ConcederTBNegotiator,0.1375661375661376,0.002193248997500751,0.13567044764191794,0.9079124572989682,0.5227392974325529,S1_B,GeniusBOABaselineNegotiator,0.024030620988924056,ConcederTBNegotiator@0,False,False,False,,o5KdZXc_iFE,0.5796181182470082,0.601689676597047,0.601689676597047,0.8414004134961494,1.0,0.601689676597047,0.601689676597047,0.601689676597047
1091,GeniusBOABaselineNegotiator,0.9079124572989682,0.0007754352238636291,0.9078409939594881,0.1375661375661376,0.5227392974325529,S1_B,ConcederTBNegotiator,0.0071159988874569535,GeniusBOABaselineNegotiator@1,False,False,False,,o5KdZXc_iFE,0.5796181182470082,0.601689676597047,0.601689676597047,0.8414004134961494,1.0,0.601689676597047,0.601689676597047,0.601689676597047
1092,GeniusBOABaselineNegotiator,0.6170212765957446,0.0006426653306037134,0.6167749911687485,0.5918734261726876,0.6044473513842161,S2_E-1,SmartAspirationNegotiator,0.008632413519080728,GeniusBOABaselineNegotiator@0,False,False,False,,-oimK4yKJog,0.962744468605478,1.0,0.9832225744061249,0.9841741547480721,1.0,1.0,0.9832225744061249,0.9832225744061249
1093,SmartAspirationNegotiator,0.5918734261726876,0.0012950634439420957,0.5913441909732625,0.6170212765957446,0.6044473513842161,S2_E-1,GeniusBOABaselineNegotiator,0.017135288449935615,SmartAspirationNegotiator@1,False,False,False,,-oimK4yKJog,0.962744468605478,1.0,0.9832225744061249,0.9841741547480721,1.0,1.0,0.9832225744061249,0.9832225744061249
1094,LinearTBNegotiator,0.34437946718648477,0.0007811278057266481,0.3438669434117273,0.797328273877102,0.5708538705317934,S5_F-1,GeniusBOABaselineNegotiator,0.05946637719171122,LinearTBNegotiator@0,False,False,False,,GXqLw7y9Vz4,0.6988246083002407,0.6988246083002407,0.6843837722421124,0.7549382824144538,0.9337405687728075,0.6988246083002407,0.6843837722421124,0.6843837722421124
1095,GeniusBOABaselineNegotiator,0.797328273877102,0.0009639366705748589,0.7971327226692232,0.34437946718648477,0.5708538705317934,S5_F-1,LinearTBNegotiator,0.007976286229677498,GeniusBOABaselineNegotiator@1,False,False,False,,GXqLw7y9Vz4,0.6988246083002407,0.6988246083002407,0.6843837722421124,0.7549382824144538,0.9337405687728075,0.6988246083002407,0.6843837722421124,0.6843837722421124
1096,ConcederTBNegotiator,0.5935672514619883,0.0009639366705748589,0.5931750980204672,0.868421052631579,0.7309941520467836,S5_F,GeniusBOABaselineNegotiator,0.024730963225010782,ConcederTBNegotiator@0,False,False,False,,XloFFMgJAN4,0.8324241332371594,0.8324241332371594,0.8513976513554027,0.9667193271145101,1.0,0.8513976513554027,0.8513976513554027,0.8513976513554027
1097,GeniusBOABaselineNegotiator,0.868421052631579,0.0007811278057266481,0.868318192310084,0.5935672514619883,0.7309941520467836,S5_F,ConcederTBNegotiator,0.00797208136646077,GeniusBOABaselineNegotiator@1,False,False,False,,XloFFMgJAN4,0.8324241332371594,0.8324241332371594,0.8513976513554027,0.9667193271145101,1.0,0.8513976513554027,0.8513976513554027,0.8513976513554027
1098,GeniusBOABaselineNegotiator,0.7894736842105263,0.0009639366705748589,0.789270554370314,0.559779077322937,0.6746263807667316,S5_F,GeniusBOABaselineNegotiator,0.007821209554094821,GeniusBOABaselineNegotiator@0,False,False,False,,k2raWGRilvs,0.8625646620321361,0.8625646620321361,0.8474798110912376,0.8921745256681245,0.9573599675039428,0.8625646620321361,0.8474798110912376,0.8474798110912376
1099,GeniusBOABaselineNegotiator,0.559779077322937,0.0007811278057266481,0.5594349397041082,0.7894736842105263,0.6746263807667316,S5_F,GeniusBOABaselineNegotiator,0.007783865905366838,GeniusBOABaselineNegotiator@1,False,False,False,,k2raWGRilvs,0.8625646620321361,0.8625646620321361,0.8474798110912376,0.8921745256681245,0.9573599675039428,0.8625646620321361,0.8474798110912376,0.8474798110912376
1100,BoulwareTBNegotiator,0.9365079365079365,0.002193248997500751,0.9363683765135155,0.2595117842050396,0.5980098603564881,S1_B,ConcederTBNegotiator,0.014844169723801315,BoulwareTBNegotiator@0,False,False,False,,-V-IXO2xcIk,0.67706503438979,0.6559033950247126,0.6559033950247126,0.9625558021943916,1.0,0.67706503438979,0.6559033950247126,0.6559033950247126
1101,ConcederTBNegotiator,0.2595117842050396,0.0007754352238636291,0.2589371379587156,0.9365079365079365,0.5980098603564881,S1_B,BoulwareTBNegotiator,0.020938001689501107,ConcederTBNegotiator@1,False,False,False,,-V-IXO2xcIk,0.67706503438979,0.6559033950247126,0.6559033950247126,0.9625558021943916,1.0,0.67706503438979,0.6559033950247126,0.6559033950247126
1102,LinearTBNegotiator,0.2631578947368421,0.0034960628013070215,0.26057281084656775,0.7368421052631577,0.4999999999999999,S4_A-1,SmartAspirationNegotiator,0.02238430018769577,LinearTBNegotiator@0,False,False,False,,zLnQ8s7Ueic,0.7660818713450294,0.7660818713450294,0.7660818713450294,0.9999999999999998,0.9999999999999999,0.7660818713450294,0.7660818713450294,0.7660818713450294
1103,SmartAspirationNegotiator,0.7368421052631577,0.004370114375307104,0.7356870273417638,0.2631578947368421,0.4999999999999999,S4_A-1,LinearTBNegotiator,0.012617619417142123,SmartAspirationNegotiator@1,False,False,False,,zLnQ8s7Ueic,0.7660818713450294,0.7660818713450294,0.7660818713450294,0.9999999999999998,0.9999999999999999,0.7660818713450294,0.7660818713450294,0.7660818713450294
1104,ConcederTBNegotiator,0.44971813056919435,0.0007574209704742231,0.4493010196130306,0.5331541218637992,0.4914361262164968,S3_E-1,ConcederTBNegotiator,0.0086497109150514,ConcederTBNegotiator@0,False,False,False,,IkPs0rzy-5E,0.8750503643735918,0.8735938136947262,0.8829793189802546,0.8001668516276624,0.8829793189802546,0.8829793189802546,0.8829793189802546,0.8829793189802546
1105,ConcederTBNegotiator,0.5331541218637992,0.0010624744725208587,0.532657582475253,0.44971813056919435,0.4914361262164968,S3_E-1,ConcederTBNegotiator,0.007806084875483066,ConcederTBNegotiator@1,False,False,False,,IkPs0rzy-5E,0.8750503643735918,0.8735938136947262,0.8829793189802546,0.8001668516276624,0.8829793189802546,0.8829793189802546,0.8829793189802546,0.8829793189802546
1106,BoulwareTBNegotiator,0.584795321637427,0.0007442816259952948,0.5844860622482134,0.6217898560631812,0.603292588850304,S0_F-1,BoulwareTBNegotiator,0.02053816494299099,BoulwareTBNegotiator@0,False,False,False,,viUHHwZI3YM,0.8356322357077108,0.8356322357077108,0.834585113574342,0.7978375803876622,0.8418817572733157,0.8356322357077108,0.834585113574342,0.834585113574342
1107,BoulwareTBNegotiator,0.6217898560631812,0.0008771261662935939,0.6214578268180376,0.584795321637427,0.603292588850304,S0_F-1,BoulwareTBNegotiator,0.020802376908250153,BoulwareTBNegotiator@1,False,False,False,,viUHHwZI3YM,0.8356322357077108,0.8356322357077108,0.834585113574342,0.7978375803876622,0.8418817572733157,0.8356322357077108,0.834585113574342,0.834585113574342
1108,SmartAspirationNegotiator,0.5904521398386507,0.0007754352238636291,0.5901343155498752,0.5873015873015872,0.5888768635701189,S1_B-1,BoulwareTBNegotiator,0.016722173371817917,SmartAspirationNegotiator@0,False,False,False,,6mQC_FE4Es4,0.9657533700827802,0.9788365509746099,0.9788365509746099,0.947855343839237,0.9829625189076004,0.9788365509746099,0.9788365509746099,0.9788365509746099
1109,BoulwareTBNegotiator,0.5873015873015872,0.002193248997500751,0.5863944473378502,0.5904521398386507,0.5888768635701189,S1_B-1,SmartAspirationNegotiator,0.01937099517090246,BoulwareTBNegotiator@1,False,False,False,,6mQC_FE4Es4,0.9657533700827802,0.9788365509746099,0.9788365509746099,0.947855343839237,0.9829625189076004,0.9788365509746099,0.9788365509746099,0.9788365509746099
1110,SmartAspirationNegotiator,0.8904549021370864,0.0012950634439420957,0.8903128503192648,0.1485724677214039,0.5195136849292452,S2_E,ConcederTBNegotiator,0.013179004774428904,SmartAspirationNegotiator@0,False,False,False,,jlEpuD9P1sk,0.6366318463672536,0.6039651735915272,0.6207403505252886,0.8458833355368517,0.9800410753248283,0.6366318463672536,0.6207403505252886,0.6207403505252886
1111,ConcederTBNegotiator,0.1485724677214039,0.0006426653306037134,0.14802493288322918,0.8904549021370864,0.5195136849292452,S2_E,SmartAspirationNegotiator,0.021760744391940534,ConcederTBNegotiator@1,False,False,False,,jlEpuD9P1sk,0.6366318463672536,0.6039651735915272,0.6207403505252886,0.8458833355368517,0.9800410753248283,0.6366318463672536,0.6207403505252886,0.6207403505252886
1112,ConcederTBNegotiator,0.20467836257309946,0.0007442816259952948,0.2040859783909438,0.9561403508771931,0.5804093567251463,S0_F-1,GeniusBOABaselineNegotiator,0.018860253097955137,ConcederTBNegotiator@0,False,False,False,,ItEy7b13UD0,0.5699318647760668,0.5699318647760668,0.5527488392164512,0.767575145728921,1.0,0.5699318647760668,0.5527488392164512,0.5527488392164512
1113,GeniusBOABaselineNegotiator,0.9561403508771931,0.0008771261662935939,0.956101846658245,0.20467836257309946,0.5804093567251463,S0_F-1,ConcederTBNegotiator,0.00677537388401106,GeniusBOABaselineNegotiator@1,False,False,False,,ItEy7b13UD0,0.5699318647760668,0.5699318647760668,0.5527488392164512,0.767575145728921,1.0,0.5699318647760668,0.5527488392164512,0.5527488392164512
1114,BoulwareTBNegotiator,0.5185185185185185,0.0007442816259952948,0.518159893780792,0.55843702955246,0.5384777740354892,S0_F-1,GeniusBOABaselineNegotiator,0.02120179357007146,BoulwareTBNegotiator@0,False,False,False,,IpWximtmOw,0.7659319509600617,0.7659319509600617,0.7651664033242354,0.7121218000501757,0.7817356951733825,0.7659319509600617,0.7651664033242354,0.7651664033242354
1115,GeniusBOABaselineNegotiator,0.55843702955246,0.0008771261662935939,0.5580493831021693,0.5185185185185185,0.5384777740354892,S0_F-1,BoulwareTBNegotiator,0.008008496079128236,GeniusBOABaselineNegotiator@1,False,False,False,,IpWximtmOw,0.7659319509600617,0.7659319509600617,0.7651664033242354,0.7121218000501757,0.7817356951733825,0.7659319509600617,0.7651664033242354,0.7651664033242354
1116,ConcederTBNegotiator,0.30734767025089604,0.0012950634439420957,0.3064494783237462,0.6919439898163302,0.4996458300336131,S2_E,LinearTBNegotiator,0.014238249859772623,ConcederTBNegotiator@0,False,False,False,,6Q_VMMUnUos,0.7541134173788117,0.7902421138444015,0.7774568873879285,0.8135340676414962,1.0,0.7902421138444015,0.7774568873879285,0.7774568873879285
1117,LinearTBNegotiator,0.6919439898163302,0.0006426653306037134,0.6917458855839791,0.30734767025089604,0.4996458300336131,S2_E,ConcederTBNegotiator,0.011316083138808608,LinearTBNegotiator@1,False,False,False,,6Q_VMMUnUos,0.7541134173788117,0.7902421138444015,0.7774568873879285,0.8135340676414962,1.0,0.7902421138444015,0.7774568873879285,0.7774568873879285
1118,LinearTBNegotiator,0.23703471649526825,0.0012950634439420957,0.23604534675101607,0.6710310965630115,0.45403290652913986,S2_E,BoulwareTBNegotiator,0.022798835299909115,LinearTBNegotiator@0,False,False,False,,phdqjUv-4dU,0.70911502398021,0.7441159507431945,0.7325810824533303,0.7392661263016912,0.9694735723246475,0.7441159507431945,0.7325810824533303,0.7325810824533303
1119,BoulwareTBNegotiator,0.6710310965630115,0.0006426653306037134,0.6708195436962329,0.23703471649526825,0.45403290652913986,S2_E,LinearTBNegotiator,0.018585992278531194,BoulwareTBNegotiator@1,False,False,False,,phdqjUv-4dU,0.70911502398021,0.7441159507431945,0.7325810824533303,0.7392661263016912,0.9694735723246475,0.7441159507431945,0.7325810824533303,0.7325810824533303
1120,BoulwareTBNegotiator,0.7994924177520258,0.0008771261662935939,0.7993163929091003,0.3667966211825861,0.5831445194673059,S0_F,LinearTBNegotiator,0.017809461045544595,BoulwareTBNegotiator@0,False,False,False,,-1E6EIo7Xo0,0.7157177189149243,0.7157177189149243,0.701145103828247,0.7711923219788893,0.9391382745772429,0.7157177189149243,0.701145103828247,0.701145103828247
1121,LinearTBNegotiator,0.3667966211825861,0.0007442816259952948,0.36632498851468526,0.7994924177520258,0.5831445194673059,S0_F,BoulwareTBNegotiator,0.01933453348465264,LinearTBNegotiator@1,False,False,False,,-1E6EIo7Xo0,0.7157177189149243,0.7157177189149243,0.701145103828247,0.7711923219788893,0.9391382745772429,0.7157177189149243,0.701145103828247,0.701145103828247
1122,LinearTBNegotiator,0.6104746317512275,0.0006426653306037134,0.6102241363169323,0.5887096774193548,0.5995921545852911,S2_E-1,LinearTBNegotiator,0.013218459323979914,LinearTBNegotiator@0,False,False,False,,ZhgBwfvoFP8,0.962770739134347,0.9948163616773602,0.9851895102634617,0.9762688190810784,0.9948163616773602,0.9948163616773602,0.9851895102634617,0.9851895102634617
1123,LinearTBNegotiator,0.5887096774193548,0.0012950634439420957,0.588176339651487,0.6104746317512275,0.5995921545852911,S2_E-1,LinearTBNegotiator,0.013398041657637805,LinearTBNegotiator@1,False,False,False,,ZhgBwfvoFP8,0.962770739134347,0.9948163616773602,0.9851895102634617,0.9762688190810784,0.9948163616773602,0.9948163616773602,0.9851895102634617,0.9851895102634617
1124,BoulwareTBNegotiator,0.6854838709677419,0.0010624744725208587,0.6851493501896618,0.541734860883797,0.6136093659257694,S3_E,SmartAspirationNegotiator,0.021000956476200372,BoulwareTBNegotiator@0,False,False,False,,bEloA7pqBEQ,0.9508547189471204,0.9143580762567265,0.9301480822807243,0.9990919435291352,1.0,0.9508547189471204,0.9301480822807243,0.9301480822807243
1125,SmartAspirationNegotiator,0.541734860883797,0.0007574209704742231,0.5413874981575799,0.6854838709677419,0.6136093659257694,S3_E,BoulwareTBNegotiator,0.015687247971072793,SmartAspirationNegotiator@1,False,False,False,,bEloA7pqBEQ,0.9508547189471204,0.9143580762567265,0.9301480822807243,0.9990919435291352,1.0,0.9508547189471204,0.9301480822807243,0.9301480822807243
1126,GeniusBOABaselineNegotiator,0.6710310965630115,0.0007574209704742231,0.6707817397488343,0.23703471649526825,0.45403290652913986,S3_E-1,LinearTBNegotiator,0.008119037258438766,GeniusBOABaselineNegotiator@0,False,False,False,,t3aFVGXT1Fc,0.70911502398021,0.7441159507431945,0.7325810824533303,0.7392661263016912,0.9694735723246475,0.7441159507431945,0.7325810824533303,0.7325810824533303
1127,LinearTBNegotiator,0.23703471649526825,0.0010624744725208587,0.23622322316717914,0.6710310965630115,0.45403290652913986,S3_E-1,GeniusBOABaselineNegotiator,0.02435662818606943,LinearTBNegotiator@1,False,False,False,,t3aFVGXT1Fc,0.70911502398021,0.7441159507431945,0.7325810824533303,0.7392661263016912,0.9694735723246475,0.7441159507431945,0.7325810824533303,0.7325810824533303
1128,LinearTBNegotiator,0.30187306783051465,0.0006426653306037134,0.30142411732992674,0.7258064516129032,0.5138397597217089,S2_E-1,SmartAspirationNegotiator,0.02256641077110544,LinearTBNegotiator@0,False,False,False,,3U2SObCkleE,0.7845053897860967,0.7558778564162505,0.7723591634059338,0.8366449286972107,0.9454102745825437,0.7845053897860967,0.7723591634059338,0.7723591634059338
1129,SmartAspirationNegotiator,0.7258064516129032,0.0012950634439420957,0.7254508931009914,0.30187306783051465,0.5138397597217089,S2_E-1,LinearTBNegotiator,0.015890165930613875,SmartAspirationNegotiator@1,False,False,False,,3U2SObCkleE,0.7845053897860967,0.7558778564162505,0.7723591634059338,0.8366449286972107,0.9454102745825437,0.7845053897860967,0.7723591634059338,0.7723591634059338
1130,GeniusBOABaselineNegotiator,0.7076023391812865,0.004370114375307104,0.7063189192686266,0.2923976608187134,0.4999999999999999,S4_A,LinearTBNegotiator,0.006817123910877854,GeniusBOABaselineNegotiator@0,False,False,False,,zy1lJFlEPaQ,0.7953216374269007,0.7953216374269007,0.7953216374269007,0.9999999999999998,0.9999999999999999,0.7953216374269007,0.7953216374269007,0.7953216374269007
1131,LinearTBNegotiator,0.2923976608187134,0.0034960628013070215,0.28991515962249753,0.7076023391812865,0.4999999999999999,S4_A,GeniusBOABaselineNegotiator,0.02338060998590663,LinearTBNegotiator@1,False,False,False,,zy1lJFlEPaQ,0.7953216374269007,0.7953216374269007,0.7953216374269007,0.9999999999999998,0.9999999999999999,0.7953216374269007,0.7953216374269007,0.7953216374269007
1132,SmartAspirationNegotiator,0.5564516129032258,0.0010624744725208587,0.5559798528315745,0.6563011456628477,0.6063763792830368,S3_E,GeniusBOABaselineNegotiator,0.017061078106053174,SmartAspirationNegotiator@0,False,False,False,,ihrpFc4aVFg,0.9259475513173088,0.9622920760502182,0.9456457474034602,0.9873150393883301,1.0,0.9622920760502182,0.9456457474034602,0.9456457474034602
1133,GeniusBOABaselineNegotiator,0.6563011456628477,0.0007574209704742231,0.6560406236181849,0.5564516129032258,0.6063763792830368,S3_E,SmartAspirationNegotiator,0.008015492116101086,GeniusBOABaselineNegotiator@1,False,False,False,,ihrpFc4aVFg,0.9259475513173088,0.9622920760502182,0.9456457474034602,0.9873150393883301,1.0,0.9622920760502182,0.9456457474034602,0.9456457474034602
1134,LinearTBNegotiator,0.328042328042328,0.002193248997500751,0.3265653181013716,0.7822283931139397,0.5551353605781338,S1_B,GeniusBOABaselineNegotiator,0.02155791420955211,LinearTBNegotiator@0,False,False,False,,pkiWelczHPk,0.7428511964925584,0.7649272400742826,0.7649272400742826,0.8935450696569122,0.9889059294623107,0.7649272400742826,0.7649272400742826,0.7649272400742826
1135,GeniusBOABaselineNegotiator,0.7822283931139397,0.0007754352238636291,0.7820593942915631,0.328042328042328,0.5551353605781338,S1_B,LinearTBNegotiator,0.006781196687370539,GeniusBOABaselineNegotiator@1,False,False,False,,pkiWelczHPk,0.7428511964925584,0.7649272400742826,0.7649272400742826,0.8935450696569122,0.9889059294623107,0.7649272400742826,0.7649272400742826,0.7649272400742826
1136,BoulwareTBNegotiator,0.8888888888888888,0.0007442816259952948,0.8888061293340289,0.25438596491228077,0.5716374269005848,S0_F-1,ConcederTBNegotiator,0.016507208056282252,BoulwareTBNegotiator@0,False,False,False,,OAgGtBYFY3g,0.590083685965619,0.590083685965619,0.6069419837946906,0.755974513803547,1.0,0.6069419837946906,0.6069419837946906,0.6069419837946906
1137,ConcederTBNegotiator,0.25438596491228077,0.0008771261662935939,0.25373139319016436,0.8888888888888888,0.5716374269005848,S0_F-1,BoulwareTBNegotiator,0.02304495411226526,ConcederTBNegotiator@1,False,False,False,,OAgGtBYFY3g,0.590083685965619,0.590083685965619,0.6069419837946906,0.755974513803547,1.0,0.6069419837946906,0.6069419837946906,0.6069419837946906
1138,BoulwareTBNegotiator,0.7573099415204678,0.0007811278057266481,0.7571202213719327,0.7543859649122808,0.7558479532163743,S5_F-1,SmartAspirationNegotiator,0.01924999989569187,BoulwareTBNegotiator@0,False,False,False,,GCJVpKyV53M,0.9807999989329749,0.9807999989329749,1.0,0.9995877842364035,1.0,1.0,1.0,1.0
1139,SmartAspirationNegotiator,0.7543859649122808,0.0009639366705748589,0.7541489800986998,0.7573099415204678,0.7558479532163743,S5_F-1,BoulwareTBNegotiator,0.015125284844543785,SmartAspirationNegotiator@1,False,False,False,,GCJVpKyV53M,0.9807999989329749,0.9807999989329749,1.0,0.9995877842364035,1.0,1.0,1.0,1.0
1140,BoulwareTBNegotiator,0.8700454840805718,0.0007811278057266481,0.8699438936395891,0.48862897985705,0.6793372319688109,S5_F-1,LinearTBNegotiator,0.01696287892991677,BoulwareTBNegotiator@0,False,False,False,,jaodAIta5Y4,0.7625130806021299,0.7625130806021299,0.7805360810361862,0.8984044946650847,1.0,0.7805360810361862,0.7805360810361862,0.7805360810361862
1141,LinearTBNegotiator,0.48862897985705,0.0009639366705748589,0.48813557496739834,0.8700454840805718,0.6793372319688109,S5_F-1,BoulwareTBNegotiator,0.018583661876618862,LinearTBNegotiator@1,False,False,False,,jaodAIta5Y4,0.7625130806021299,0.7625130806021299,0.7805360810361862,0.8984044946650847,1.0,0.7805360810361862,0.7805360810361862,0.7805360810361862
1142,BoulwareTBNegotiator,0.5465949820788529,0.0010624744725208587,0.5461127384500538,0.503182396799418,0.5248886894391355,S3_E,BoulwareTBNegotiator,0.021772924112156034,BoulwareTBNegotiator@0,False,False,False,,gQ-xx9Dc8no,0.9101795645181664,0.9126584534033798,0.9210437943802361,0.8546350332788867,0.9210437943802361,0.9210437943802361,0.9210437943802361,0.9210437943802361
1143,BoulwareTBNegotiator,0.503182396799418,0.0007574209704742231,0.5028058114946462,0.5465949820788529,0.5248886894391355,S3_E,BoulwareTBNegotiator,0.021394996903836727,BoulwareTBNegotiator@1,False,False,False,,gQ-xx9Dc8no,0.9101795645181664,0.9126584534033798,0.9210437943802361,0.8546350332788867,0.9210437943802361,0.9210437943802361,0.9210437943802361,0.9210437943802361
1144,ConcederTBNegotiator,0.48862897985705,0.0008771261662935939,0.4881800491857597,0.8700454840805718,0.6793372319688109,S0_F,LinearTBNegotiator,0.00960570783354342,ConcederTBNegotiator@0,False,False,False,,7285mEMKGXY,0.7625130806021299,0.7625130806021299,0.7805360810361862,0.8984044946650847,1.0,0.7805360810361862,0.7805360810361862,0.7805360810361862
1145,LinearTBNegotiator,0.8700454840805718,0.0007442816259952948,0.869948689279566,0.48862897985705,0.6793372319688109,S0_F,ConcederTBNegotiator,0.008694623073097318,LinearTBNegotiator@1,False,False,False,,7285mEMKGXY,0.7625130806021299,0.7625130806021299,0.7805360810361862,0.8984044946650847,1.0,0.7805360810361862,0.7805360810361862,0.7805360810361862
1146,GeniusBOABaselineNegotiator,0.9385964912280702,0.0008771261662935939,0.938542585321543,0.2108512020792723,0.5747238466536713,S0_F,ConcederTBNegotiator,0.007292169029824436,GeniusBOABaselineNegotiator@0,False,False,False,,iPaquieJYOk,0.5785530218644237,0.5785530218644237,0.5615949814358568,0.7600562176291416,0.9902986456949824,0.5785530218644237,0.5615949814358568,0.5615949814358568
1147,ConcederTBNegotiator,0.2108512020792723,0.0007442816259952948,0.21026341565016443,0.9385964912280702,0.5747238466536713,S0_F,GeniusBOABaselineNegotiator,0.02038594981422648,ConcederTBNegotiator@1,False,False,False,,iPaquieJYOk,0.5785530218644237,0.5785530218644237,0.5615949814358568,0.7600562176291416,0.9902986456949824,0.5785530218644237,0.5615949814358568,0.5615949814358568
1148,ConcederTBNegotiator,0.12280701754385964,0.0034960628013070215,0.1197295367221045,0.8771929824561403,0.5,S4_A-1,SmartAspirationNegotiator,0.024897919851355255,ConcederTBNegotiator@0,False,False,False,,IhVLnoIVItQ,0.6257309941520469,0.6257309941520469,0.6257309941520469,1.0,1.0,0.6257309941520469,0.6257309941520469,0.6257309941520469
1149,SmartAspirationNegotiator,0.8771929824561403,0.004370114375307104,0.8766539460928231,0.12280701754385964,0.5,S4_A-1,ConcederTBNegotiator,0.011967793863732368,SmartAspirationNegotiator@1,False,False,False,,IhVLnoIVItQ,0.6257309941520469,0.6257309941520469,0.6257309941520469,1.0,1.0,0.6257309941520469,0.6257309941520469,0.6257309941520469
1150,ConcederTBNegotiator,0.26900584795321636,0.004370114375307104,0.2657972981715666,0.7309941520467835,0.49999999999999994,S4_A,LinearTBNegotiator,0.01339766598539427,ConcederTBNegotiator@0,False,False,False,,8gk4kdQmOWA,0.7660818713450293,0.7660818713450293,0.7660818713450293,0.9999999999999999,1.0,0.7660818713450293,0.7719298245614036,0.7719298245614036
1151,LinearTBNegotiator,0.7309941520467835,0.0034960628013070215,0.7300503912614453,0.26900584795321636,0.49999999999999994,S4_A,ConcederTBNegotiator,0.01029633218422532,LinearTBNegotiator@1,False,False,False,,8gk4kdQmOWA,0.7660818713450293,0.7660818713450293,0.7660818713450293,0.9999999999999999,1.0,0.7660818713450293,0.7719298245614036,0.7719298245614036
1152,LinearTBNegotiator,0.24786324786324784,0.0007574209704742231,0.2472931318967265,0.6956698318710994,0.47176653986717365,S3_E-1,GeniusBOABaselineNegotiator,0.022583450831007212,LinearTBNegotiator@0,False,False,False,,5C6oWFLYcgs,0.7519498281184096,0.726615866712041,0.7425460455799742,0.7681404088361475,0.91321639759814,0.7519498281184096,0.7425460455799742,0.7425460455799742
1153,GeniusBOABaselineNegotiator,0.6956698318710994,0.0010624744725208587,0.6953461449271295,0.24786324786324784,0.47176653986717365,S3_E-1,LinearTBNegotiator,0.007708952005486935,GeniusBOABaselineNegotiator@1,False,False,False,,5C6oWFLYcgs,0.7519498281184096,0.726615866712041,0.7425460455799742,0.7681404088361475,0.91321639759814,0.7519498281184096,0.7425460455799742,0.7425460455799742
1154,LinearTBNegotiator,0.48862897985705,0.0008771261662935939,0.4881800491857597,0.8700454840805718,0.6793372319688109,S0_F,BoulwareTBNegotiator,0.018898747686762363,LinearTBNegotiator@0,False,False,False,,PSH91DujmtM,0.7625130806021299,0.7625130806021299,0.7805360810361862,0.8984044946650847,1.0,0.7805360810361862,0.7805360810361862,0.7805360810361862
1155,BoulwareTBNegotiator,0.8700454840805718,0.0007442816259952948,0.869948689279566,0.48862897985705,0.6793372319688109,S0_F,LinearTBNegotiator,0.016847371065523475,BoulwareTBNegotiator@1,False,False,False,,PSH91DujmtM,0.7625130806021299,0.7625130806021299,0.7805360810361862,0.8984044946650847,1.0,0.7805360810361862,0.7805360810361862,0.7805360810361862
1156,GeniusBOABaselineNegotiator,0.4970760233918128,0.0034960628013070215,0.49531160105400646,0.502923976608187,0.4999999999999999,S4_A-1,BoulwareTBNegotiator,0.007186587783508003,GeniusBOABaselineNegotiator@0,False,False,False,,bKL75rzx_ro,0.9999999999999998,0.9999999999999998,0.9999999999999998,0.9999999999999998,0.9999999999999998,0.9999999999999998,0.9999999999999998,0.9999999999999998
1157,BoulwareTBNegotiator,0.502923976608187,0.004370114375307104,0.5007421627566652,0.4970760233918128,0.4999999999999999,S4_A-1,GeniusBOABaselineNegotiator,0.020239159814082086,BoulwareTBNegotiator@1,False,False,False,,bKL75rzx_ro,0.9999999999999998,0.9999999999999998,0.9999999999999998,0.9999999999999998,0.9999999999999998,0.9999999999999998,0.9999999999999998,0.9999999999999998
1158,BoulwareTBNegotiator,0.5790143662484089,0.0006426653306037134,0.5787436393901486,0.5806451612903226,0.5798297637693657,S2_E-1,SmartAspirationNegotiator,0.020416583109181374,BoulwareTBNegotiator@0,False,False,False,,2q-43UlFB4o,0.9588819145275801,0.9717465499436655,0.9783447675564003,0.9440912700645696,0.9783447675564003,0.9783447675564003,0.9783447675564003,0.9783447675564003
1159,SmartAspirationNegotiator,0.5806451612903226,0.0012950634439420957,0.5801013659191634,0.5790143662484089,0.5798297637693657,S2_E-1,BoulwareTBNegotiator,0.016131701122503728,SmartAspirationNegotiator@1,False,False,False,,2q-43UlFB4o,0.9588819145275801,0.9717465499436655,0.9783447675564003,0.9440912700645696,0.9783447675564003,0.9783447675564003,0.9783447675564003,0.9783447675564003
1160,BoulwareTBNegotiator,0.503182396799418,0.0007574209704742231,0.5028058114946462,0.5465949820788529,0.5248886894391355,S3_E-1,GeniusBOABaselineNegotiator,0.021293876983691007,BoulwareTBNegotiator@0,False,False,False,,-7tToNfuh6A,0.9101795645181664,0.9126584534033798,0.9210437943802361,0.8546350332788867,0.9210437943802361,0.9210437943802361,0.9210437943802361,0.9210437943802361
1161,GeniusBOABaselineNegotiator,0.5465949820788529,0.0010624744725208587,0.5461127384500538,0.503182396799418,0.5248886894391355,S3_E-1,BoulwareTBNegotiator,0.007475289108697325,GeniusBOABaselineNegotiator@1,False,False,False,,-7tToNfuh6A,0.9101795645181664,0.9126584534033798,0.9210437943802361,0.8546350332788867,0.9210437943802361,0.9210437943802361,0.9210437943802361,0.9210437943802361
1162,GeniusBOABaselineNegotiator,0.8952536824877251,0.0007574209704742231,0.8951742852931612,0.1490748497922465,0.5221642661399858,S3_E-1,ConcederTBNegotiator,0.007162841851823032,GeniusBOABaselineNegotiator@0,False,False,False,,8HWnZemcDc4,0.5899418999499724,0.627175323667607,0.6118375432198896,0.8501990687710164,1.0,0.627175323667607,0.6118375432198896,0.6118375432198896
1163,ConcederTBNegotiator,0.1490748497922465,0.0010624744725208587,0.14816980195189802,0.8952536824877251,0.5221642661399858,S3_E-1,GeniusBOABaselineNegotiator,0.02186325064394623,ConcederTBNegotiator@1,False,False,False,,8HWnZemcDc4,0.5899418999499724,0.627175323667607,0.6118375432198896,0.8501990687710164,1.0,0.627175323667607,0.6118375432198896,0.6118375432198896
1164,LinearTBNegotiator,0.6919439898163302,0.0007574209704742231,0.6917104848725955,0.30734767025089604,0.4996458300336131,S3_E-1,ConcederTBNegotiator,0.012211749912239611,LinearTBNegotiator@0,False,False,False,,W00v9xTysCs,0.7541134173788117,0.7902421138444015,0.7774568873879285,0.8135340676414962,1.0,0.7902421138444015,0.7774568873879285,0.7774568873879285
1165,ConcederTBNegotiator,0.30734767025089604,0.0010624744725208587,0.30661096209860006,0.6919439898163302,0.4996458300336131,S3_E-1,LinearTBNegotiator,0.014140998013317585,ConcederTBNegotiator@1,False,False,False,,W00v9xTysCs,0.7541134173788117,0.7902421138444015,0.7774568873879285,0.8135340676414962,1.0,0.7902421138444015,0.7774568873879285,0.7774568873879285
1166,LinearTBNegotiator,0.7689495968231964,0.0008771261662935939,0.768746758554084,0.37426900584795325,0.5716093013355749,S0_F,ConcederTBNegotiator,0.010686834924854338,LinearTBNegotiator@0,False,False,False,,ksn4ifYkrjM,0.7221236298881974,0.7221236298881974,0.7085893136460552,0.7559373185302263,0.9161843172014918,0.7221236298881974,0.7085893136460552,0.7085893136460552
1167,ConcederTBNegotiator,0.37426900584795325,0.0007442816259952948,0.3738029388811102,0.7689495968231964,0.5716093013355749,S0_F,LinearTBNegotiator,0.011877543001901358,ConcederTBNegotiator@1,False,False,False,,ksn4ifYkrjM,0.7221236298881974,0.7221236298881974,0.7085893136460552,0.7559373185302263,0.9161843172014918,0.7221236298881974,0.7085893136460552,0.7085893136460552
1168,LinearTBNegotiator,0.30187306783051465,0.0007574209704742231,0.30134389104244036,0.7258064516129032,0.5138397597217089,S3_E-1,SmartAspirationNegotiator,0.021230249316431582,LinearTBNegotiator@0,False,False,False,,WyOJIgYnjWk,0.7845053897860967,0.7558778564162505,0.7723591634059338,0.8366449286972107,0.9454102745825437,0.7845053897860967,0.7723591634059338,0.7723591634059338
1169,SmartAspirationNegotiator,0.7258064516129032,0.0010624744725208587,0.7255148181140643,0.30187306783051465,0.5138397597217089,S3_E-1,LinearTBNegotiator,0.014590577280614525,SmartAspirationNegotiator@1,False,False,False,,WyOJIgYnjWk,0.7845053897860967,0.7558778564162505,0.7723591634059338,0.8366449286972107,0.9454102745825437,0.7845053897860967,0.7723591634059338,0.7723591634059338
1170,SmartAspirationNegotiator,0.5973813420621931,0.0007574209704742231,0.5970761590955881,0.6048387096774194,0.6011100258698062,S3_E-1,SmartAspirationNegotiator,0.015283456014003605,SmartAspirationNegotiator@0,False,False,False,,fBFMD7rRtaw,0.9765338686924485,0.9832225744061249,1.0,0.9787402496945685,1.0,1.0,1.0,1.0
1171,SmartAspirationNegotiator,0.6048387096774194,0.0010624744725208587,0.6044184143408573,0.5973813420621931,0.6011100258698062,S3_E-1,SmartAspirationNegotiator,0.015431622683536261,SmartAspirationNegotiator@1,False,False,False,,fBFMD7rRtaw,0.9765338686924485,0.9832225744061249,1.0,0.9787402496945685,1.0,1.0,1.0,1.0
1172,SmartAspirationNegotiator,0.8700454840805718,0.0007811278057266481,0.8699438936395891,0.48862897985705,0.6793372319688109,S5_F-1,LinearTBNegotiator,0.01347641961183399,SmartAspirationNegotiator@0,False,False,False,,5lC_SDNCa-Q,0.7625130806021299,0.7625130806021299,0.7805360810361862,0.8984044946650847,1.0,0.7805360810361862,0.7805360810361862,0.7805360810361862
1173,LinearTBNegotiator,0.48862897985705,0.0009639366705748589,0.48813557496739834,0.8700454840805718,0.6793372319688109,S5_F-1,SmartAspirationNegotiator,0.017360538186039776,LinearTBNegotiator@1,False,False,False,,5lC_SDNCa-Q,0.7625130806021299,0.7625130806021299,0.7805360810361862,0.8984044946650847,1.0,0.7805360810361862,0.7805360810361862,0.7805360810361862
1174,SmartAspirationNegotiator,0.7258064516129032,0.0010624744725208587,0.7255148181140643,0.30187306783051465,0.5138397597217089,S3_E,LinearTBNegotiator,0.01435992622282356,SmartAspirationNegotiator@0,False,False,False,,Z1Js70D7Sx0,0.7845053897860967,0.7558778564162505,0.7723591634059338,0.8366449286972107,0.9454102745825437,0.7845053897860967,0.7723591634059338,0.7723591634059338
1175,LinearTBNegotiator,0.30187306783051465,0.0007574209704742231,0.30134389104244036,0.7258064516129032,0.5138397597217089,S3_E,SmartAspirationNegotiator,0.02030299586476758,LinearTBNegotiator@1,False,False,False,,Z1Js70D7Sx0,0.7845053897860967,0.7558778564162505,0.7723591634059338,0.8366449286972107,0.9454102745825437,0.7845053897860967,0.7723591634059338,0.7723591634059338
1176,LinearTBNegotiator,0.4970760233918128,0.0034960628013070215,0.49531160105400646,0.502923976608187,0.4999999999999999,S4_A-1,LinearTBNegotiator,0.01484208699548617,LinearTBNegotiator@0,False,False,False,,FGPXg8Gw4tE,0.9999999999999998,0.9999999999999998,0.9999999999999998,0.9999999999999998,0.9999999999999998,0.9999999999999998,0.9999999999999998,0.9999999999999998
1177,LinearTBNegotiator,0.502923976608187,0.004370114375307104,0.5007421627566652,0.4970760233918128,0.4999999999999999,S4_A-1,LinearTBNegotiator,0.013974628585856408,LinearTBNegotiator@1,False,False,False,,FGPXg8Gw4tE,0.9999999999999998,0.9999999999999998,0.9999999999999998,0.9999999999999998,0.9999999999999998,0.9999999999999998,0.9999999999999998,0.9999999999999998
1178,GeniusBOABaselineNegotiator,0.4970760233918128,0.004370114375307104,0.49486854114203777,0.5029239766081871,0.49999999999999994,S4_A,BoulwareTBNegotiator,0.006519835151266307,GeniusBOABaselineNegotiator@0,False,False,False,,SWf2aaFMxgs,0.9941520467836257,0.9941520467836257,0.9941520467836257,0.9999999999999999,0.9999999999999999,0.9941520467836257,0.9999999999999999,0.9999999999999999
1179,BoulwareTBNegotiator,0.5029239766081871,0.0034960628013070215,0.5011800708091925,0.4970760233918128,0.49999999999999994,S4_A,GeniusBOABaselineNegotiator,0.019201746094040573,BoulwareTBNegotiator@1,False,False,False,,SWf2aaFMxgs,0.9941520467836257,0.9941520467836257,0.9941520467836257,0.9999999999999999,0.9999999999999999,0.9941520467836257,0.9999999999999999,0.9999999999999999
1180,SmartAspirationNegotiator,0.541734860883797,0.0007574209704742231,0.5413874981575799,0.6854838709677419,0.6136093659257694,S3_E-1,BoulwareTBNegotiator,0.015616746677551419,SmartAspirationNegotiator@0,False,False,False,,lyX-bW6o7Bo,0.9508547189471204,0.9143580762567265,0.9301480822807243,0.9990919435291352,1.0,0.9508547189471204,0.9301480822807243,0.9301480822807243
1181,BoulwareTBNegotiator,0.6854838709677419,0.0010624744725208587,0.6851493501896618,0.541734860883797,0.6136093659257694,S3_E-1,SmartAspirationNegotiator,0.019583629036787897,BoulwareTBNegotiator@1,False,False,False,,lyX-bW6o7Bo,0.9508547189471204,0.9143580762567265,0.9301480822807243,0.9990919435291352,1.0,0.9508547189471204,0.9301480822807243,0.9301480822807243
1182,BoulwareTBNegotiator,0.5873015873015872,0.002193248997500751,0.5863944473378502,0.5904521398386507,0.5888768635701189,S1_B,GeniusBOABaselineNegotiator,0.019123961275909096,BoulwareTBNegotiator@0,False,False,False,,eiJO85ySgZg,0.9657533700827802,0.9788365509746099,0.9788365509746099,0.947855343839237,0.9829625189076004,0.9788365509746099,0.9788365509746099,0.9788365509746099
1183,GeniusBOABaselineNegotiator,0.5904521398386507,0.0007754352238636291,0.5901343155498752,0.5873015873015872,0.5888768635701189,S1_B,BoulwareTBNegotiator,0.0064862805884331465,GeniusBOABaselineNegotiator@1,False,False,False,,eiJO85ySgZg,0.9657533700827802,0.9788365509746099,0.9788365509746099,0.947855343839237,0.9829625189076004,0.9788365509746099,0.9788365509746099,0.9788365509746099
1184,SmartAspirationNegotiator,0.8821603927986906,0.0007574209704742231,0.8820710709548063,0.1185236972314441,0.5003420450150674,S3_E-1,ConcederTBNegotiator,0.014822789758909494,SmartAspirationNegotiator@0,False,False,False,,m6AGYy57l_k,0.575956136137469,0.6132082015172416,0.598227682953997,0.8146676598217358,0.9763036178091531,0.6132082015172416,0.598227682953997,0.598227682953997
1185,ConcederTBNegotiator,0.1185236972314441,0.0010624744725208587,0.11758615504698254,0.8821603927986906,0.5003420450150674,S3_E-1,SmartAspirationNegotiator,0.02418249665061012,ConcederTBNegotiator@1,False,False,False,,m6AGYy57l_k,0.575956136137469,0.6132082015172416,0.598227682953997,0.8146676598217358,0.9763036178091531,0.6132082015172416,0.598227682953997,0.598227682953997
1186,ConcederTBNegotiator,0.26900584795321636,0.0034960628013070215,0.2664412806017537,0.7309941520467835,0.49999999999999994,S4_A-1,LinearTBNegotiator,0.013735210231970996,ConcederTBNegotiator@0,False,False,False,,jBzvF4GoYGg,0.7719298245614036,0.7719298245614036,0.7719298245614036,0.9999999999999999,0.9999999999999999,0.7719298245614036,0.7719298245614036,0.7719298245614036
1187,LinearTBNegotiator,0.7309941520467835,0.004370114375307104,0.7298134057271364,0.26900584795321636,0.49999999999999994,S4_A-1,ConcederTBNegotiator,0.010497330862563103,LinearTBNegotiator@1,False,False,False,,jBzvF4GoYGg,0.7719298245614036,0.7719298245614036,0.7719298245614036,0.9999999999999999,0.9999999999999999,0.7719298245614036,0.7719298245614036,0.7719298245614036
1188,SmartAspirationNegotiator,0.8771929824561403,0.004370114375307104,0.8766539460928231,0.12280701754385964,0.5,S4_A,ConcederTBNegotiator,0.01208316528936848,SmartAspirationNegotiator@0,False,False,False,,lRi_KFj4DUE,0.6257309941520469,0.6257309941520469,0.6257309941520469,1.0,1.0,0.6257309941520469,0.6257309941520469,0.6257309941520469
1189,ConcederTBNegotiator,0.12280701754385964,0.0034960628013070215,0.1197295367221045,0.8771929824561403,0.5,S4_A,SmartAspirationNegotiator,0.024660455237608403,ConcederTBNegotiator@1,False,False,False,,lRi_KFj4DUE,0.6257309941520469,0.6257309941520469,0.6257309941520469,1.0,1.0,0.6257309941520469,0.6257309941520469,0.6257309941520469
1190,LinearTBNegotiator,0.7076023391812865,0.004370114375307104,0.7063189192686266,0.2923976608187134,0.4999999999999999,S4_A,ConcederTBNegotiator,0.010056122206151485,LinearTBNegotiator@0,False,False,False,,pY825jtHZHc,0.7953216374269007,0.7953216374269007,0.7953216374269007,0.9999999999999998,0.9999999999999999,0.7953216374269007,0.7953216374269007,0.7953216374269007
1191,ConcederTBNegotiator,0.2923976608187134,0.0034960628013070215,0.28991515962249753,0.7076023391812865,0.4999999999999999,S4_A,LinearTBNegotiator,0.012681039050221443,ConcederTBNegotiator@1,False,False,False,,pY825jtHZHc,0.7953216374269007,0.7953216374269007,0.7953216374269007,0.9999999999999998,0.9999999999999999,0.7953216374269007,0.7953216374269007,0.7953216374269007
1192,GeniusBOABaselineNegotiator,0.9144540713339779,0.0010624744725208587,0.9143630842971383,0.1387525004546281,0.526603285894303,S3_E,ConcederTBNegotiator,0.006988376146182418,GeniusBOABaselineNegotiator@0,False,False,False,,JjIkXqkUJ3Y,0.6218815860491587,0.588727183871518,0.6055037501538055,0.857426776038838,0.9875390245474492,0.6218815860491587,0.6055037501538055,0.6055037501538055
1193,ConcederTBNegotiator,0.1387525004546281,0.0007574209704742231,0.1380996790771027,0.9144540713339779,0.526603285894303,S3_E,GeniusBOABaselineNegotiator,0.02244287490611896,ConcederTBNegotiator@1,False,False,False,,JjIkXqkUJ3Y,0.6218815860491587,0.588727183871518,0.6055037501538055,0.857426776038838,0.9875390245474492,0.6218815860491587,0.6055037501538055,0.6055037501538055
1194,ConcederTBNegotiator,0.5608465608465608,0.002193248997500751,0.5598812708851484,0.6063251557116666,0.5835858582791137,S1_B,ConcederTBNegotiator,0.0059799180598929524,ConcederTBNegotiator@0,False,False,False,,KHNdtvnFaDc,0.9464040587102458,0.9657533700827802,0.9657533700827802,0.9393389494117901,0.9829625189076004,0.9657533700827802,0.9657533700827802,0.9657533700827802
1195,ConcederTBNegotiator,0.6063251557116666,0.0007754352238636291,0.6060196494703558,0.5608465608465608,0.5835858582791137,S1_B,ConcederTBNegotiator,0.005690081918146461,ConcederTBNegotiator@1,False,False,False,,KHNdtvnFaDc,0.9464040587102458,0.9657533700827802,0.9657533700827802,0.9393389494117901,0.9829625189076004,0.9657533700827802,0.9657533700827802,0.9657533700827802
1196,ConcederTBNegotiator,0.5331541218637992,0.0010624744725208587,0.532657582475253,0.44971813056919435,0.4914361262164968,S3_E,ConcederTBNegotiator,0.008236500027123839,ConcederTBNegotiator@0,False,False,False,,GBOKrlofCFM,0.8750503643735918,0.8735938136947262,0.8829793189802546,0.8001668516276624,0.8829793189802546,0.8829793189802546,0.8829793189802546,0.8829793189802546
1197,ConcederTBNegotiator,0.44971813056919435,0.0007574209704742231,0.4493010196130306,0.5331541218637992,0.4914361262164968,S3_E,ConcederTBNegotiator,0.008165209903381765,ConcederTBNegotiator@1,False,False,False,,GBOKrlofCFM,0.8750503643735918,0.8735938136947262,0.8829793189802546,0.8001668516276624,0.8829793189802546,0.8829793189802546,0.8829793189802546,0.8829793189802546
1198,GeniusBOABaselineNegotiator,0.9144540713339779,0.0010624744725208587,0.9143630842971383,0.1387525004546281,0.526603285894303,S3_E,ConcederTBNegotiator,0.007080584007780999,GeniusBOABaselineNegotiator@0,False,False,False,,QsdpRGSN3iA,0.6218815860491587,0.588727183871518,0.6055037501538055,0.857426776038838,0.9875390245474492,0.6218815860491587,0.6055037501538055,0.6055037501538055
1199,ConcederTBNegotiator,0.1387525004546281,0.0007574209704742231,0.1380996790771027,0.9144540713339779,0.526603285894303,S3_E,GeniusBOABaselineNegotiator,0.022586699051316828,ConcederTBNegotiator@1,False,False,False,,QsdpRGSN3iA,0.6218815860491587,0.588727183871518,0.6055037501538055,0.857426776038838,0.9875390245474492,0.6218815860491587,0.6055037501538055,0.6055037501538055
