index,running,waiting,started,step,time,relative_time,broken,timedout,agreement,results,n_negotiators,has_error,error_details,erred_negotiator,erred_agent,threads,last_thread,left_negotiators,current_offer,current_proposer,current_proposer_agent,n_acceptances,new_offers,new_offerer_agents,last_negotiator,current_data,new_data,utilities,max_utils,min_utils,reserved_values,partners,params,run_id,execution_time,negotiator_names,negotiator_ids,negotiator_types,negotiator_times,n_steps,time_limit,shared_n_steps,shared_time_limit,pend,pend_per_second,step_time_limit,negotiator_time_limit,annotation,scenario,mechanism_name,mechanism_type,effective_scenario_name,last_step,last_time,scored_indices,rep,n_repetitions,pareto_optimality,nash_optimality,kalai_optimality,modified_kalai_optimality,max_welfare_optimality,ks_optimality,modified_ks_optimality,__python_class__,fairness
0,False,False,True,3,0.01359175,0.0784313725490196,False,False,"(8, 9, 8, 'premium')",,2,False,,,,{},,[],"[8, 9, 8, 'premium']",ConcederTBNegotiator@1,,2,[],"[None, None]",ConcederTBNegotiator@1,,[],"(0.5838206627680312, 0.5968161143599741)","[1.0, 1.0]","[0.046783625730994156, 0.09356725146198831]","(0.0007442816259952948, 0.0008771261662935939)","['ConcederTBNegotiator', 'ConcederTBNegotiator']",,ZquVA9lkhvA,0.013802458008285612,"['ConcederTBNegotiator@0', 'ConcederTBNegotiator@1']","['ConcederTBNegotiator@0', 'ConcederTBNegotiator@1']","['negmas.gb.negotiators.timebased.ConcederTBNegotiator', 'negmas.gb.negotiators.timebased.ConcederTBNegotiator']","[0.006693623843602836, 0.006822751078289002]",50,inf,50,inf,0.0,0.0,inf,inf,"{'rep': 1, 'n_repetitions': 2}",S0_F-1,ZquVA9lkhvA,negmas.sao.mechanism.SAOMechanism,ZquVA9lkhvA,3,0.01359175,,1,2,0.8338690225980921,0.8213816800521802,0.8213816800521802,0.8218283087855961,0.7806795632742511,0.8218283087855961,0.8218283087855961,negmas.preferences.ops.OutcomeOptimality,0.8218283087855961
1,False,False,True,38,0.018525292,0.7647058823529411,False,False,"(9, 10, 7, 'standard')",,2,False,,,,{},,[],"[9, 10, 7, 'standard']",SmartAspirationNegotiator@1,,2,[],"[None, None]",SmartAspirationNegotiator@1,,[],"(0.7725532264198727, 0.7397660818713451)","[1.0, 1.0]","[0.09356725146198831, 0.046783625730994156]","(0.0009639366705748589, 0.0007811278057266481)","['GeniusBOABaselineNegotiator', 'SmartAspirationNegotiator']",,kquhVnPYa8k,0.02416741702472791,"['GeniusBOABaselineNegotiator@0', 'SmartAspirationNegotiator@1']","['GeniusBOABaselineNegotiator@0', 'SmartAspirationNegotiator@1']","['src.negotiators.GeniusBOABaselineNegotiator', 'src.negotiators.SmartAspirationNegotiator']","[0.007251419883687049, 0.013948046253062785]",50,inf,50,inf,0.0,0.0,inf,inf,"{'rep': 1, 'n_repetitions': 2}",S5_F,kquhVnPYa8k,negmas.sao.mechanism.SAOMechanism,kquhVnPYa8k,38,0.018525292,,1,2,1.0,1.0,1.0,0.9807999989329749,1.0,0.9807999989329749,0.9807999989329749,negmas.preferences.ops.OutcomeOptimality,1.0
2,False,False,True,37,0.019232667,0.7450980392156863,False,False,"(9, 10, 7, 'standard')",,2,False,,,,{},,[],"[9, 10, 7, 'standard']",SmartAspirationNegotiator@0,,2,"[['SmartAspirationNegotiator@0', [9, 10, 7, 'standard']]]",[None],SmartAspirationNegotiator@0,,"[['SmartAspirationNegotiator@0', None]]","(0.7397660818713451, 0.7725532264198727)","[1.0, 1.0]","[0.046783625730994156, 0.09356725146198831]","(0.0007811278057266481, 0.0009639366705748589)","['SmartAspirationNegotiator', 'SmartAspirationNegotiator']",,XBfWghaNw_s,0.030744749994482845,"['SmartAspirationNegotiator@0', 'SmartAspirationNegotiator@1']","['SmartAspirationNegotiator@0', 'SmartAspirationNegotiator@1']","['src.negotiators.SmartAspirationNegotiator', 'src.negotiators.SmartAspirationNegotiator']","[0.013720214075874537, 0.014125077635981143]",50,inf,50,inf,0.0,0.0,inf,inf,"{'rep': 1, 'n_repetitions': 2}",S5_F-1,XBfWghaNw_s,negmas.sao.mechanism.SAOMechanism,XBfWghaNw_s,37,0.019232667,,1,2,1.0,1.0,1.0,0.9807999989329749,1.0,0.9807999989329749,0.9807999989329749,negmas.preferences.ops.OutcomeOptimality,1.0
3,False,False,True,43,0.033065875,0.8627450980392157,False,False,"(2, 3, 8, 'premium')",,2,False,,,,{},,[],"[2, 3, 8, 'premium']",BoulwareTBNegotiator@0,,2,"[['BoulwareTBNegotiator@0', [2, 3, 8, 'premium']]]",[None],BoulwareTBNegotiator@0,,"[['BoulwareTBNegotiator@0', None]]","(0.4970760233918128, 0.502923976608187)","[1.0, 1.0]","[0.0, 0.0]","(0.0034960628013070215, 0.004370114375307104)","['BoulwareTBNegotiator', 'SmartAspirationNegotiator']",,YUBcDfYLYIA,0.037856209033634514,"['BoulwareTBNegotiator@0', 'SmartAspirationNegotiator@1']","['BoulwareTBNegotiator@0', 'SmartAspirationNegotiator@1']","['negmas.gb.negotiators.timebased.BoulwareTBNegotiator', 'src.negotiators.SmartAspirationNegotiator']","[0.01971055183093995, 0.014766157255508006]",50,inf,50,inf,0.0,0.0,inf,inf,"{'rep': 1, 'n_repetitions': 2}",S4_A-1,YUBcDfYLYIA,negmas.sao.mechanism.SAOMechanism,YUBcDfYLYIA,43,0.033065875,,1,2,0.9999999999999998,0.9999999999999998,0.9999999999999998,0.9999999999999998,0.9999999999999998,0.9999999999999998,0.9999999999999998,negmas.preferences.ops.OutcomeOptimality,0.9999999999999998
4,False,False,True,31,0.02919475,0.6274509803921569,False,False,"(9, 9, 9, 'basic')",,2,False,,,,{},,[],"[9, 9, 9, 'basic']",SmartAspirationNegotiator@0,,2,"[['SmartAspirationNegotiator@0', [9, 9, 9, 'basic']]]",[None],SmartAspirationNegotiator@0,,"[['SmartAspirationNegotiator@0', None]]","(0.8700454840805718, 0.48862897985705)","[1.0, 1.0]","[0.046783625730994156, 0.09356725146198831]","(0.0007442816259952948, 0.0008771261662935939)","['SmartAspirationNegotiator', 'LinearTBNegotiator']",,b49EuD3iRAo,0.0349738749791868,"['SmartAspirationNegotiator@0', 'LinearTBNegotiator@1']","['SmartAspirationNegotiator@0', 'LinearTBNegotiator@1']","['src.negotiators.SmartAspirationNegotiator', 'negmas.gb.negotiators.timebased.LinearTBNegotiator']","[0.014397836872376502, 0.018065959098748863]",50,inf,50,inf,0.0,0.0,inf,inf,"{'rep': 0, 'n_repetitions': 2}",S0_F-1,b49EuD3iRAo,negmas.sao.mechanism.SAOMechanism,b49EuD3iRAo,31,0.02919475,,0,2,1.0,0.7625130806021299,0.7625130806021299,0.7805360810361862,0.8984044946650847,0.7805360810361862,0.7805360810361862,negmas.preferences.ops.OutcomeOptimality,0.7805360810361862
5,False,False,True,39,0.033013833,0.7843137254901961,False,False,"(6, 4, 9, 'standard')",,2,False,,,,{},,[],"[6, 4, 9, 'standard']",LinearTBNegotiator@0,,2,"[['LinearTBNegotiator@0', [6, 4, 9, 'standard']]]",[None],LinearTBNegotiator@0,,"[['LinearTBNegotiator@0', None]]","(0.23703471649526825, 0.6710310965630115)","[0.9999999999999999, 0.9999999999999999]","[0.0, 0.016366612111292964]","(0.0012950634439420957, 0.0006426653306037134)","['LinearTBNegotiator', 'GeniusBOABaselineNegotiator']",,yztzX_dJhzA,0.03325220901751891,"['LinearTBNegotiator@0', 'GeniusBOABaselineNegotiator@1']","['LinearTBNegotiator@0', 'GeniusBOABaselineNegotiator@1']","['negmas.gb.negotiators.timebased.LinearTBNegotiator', 'src.negotiators.GeniusBOABaselineNegotiator']","[0.022784791828598827, 0.007350248459260911]",50,inf,50,inf,0.0,0.0,inf,inf,"{'rep': 0, 'n_repetitions': 2}",S2_E,yztzX_dJhzA,negmas.sao.mechanism.SAOMechanism,yztzX_dJhzA,39,0.033013833,,0,2,0.9694735723246475,0.70911502398021,0.7441159507431945,0.7325810824533303,0.7392661263016912,0.7325810824533303,0.7325810824533303,negmas.preferences.ops.OutcomeOptimality,0.7441159507431945
6,False,False,True,36,0.031389209,0.7254901960784313,False,False,"(8, 10, 8, 'basic')",,2,False,,,,{},,[],"[8, 10, 8, 'basic']",LinearTBNegotiator@0,,2,"[['LinearTBNegotiator@0', [8, 10, 8, 'basic']]]",[None],LinearTBNegotiator@0,,"[['LinearTBNegotiator@0', None]]","(0.2962962962962963, 0.8126743620608728)","[1.0, 1.0]","[0.0, 0.023809523809523808]","(0.002193248997500751, 0.0007754352238636291)","['LinearTBNegotiator', 'SmartAspirationNegotiator']",,T1vlBVV3qt0,0.03645208297530189,"['LinearTBNegotiator@0', 'SmartAspirationNegotiator@1']","['LinearTBNegotiator@0', 'SmartAspirationNegotiator@1']","['negmas.gb.negotiators.timebased.LinearTBNegotiator', 'src.negotiators.SmartAspirationNegotiator']","[0.020907293306663632, 0.012672332755755633]",50,inf,50,inf,0.0,0.0,inf,inf,"{'rep': 0, 'n_repetitions': 2}",S1_B,T1vlBVV3qt0,negmas.sao.mechanism.SAOMechanism,T1vlBVV3qt0,36,0.031389209,,0,2,1.0,0.7120358572922251,0.7341014220333839,0.7341014220333839,0.8924987800608313,0.7341014220333839,0.7341014220333839,negmas.preferences.ops.OutcomeOptimality,0.7341014220333839
7,False,False,True,38,0.031775041,0.7647058823529411,False,False,"(7, 8, 8, 'basic')",,2,False,,,,{},,[],"[7, 8, 8, 'basic']",LinearTBNegotiator@1,,2,[],"[None, None]",LinearTBNegotiator@1,,[],"(0.7076023391812865, 0.2923976608187134)","[1.0, 1.0]","[0.0, 0.0]","(0.0034960628013070215, 0.004370114375307104)","['SmartAspirationNegotiator', 'LinearTBNegotiator']",,OIy16f4w5Zk,0.03658787498716265,"['SmartAspirationNegotiator@0', 'LinearTBNegotiator@1']","['SmartAspirationNegotiator@0', 'LinearTBNegotiator@1']","['src.negotiators.SmartAspirationNegotiator', 'negmas.gb.negotiators.timebased.LinearTBNegotiator']","[0.012125952169299126, 0.02145078417379409]",50,inf,50,inf,0.0,0.0,inf,inf,"{'rep': 1, 'n_repetitions': 2}",S4_A-1,OIy16f4w5Zk,negmas.sao.mechanism.SAOMechanism,OIy16f4w5Zk,38,0.031775041,,1,2,0.9999999999999999,0.7894736842105263,0.7894736842105263,0.7953216374269007,0.9999999999999998,0.7894736842105263,0.7953216374269007,negmas.preferences.ops.OutcomeOptimality,0.7894736842105263
8,False,False,True,33,0.029403,0.6666666666666666,False,False,"(0, 9, 4, 'premium')",,2,False,,,,{},,[],"[0, 9, 4, 'premium']",SmartAspirationNegotiator@1,,2,[],"[None, None]",SmartAspirationNegotiator@1,,[],"(0.373015873015873, 0.8465608465608465)","[1.0, 1.0]","[0.023809523809523808, 0.0]","(0.0007754352238636291, 0.002193248997500751)","['LinearTBNegotiator', 'SmartAspirationNegotiator']",,uoE3jROM24E,0.034327291999943554,"['LinearTBNegotiator@0', 'SmartAspirationNegotiator@1']","['LinearTBNegotiator@0', 'SmartAspirationNegotiator@1']","['negmas.gb.negotiators.timebased.LinearTBNegotiator', 'src.negotiators.SmartAspirationNegotiator']","[0.020197792269755155, 0.011542583291884512]",50,inf,50,inf,0.0,0.0,inf,inf,"{'rep': 1, 'n_repetitions': 2}",S1_B-1,uoE3jROM24E,negmas.sao.mechanism.SAOMechanism,uoE3jROM24E,33,0.029403,,1,2,1.0,0.7804057992535158,0.7590536317045327,0.7590536317045327,0.9815144577632695,0.7590536317045327,0.7590536317045327,negmas.preferences.ops.OutcomeOptimality,0.7804057992535158
9,False,False,True,38,0.029726208,0.7647058823529411,False,False,"(9, 10, 7, 'standard')",,2,False,,,,{},,[],"[9, 10, 7, 'standard']",SmartAspirationNegotiator@1,,2,[],"[None, None]",SmartAspirationNegotiator@1,,[],"(0.7725532264198727, 0.7397660818713451)","[1.0, 1.0]","[0.09356725146198831, 0.046783625730994156]","(0.0009639366705748589, 0.0007811278057266481)","['BoulwareTBNegotiator', 'SmartAspirationNegotiator']",,61nSkhkGALA,0.035356625041458756,"['BoulwareTBNegotiator@0', 'SmartAspirationNegotiator@1']","['BoulwareTBNegotiator@0', 'SmartAspirationNegotiator@1']","['negmas.gb.negotiators.timebased.BoulwareTBNegotiator', 'src.negotiators.SmartAspirationNegotiator']","[0.018715874291956425, 0.01369778928346932]",50,inf,50,inf,0.0,0.0,inf,inf,"{'rep': 0, 'n_repetitions': 2}",S5_F,61nSkhkGALA,negmas.sao.mechanism.SAOMechanism,61nSkhkGALA,38,0.029726208,,0,2,1.0,1.0,1.0,0.9807999989329749,1.0,0.9807999989329749,0.9807999989329749,negmas.preferences.ops.OutcomeOptimality,1.0
10,False,False,True,42,0.01748825,0.8431372549019608,False,False,"(7, 10, 8, 'standard')",,2,False,,,,{},,[],"[7, 10, 8, 'standard']",GeniusBOABaselineNegotiator@0,,2,"[['GeniusBOABaselineNegotiator@0', [7, 10, 8, 'standard']]]",[None],GeniusBOABaselineNegotiator@0,,"[['GeniusBOABaselineNegotiator@0', None]]","(0.559779077322937, 0.7894736842105263)","[1.0, 1.0]","[0.046783625730994156, 0.09356725146198831]","(0.0007811278057266481, 0.0009639366705748589)","['GeniusBOABaselineNegotiator', 'GeniusBOABaselineNegotiator']",,uDs7yomae3s,0.0176912079914473,"['GeniusBOABaselineNegotiator@0', 'GeniusBOABaselineNegotiator@1']","['GeniusBOABaselineNegotiator@0', 'GeniusBOABaselineNegotiator@1']","['src.negotiators.GeniusBOABaselineNegotiator', 'src.negotiators.GeniusBOABaselineNegotiator']","[0.007120164926163852, 0.007351995795033872]",50,inf,50,inf,0.0,0.0,inf,inf,"{'rep': 1, 'n_repetitions': 2}",S5_F-1,uDs7yomae3s,negmas.sao.mechanism.SAOMechanism,uDs7yomae3s,42,0.01748825,,1,2,0.9573599675039428,0.8625646620321361,0.8625646620321361,0.8474798110912376,0.8921745256681245,0.8474798110912376,0.8474798110912376,negmas.preferences.ops.OutcomeOptimality,0.8625646620321361
11,False,False,True,35,0.040094292,0.7058823529411765,False,False,"(7, 10, 1, 'premium')",,2,False,,,,{},,[],"[7, 10, 1, 'premium']",BoulwareTBNegotiator@0,,2,"[['BoulwareTBNegotiator@0', [7, 10, 1, 'premium']]]",[None],BoulwareTBNegotiator@0,,"[['BoulwareTBNegotiator@0', None]]","(0.7994924177520258, 0.3667966211825861)","[1.0, 1.0]","[0.09356725146198831, 0.046783625730994156]","(0.0009639366705748589, 0.0007811278057266481)","['BoulwareTBNegotiator', 'LinearTBNegotiator']",,8dY7nYLZ_Gs,0.04031554103130475,"['BoulwareTBNegotiator@0', 'LinearTBNegotiator@1']","['BoulwareTBNegotiator@0', 'LinearTBNegotiator@1']","['negmas.gb.negotiators.timebased.BoulwareTBNegotiator', 'negmas.gb.negotiators.timebased.LinearTBNegotiator']","[0.017828290234319866, 0.019715995877049863]",50,inf,50,inf,0.0,0.0,inf,inf,"{'rep': 1, 'n_repetitions': 2}",S5_F,8dY7nYLZ_Gs,negmas.sao.mechanism.SAOMechanism,8dY7nYLZ_Gs,35,0.040094292,,1,2,0.9391382745772429,0.7157177189149243,0.7157177189149243,0.701145103828247,0.7711923219788893,0.701145103828247,0.701145103828247,negmas.preferences.ops.OutcomeOptimality,0.7157177189149243
12,False,False,True,31,0.036386334,0.6274509803921569,False,False,"(9, 9, 9, 'basic')",,2,False,,,,{},,[],"[9, 9, 9, 'basic']",BoulwareTBNegotiator@0,,2,"[['BoulwareTBNegotiator@0', [9, 9, 9, 'basic']]]",[None],BoulwareTBNegotiator@0,,"[['BoulwareTBNegotiator@0', None]]","(0.8700454840805718, 0.48862897985705)","[1.0, 1.0]","[0.046783625730994156, 0.09356725146198831]","(0.0007811278057266481, 0.0009639366705748589)","['BoulwareTBNegotiator', 'LinearTBNegotiator']",,FTARFwC_WOg,0.03660433297045529,"['BoulwareTBNegotiator@0', 'LinearTBNegotiator@1']","['BoulwareTBNegotiator@0', 'LinearTBNegotiator@1']","['negmas.gb.negotiators.timebased.BoulwareTBNegotiator', 'negmas.gb.negotiators.timebased.LinearTBNegotiator']","[0.016196758078876883, 0.01792345999274403]",50,inf,50,inf,0.0,0.0,inf,inf,"{'rep': 0, 'n_repetitions': 2}",S5_F-1,FTARFwC_WOg,negmas.sao.mechanism.SAOMechanism,FTARFwC_WOg,31,0.036386334,,0,2,1.0,0.7625130806021299,0.7625130806021299,0.7805360810361862,0.8984044946650847,0.7805360810361862,0.7805360810361862,negmas.preferences.ops.OutcomeOptimality,0.7805360810361862
13,False,False,True,36,0.029477167,0.7254901960784313,False,False,"(7, 10, 4, 'premium')",,2,False,,,,{},,[],"[7, 10, 4, 'premium']",GeniusBOABaselineNegotiator@0,,2,"[['GeniusBOABaselineNegotiator@0', [7, 10, 4, 'premium']]]",[None],GeniusBOABaselineNegotiator@0,,"[['GeniusBOABaselineNegotiator@0', None]]","(0.7735117533991136, 0.4194282001299545)","[1.0, 1.0]","[0.09356725146198831, 0.046783625730994156]","(0.0009639366705748589, 0.0007811278057266481)","['GeniusBOABaselineNegotiator', 'LinearTBNegotiator']",,_F2egaXY-To,0.029749416979029775,"['GeniusBOABaselineNegotiator@0', 'LinearTBNegotiator@1']","['GeniusBOABaselineNegotiator@0', 'LinearTBNegotiator@1']","['src.negotiators.GeniusBOABaselineNegotiator', 'negmas.gb.negotiators.timebased.LinearTBNegotiator']","[0.007238119316753, 0.019615081837400794]",50,inf,50,inf,0.0,0.0,inf,inf,"{'rep': 0, 'n_repetitions': 2}",S5_F,_F2egaXY-To,negmas.sao.mechanism.SAOMechanism,_F2egaXY-To,36,0.029477167,,0,2,0.9278759254536693,0.7564675455445156,0.7564675455445156,0.7427200277162486,0.7888148666679268,0.7427200277162486,0.7427200277162486,negmas.preferences.ops.OutcomeOptimality,0.7564675455445156
14,False,False,True,43,0.030564541,0.8627450980392157,False,False,"(9, 10, 1, 'basic')",,2,False,,,,{},,[],"[9, 10, 1, 'basic']",BoulwareTBNegotiator@0,,2,"[['BoulwareTBNegotiator@0', [9, 10, 1, 'basic']]]",[None],BoulwareTBNegotiator@0,,"[['BoulwareTBNegotiator@0', None]]","(0.503182396799418, 0.5465949820788529)","[0.9999999999999999, 0.9999999999999999]","[0.016366612111292964, 0.0]","(0.0007574209704742231, 0.0010624744725208587)","['BoulwareTBNegotiator', 'GeniusBOABaselineNegotiator']",,0I4elsPGZ-w,0.030818125000223517,"['BoulwareTBNegotiator@0', 'GeniusBOABaselineNegotiator@1']","['BoulwareTBNegotiator@0', 'GeniusBOABaselineNegotiator@1']","['negmas.gb.negotiators.timebased.BoulwareTBNegotiator', 'src.negotiators.GeniusBOABaselineNegotiator']","[0.02030146081233397, 0.007131743477657437]",50,inf,50,inf,0.0,0.0,inf,inf,"{'rep': 0, 'n_repetitions': 2}",S3_E-1,0I4elsPGZ-w,negmas.sao.mechanism.SAOMechanism,0I4elsPGZ-w,43,0.030564541,,0,2,0.9210437943802361,0.9101795645181664,0.9126584534033798,0.9210437943802361,0.8546350332788867,0.9210437943802361,0.9210437943802361,negmas.preferences.ops.OutcomeOptimality,0.9210437943802361
15,False,False,True,32,0.027630083,0.6470588235294118,False,False,"(9, 10, 9, 'basic')",,2,False,,,,{},,[],"[9, 10, 9, 'basic']",GeniusBOABaselineNegotiator@1,,2,[],"[None, None]",GeniusBOABaselineNegotiator@1,,[],"(0.5935672514619883, 0.868421052631579)","[1.0, 1.0]","[0.09356725146198831, 0.046783625730994156]","(0.0008771261662935939, 0.0007442816259952948)","['LinearTBNegotiator', 'GeniusBOABaselineNegotiator']",,sD6buU6oUuY,0.02784504200099036,"['LinearTBNegotiator@0', 'GeniusBOABaselineNegotiator@1']","['LinearTBNegotiator@0', 'GeniusBOABaselineNegotiator@1']","['negmas.gb.negotiators.timebased.LinearTBNegotiator', 'src.negotiators.GeniusBOABaselineNegotiator']","[0.018273250898346305, 0.006994331837631762]",50,inf,50,inf,0.0,0.0,inf,inf,"{'rep': 0, 'n_repetitions': 2}",S0_F,sD6buU6oUuY,negmas.sao.mechanism.SAOMechanism,sD6buU6oUuY,32,0.027630083,,0,2,1.0,0.8324241332371594,0.8324241332371594,0.8513976513554027,0.9667193271145101,0.8513976513554027,0.8513976513554027,negmas.preferences.ops.OutcomeOptimality,0.8513976513554027
16,False,False,True,31,0.033611,0.6274509803921569,False,False,"(9, 3, 5, 'basic')",,2,False,,,,{},,[],"[9, 3, 5, 'basic']",SmartAspirationNegotiator@0,,2,"[['SmartAspirationNegotiator@0', [9, 3, 5, 'basic']]]",[None],SmartAspirationNegotiator@0,,"[['SmartAspirationNegotiator@0', None]]","(0.8778427550357375, 0.2059779077322937)","[1.0, 1.0]","[0.046783625730994156, 0.09356725146198831]","(0.0007442816259952948, 0.0008771261662935939)","['SmartAspirationNegotiator', 'ConcederTBNegotiator']",,kSxuA2xXjZk,0.03982341702794656,"['SmartAspirationNegotiator@0', 'ConcederTBNegotiator@1']","['SmartAspirationNegotiator@0', 'ConcederTBNegotiator@1']","['src.negotiators.SmartAspirationNegotiator', 'negmas.gb.negotiators.timebased.ConcederTBNegotiator']","[0.013917250675149262, 0.023326117603573948]",50,inf,50,inf,0.0,0.0,inf,inf,"{'rep': 0, 'n_repetitions': 2}",S0_F-1,kSxuA2xXjZk,negmas.sao.mechanism.SAOMechanism,kSxuA2xXjZk,31,0.033611,,0,2,0.977991611797476,0.5566644835268639,0.5566644835268639,0.5731311073045606,0.7166612611675568,0.5731311073045606,0.5731311073045606,negmas.preferences.ops.OutcomeOptimality,0.5731311073045606
17,False,False,True,37,0.032663,0.7450980392156863,False,False,"(4, 10, 4, 'basic')",,2,False,,,,{},,[],"[4, 10, 4, 'basic']",SmartAspirationNegotiator@1,,2,[],"[None, None]",SmartAspirationNegotiator@1,,[],"(0.3794671864847304, 0.7793597066154879)","[1.0, 1.0]","[0.046783625730994156, 0.09356725146198831]","(0.0007442816259952948, 0.0008771261662935939)","['LinearTBNegotiator', 'SmartAspirationNegotiator']",,PIqG1l33nLY,0.038693167036399245,"['LinearTBNegotiator@0', 'SmartAspirationNegotiator@1']","['LinearTBNegotiator@0', 'SmartAspirationNegotiator@1']","['negmas.gb.negotiators.timebased.LinearTBNegotiator', 'src.negotiators.SmartAspirationNegotiator']","[0.02099807793274522, 0.014610570622608066]",50,inf,50,inf,0.0,0.0,inf,inf,"{'rep': 0, 'n_repetitions': 2}",S0_F-1,PIqG1l33nLY,negmas.sao.mechanism.SAOMechanism,PIqG1l33nLY,37,0.032663,,0,2,0.9239956174677784,0.7260400905445881,0.7260400905445881,0.7121247880259337,0.7662580823685883,0.7121247880259337,0.7121247880259337,negmas.preferences.ops.OutcomeOptimality,0.7260400905445881
18,False,False,True,32,0.033528875,0.6470588235294118,False,False,"(9, 10, 9, 'basic')",,2,False,,,,{},,[],"[9, 10, 9, 'basic']",GeniusBOABaselineNegotiator@1,,2,[],"[None, None]",GeniusBOABaselineNegotiator@1,,[],"(0.5935672514619883, 0.868421052631579)","[1.0, 1.0]","[0.09356725146198831, 0.046783625730994156]","(0.0008771261662935939, 0.0007442816259952948)","['ConcederTBNegotiator', 'GeniusBOABaselineNegotiator']",,SBwod-OyZh8,0.033820124983321875,"['ConcederTBNegotiator@0', 'GeniusBOABaselineNegotiator@1']","['ConcederTBNegotiator@0', 'GeniusBOABaselineNegotiator@1']","['negmas.gb.negotiators.timebased.ConcederTBNegotiator', 'src.negotiators.GeniusBOABaselineNegotiator']","[0.024143914924934506, 0.007062828924972564]",50,inf,50,inf,0.0,0.0,inf,inf,"{'rep': 0, 'n_repetitions': 2}",S0_F,SBwod-OyZh8,negmas.sao.mechanism.SAOMechanism,SBwod-OyZh8,32,0.033528875,,0,2,1.0,0.8324241332371594,0.8324241332371594,0.8513976513554027,0.9667193271145101,0.8513976513554027,0.8513976513554027,negmas.preferences.ops.OutcomeOptimality,0.8513976513554027
19,False,False,True,37,0.029896208,0.7450980392156863,False,False,"(9, 10, 8, 'standard')",,2,False,,,,{},,[],"[9, 10, 8, 'standard']",SmartAspirationNegotiator@0,,2,"[['SmartAspirationNegotiator@0', [9, 10, 8, 'standard']]]",[None],SmartAspirationNegotiator@0,,"[['SmartAspirationNegotiator@0', None]]","(0.7543859649122808, 0.7573099415204678)","[1.0, 1.0]","[0.09356725146198831, 0.046783625730994156]","(0.0008771261662935939, 0.0007442816259952948)","['SmartAspirationNegotiator', 'BoulwareTBNegotiator']",,_F3qO16198E,0.035778332967311144,"['SmartAspirationNegotiator@0', 'BoulwareTBNegotiator@1']","['SmartAspirationNegotiator@0', 'BoulwareTBNegotiator@1']","['src.negotiators.SmartAspirationNegotiator', 'negmas.gb.negotiators.timebased.BoulwareTBNegotiator']","[0.01466158585390076, 0.01819457398960367]",50,inf,50,inf,0.0,0.0,inf,inf,"{'rep': 0, 'n_repetitions': 2}",S0_F,_F3qO16198E,negmas.sao.mechanism.SAOMechanism,_F3qO16198E,37,0.029896208,,0,2,1.0,0.9807999989329749,0.9807999989329749,1.0,0.9995877842364035,1.0,1.0,negmas.preferences.ops.OutcomeOptimality,1.0
20,False,False,True,36,0.04059925,0.7254901960784313,False,False,"(4, 10, 2, 'basic')",,2,False,,,,{},,[],"[4, 10, 2, 'basic']",GeniusBOABaselineNegotiator@1,,2,[],"[None, None]",GeniusBOABaselineNegotiator@1,,[],"(0.34437946718648477, 0.797328273877102)","[1.0, 1.0]","[0.046783625730994156, 0.09356725146198831]","(0.0007811278057266481, 0.0009639366705748589)","['LinearTBNegotiator', 'GeniusBOABaselineNegotiator']",,6n8hquQcrEI,0.04084808297920972,"['LinearTBNegotiator@0', 'GeniusBOABaselineNegotiator@1']","['LinearTBNegotiator@0', 'GeniusBOABaselineNegotiator@1']","['negmas.gb.negotiators.timebased.LinearTBNegotiator', 'src.negotiators.GeniusBOABaselineNegotiator']","[0.024367751029785722, 0.011751829122658819]",50,inf,50,inf,0.0,0.0,inf,inf,"{'rep': 1, 'n_repetitions': 2}",S5_F-1,6n8hquQcrEI,negmas.sao.mechanism.SAOMechanism,6n8hquQcrEI,36,0.04059925,,1,2,0.9337405687728075,0.6988246083002407,0.6988246083002407,0.6843837722421124,0.7549382824144538,0.6843837722421124,0.6843837722421124,negmas.preferences.ops.OutcomeOptimality,0.6988246083002407
21,False,False,True,41,0.023005208,0.8235294117647058,False,False,"(0, 5, 9, 'premium')",,2,False,,,,{},,[],"[0, 5, 9, 'premium']",SmartAspirationNegotiator@0,,2,"[['SmartAspirationNegotiator@0', [0, 5, 9, 'premium']]]",[None],SmartAspirationNegotiator@0,,"[['SmartAspirationNegotiator@0', None]]","(0.6031746031746031, 0.582010582010582)","[1.0, 1.0]","[0.023809523809523808, 0.0]","(0.0007754352238636291, 0.002193248997500751)","['SmartAspirationNegotiator', 'SmartAspirationNegotiator']",,Uh3GiSfM7bk,0.03268583404133096,"['SmartAspirationNegotiator@0', 'SmartAspirationNegotiator@1']","['SmartAspirationNegotiator@0', 'SmartAspirationNegotiator@1']","['src.negotiators.SmartAspirationNegotiator', 'src.negotiators.SmartAspirationNegotiator']","[0.016080122790299356, 0.013440496171824634]",50,inf,50,inf,0.0,0.0,inf,inf,"{'rep': 0, 'n_repetitions': 2}",S1_B-1,Uh3GiSfM7bk,negmas.sao.mechanism.SAOMechanism,Uh3GiSfM7bk,41,0.023005208,,0,2,0.9912092750886039,0.9617153631935871,0.9802359416950643,0.9802359416950643,0.9538361758740667,0.9802359416950643,0.9802359416950643,negmas.preferences.ops.OutcomeOptimality,0.9802359416950643
22,False,False,True,43,0.03091525,0.8627450980392157,False,False,"(9, 10, 1, 'basic')",,2,False,,,,{},,[],"[9, 10, 1, 'basic']",BoulwareTBNegotiator@0,,2,"[['BoulwareTBNegotiator@0', [9, 10, 1, 'basic']]]",[None],BoulwareTBNegotiator@0,,"[['BoulwareTBNegotiator@0', None]]","(0.503182396799418, 0.5465949820788529)","[0.9999999999999999, 0.9999999999999999]","[0.016366612111292964, 0.0]","(0.0006426653306037134, 0.0012950634439420957)","['BoulwareTBNegotiator', 'GeniusBOABaselineNegotiator']",,1HZ0cWkDqAc,0.03114441700745374,"['BoulwareTBNegotiator@0', 'GeniusBOABaselineNegotiator@1']","['BoulwareTBNegotiator@0', 'GeniusBOABaselineNegotiator@1']","['negmas.gb.negotiators.timebased.BoulwareTBNegotiator', 'src.negotiators.GeniusBOABaselineNegotiator']","[0.020634167944081128, 0.007114493171684444]",50,inf,50,inf,0.0,0.0,inf,inf,"{'rep': 1, 'n_repetitions': 2}",S2_E-1,1HZ0cWkDqAc,negmas.sao.mechanism.SAOMechanism,1HZ0cWkDqAc,43,0.03091525,,1,2,0.9210437943802361,0.9101795645181664,0.9126584534033798,0.9210437943802361,0.8546350332788867,0.9210437943802361,0.9210437943802361,negmas.preferences.ops.OutcomeOptimality,0.9210437943802361
23,False,False,True,5,0.015545917,0.11764705882352941,False,False,"(9, 10, 2, 'standard')",,2,False,,,,{},,[],"[9, 10, 2, 'standard']",ConcederTBNegotiator@0,,2,"[['ConcederTBNegotiator@0', [9, 10, 2, 'standard']]]",[None],ConcederTBNegotiator@0,,"[['ConcederTBNegotiator@0', None]]","(0.44971813056919435, 0.5331541218637992)","[0.9999999999999999, 0.9999999999999999]","[0.016366612111292964, 0.0]","(0.0007574209704742231, 0.0010624744725208587)","['ConcederTBNegotiator', 'ConcederTBNegotiator']",,_eUuptveVe0,0.015749291982501745,"['ConcederTBNegotiator@0', 'ConcederTBNegotiator@1']","['ConcederTBNegotiator@0', 'ConcederTBNegotiator@1']","['negmas.gb.negotiators.timebased.ConcederTBNegotiator', 'negmas.gb.negotiators.timebased.ConcederTBNegotiator']","[0.007893625239375979, 0.007443582988344133]",50,inf,50,inf,0.0,0.0,inf,inf,"{'rep': 0, 'n_repetitions': 2}",S3_E-1,_eUuptveVe0,negmas.sao.mechanism.SAOMechanism,_eUuptveVe0,5,0.015545917,,0,2,0.8829793189802546,0.8750503643735918,0.8735938136947262,0.8829793189802546,0.8001668516276624,0.8829793189802546,0.8829793189802546,negmas.preferences.ops.OutcomeOptimality,0.8829793189802546
24,False,False,True,31,0.04052225,0.6274509803921569,False,False,"(9, 1, 8, 'standard')",,2,False,,,,{},,[],"[9, 1, 8, 'standard']",BoulwareTBNegotiator@1,,2,[],"[None, None]",BoulwareTBNegotiator@1,,[],"(0.25438596491228077, 0.8888888888888888)","[1.0, 1.0]","[0.09356725146198831, 0.046783625730994156]","(0.0009639366705748589, 0.0007811278057266481)","['ConcederTBNegotiator', 'BoulwareTBNegotiator']",,DJvDfIZnBT8,0.04072641598759219,"['ConcederTBNegotiator@0', 'BoulwareTBNegotiator@1']","['ConcederTBNegotiator@0', 'BoulwareTBNegotiator@1']","['negmas.gb.negotiators.timebased.ConcederTBNegotiator', 'negmas.gb.negotiators.timebased.BoulwareTBNegotiator']","[0.022515377670060843, 0.015771244536153972]",50,inf,50,inf,0.0,0.0,inf,inf,"{'rep': 0, 'n_repetitions': 2}",S5_F,DJvDfIZnBT8,negmas.sao.mechanism.SAOMechanism,DJvDfIZnBT8,31,0.04052225,,0,2,1.0,0.590083685965619,0.590083685965619,0.6069419837946906,0.755974513803547,0.6069419837946906,0.6069419837946906,negmas.preferences.ops.OutcomeOptimality,0.6069419837946906
25,False,False,True,7,0.017628542,0.1568627450980392,False,False,"(9, 9, 9, 'basic')",,2,False,,,,{},,[],"[9, 9, 9, 'basic']",LinearTBNegotiator@0,,2,"[['LinearTBNegotiator@0', [9, 9, 9, 'basic']]]",[None],LinearTBNegotiator@0,,"[['LinearTBNegotiator@0', None]]","(0.8700454840805718, 0.48862897985705)","[1.0, 1.0]","[0.046783625730994156, 0.09356725146198831]","(0.0007811278057266481, 0.0009639366705748589)","['LinearTBNegotiator', 'ConcederTBNegotiator']",,IdzzElxbeU0,0.017851791984867305,"['LinearTBNegotiator@0', 'ConcederTBNegotiator@1']","['LinearTBNegotiator@0', 'ConcederTBNegotiator@1']","['negmas.gb.negotiators.timebased.LinearTBNegotiator', 'negmas.gb.negotiators.timebased.ConcederTBNegotiator']","[0.008514584216754884, 0.008733289025258273]",50,inf,50,inf,0.0,0.0,inf,inf,"{'rep': 0, 'n_repetitions': 2}",S5_F-1,IdzzElxbeU0,negmas.sao.mechanism.SAOMechanism,IdzzElxbeU0,7,0.017628542,,0,2,1.0,0.7625130806021299,0.7625130806021299,0.7805360810361862,0.8984044946650847,0.7805360810361862,0.7805360810361862,negmas.preferences.ops.OutcomeOptimality,0.7805360810361862
26,False,False,True,26,0.028854334,0.5294117647058824,False,False,"(1, 10, 5, 'standard')",,2,False,,,,{},,[],"[1, 10, 5, 'standard']",GeniusBOABaselineNegotiator@0,,2,"[['GeniusBOABaselineNegotiator@0', [1, 10, 5, 'standard']]]",[None],GeniusBOABaselineNegotiator@0,,"[['GeniusBOABaselineNegotiator@0', None]]","(0.9385964912280702, 0.2108512020792723)","[1.0, 1.0]","[0.09356725146198831, 0.046783625730994156]","(0.0008771261662935939, 0.0007442816259952948)","['GeniusBOABaselineNegotiator', 'ConcederTBNegotiator']",,I2hTa8JXnfA,0.029104125045705587,"['GeniusBOABaselineNegotiator@0', 'ConcederTBNegotiator@1']","['GeniusBOABaselineNegotiator@0', 'ConcederTBNegotiator@1']","['src.negotiators.GeniusBOABaselineNegotiator', 'negmas.gb.negotiators.timebased.ConcederTBNegotiator']","[0.0071122938534244895, 0.019789744110312313]",50,inf,50,inf,0.0,0.0,inf,inf,"{'rep': 0, 'n_repetitions': 2}",S0_F,I2hTa8JXnfA,negmas.sao.mechanism.SAOMechanism,I2hTa8JXnfA,26,0.028854334,,0,2,0.9902986456949824,0.5785530218644237,0.5785530218644237,0.5615949814358568,0.7600562176291416,0.5615949814358568,0.5615949814358568,negmas.preferences.ops.OutcomeOptimality,0.5785530218644237
27,False,False,True,16,0.026388833,0.3333333333333333,False,False,"(9, 1, 2, 'basic')",,2,False,,,,{},,[],"[9, 1, 2, 'basic']",LinearTBNegotiator@0,,2,"[['LinearTBNegotiator@0', [9, 1, 2, 'basic']]]",[None],LinearTBNegotiator@0,,"[['LinearTBNegotiator@0', None]]","(0.6919439898163302, 0.30734767025089604)","[0.9999999999999999, 0.9999999999999999]","[0.016366612111292964, 0.0]","(0.0006426653306037134, 0.0012950634439420957)","['LinearTBNegotiator', 'ConcederTBNegotiator']",,xBZx74lJk1M,0.026674582972191274,"['LinearTBNegotiator@0', 'ConcederTBNegotiator@1']","['LinearTBNegotiator@0', 'ConcederTBNegotiator@1']","['negmas.gb.negotiators.timebased.LinearTBNegotiator', 'negmas.gb.negotiators.timebased.ConcederTBNegotiator']","[0.011604001221712679, 0.013708124228287488]",50,inf,50,inf,0.0,0.0,inf,inf,"{'rep': 0, 'n_repetitions': 2}",S2_E-1,xBZx74lJk1M,negmas.sao.mechanism.SAOMechanism,xBZx74lJk1M,16,0.026388833,,0,2,1.0,0.7541134173788117,0.7902421138444015,0.7774568873879285,0.8135340676414962,0.7774568873879285,0.7774568873879285,negmas.preferences.ops.OutcomeOptimality,0.7902421138444015
28,False,False,True,12,0.02163625,0.2549019607843137,False,False,"(5, 8, 8, 'basic')",,2,False,,,,{},,[],"[5, 8, 8, 'basic']",ConcederTBNegotiator@1,,2,[],"[None, None]",ConcederTBNegotiator@1,,[],"(0.796801346187857, 0.32275132275132273)","[1.0, 1.0]","[0.023809523809523808, 0.0]","(0.0007754352238636291, 0.002193248997500751)","['LinearTBNegotiator', 'ConcederTBNegotiator']",,LaCebC4zxvE,0.021926000015810132,"['LinearTBNegotiator@0', 'ConcederTBNegotiator@1']","['LinearTBNegotiator@0', 'ConcederTBNegotiator@1']","['negmas.gb.negotiators.timebased.LinearTBNegotiator', 'negmas.gb.negotiators.timebased.ConcederTBNegotiator']","[0.009446751151699573, 0.011460459732916206]",50,inf,50,inf,0.0,0.0,inf,inf,"{'rep': 1, 'n_repetitions': 2}",S1_B-1,LaCebC4zxvE,negmas.sao.mechanism.SAOMechanism,LaCebC4zxvE,12,0.02163625,,1,2,1.0,0.7341014220333839,0.756164987707006,0.756164987707006,0.9010151744882784,0.756164987707006,0.756164987707006,negmas.preferences.ops.OutcomeOptimality,0.756164987707006
29,False,False,True,43,0.024004,0.8627450980392157,False,False,"(9, 1, 0, 'premium')",,2,False,,,,{},,[],"[9, 1, 0, 'premium']",SmartAspirationNegotiator@1,,2,[],"[None, None]",SmartAspirationNegotiator@1,,[],"(0.47368421052631576, 0.5263157894736842)","[1.0, 1.0]","[0.0, 0.0]","(0.004370114375307104, 0.0034960628013070215)","['SmartAspirationNegotiator', 'SmartAspirationNegotiator']",,HgEMpmCbY7E,0.03367795801023021,"['SmartAspirationNegotiator@0', 'SmartAspirationNegotiator@1']","['SmartAspirationNegotiator@0', 'SmartAspirationNegotiator@1']","['src.negotiators.SmartAspirationNegotiator', 'src.negotiators.SmartAspirationNegotiator']","[0.015467959630768746, 0.014776785741560161]",50,inf,50,inf,0.0,0.0,inf,inf,"{'rep': 0, 'n_repetitions': 2}",S4_A,HgEMpmCbY7E,negmas.sao.mechanism.SAOMechanism,HgEMpmCbY7E,43,0.024004,,0,2,0.9999999999999999,0.9707602339181286,0.9707602339181286,0.9766081871345029,1.0,0.9707602339181286,0.9766081871345029,negmas.preferences.ops.OutcomeOptimality,0.9707602339181286
30,False,False,True,43,0.031598542,0.8627450980392157,False,False,"(8, 8, 4, 'premium')",,2,False,,,,{},,[],"[8, 8, 4, 'premium']",BoulwareTBNegotiator@0,,2,"[['BoulwareTBNegotiator@0', [8, 8, 4, 'premium']]]",[None],BoulwareTBNegotiator@0,,"[['BoulwareTBNegotiator@0', None]]","(0.5185185185185185, 0.55843702955246)","[1.0, 1.0]","[0.046783625730994156, 0.09356725146198831]","(0.0007442816259952948, 0.0008771261662935939)","['BoulwareTBNegotiator', 'GeniusBOABaselineNegotiator']",,kJ2AkDyHVPU,0.03180116700241342,"['BoulwareTBNegotiator@0', 'GeniusBOABaselineNegotiator@1']","['BoulwareTBNegotiator@0', 'GeniusBOABaselineNegotiator@1']","['negmas.gb.negotiators.timebased.BoulwareTBNegotiator', 'src.negotiators.GeniusBOABaselineNegotiator']","[0.02095425484003499, 0.007478241575881839]",50,inf,50,inf,0.0,0.0,inf,inf,"{'rep': 0, 'n_repetitions': 2}",S0_F-1,kJ2AkDyHVPU,negmas.sao.mechanism.SAOMechanism,kJ2AkDyHVPU,43,0.031598542,,0,2,0.7817356951733825,0.7659319509600617,0.7659319509600617,0.7651664033242354,0.7121218000501757,0.7651664033242354,0.7651664033242354,negmas.preferences.ops.OutcomeOptimality,0.7659319509600617
31,False,False,True,37,0.040655625,0.7450980392156863,False,False,"(5, 3, 0, 'standard')",,2,False,,,,{},,[],"[5, 3, 0, 'standard']",BoulwareTBNegotiator@1,,2,[],"[None, None]",BoulwareTBNegotiator@1,,[],"(0.3166030187306783, 0.7539135594696658)","[0.9999999999999999, 0.9999999999999999]","[0.016366612111292964, 0.0]","(0.0007574209704742231, 0.0010624744725208587)","['LinearTBNegotiator', 'BoulwareTBNegotiator']",,Gt7suwkdlwE,0.04092695901636034,"['LinearTBNegotiator@0', 'BoulwareTBNegotiator@1']","['LinearTBNegotiator@0', 'BoulwareTBNegotiator@1']","['negmas.gb.negotiators.timebased.LinearTBNegotiator', 'negmas.gb.negotiators.timebased.BoulwareTBNegotiator']","[0.020134918158873916, 0.017790370620787144]",50,inf,50,inf,0.0,0.0,inf,inf,"{'rep': 0, 'n_repetitions': 2}",S3_E-1,Gt7suwkdlwE,negmas.sao.mechanism.SAOMechanism,Gt7suwkdlwE,37,0.040655625,,0,2,0.9676090921129151,0.7874967847247605,0.7566580799973476,0.7733644806400886,0.8715190380778248,0.7733644806400886,0.7733644806400886,negmas.preferences.ops.OutcomeOptimality,0.7874967847247605
32,False,False,True,24,0.030570417,0.49019607843137253,False,False,"(9, 1, 1, 'premium')",,2,False,,,,{},,[],"[9, 1, 1, 'premium']",LinearTBNegotiator@0,,2,"[['LinearTBNegotiator@0', [9, 1, 1, 'premium']]]",[None],LinearTBNegotiator@0,,"[['LinearTBNegotiator@0', None]]","(0.5304659498207884, 0.5653755228223313)","[0.9999999999999999, 0.9999999999999999]","[0.0, 0.016366612111292964]","(0.0010624744725208587, 0.0007574209704742231)","['LinearTBNegotiator', 'LinearTBNegotiator']",,s254umB4tck,0.03087112499633804,"['LinearTBNegotiator@0', 'LinearTBNegotiator@1']","['LinearTBNegotiator@0', 'LinearTBNegotiator@1']","['negmas.gb.negotiators.timebased.LinearTBNegotiator', 'negmas.gb.negotiators.timebased.LinearTBNegotiator']","[0.014838122762739658, 0.014071037410758436]",50,inf,50,inf,0.0,0.0,inf,inf,"{'rep': 1, 'n_repetitions': 2}",S3_E,s254umB4tck,negmas.sao.mechanism.SAOMechanism,s254umB4tck,24,0.030570417,,1,2,0.942796874646565,0.9218443521335803,0.942796874646565,0.9422771620333915,0.8921363065009765,0.9422771620333915,0.9422771620333915,negmas.preferences.ops.OutcomeOptimality,0.942796874646565
33,False,False,True,12,0.022075542,0.2549019607843137,False,False,"(9, 8, 0, 'premium')",,2,False,,,,{},,[],"[9, 8, 0, 'premium']",LinearTBNegotiator@0,,2,"[['LinearTBNegotiator@0', [9, 8, 0, 'premium']]]",[None],LinearTBNegotiator@0,,"[['LinearTBNegotiator@0', None]]","(0.7651169989224802, 0.4238952536824877)","[0.9999999999999999, 0.9999999999999999]","[0.0, 0.016366612111292964]","(0.0010624744725208587, 0.0007574209704742231)","['LinearTBNegotiator', 'ConcederTBNegotiator']",,8Ia3oyamaXw,0.022307207982521504,"['LinearTBNegotiator@0', 'ConcederTBNegotiator@1']","['LinearTBNegotiator@0', 'ConcederTBNegotiator@1']","['negmas.gb.negotiators.timebased.LinearTBNegotiator', 'negmas.gb.negotiators.timebased.ConcederTBNegotiator']","[0.00995887815952301, 0.011341788107529283]",50,inf,50,inf,0.0,0.0,inf,inf,"{'rep': 0, 'n_repetitions': 2}",S3_E,8Ia3oyamaXw,negmas.sao.mechanism.SAOMechanism,8Ia3oyamaXw,12,0.022075542,,0,2,1.0,0.8500196090556311,0.8150382970349164,0.8316149347784617,0.9679876386361752,0.8316149347784617,0.8316149347784617,negmas.preferences.ops.OutcomeOptimality,0.8500196090556311
34,False,False,True,29,0.040380125,0.5882352941176471,False,False,"(9, 5, 8, 'basic')",,2,False,,,,{},,[],"[9, 5, 8, 'basic']",ConcederTBNegotiator@0,,2,"[['ConcederTBNegotiator@0', [9, 5, 8, 'basic']]]",[None],ConcederTBNegotiator@0,,"[['ConcederTBNegotiator@0', None]]","(0.1375661375661376, 0.9079124572989682)","[1.0, 1.0]","[0.0, 0.023809523809523808]","(0.002193248997500751, 0.0007754352238636291)","['ConcederTBNegotiator', 'BoulwareTBNegotiator']",,YD_pR4kXO2M,0.04067212500376627,"['ConcederTBNegotiator@0', 'BoulwareTBNegotiator@1']","['ConcederTBNegotiator@0', 'BoulwareTBNegotiator@1']","['negmas.gb.negotiators.timebased.ConcederTBNegotiator', 'negmas.gb.negotiators.timebased.BoulwareTBNegotiator']","[0.02313108602538705, 0.01507532614050433]",50,inf,50,inf,0.0,0.0,inf,inf,"{'rep': 0, 'n_repetitions': 2}",S1_B,YD_pR4kXO2M,negmas.sao.mechanism.SAOMechanism,YD_pR4kXO2M,29,0.040380125,,0,2,1.0,0.5796181182470082,0.601689676597047,0.601689676597047,0.8414004134961494,0.601689676597047,0.601689676597047,negmas.preferences.ops.OutcomeOptimality,0.601689676597047
35,False,False,True,7,0.016967292,0.1568627450980392,False,False,"(9, 9, 9, 'basic')",,2,False,,,,{},,[],"[9, 9, 9, 'basic']",LinearTBNegotiator@0,,2,"[['LinearTBNegotiator@0', [9, 9, 9, 'basic']]]",[None],LinearTBNegotiator@0,,"[['LinearTBNegotiator@0', None]]","(0.8700454840805718, 0.48862897985705)","[1.0, 1.0]","[0.046783625730994156, 0.09356725146198831]","(0.0007442816259952948, 0.0008771261662935939)","['LinearTBNegotiator', 'ConcederTBNegotiator']",,ZqAHG_dtitI,0.017167082987725735,"['LinearTBNegotiator@0', 'ConcederTBNegotiator@1']","['LinearTBNegotiator@0', 'ConcederTBNegotiator@1']","['negmas.gb.negotiators.timebased.LinearTBNegotiator', 'negmas.gb.negotiators.timebased.ConcederTBNegotiator']","[0.00814300001366064, 0.008473166089970618]",50,inf,50,inf,0.0,0.0,inf,inf,"{'rep': 0, 'n_repetitions': 2}",S0_F-1,ZqAHG_dtitI,negmas.sao.mechanism.SAOMechanism,ZqAHG_dtitI,7,0.016967292,,0,2,1.0,0.7625130806021299,0.7625130806021299,0.7805360810361862,0.8984044946650847,0.7805360810361862,0.7805360810361862,negmas.preferences.ops.OutcomeOptimality,0.7805360810361862
36,False,False,True,41,0.03267425,0.8235294117647058,False,False,"(9, 4, 0, 'basic')",,2,False,,,,{},,[],"[9, 4, 0, 'basic']",SmartAspirationNegotiator@0,,2,"[['SmartAspirationNegotiator@0', [9, 4, 0, 'basic']]]",[None],SmartAspirationNegotiator@0,,"[['SmartAspirationNegotiator@0', None]]","(0.5918734261726876, 0.6170212765957446)","[0.9999999999999999, 0.9999999999999999]","[0.0, 0.016366612111292964]","(0.0012950634439420957, 0.0006426653306037134)","['SmartAspirationNegotiator', 'BoulwareTBNegotiator']",,Xc2QQlzuM5Q,0.038433458015788347,"['SmartAspirationNegotiator@0', 'BoulwareTBNegotiator@1']","['SmartAspirationNegotiator@0', 'BoulwareTBNegotiator@1']","['src.negotiators.SmartAspirationNegotiator', 'negmas.gb.negotiators.timebased.BoulwareTBNegotiator']","[0.015867614652961493, 0.019323232991155237]",50,inf,50,inf,0.0,0.0,inf,inf,"{'rep': 0, 'n_repetitions': 2}",S2_E,Xc2QQlzuM5Q,negmas.sao.mechanism.SAOMechanism,Xc2QQlzuM5Q,41,0.03267425,,0,2,1.0,0.962744468605478,1.0,0.9832225744061249,0.9841741547480721,0.9832225744061249,0.9832225744061249,negmas.preferences.ops.OutcomeOptimality,1.0
37,False,False,True,43,0.030905917,0.8627450980392157,False,False,"(9, 10, 1, 'basic')",,2,False,,,,{},,[],"[9, 10, 1, 'basic']",BoulwareTBNegotiator@0,,2,"[['BoulwareTBNegotiator@0', [9, 10, 1, 'basic']]]",[None],BoulwareTBNegotiator@0,,"[['BoulwareTBNegotiator@0', None]]","(0.503182396799418, 0.5465949820788529)","[0.9999999999999999, 0.9999999999999999]","[0.016366612111292964, 0.0]","(0.0006426653306037134, 0.0012950634439420957)","['BoulwareTBNegotiator', 'GeniusBOABaselineNegotiator']",,jYpQcScfnLo,0.031153000018093735,"['BoulwareTBNegotiator@0', 'GeniusBOABaselineNegotiator@1']","['BoulwareTBNegotiator@0', 'GeniusBOABaselineNegotiator@1']","['negmas.gb.negotiators.timebased.BoulwareTBNegotiator', 'src.negotiators.GeniusBOABaselineNegotiator']","[0.02059729426400736, 0.007242620224133134]",50,inf,50,inf,0.0,0.0,inf,inf,"{'rep': 0, 'n_repetitions': 2}",S2_E-1,jYpQcScfnLo,negmas.sao.mechanism.SAOMechanism,jYpQcScfnLo,43,0.030905917,,0,2,0.9210437943802361,0.9101795645181664,0.9126584534033798,0.9210437943802361,0.8546350332788867,0.9210437943802361,0.9210437943802361,negmas.preferences.ops.OutcomeOptimality,0.9210437943802361
38,False,False,True,42,0.021333041,0.8431372549019608,False,False,"(9, 2, 0, 'basic')",,2,False,,,,{},,[],"[9, 2, 0, 'basic']",SmartAspirationNegotiator@0,,2,"[['SmartAspirationNegotiator@0', [9, 2, 0, 'basic']]]",[None],SmartAspirationNegotiator@0,,"[['SmartAspirationNegotiator@0', None]]","(0.5564516129032258, 0.6563011456628477)","[0.9999999999999999, 0.9999999999999999]","[0.0, 0.016366612111292964]","(0.0012950634439420957, 0.0006426653306037134)","['SmartAspirationNegotiator', 'GeniusBOABaselineNegotiator']",,huv1MywhJh0,0.02680033299839124,"['SmartAspirationNegotiator@0', 'GeniusBOABaselineNegotiator@1']","['SmartAspirationNegotiator@0', 'GeniusBOABaselineNegotiator@1']","['src.negotiators.SmartAspirationNegotiator', 'src.negotiators.GeniusBOABaselineNegotiator']","[0.01618729333858937, 0.007369960541836917]",50,inf,50,inf,0.0,0.0,inf,inf,"{'rep': 1, 'n_repetitions': 2}",S2_E,huv1MywhJh0,negmas.sao.mechanism.SAOMechanism,huv1MywhJh0,42,0.021333041,,1,2,1.0,0.9259475513173088,0.9622920760502182,0.9456457474034602,0.9873150393883301,0.9456457474034602,0.9456457474034602,negmas.preferences.ops.OutcomeOptimality,0.9622920760502182
39,False,False,True,38,0.019005291,0.7647058823529411,False,False,"(9, 10, 8, 'standard')",,2,False,,,,{},,[],"[9, 10, 8, 'standard']",SmartAspirationNegotiator@1,,2,[],"[None, None]",SmartAspirationNegotiator@1,,[],"(0.7573099415204678, 0.7543859649122808)","[1.0, 1.0]","[0.046783625730994156, 0.09356725146198831]","(0.0007811278057266481, 0.0009639366705748589)","['GeniusBOABaselineNegotiator', 'SmartAspirationNegotiator']",,VZV8RHntwNU,0.02474987501045689,"['GeniusBOABaselineNegotiator@0', 'SmartAspirationNegotiator@1']","['GeniusBOABaselineNegotiator@0', 'SmartAspirationNegotiator@1']","['src.negotiators.GeniusBOABaselineNegotiator', 'src.negotiators.SmartAspirationNegotiator']","[0.007334889378398657, 0.01449541631154716]",50,inf,50,inf,0.0,0.0,inf,inf,"{'rep': 0, 'n_repetitions': 2}",S5_F-1,VZV8RHntwNU,negmas.sao.mechanism.SAOMechanism,VZV8RHntwNU,38,0.019005291,,0,2,1.0,0.9807999989329749,0.9807999989329749,1.0,0.9995877842364035,1.0,1.0,negmas.preferences.ops.OutcomeOptimality,1.0
40,False,False,True,28,0.054143042,0.5686274509803921,False,False,"(0, 3, 0, 'premium')",,2,False,,,,{},,[],"[0, 3, 0, 'premium']",GeniusBOABaselineNegotiator@1,,2,[],"[None, None]",GeniusBOABaselineNegotiator@1,,[],"(0.15384615384615385, 0.9232683981793433)","[0.9999999999999999, 0.9999999999999999]","[0.016366612111292964, 0.0]","(0.0007574209704742231, 0.0010624744725208587)","['ConcederTBNegotiator', 'GeniusBOABaselineNegotiator']",,xHtvq6ymw-E,0.05439729196950793,"['ConcederTBNegotiator@0', 'GeniusBOABaselineNegotiator@1']","['ConcederTBNegotiator@0', 'GeniusBOABaselineNegotiator@1']","['negmas.gb.negotiators.timebased.ConcederTBNegotiator', 'src.negotiators.GeniusBOABaselineNegotiator']","[0.020191795891150832, 0.032045621948782355]",50,inf,50,inf,0.0,0.0,inf,inf,"{'rep': 0, 'n_repetitions': 2}",S3_E-1,xHtvq6ymw-E,negmas.sao.mechanism.SAOMechanism,xHtvq6ymw-E,28,0.054143042,,0,2,1.0,0.6276054466489961,0.5939791687865419,0.6107442472375311,0.8768905193967101,0.6107442472375311,0.6107442472375311,negmas.preferences.ops.OutcomeOptimality,0.6276054466489961
41,False,False,True,31,0.032127167,0.6274509803921569,False,False,"(9, 3, 5, 'basic')",,2,False,,,,{},,[],"[9, 3, 5, 'basic']",SmartAspirationNegotiator@0,,2,"[['SmartAspirationNegotiator@0', [9, 3, 5, 'basic']]]",[None],SmartAspirationNegotiator@0,,"[['SmartAspirationNegotiator@0', None]]","(0.8778427550357375, 0.2059779077322937)","[1.0, 1.0]","[0.046783625730994156, 0.09356725146198831]","(0.0007442816259952948, 0.0008771261662935939)","['SmartAspirationNegotiator', 'ConcederTBNegotiator']",,L9OjxdfcWuA,0.0378476670011878,"['SmartAspirationNegotiator@0', 'ConcederTBNegotiator@1']","['SmartAspirationNegotiator@0', 'ConcederTBNegotiator@1']","['src.negotiators.SmartAspirationNegotiator', 'negmas.gb.negotiators.timebased.ConcederTBNegotiator']","[0.013134334760252386, 0.022280620236415416]",50,inf,50,inf,0.0,0.0,inf,inf,"{'rep': 1, 'n_repetitions': 2}",S0_F-1,L9OjxdfcWuA,negmas.sao.mechanism.SAOMechanism,L9OjxdfcWuA,31,0.032127167,,1,2,0.977991611797476,0.5566644835268639,0.5566644835268639,0.5731311073045606,0.7166612611675568,0.5731311073045606,0.5731311073045606,negmas.preferences.ops.OutcomeOptimality,0.5731311073045606
42,False,False,True,32,0.02797875,0.6470588235294118,False,False,"(9, 9, 9, 'basic')",,2,False,,,,{},,[],"[9, 9, 9, 'basic']",SmartAspirationNegotiator@1,,2,[],"[None, None]",SmartAspirationNegotiator@1,,[],"(0.48862897985705, 0.8700454840805718)","[1.0, 1.0]","[0.09356725146198831, 0.046783625730994156]","(0.0009639366705748589, 0.0007811278057266481)","['LinearTBNegotiator', 'SmartAspirationNegotiator']",,YUnWa9pa3bk,0.033576417015865445,"['LinearTBNegotiator@0', 'SmartAspirationNegotiator@1']","['LinearTBNegotiator@0', 'SmartAspirationNegotiator@1']","['negmas.gb.negotiators.timebased.LinearTBNegotiator', 'src.negotiators.SmartAspirationNegotiator']","[0.018014289787970483, 0.013068339321762323]",50,inf,50,inf,0.0,0.0,inf,inf,"{'rep': 0, 'n_repetitions': 2}",S5_F,YUnWa9pa3bk,negmas.sao.mechanism.SAOMechanism,YUnWa9pa3bk,32,0.02797875,,0,2,1.0,0.7625130806021299,0.7625130806021299,0.7805360810361862,0.8984044946650847,0.7805360810361862,0.7805360810361862,negmas.preferences.ops.OutcomeOptimality,0.7805360810361862
43,False,False,True,31,0.026675708,0.6274509803921569,False,False,"(9, 10, 9, 'basic')",,2,False,,,,{},,[],"[9, 10, 9, 'basic']",GeniusBOABaselineNegotiator@0,,2,"[['GeniusBOABaselineNegotiator@0', [9, 10, 9, 'basic']]]",[None],GeniusBOABaselineNegotiator@0,,"[['GeniusBOABaselineNegotiator@0', None]]","(0.868421052631579, 0.5935672514619883)","[1.0, 1.0]","[0.046783625730994156, 0.09356725146198831]","(0.0007442816259952948, 0.0008771261662935939)","['GeniusBOABaselineNegotiator', 'LinearTBNegotiator']",,5NzfQItp5Cc,0.026880082965362817,"['GeniusBOABaselineNegotiator@0', 'LinearTBNegotiator@1']","['GeniusBOABaselineNegotiator@0', 'LinearTBNegotiator@1']","['src.negotiators.GeniusBOABaselineNegotiator', 'negmas.gb.negotiators.timebased.LinearTBNegotiator']","[0.006794671586249024, 0.01765436789719388]",50,inf,50,inf,0.0,0.0,inf,inf,"{'rep': 1, 'n_repetitions': 2}",S0_F-1,5NzfQItp5Cc,negmas.sao.mechanism.SAOMechanism,5NzfQItp5Cc,31,0.026675708,,1,2,1.0,0.8324241332371594,0.8324241332371594,0.8513976513554027,0.9667193271145101,0.8513976513554027,0.8513976513554027,negmas.preferences.ops.OutcomeOptimality,0.8513976513554027
44,False,False,True,39,0.028544042,0.7843137254901961,False,False,"(9, 9, 5, 'standard')",,2,False,,,,{},,[],"[9, 9, 5, 'standard']",BoulwareTBNegotiator@1,,2,[],"[None, None]",BoulwareTBNegotiator@1,,[],"(0.6933073424301495, 0.7063027940220923)","[1.0, 1.0]","[0.09356725146198831, 0.046783625730994156]","(0.0009639366705748589, 0.0007811278057266481)","['GeniusBOABaselineNegotiator', 'BoulwareTBNegotiator']",,_od8fwCEq7E,0.028781833010725677,"['GeniusBOABaselineNegotiator@0', 'BoulwareTBNegotiator@1']","['GeniusBOABaselineNegotiator@0', 'BoulwareTBNegotiator@1']","['src.negotiators.GeniusBOABaselineNegotiator', 'negmas.gb.negotiators.timebased.BoulwareTBNegotiator']","[0.007322795514483005, 0.018418824358377606]",50,inf,50,inf,0.0,0.0,inf,inf,"{'rep': 1, 'n_repetitions': 2}",S5_F,_od8fwCEq7E,negmas.sao.mechanism.SAOMechanism,_od8fwCEq7E,39,0.028544042,,1,2,0.9462663627744217,0.9346036197574028,0.9346036197574028,0.9395037748202615,0.9254726358242911,0.9395037748202615,0.9395037748202615,negmas.preferences.ops.OutcomeOptimality,0.9395037748202615
45,False,False,True,30,0.031087041,0.6078431372549019,False,False,"(3, 10, 0, 'standard')",,2,False,,,,{},,[],"[3, 10, 0, 'standard']",ConcederTBNegotiator@1,,2,[],"[None, None]",ConcederTBNegotiator@1,,[],"(0.9473684210526316, 0.17251461988304095)","[1.0, 1.0]","[0.09356725146198831, 0.046783625730994156]","(0.0008771261662935939, 0.0007442816259952948)","['SmartAspirationNegotiator', 'ConcederTBNegotiator']",,qu6246Y7uDw,0.03685995901469141,"['SmartAspirationNegotiator@0', 'ConcederTBNegotiator@1']","['SmartAspirationNegotiator@0', 'ConcederTBNegotiator@1']","['src.negotiators.SmartAspirationNegotiator', 'negmas.gb.negotiators.timebased.ConcederTBNegotiator']","[0.013060288154520094, 0.0214449517079629]",50,inf,50,inf,0.0,0.0,inf,inf,"{'rep': 1, 'n_repetitions': 2}",S0_F,qu6246Y7uDw,negmas.sao.mechanism.SAOMechanism,qu6246Y7uDw,30,0.031087041,,1,2,0.9816984826275842,0.5487427081223939,0.5487427081223939,0.5318374353927556,0.7405070045697147,0.5318374353927556,0.5318374353927556,negmas.preferences.ops.OutcomeOptimality,0.5487427081223939
46,False,False,True,24,0.030784209,0.49019607843137253,False,False,"(9, 1, 1, 'premium')",,2,False,,,,{},,[],"[9, 1, 1, 'premium']",LinearTBNegotiator@0,,2,"[['LinearTBNegotiator@0', [9, 1, 1, 'premium']]]",[None],LinearTBNegotiator@0,,"[['LinearTBNegotiator@0', None]]","(0.5304659498207884, 0.5653755228223313)","[0.9999999999999999, 0.9999999999999999]","[0.0, 0.016366612111292964]","(0.0010624744725208587, 0.0007574209704742231)","['LinearTBNegotiator', 'LinearTBNegotiator']",,kdY0aV7GR-I,0.031120042025577277,"['LinearTBNegotiator@0', 'LinearTBNegotiator@1']","['LinearTBNegotiator@0', 'LinearTBNegotiator@1']","['negmas.gb.negotiators.timebased.LinearTBNegotiator', 'negmas.gb.negotiators.timebased.LinearTBNegotiator']","[0.014990040101110935, 0.014222534256987274]",50,inf,50,inf,0.0,0.0,inf,inf,"{'rep': 0, 'n_repetitions': 2}",S3_E,kdY0aV7GR-I,negmas.sao.mechanism.SAOMechanism,kdY0aV7GR-I,24,0.030784209,,0,2,0.942796874646565,0.9218443521335803,0.942796874646565,0.9422771620333915,0.8921363065009765,0.9422771620333915,0.9422771620333915,negmas.preferences.ops.OutcomeOptimality,0.942796874646565
47,False,False,True,28,0.037436625,0.5686274509803921,False,False,"(0, 3, 0, 'premium')",,2,False,,,,{},,[],"[0, 3, 0, 'premium']",BoulwareTBNegotiator@1,,2,[],"[None, None]",BoulwareTBNegotiator@1,,[],"(0.15384615384615385, 0.9232683981793433)","[0.9999999999999999, 0.9999999999999999]","[0.016366612111292964, 0.0]","(0.0007574209704742231, 0.0010624744725208587)","['ConcederTBNegotiator', 'BoulwareTBNegotiator']",,vfXiySCzsDA,0.03769270802149549,"['ConcederTBNegotiator@0', 'BoulwareTBNegotiator@1']","['ConcederTBNegotiator@0', 'BoulwareTBNegotiator@1']","['negmas.gb.negotiators.timebased.ConcederTBNegotiator', 'negmas.gb.negotiators.timebased.BoulwareTBNegotiator']","[0.020666668191552162, 0.014754909963812679]",50,inf,50,inf,0.0,0.0,inf,inf,"{'rep': 0, 'n_repetitions': 2}",S3_E-1,vfXiySCzsDA,negmas.sao.mechanism.SAOMechanism,vfXiySCzsDA,28,0.037436625,,0,2,1.0,0.6276054466489961,0.5939791687865419,0.6107442472375311,0.8768905193967101,0.6107442472375311,0.6107442472375311,negmas.preferences.ops.OutcomeOptimality,0.6276054466489961
48,False,False,True,32,0.032675458,0.6470588235294118,False,False,"(9, 10, 9, 'basic')",,2,False,,,,{},,[],"[9, 10, 9, 'basic']",GeniusBOABaselineNegotiator@1,,2,[],"[None, None]",GeniusBOABaselineNegotiator@1,,[],"(0.5935672514619883, 0.868421052631579)","[1.0, 1.0]","[0.09356725146198831, 0.046783625730994156]","(0.0008771261662935939, 0.0007442816259952948)","['ConcederTBNegotiator', 'GeniusBOABaselineNegotiator']",,YU2jsCJlRkw,0.032907042012084275,"['ConcederTBNegotiator@0', 'GeniusBOABaselineNegotiator@1']","['ConcederTBNegotiator@0', 'GeniusBOABaselineNegotiator@1']","['negmas.gb.negotiators.timebased.ConcederTBNegotiator', 'src.negotiators.GeniusBOABaselineNegotiator']","[0.023157332907430828, 0.007097709167283028]",50,inf,50,inf,0.0,0.0,inf,inf,"{'rep': 1, 'n_repetitions': 2}",S0_F,YU2jsCJlRkw,negmas.sao.mechanism.SAOMechanism,YU2jsCJlRkw,32,0.032675458,,1,2,1.0,0.8324241332371594,0.8324241332371594,0.8513976513554027,0.9667193271145101,0.8513976513554027,0.8513976513554027,negmas.preferences.ops.OutcomeOptimality,0.8513976513554027
49,False,False,True,41,0.03272825,0.8235294117647058,False,False,"(9, 4, 0, 'basic')",,2,False,,,,{},,[],"[9, 4, 0, 'basic']",SmartAspirationNegotiator@0,,2,"[['SmartAspirationNegotiator@0', [9, 4, 0, 'basic']]]",[None],SmartAspirationNegotiator@0,,"[['SmartAspirationNegotiator@0', None]]","(0.5918734261726876, 0.6170212765957446)","[0.9999999999999999, 0.9999999999999999]","[0.0, 0.016366612111292964]","(0.0012950634439420957, 0.0006426653306037134)","['SmartAspirationNegotiator', 'BoulwareTBNegotiator']",,tzYcBCpUVA8,0.03829649998806417,"['SmartAspirationNegotiator@0', 'BoulwareTBNegotiator@1']","['SmartAspirationNegotiator@0', 'BoulwareTBNegotiator@1']","['src.negotiators.SmartAspirationNegotiator', 'negmas.gb.negotiators.timebased.BoulwareTBNegotiator']","[0.01552853937027976, 0.019474998174700886]",50,inf,50,inf,0.0,0.0,inf,inf,"{'rep': 1, 'n_repetitions': 2}",S2_E,tzYcBCpUVA8,negmas.sao.mechanism.SAOMechanism,tzYcBCpUVA8,41,0.03272825,,1,2,1.0,0.962744468605478,1.0,0.9832225744061249,0.9841741547480721,0.9832225744061249,0.9832225744061249,negmas.preferences.ops.OutcomeOptimality,1.0
50,False,False,True,2,0.013127583,0.058823529411764705,False,False,"(8, 9, 8, 'premium')",,2,False,,,,{},,[],"[8, 9, 8, 'premium']",ConcederTBNegotiator@0,,2,"[['ConcederTBNegotiator@0', [8, 9, 8, 'premium']]]",[None],ConcederTBNegotiator@0,,"[['ConcederTBNegotiator@0', None]]","(0.5968161143599741, 0.5838206627680312)","[1.0, 1.0]","[0.09356725146198831, 0.046783625730994156]","(0.0009639366705748589, 0.0007811278057266481)","['ConcederTBNegotiator', 'ConcederTBNegotiator']",,wHkj67_qmQo,0.013350333028938621,"['ConcederTBNegotiator@0', 'ConcederTBNegotiator@1']","['ConcederTBNegotiator@0', 'ConcederTBNegotiator@1']","['negmas.gb.negotiators.timebased.ConcederTBNegotiator', 'negmas.gb.negotiators.timebased.ConcederTBNegotiator']","[0.006739000964444131, 0.006434875947888941]",50,inf,50,inf,0.0,0.0,inf,inf,"{'rep': 0, 'n_repetitions': 2}",S5_F,wHkj67_qmQo,negmas.sao.mechanism.SAOMechanism,wHkj67_qmQo,2,0.013127583,,0,2,0.8338690225980921,0.8213816800521802,0.8213816800521802,0.8218283087855961,0.7806795632742511,0.8218283087855961,0.8218283087855961,negmas.preferences.ops.OutcomeOptimality,0.8218283087855961
51,False,False,True,36,0.039833291,0.7254901960784313,False,False,"(5, 3, 0, 'standard')",,2,False,,,,{},,[],"[5, 3, 0, 'standard']",BoulwareTBNegotiator@0,,2,"[['BoulwareTBNegotiator@0', [5, 3, 0, 'standard']]]",[None],BoulwareTBNegotiator@0,,"[['BoulwareTBNegotiator@0', None]]","(0.7539135594696658, 0.3166030187306783)","[0.9999999999999999, 0.9999999999999999]","[0.0, 0.016366612111292964]","(0.0010624744725208587, 0.0007574209704742231)","['BoulwareTBNegotiator', 'LinearTBNegotiator']",,LPr_FCdkwNk,0.04012787505052984,"['BoulwareTBNegotiator@0', 'LinearTBNegotiator@1']","['BoulwareTBNegotiator@0', 'LinearTBNegotiator@1']","['negmas.gb.negotiators.timebased.BoulwareTBNegotiator', 'negmas.gb.negotiators.timebased.LinearTBNegotiator']","[0.017930580012034625, 0.01936945685883984]",50,inf,50,inf,0.0,0.0,inf,inf,"{'rep': 1, 'n_repetitions': 2}",S3_E,LPr_FCdkwNk,negmas.sao.mechanism.SAOMechanism,LPr_FCdkwNk,36,0.039833291,,1,2,0.9676090921129151,0.7874967847247605,0.7566580799973476,0.7733644806400886,0.8715190380778248,0.7733644806400886,0.7733644806400886,negmas.preferences.ops.OutcomeOptimality,0.7874967847247605
52,False,False,True,43,0.030221459,0.8627450980392157,False,False,"(8, 3, 1, 'basic')",,2,False,,,,{},,[],"[8, 3, 1, 'basic']",GeniusBOABaselineNegotiator@0,,2,"[['GeniusBOABaselineNegotiator@0', [8, 3, 1, 'basic']]]",[None],GeniusBOABaselineNegotiator@0,,"[['GeniusBOABaselineNegotiator@0', None]]","(0.49405692864529305, 0.5633751591198399)","[0.9999999999999999, 0.9999999999999999]","[0.0, 0.016366612111292964]","(0.0012950634439420957, 0.0006426653306037134)","['GeniusBOABaselineNegotiator', 'BoulwareTBNegotiator']",,5jx7bMOYrco,0.030489291006233543,"['GeniusBOABaselineNegotiator@0', 'BoulwareTBNegotiator@1']","['GeniusBOABaselineNegotiator@0', 'BoulwareTBNegotiator@1']","['src.negotiators.GeniusBOABaselineNegotiator', 'negmas.gb.negotiators.timebased.BoulwareTBNegotiator']","[0.0072679627337493, 0.019816619926132262]",50,inf,50,inf,0.0,0.0,inf,inf,"{'rep': 0, 'n_repetitions': 2}",S2_E,5jx7bMOYrco,negmas.sao.mechanism.SAOMechanism,5jx7bMOYrco,43,0.030221459,,0,2,0.9213631521657724,0.8961624518430267,0.9204659248418944,0.9173845975320372,0.8608668139553324,0.9173845975320372,0.9173845975320372,negmas.preferences.ops.OutcomeOptimality,0.9204659248418944
53,False,False,True,26,0.035179625,0.5294117647058824,False,False,"(0, 10, 2, 'premium')",,2,False,,,,{},,[],"[0, 10, 2, 'premium']",BoulwareTBNegotiator@0,,2,"[['BoulwareTBNegotiator@0', [0, 10, 2, 'premium']]]",[None],BoulwareTBNegotiator@0,,"[['BoulwareTBNegotiator@0', None]]","(0.9365079365079365, 0.2595117842050396)","[1.0, 1.0]","[0.0, 0.023809523809523808]","(0.002193248997500751, 0.0007754352238636291)","['BoulwareTBNegotiator', 'ConcederTBNegotiator']",,m3mrdC8Ucog,0.035463874984998256,"['BoulwareTBNegotiator@0', 'ConcederTBNegotiator@1']","['BoulwareTBNegotiator@0', 'ConcederTBNegotiator@1']","['negmas.gb.negotiators.timebased.BoulwareTBNegotiator', 'negmas.gb.negotiators.timebased.ConcederTBNegotiator']","[0.013509035867173225, 0.0198920406983234]",50,inf,50,inf,0.0,0.0,inf,inf,"{'rep': 0, 'n_repetitions': 2}",S1_B,m3mrdC8Ucog,negmas.sao.mechanism.SAOMechanism,m3mrdC8Ucog,26,0.035179625,,0,2,1.0,0.67706503438979,0.6559033950247126,0.6559033950247126,0.9625558021943916,0.6559033950247126,0.6559033950247126,negmas.preferences.ops.OutcomeOptimality,0.67706503438979
54,False,False,True,38,0.031550625,0.7647058823529411,False,False,"(7, 8, 8, 'basic')",,2,False,,,,{},,[],"[7, 8, 8, 'basic']",LinearTBNegotiator@1,,2,[],"[None, None]",LinearTBNegotiator@1,,[],"(0.7076023391812865, 0.2923976608187134)","[1.0, 1.0]","[0.0, 0.0]","(0.0034960628013070215, 0.004370114375307104)","['SmartAspirationNegotiator', 'LinearTBNegotiator']",,TCMUADBkgOs,0.036551583965774626,"['SmartAspirationNegotiator@0', 'LinearTBNegotiator@1']","['SmartAspirationNegotiator@0', 'LinearTBNegotiator@1']","['src.negotiators.SmartAspirationNegotiator', 'negmas.gb.negotiators.timebased.LinearTBNegotiator']","[0.012314707331825048, 0.02123961760662496]",50,inf,50,inf,0.0,0.0,inf,inf,"{'rep': 0, 'n_repetitions': 2}",S4_A-1,TCMUADBkgOs,negmas.sao.mechanism.SAOMechanism,TCMUADBkgOs,38,0.031550625,,0,2,0.9999999999999999,0.7894736842105263,0.7894736842105263,0.7953216374269007,0.9999999999999998,0.7894736842105263,0.7953216374269007,negmas.preferences.ops.OutcomeOptimality,0.7894736842105263
55,False,False,True,42,0.020636333,0.8431372549019608,False,False,"(9, 4, 0, 'basic')",,2,False,,,,{},,[],"[9, 4, 0, 'basic']",SmartAspirationNegotiator@1,,2,[],"[None, None]",SmartAspirationNegotiator@1,,[],"(0.6170212765957446, 0.5918734261726876)","[0.9999999999999999, 0.9999999999999999]","[0.016366612111292964, 0.0]","(0.0007574209704742231, 0.0010624744725208587)","['GeniusBOABaselineNegotiator', 'SmartAspirationNegotiator']",,7bvCK8pJu2w,0.026137667009606957,"['GeniusBOABaselineNegotiator@0', 'SmartAspirationNegotiator@1']","['GeniusBOABaselineNegotiator@0', 'SmartAspirationNegotiator@1']","['src.negotiators.GeniusBOABaselineNegotiator', 'src.negotiators.SmartAspirationNegotiator']","[0.007376833469606936, 0.01551928895059973]",50,inf,50,inf,0.0,0.0,inf,inf,"{'rep': 0, 'n_repetitions': 2}",S3_E-1,7bvCK8pJu2w,negmas.sao.mechanism.SAOMechanism,7bvCK8pJu2w,42,0.020636333,,0,2,1.0,0.962744468605478,1.0,0.9832225744061249,0.9841741547480721,0.9832225744061249,0.9832225744061249,negmas.preferences.ops.OutcomeOptimality,1.0
56,False,False,True,38,0.030281167,0.7647058823529411,False,False,"(1, 7, 2, 'standard')",,2,False,,,,{},,[],"[1, 7, 2, 'standard']",GeniusBOABaselineNegotiator@1,,2,[],"[None, None]",GeniusBOABaselineNegotiator@1,,[],"(0.26900584795321636, 0.7309941520467835)","[1.0, 1.0]","[0.0, 0.0]","(0.0034960628013070215, 0.004370114375307104)","['LinearTBNegotiator', 'GeniusBOABaselineNegotiator']",,PEhCdvo-inQ,0.030562833009753376,"['LinearTBNegotiator@0', 'GeniusBOABaselineNegotiator@1']","['LinearTBNegotiator@0', 'GeniusBOABaselineNegotiator@1']","['negmas.gb.negotiators.timebased.LinearTBNegotiator', 'src.negotiators.GeniusBOABaselineNegotiator']","[0.021166829974390566, 0.006394824653398246]",50,inf,50,inf,0.0,0.0,inf,inf,"{'rep': 1, 'n_repetitions': 2}",S4_A-1,PEhCdvo-inQ,negmas.sao.mechanism.SAOMechanism,PEhCdvo-inQ,38,0.030281167,,1,2,0.9999999999999999,0.7719298245614036,0.7719298245614036,0.7719298245614036,0.9999999999999999,0.7719298245614036,0.7719298245614036,negmas.preferences.ops.OutcomeOptimality,0.7719298245614036
57,False,False,True,38,0.029777958,0.7647058823529411,False,False,"(9, 10, 7, 'standard')",,2,False,,,,{},,[],"[9, 10, 7, 'standard']",SmartAspirationNegotiator@1,,2,[],"[None, None]",SmartAspirationNegotiator@1,,[],"(0.7725532264198727, 0.7397660818713451)","[1.0, 1.0]","[0.09356725146198831, 0.046783625730994156]","(0.0008771261662935939, 0.0007442816259952948)","['BoulwareTBNegotiator', 'SmartAspirationNegotiator']",,hARBmFp32pA,0.03547837503720075,"['BoulwareTBNegotiator@0', 'SmartAspirationNegotiator@1']","['BoulwareTBNegotiator@0', 'SmartAspirationNegotiator@1']","['negmas.gb.negotiators.timebased.BoulwareTBNegotiator', 'src.negotiators.SmartAspirationNegotiator']","[0.01863429369404912, 0.013870455557480454]",50,inf,50,inf,0.0,0.0,inf,inf,"{'rep': 0, 'n_repetitions': 2}",S0_F,hARBmFp32pA,negmas.sao.mechanism.SAOMechanism,hARBmFp32pA,38,0.029777958,,0,2,1.0,1.0,1.0,0.9807999989329749,1.0,0.9807999989329749,0.9807999989329749,negmas.preferences.ops.OutcomeOptimality,1.0
58,False,False,True,37,0.0180945,0.7450980392156863,False,False,"(9, 10, 7, 'standard')",,2,False,,,,{},,[],"[9, 10, 7, 'standard']",SmartAspirationNegotiator@0,,2,"[['SmartAspirationNegotiator@0', [9, 10, 7, 'standard']]]",[None],SmartAspirationNegotiator@0,,"[['SmartAspirationNegotiator@0', None]]","(0.7397660818713451, 0.7725532264198727)","[1.0, 1.0]","[0.046783625730994156, 0.09356725146198831]","(0.0007811278057266481, 0.0009639366705748589)","['SmartAspirationNegotiator', 'GeniusBOABaselineNegotiator']",,XVU2td8E23k,0.023708875000011176,"['SmartAspirationNegotiator@0', 'GeniusBOABaselineNegotiator@1']","['SmartAspirationNegotiator@0', 'GeniusBOABaselineNegotiator@1']","['src.negotiators.SmartAspirationNegotiator', 'src.negotiators.GeniusBOABaselineNegotiator']","[0.013836504658684134, 0.007004199957009405]",50,inf,50,inf,0.0,0.0,inf,inf,"{'rep': 1, 'n_repetitions': 2}",S5_F-1,XVU2td8E23k,negmas.sao.mechanism.SAOMechanism,XVU2td8E23k,37,0.0180945,,1,2,1.0,1.0,1.0,0.9807999989329749,1.0,0.9807999989329749,0.9807999989329749,negmas.preferences.ops.OutcomeOptimality,1.0
59,False,False,True,31,0.040773667,0.6274509803921569,False,False,"(9, 7, 9, 'basic')",,2,False,,,,{},,[],"[9, 7, 9, 'basic']",BoulwareTBNegotiator@1,,2,[],"[None, None]",BoulwareTBNegotiator@1,,[],"(0.1185236972314441, 0.8821603927986906)","[0.9999999999999999, 0.9999999999999999]","[0.0, 0.016366612111292964]","(0.0010624744725208587, 0.0007574209704742231)","['ConcederTBNegotiator', 'BoulwareTBNegotiator']",,v8dHeaYLh0E,0.04101354198064655,"['ConcederTBNegotiator@0', 'BoulwareTBNegotiator@1']","['ConcederTBNegotiator@0', 'BoulwareTBNegotiator@1']","['negmas.gb.negotiators.timebased.ConcederTBNegotiator', 'negmas.gb.negotiators.timebased.BoulwareTBNegotiator']","[0.022977293760050088, 0.015616952907294035]",50,inf,50,inf,0.0,0.0,inf,inf,"{'rep': 1, 'n_repetitions': 2}",S3_E,v8dHeaYLh0E,negmas.sao.mechanism.SAOMechanism,v8dHeaYLh0E,31,0.040773667,,1,2,0.9763036178091531,0.575956136137469,0.6132082015172416,0.598227682953997,0.8146676598217358,0.598227682953997,0.598227682953997,negmas.preferences.ops.OutcomeOptimality,0.6132082015172416
60,False,False,True,30,0.031636625,0.6078431372549019,False,False,"(9, 3, 9, 'standard')",,2,False,,,,{},,[],"[9, 3, 9, 'standard']",GeniusBOABaselineNegotiator@1,,2,[],"[None, None]",GeniusBOABaselineNegotiator@1,,[],"(0.1490748497922465, 0.8952536824877251)","[0.9999999999999999, 0.9999999999999999]","[0.0, 0.016366612111292964]","(0.0012950634439420957, 0.0006426653306037134)","['ConcederTBNegotiator', 'GeniusBOABaselineNegotiator']",,hQAKUckInkk,0.03185108304023743,"['ConcederTBNegotiator@0', 'GeniusBOABaselineNegotiator@1']","['ConcederTBNegotiator@0', 'GeniusBOABaselineNegotiator@1']","['negmas.gb.negotiators.timebased.ConcederTBNegotiator', 'src.negotiators.GeniusBOABaselineNegotiator']","[0.02243080089101568, 0.006956625322345644]",50,inf,50,inf,0.0,0.0,inf,inf,"{'rep': 1, 'n_repetitions': 2}",S2_E,hQAKUckInkk,negmas.sao.mechanism.SAOMechanism,hQAKUckInkk,30,0.031636625,,1,2,1.0,0.5899418999499724,0.627175323667607,0.6118375432198896,0.8501990687710164,0.6118375432198896,0.6118375432198896,negmas.preferences.ops.OutcomeOptimality,0.627175323667607
61,False,False,True,37,0.018670375,0.7450980392156863,False,False,"(9, 10, 8, 'standard')",,2,False,,,,{},,[],"[9, 10, 8, 'standard']",SmartAspirationNegotiator@0,,2,"[['SmartAspirationNegotiator@0', [9, 10, 8, 'standard']]]",[None],SmartAspirationNegotiator@0,,"[['SmartAspirationNegotiator@0', None]]","(0.7543859649122808, 0.7573099415204678)","[1.0, 1.0]","[0.09356725146198831, 0.046783625730994156]","(0.0009639366705748589, 0.0007811278057266481)","['SmartAspirationNegotiator', 'GeniusBOABaselineNegotiator']",,dVyMthpX6mw,0.02487212495179847,"['SmartAspirationNegotiator@0', 'GeniusBOABaselineNegotiator@1']","['SmartAspirationNegotiator@0', 'GeniusBOABaselineNegotiator@1']","['src.negotiators.SmartAspirationNegotiator', 'src.negotiators.GeniusBOABaselineNegotiator']","[0.014705163950566202, 0.007230237824842334]",50,inf,50,inf,0.0,0.0,inf,inf,"{'rep': 0, 'n_repetitions': 2}",S5_F,dVyMthpX6mw,negmas.sao.mechanism.SAOMechanism,dVyMthpX6mw,37,0.018670375,,0,2,1.0,0.9807999989329749,0.9807999989329749,1.0,0.9995877842364035,1.0,1.0,negmas.preferences.ops.OutcomeOptimality,1.0
62,False,False,True,43,0.033762041,0.8627450980392157,False,False,"(2, 3, 8, 'premium')",,2,False,,,,{},,[],"[2, 3, 8, 'premium']",BoulwareTBNegotiator@0,,2,"[['BoulwareTBNegotiator@0', [2, 3, 8, 'premium']]]",[None],BoulwareTBNegotiator@0,,"[['BoulwareTBNegotiator@0', None]]","(0.4970760233918128, 0.502923976608187)","[1.0, 1.0]","[0.0, 0.0]","(0.0034960628013070215, 0.004370114375307104)","['BoulwareTBNegotiator', 'SmartAspirationNegotiator']",,Cfueqg4Pdcw,0.038794833002611995,"['BoulwareTBNegotiator@0', 'SmartAspirationNegotiator@1']","['BoulwareTBNegotiator@0', 'SmartAspirationNegotiator@1']","['negmas.gb.negotiators.timebased.BoulwareTBNegotiator', 'src.negotiators.SmartAspirationNegotiator']","[0.02029708679765463, 0.015044586092699319]",50,inf,50,inf,0.0,0.0,inf,inf,"{'rep': 0, 'n_repetitions': 2}",S4_A-1,Cfueqg4Pdcw,negmas.sao.mechanism.SAOMechanism,Cfueqg4Pdcw,43,0.033762041,,0,2,0.9999999999999998,0.9999999999999998,0.9999999999999998,0.9999999999999998,0.9999999999999998,0.9999999999999998,0.9999999999999998,negmas.preferences.ops.OutcomeOptimality,0.9999999999999998
63,False,False,True,41,0.022812041,0.8235294117647058,False,False,"(0, 5, 9, 'premium')",,2,False,,,,{},,[],"[0, 5, 9, 'premium']",SmartAspirationNegotiator@0,,2,"[['SmartAspirationNegotiator@0', [0, 5, 9, 'premium']]]",[None],SmartAspirationNegotiator@0,,"[['SmartAspirationNegotiator@0', None]]","(0.582010582010582, 0.6031746031746031)","[1.0, 1.0]","[0.0, 0.023809523809523808]","(0.002193248997500751, 0.0007754352238636291)","['SmartAspirationNegotiator', 'SmartAspirationNegotiator']",,8yQ8GJ6TLYo,0.032701791962608695,"['SmartAspirationNegotiator@0', 'SmartAspirationNegotiator@1']","['SmartAspirationNegotiator@0', 'SmartAspirationNegotiator@1']","['src.negotiators.SmartAspirationNegotiator', 'src.negotiators.SmartAspirationNegotiator']","[0.014346411626320332, 0.01521553285419941]",50,inf,50,inf,0.0,0.0,inf,inf,"{'rep': 0, 'n_repetitions': 2}",S1_B,8yQ8GJ6TLYo,negmas.sao.mechanism.SAOMechanism,8yQ8GJ6TLYo,41,0.022812041,,0,2,0.9912092750886039,0.9617153631935871,0.9802359416950643,0.9802359416950643,0.9538361758740667,0.9802359416950643,0.9802359416950643,negmas.preferences.ops.OutcomeOptimality,0.9802359416950643
64,False,False,True,30,0.04010925,0.6078431372549019,False,False,"(9, 1, 8, 'standard')",,2,False,,,,{},,[],"[9, 1, 8, 'standard']",BoulwareTBNegotiator@0,,2,"[['BoulwareTBNegotiator@0', [9, 1, 8, 'standard']]]",[None],BoulwareTBNegotiator@0,,"[['BoulwareTBNegotiator@0', None]]","(0.8888888888888888, 0.25438596491228077)","[1.0, 1.0]","[0.046783625730994156, 0.09356725146198831]","(0.0007442816259952948, 0.0008771261662935939)","['BoulwareTBNegotiator', 'ConcederTBNegotiator']",,gpXXbqjgc4I,0.04033383296336979,"['BoulwareTBNegotiator@0', 'ConcederTBNegotiator@1']","['BoulwareTBNegotiator@0', 'ConcederTBNegotiator@1']","['negmas.gb.negotiators.timebased.BoulwareTBNegotiator', 'negmas.gb.negotiators.timebased.ConcederTBNegotiator']","[0.01579162711277604, 0.02218036778504029]",50,inf,50,inf,0.0,0.0,inf,inf,"{'rep': 0, 'n_repetitions': 2}",S0_F-1,gpXXbqjgc4I,negmas.sao.mechanism.SAOMechanism,gpXXbqjgc4I,30,0.04010925,,0,2,1.0,0.590083685965619,0.590083685965619,0.6069419837946906,0.755974513803547,0.6069419837946906,0.6069419837946906,negmas.preferences.ops.OutcomeOptimality,0.6069419837946906
65,False,False,True,30,0.03193675,0.6078431372549019,False,False,"(1, 4, 0, 'premium')",,2,False,,,,{},,[],"[1, 4, 0, 'premium']",ConcederTBNegotiator@0,,2,"[['ConcederTBNegotiator@0', [1, 4, 0, 'premium']]]",[None],ConcederTBNegotiator@0,,"[['ConcederTBNegotiator@0', None]]","(0.1387525004546281, 0.9144540713339779)","[0.9999999999999999, 0.9999999999999999]","[0.016366612111292964, 0.0]","(0.0007574209704742231, 0.0010624744725208587)","['ConcederTBNegotiator', 'SmartAspirationNegotiator']",,BNPqnQzr-QY,0.0374341249698773,"['ConcederTBNegotiator@0', 'SmartAspirationNegotiator@1']","['ConcederTBNegotiator@0', 'SmartAspirationNegotiator@1']","['negmas.gb.negotiators.timebased.ConcederTBNegotiator', 'src.negotiators.SmartAspirationNegotiator']","[0.022317243739962578, 0.012738991936203092]",50,inf,50,inf,0.0,0.0,inf,inf,"{'rep': 1, 'n_repetitions': 2}",S3_E-1,BNPqnQzr-QY,negmas.sao.mechanism.SAOMechanism,BNPqnQzr-QY,30,0.03193675,,1,2,0.9875390245474492,0.6218815860491587,0.588727183871518,0.6055037501538055,0.857426776038838,0.6055037501538055,0.6055037501538055,negmas.preferences.ops.OutcomeOptimality,0.6218815860491587
66,False,False,True,12,0.021794042,0.2549019607843137,False,False,"(9, 8, 0, 'premium')",,2,False,,,,{},,[],"[9, 8, 0, 'premium']",LinearTBNegotiator@0,,2,"[['LinearTBNegotiator@0', [9, 8, 0, 'premium']]]",[None],LinearTBNegotiator@0,,"[['LinearTBNegotiator@0', None]]","(0.7651169989224802, 0.4238952536824877)","[0.9999999999999999, 0.9999999999999999]","[0.0, 0.016366612111292964]","(0.0012950634439420957, 0.0006426653306037134)","['LinearTBNegotiator', 'ConcederTBNegotiator']",,Y5U2XpdDYLA,0.02200141700450331,"['LinearTBNegotiator@0', 'ConcederTBNegotiator@1']","['LinearTBNegotiator@0', 'ConcederTBNegotiator@1']","['negmas.gb.negotiators.timebased.LinearTBNegotiator', 'negmas.gb.negotiators.timebased.ConcederTBNegotiator']","[0.010054125217720866, 0.010985382134094834]",50,inf,50,inf,0.0,0.0,inf,inf,"{'rep': 1, 'n_repetitions': 2}",S2_E,Y5U2XpdDYLA,negmas.sao.mechanism.SAOMechanism,Y5U2XpdDYLA,12,0.021794042,,1,2,1.0,0.8500196090556311,0.8150382970349164,0.8316149347784617,0.9679876386361752,0.8316149347784617,0.8316149347784617,negmas.preferences.ops.OutcomeOptimality,0.8500196090556311
67,False,False,True,42,0.028809875,0.8431372549019608,False,False,"(4, 8, 8, 'premium')",,2,False,,,,{},,[],"[4, 8, 8, 'premium']",BoulwareTBNegotiator@1,,2,[],"[None, None]",BoulwareTBNegotiator@1,,[],"(0.5904521398386507, 0.5873015873015872)","[1.0, 1.0]","[0.023809523809523808, 0.0]","(0.0007754352238636291, 0.002193248997500751)","['GeniusBOABaselineNegotiator', 'BoulwareTBNegotiator']",,cJpbSfSdmmU,0.02906220796285197,"['GeniusBOABaselineNegotiator@0', 'BoulwareTBNegotiator@1']","['GeniusBOABaselineNegotiator@0', 'BoulwareTBNegotiator@1']","['src.negotiators.GeniusBOABaselineNegotiator', 'negmas.gb.negotiators.timebased.BoulwareTBNegotiator']","[0.006716128264088184, 0.01901820272905752]",50,inf,50,inf,0.0,0.0,inf,inf,"{'rep': 1, 'n_repetitions': 2}",S1_B-1,cJpbSfSdmmU,negmas.sao.mechanism.SAOMechanism,cJpbSfSdmmU,42,0.028809875,,1,2,0.9829625189076004,0.9657533700827802,0.9788365509746099,0.9788365509746099,0.947855343839237,0.9788365509746099,0.9788365509746099,negmas.preferences.ops.OutcomeOptimality,0.9788365509746099
68,False,False,True,41,0.02159825,0.8235294117647058,False,False,"(9, 5, 0, 'basic')",,2,False,,,,{},,[],"[9, 5, 0, 'basic']",SmartAspirationNegotiator@0,,2,"[['SmartAspirationNegotiator@0', [9, 5, 0, 'basic']]]",[None],SmartAspirationNegotiator@0,,"[['SmartAspirationNegotiator@0', None]]","(0.5973813420621931, 0.6048387096774194)","[0.9999999999999999, 0.9999999999999999]","[0.016366612111292964, 0.0]","(0.0006426653306037134, 0.0012950634439420957)","['SmartAspirationNegotiator', 'SmartAspirationNegotiator']",,-53xPqO25HQ,0.03277604200411588,"['SmartAspirationNegotiator@0', 'SmartAspirationNegotiator@1']","['SmartAspirationNegotiator@0', 'SmartAspirationNegotiator@1']","['src.negotiators.SmartAspirationNegotiator', 'src.negotiators.SmartAspirationNegotiator']","[0.014770666195545346, 0.01483495329739526]",50,inf,50,inf,0.0,0.0,inf,inf,"{'rep': 0, 'n_repetitions': 2}",S2_E-1,-53xPqO25HQ,negmas.sao.mechanism.SAOMechanism,-53xPqO25HQ,41,0.02159825,,0,2,1.0,0.9765338686924485,0.9832225744061249,1.0,0.9787402496945685,1.0,1.0,negmas.preferences.ops.OutcomeOptimality,1.0
69,False,False,True,17,0.026851916,0.35294117647058826,False,False,"(9, 1, 2, 'basic')",,2,False,,,,{},,[],"[9, 1, 2, 'basic']",LinearTBNegotiator@1,,2,[],"[None, None]",LinearTBNegotiator@1,,[],"(0.30734767025089604, 0.6919439898163302)","[0.9999999999999999, 0.9999999999999999]","[0.0, 0.016366612111292964]","(0.0010624744725208587, 0.0007574209704742231)","['ConcederTBNegotiator', 'LinearTBNegotiator']",,3yr-bwkYwSg,0.02712712500942871,"['ConcederTBNegotiator@0', 'LinearTBNegotiator@1']","['ConcederTBNegotiator@0', 'LinearTBNegotiator@1']","['negmas.gb.negotiators.timebased.ConcederTBNegotiator', 'negmas.gb.negotiators.timebased.LinearTBNegotiator']","[0.014362040732521564, 0.011366953956894577]",50,inf,50,inf,0.0,0.0,inf,inf,"{'rep': 0, 'n_repetitions': 2}",S3_E,3yr-bwkYwSg,negmas.sao.mechanism.SAOMechanism,3yr-bwkYwSg,17,0.026851916,,0,2,1.0,0.7541134173788117,0.7902421138444015,0.7774568873879285,0.8135340676414962,0.7774568873879285,0.7774568873879285,negmas.preferences.ops.OutcomeOptimality,0.7902421138444015
70,False,False,True,41,0.028375709,0.8235294117647058,False,False,"(4, 8, 8, 'premium')",,2,False,,,,{},,[],"[4, 8, 8, 'premium']",BoulwareTBNegotiator@0,,2,"[['BoulwareTBNegotiator@0', [4, 8, 8, 'premium']]]",[None],BoulwareTBNegotiator@0,,"[['BoulwareTBNegotiator@0', None]]","(0.5873015873015872, 0.5904521398386507)","[1.0, 1.0]","[0.0, 0.023809523809523808]","(0.002193248997500751, 0.0007754352238636291)","['BoulwareTBNegotiator', 'GeniusBOABaselineNegotiator']",,R5ddGTX9eR8,0.02859816700220108,"['BoulwareTBNegotiator@0', 'GeniusBOABaselineNegotiator@1']","['BoulwareTBNegotiator@0', 'GeniusBOABaselineNegotiator@1']","['negmas.gb.negotiators.timebased.BoulwareTBNegotiator', 'src.negotiators.GeniusBOABaselineNegotiator']","[0.018920504837296903, 0.006509877799544483]",50,inf,50,inf,0.0,0.0,inf,inf,"{'rep': 0, 'n_repetitions': 2}",S1_B,R5ddGTX9eR8,negmas.sao.mechanism.SAOMechanism,R5ddGTX9eR8,41,0.028375709,,0,2,0.9829625189076004,0.9657533700827802,0.9788365509746099,0.9788365509746099,0.947855343839237,0.9788365509746099,0.9788365509746099,negmas.preferences.ops.OutcomeOptimality,0.9788365509746099
71,False,False,True,13,0.022138625,0.27450980392156865,False,False,"(9, 8, 0, 'premium')",,2,False,,,,{},,[],"[9, 8, 0, 'premium']",LinearTBNegotiator@1,,2,[],"[None, None]",LinearTBNegotiator@1,,[],"(0.4238952536824877, 0.7651169989224802)","[0.9999999999999999, 0.9999999999999999]","[0.016366612111292964, 0.0]","(0.0007574209704742231, 0.0010624744725208587)","['ConcederTBNegotiator', 'LinearTBNegotiator']",,LU2eWYJ1xzU,0.022352041967678815,"['ConcederTBNegotiator@0', 'LinearTBNegotiator@1']","['ConcederTBNegotiator@0', 'LinearTBNegotiator@1']","['negmas.gb.negotiators.timebased.ConcederTBNegotiator', 'negmas.gb.negotiators.timebased.LinearTBNegotiator']","[0.011550581024494022, 0.009751576988492161]",50,inf,50,inf,0.0,0.0,inf,inf,"{'rep': 0, 'n_repetitions': 2}",S3_E-1,LU2eWYJ1xzU,negmas.sao.mechanism.SAOMechanism,LU2eWYJ1xzU,13,0.022138625,,0,2,1.0,0.8500196090556311,0.8150382970349164,0.8316149347784617,0.9679876386361752,0.8316149347784617,0.8316149347784617,negmas.preferences.ops.OutcomeOptimality,0.8500196090556311
72,False,False,True,3,0.013922417,0.0784313725490196,False,False,"(9, 1, 0, 'basic')",,2,False,,,,{},,[],"[9, 1, 0, 'basic']",ConcederTBNegotiator@0,,2,"[['ConcederTBNegotiator@0', [9, 1, 0, 'basic']]]",[None],ConcederTBNegotiator@0,,"[['ConcederTBNegotiator@0', None]]","(0.5080645161290323, 0.6759410801963993)","[0.9999999999999999, 0.9999999999999999]","[0.0, 0.016366612111292964]","(0.0012950634439420957, 0.0006426653306037134)","['ConcederTBNegotiator', 'ConcederTBNegotiator']",,INWiIMEzLsg,0.014150667004287243,"['ConcederTBNegotiator@0', 'ConcederTBNegotiator@1']","['ConcederTBNegotiator@0', 'ConcederTBNegotiator@1']","['negmas.gb.negotiators.timebased.ConcederTBNegotiator', 'negmas.gb.negotiators.timebased.ConcederTBNegotiator']","[0.0070272492012009025, 0.006862207956146449]",50,inf,50,inf,0.0,0.0,inf,inf,"{'rep': 0, 'n_repetitions': 2}",S2_E,INWiIMEzLsg,negmas.sao.mechanism.SAOMechanism,INWiIMEzLsg,3,0.013922417,,0,2,1.0,0.8898032269892446,0.9269635106480826,0.9111370615807703,0.9639116660136278,0.9111370615807703,0.9111370615807703,negmas.preferences.ops.OutcomeOptimality,0.9269635106480826
73,False,False,True,25,0.026683709,0.5098039215686274,False,False,"(0, 10, 5, 'standard')",,2,False,,,,{},,[],"[0, 10, 5, 'standard']",GeniusBOABaselineNegotiator@1,,2,[],"[None, None]",GeniusBOABaselineNegotiator@1,,[],"(0.20467836257309946, 0.9561403508771931)","[1.0, 1.0]","[0.046783625730994156, 0.09356725146198831]","(0.0007811278057266481, 0.0009639366705748589)","['ConcederTBNegotiator', 'GeniusBOABaselineNegotiator']",,OgXCfKRHlyo,0.026880916964728385,"['ConcederTBNegotiator@0', 'GeniusBOABaselineNegotiator@1']","['ConcederTBNegotiator@0', 'GeniusBOABaselineNegotiator@1']","['negmas.gb.negotiators.timebased.ConcederTBNegotiator', 'src.negotiators.GeniusBOABaselineNegotiator']","[0.018269540451001376, 0.0066589960479177535]",50,inf,50,inf,0.0,0.0,inf,inf,"{'rep': 0, 'n_repetitions': 2}",S5_F-1,OgXCfKRHlyo,negmas.sao.mechanism.SAOMechanism,OgXCfKRHlyo,25,0.026683709,,0,2,1.0,0.5699318647760668,0.5699318647760668,0.5527488392164512,0.767575145728921,0.5527488392164512,0.5527488392164512,negmas.preferences.ops.OutcomeOptimality,0.5699318647760668
74,False,False,True,37,0.018286,0.7450980392156863,False,False,"(9, 10, 7, 'standard')",,2,False,,,,{},,[],"[9, 10, 7, 'standard']",SmartAspirationNegotiator@0,,2,"[['SmartAspirationNegotiator@0', [9, 10, 7, 'standard']]]",[None],SmartAspirationNegotiator@0,,"[['SmartAspirationNegotiator@0', None]]","(0.7397660818713451, 0.7725532264198727)","[1.0, 1.0]","[0.046783625730994156, 0.09356725146198831]","(0.0007811278057266481, 0.0009639366705748589)","['SmartAspirationNegotiator', 'GeniusBOABaselineNegotiator']",,OmwmwLHHPgo,0.023892416968010366,"['SmartAspirationNegotiator@0', 'GeniusBOABaselineNegotiator@1']","['SmartAspirationNegotiator@0', 'GeniusBOABaselineNegotiator@1']","['src.negotiators.SmartAspirationNegotiator', 'src.negotiators.GeniusBOABaselineNegotiator']","[0.013949960004538298, 0.007059744733851403]",50,inf,50,inf,0.0,0.0,inf,inf,"{'rep': 0, 'n_repetitions': 2}",S5_F-1,OmwmwLHHPgo,negmas.sao.mechanism.SAOMechanism,OmwmwLHHPgo,37,0.018286,,0,2,1.0,1.0,1.0,0.9807999989329749,1.0,0.9807999989329749,0.9807999989329749,negmas.preferences.ops.OutcomeOptimality,1.0
75,False,False,True,37,0.031668042,0.7450980392156863,False,False,"(4, 10, 4, 'basic')",,2,False,,,,{},,[],"[4, 10, 4, 'basic']",SmartAspirationNegotiator@1,,2,[],"[None, None]",SmartAspirationNegotiator@1,,[],"(0.3794671864847304, 0.7793597066154879)","[1.0, 1.0]","[0.046783625730994156, 0.09356725146198831]","(0.0007811278057266481, 0.0009639366705748589)","['LinearTBNegotiator', 'SmartAspirationNegotiator']",,K7gaD0m0-O0,0.03746445802971721,"['LinearTBNegotiator@0', 'SmartAspirationNegotiator@1']","['LinearTBNegotiator@0', 'SmartAspirationNegotiator@1']","['negmas.gb.negotiators.timebased.LinearTBNegotiator', 'src.negotiators.SmartAspirationNegotiator']","[0.02048762864433229, 0.014072127873077989]",50,inf,50,inf,0.0,0.0,inf,inf,"{'rep': 0, 'n_repetitions': 2}",S5_F-1,K7gaD0m0-O0,negmas.sao.mechanism.SAOMechanism,K7gaD0m0-O0,37,0.031668042,,0,2,0.9239956174677784,0.7260400905445881,0.7260400905445881,0.7121247880259337,0.7662580823685883,0.7121247880259337,0.7121247880259337,negmas.preferences.ops.OutcomeOptimality,0.7260400905445881
76,False,False,True,36,0.039439792,0.7254901960784313,False,False,"(5, 3, 9, 'standard')",,2,False,,,,{},,[],"[5, 3, 9, 'standard']",BoulwareTBNegotiator@1,,2,[],"[None, None]",BoulwareTBNegotiator@1,,[],"(0.3174603174603175, 0.7857142857142857)","[1.0, 1.0]","[0.0, 0.023809523809523808]","(0.002193248997500751, 0.0007754352238636291)","['LinearTBNegotiator', 'BoulwareTBNegotiator']",,ak8cBzlVUIw,0.039680999994743615,"['LinearTBNegotiator@0', 'BoulwareTBNegotiator@1']","['LinearTBNegotiator@0', 'BoulwareTBNegotiator@1']","['negmas.gb.negotiators.timebased.LinearTBNegotiator', 'negmas.gb.negotiators.timebased.BoulwareTBNegotiator']","[0.02011316904099658, 0.016759288788307458]",50,inf,50,inf,0.0,0.0,inf,inf,"{'rep': 1, 'n_repetitions': 2}",S1_B,ak8cBzlVUIw,negmas.sao.mechanism.SAOMechanism,ak8cBzlVUIw,36,0.039439792,,1,2,0.9912092750886039,0.7350807129090169,0.7571573201665989,0.7571573201665989,0.8878341190613523,0.7571573201665989,0.7571573201665989,negmas.preferences.ops.OutcomeOptimality,0.7571573201665989
77,False,False,True,31,0.027759333,0.6274509803921569,False,False,"(9, 10, 9, 'basic')",,2,False,,,,{},,[],"[9, 10, 9, 'basic']",GeniusBOABaselineNegotiator@0,,2,"[['GeniusBOABaselineNegotiator@0', [9, 10, 9, 'basic']]]",[None],GeniusBOABaselineNegotiator@0,,"[['GeniusBOABaselineNegotiator@0', None]]","(0.868421052631579, 0.5935672514619883)","[1.0, 1.0]","[0.046783625730994156, 0.09356725146198831]","(0.0007811278057266481, 0.0009639366705748589)","['GeniusBOABaselineNegotiator', 'LinearTBNegotiator']",,JqxRXtTvprc,0.02803795802174136,"['GeniusBOABaselineNegotiator@0', 'LinearTBNegotiator@1']","['GeniusBOABaselineNegotiator@0', 'LinearTBNegotiator@1']","['src.negotiators.GeniusBOABaselineNegotiator', 'negmas.gb.negotiators.timebased.LinearTBNegotiator']","[0.00764804205391556, 0.01780754135688767]",50,inf,50,inf,0.0,0.0,inf,inf,"{'rep': 1, 'n_repetitions': 2}",S5_F-1,JqxRXtTvprc,negmas.sao.mechanism.SAOMechanism,JqxRXtTvprc,31,0.027759333,,1,2,1.0,0.8324241332371594,0.8324241332371594,0.8513976513554027,0.9667193271145101,0.8513976513554027,0.8513976513554027,negmas.preferences.ops.OutcomeOptimality,0.8513976513554027
78,False,False,True,43,0.016150625,0.8627450980392157,False,False,"(2, 3, 8, 'premium')",,2,False,,,,{},,[],"[2, 3, 8, 'premium']",GeniusBOABaselineNegotiator@0,,2,"[['GeniusBOABaselineNegotiator@0', [2, 3, 8, 'premium']]]",[None],GeniusBOABaselineNegotiator@0,,"[['GeniusBOABaselineNegotiator@0', None]]","(0.4970760233918128, 0.502923976608187)","[1.0, 1.0]","[0.0, 0.0]","(0.0034960628013070215, 0.004370114375307104)","['GeniusBOABaselineNegotiator', 'GeniusBOABaselineNegotiator']",,QyjiJmX8d4U,0.016417334030847996,"['GeniusBOABaselineNegotiator@0', 'GeniusBOABaselineNegotiator@1']","['GeniusBOABaselineNegotiator@0', 'GeniusBOABaselineNegotiator@1']","['src.negotiators.GeniusBOABaselineNegotiator', 'src.negotiators.GeniusBOABaselineNegotiator']","[0.006584415677934885, 0.006417741358745843]",50,inf,50,inf,0.0,0.0,inf,inf,"{'rep': 1, 'n_repetitions': 2}",S4_A-1,QyjiJmX8d4U,negmas.sao.mechanism.SAOMechanism,QyjiJmX8d4U,43,0.016150625,,1,2,0.9999999999999998,0.9999999999999998,0.9999999999999998,0.9999999999999998,0.9999999999999998,0.9999999999999998,0.9999999999999998,negmas.preferences.ops.OutcomeOptimality,0.9999999999999998
79,False,False,True,33,0.029664958,0.6666666666666666,False,False,"(0, 9, 4, 'premium')",,2,False,,,,{},,[],"[0, 9, 4, 'premium']",SmartAspirationNegotiator@1,,2,[],"[None, None]",SmartAspirationNegotiator@1,,[],"(0.373015873015873, 0.8465608465608465)","[1.0, 1.0]","[0.023809523809523808, 0.0]","(0.0007754352238636291, 0.002193248997500751)","['LinearTBNegotiator', 'SmartAspirationNegotiator']",,9zs7nMgCrR0,0.03468795801745728,"['LinearTBNegotiator@0', 'SmartAspirationNegotiator@1']","['LinearTBNegotiator@0', 'SmartAspirationNegotiator@1']","['negmas.gb.negotiators.timebased.LinearTBNegotiator', 'src.negotiators.SmartAspirationNegotiator']","[0.020182172069326043, 0.011788617877755314]",50,inf,50,inf,0.0,0.0,inf,inf,"{'rep': 0, 'n_repetitions': 2}",S1_B-1,9zs7nMgCrR0,negmas.sao.mechanism.SAOMechanism,9zs7nMgCrR0,33,0.029664958,,0,2,1.0,0.7804057992535158,0.7590536317045327,0.7590536317045327,0.9815144577632695,0.7590536317045327,0.7590536317045327,negmas.preferences.ops.OutcomeOptimality,0.7804057992535158
80,False,False,True,43,0.020027542,0.8627450980392157,False,False,"(9, 2, 0, 'premium')",,2,False,,,,{},,[],"[9, 2, 0, 'premium']",SmartAspirationNegotiator@1,,2,[],"[None, None]",SmartAspirationNegotiator@1,,[],"(0.6854838709677419, 0.541734860883797)","[0.9999999999999999, 0.9999999999999999]","[0.0, 0.016366612111292964]","(0.0012950634439420957, 0.0006426653306037134)","['GeniusBOABaselineNegotiator', 'SmartAspirationNegotiator']",,GxbuIIi1NSM,0.025753333989996463,"['GeniusBOABaselineNegotiator@0', 'SmartAspirationNegotiator@1']","['GeniusBOABaselineNegotiator@0', 'SmartAspirationNegotiator@1']","['src.negotiators.GeniusBOABaselineNegotiator', 'src.negotiators.SmartAspirationNegotiator']","[0.007240009494125843, 0.01519041444407776]",50,inf,50,inf,0.0,0.0,inf,inf,"{'rep': 1, 'n_repetitions': 2}",S2_E,GxbuIIi1NSM,negmas.sao.mechanism.SAOMechanism,GxbuIIi1NSM,43,0.020027542,,1,2,1.0,0.9508547189471204,0.9143580762567265,0.9301480822807243,0.9990919435291352,0.9301480822807243,0.9301480822807243,negmas.preferences.ops.OutcomeOptimality,0.9508547189471204
81,False,False,True,31,0.034038667,0.6274509803921569,False,False,"(9, 7, 9, 'basic')",,2,False,,,,{},,[],"[9, 7, 9, 'basic']",ConcederTBNegotiator@0,,2,"[['ConcederTBNegotiator@0', [9, 7, 9, 'basic']]]",[None],ConcederTBNegotiator@0,,"[['ConcederTBNegotiator@0', None]]","(0.1185236972314441, 0.8821603927986906)","[0.9999999999999999, 0.9999999999999999]","[0.0, 0.016366612111292964]","(0.0012950634439420957, 0.0006426653306037134)","['ConcederTBNegotiator', 'SmartAspirationNegotiator']",,rp3IdkS3nCs,0.04010300000663847,"['ConcederTBNegotiator@0', 'SmartAspirationNegotiator@1']","['ConcederTBNegotiator@0', 'SmartAspirationNegotiator@1']","['negmas.gb.negotiators.timebased.ConcederTBNegotiator', 'src.negotiators.SmartAspirationNegotiator']","[0.024212709453422576, 0.013445035379845649]",50,inf,50,inf,0.0,0.0,inf,inf,"{'rep': 1, 'n_repetitions': 2}",S2_E,rp3IdkS3nCs,negmas.sao.mechanism.SAOMechanism,rp3IdkS3nCs,31,0.034038667,,1,2,0.9763036178091531,0.575956136137469,0.6132082015172416,0.598227682953997,0.8146676598217358,0.598227682953997,0.598227682953997,negmas.preferences.ops.OutcomeOptimality,0.6132082015172416
82,False,False,True,31,0.041203292,0.6274509803921569,False,False,"(9, 2, 9, 'premium')",,2,False,,,,{},,[],"[9, 2, 9, 'premium']",BoulwareTBNegotiator@0,,2,"[['BoulwareTBNegotiator@0', [9, 2, 9, 'premium']]]",[None],BoulwareTBNegotiator@0,,"[['BoulwareTBNegotiator@0', None]]","(0.8657937806873975, 0.17741935483870966)","[0.9999999999999999, 0.9999999999999999]","[0.016366612111292964, 0.0]","(0.0007574209704742231, 0.0010624744725208587)","['BoulwareTBNegotiator', 'ConcederTBNegotiator']",,jV3abARsFBo,0.04145829100161791,"['BoulwareTBNegotiator@0', 'ConcederTBNegotiator@1']","['BoulwareTBNegotiator@0', 'ConcederTBNegotiator@1']","['negmas.gb.negotiators.timebased.BoulwareTBNegotiator', 'negmas.gb.negotiators.timebased.ConcederTBNegotiator']","[0.016171544906683266, 0.02283187082502991]",50,inf,50,inf,0.0,0.0,inf,inf,"{'rep': 1, 'n_repetitions': 2}",S3_E-1,jV3abARsFBo,negmas.sao.mechanism.SAOMechanism,jV3abARsFBo,31,0.041203292,,1,2,1.0,0.6181361991736312,0.6553875741567566,0.6401835445286903,0.8492910123001515,0.6401835445286903,0.6401835445286903,negmas.preferences.ops.OutcomeOptimality,0.6553875741567566
83,False,False,True,32,0.033138875,0.6470588235294118,False,False,"(9, 7, 9, 'basic')",,2,False,,,,{},,[],"[9, 7, 9, 'basic']",ConcederTBNegotiator@1,,2,[],"[None, None]",ConcederTBNegotiator@1,,[],"(0.8821603927986906, 0.1185236972314441)","[0.9999999999999999, 0.9999999999999999]","[0.016366612111292964, 0.0]","(0.0007574209704742231, 0.0010624744725208587)","['SmartAspirationNegotiator', 'ConcederTBNegotiator']",,UIFw185rL2I,0.03891866700723767,"['SmartAspirationNegotiator@0', 'ConcederTBNegotiator@1']","['SmartAspirationNegotiator@0', 'ConcederTBNegotiator@1']","['src.negotiators.SmartAspirationNegotiator', 'negmas.gb.negotiators.timebased.ConcederTBNegotiator']","[0.013217420200817287, 0.02318291104165837]",50,inf,50,inf,0.0,0.0,inf,inf,"{'rep': 0, 'n_repetitions': 2}",S3_E-1,UIFw185rL2I,negmas.sao.mechanism.SAOMechanism,UIFw185rL2I,32,0.033138875,,0,2,0.9763036178091531,0.575956136137469,0.6132082015172416,0.598227682953997,0.8146676598217358,0.598227682953997,0.598227682953997,negmas.preferences.ops.OutcomeOptimality,0.6132082015172416
84,False,False,True,29,0.038547125,0.5882352941176471,False,False,"(9, 5, 8, 'basic')",,2,False,,,,{},,[],"[9, 5, 8, 'basic']",ConcederTBNegotiator@0,,2,"[['ConcederTBNegotiator@0', [9, 5, 8, 'basic']]]",[None],ConcederTBNegotiator@0,,"[['ConcederTBNegotiator@0', None]]","(0.1375661375661376, 0.9079124572989682)","[1.0, 1.0]","[0.0, 0.023809523809523808]","(0.002193248997500751, 0.0007754352238636291)","['ConcederTBNegotiator', 'BoulwareTBNegotiator']",,a1uJsFC_Ggc,0.0387999169761315,"['ConcederTBNegotiator@0', 'BoulwareTBNegotiator@1']","['ConcederTBNegotiator@0', 'BoulwareTBNegotiator@1']","['negmas.gb.negotiators.timebased.ConcederTBNegotiator', 'negmas.gb.negotiators.timebased.BoulwareTBNegotiator']","[0.022197500977199525, 0.014292756910435855]",50,inf,50,inf,0.0,0.0,inf,inf,"{'rep': 1, 'n_repetitions': 2}",S1_B,a1uJsFC_Ggc,negmas.sao.mechanism.SAOMechanism,a1uJsFC_Ggc,29,0.038547125,,1,2,1.0,0.5796181182470082,0.601689676597047,0.601689676597047,0.8414004134961494,0.601689676597047,0.601689676597047,negmas.preferences.ops.OutcomeOptimality,0.601689676597047
85,False,False,True,31,0.032193542,0.6274509803921569,False,False,"(9, 3, 5, 'basic')",,2,False,,,,{},,[],"[9, 3, 5, 'basic']",SmartAspirationNegotiator@0,,2,"[['SmartAspirationNegotiator@0', [9, 3, 5, 'basic']]]",[None],SmartAspirationNegotiator@0,,"[['SmartAspirationNegotiator@0', None]]","(0.8778427550357375, 0.2059779077322937)","[1.0, 1.0]","[0.046783625730994156, 0.09356725146198831]","(0.0007811278057266481, 0.0009639366705748589)","['SmartAspirationNegotiator', 'ConcederTBNegotiator']",,yT8qgvJfaEY,0.03782741696340963,"['SmartAspirationNegotiator@0', 'ConcederTBNegotiator@1']","['SmartAspirationNegotiator@0', 'ConcederTBNegotiator@1']","['src.negotiators.SmartAspirationNegotiator', 'negmas.gb.negotiators.timebased.ConcederTBNegotiator']","[0.013041668746154755, 0.02232058346271515]",50,inf,50,inf,0.0,0.0,inf,inf,"{'rep': 0, 'n_repetitions': 2}",S5_F-1,yT8qgvJfaEY,negmas.sao.mechanism.SAOMechanism,yT8qgvJfaEY,31,0.032193542,,0,2,0.977991611797476,0.5566644835268639,0.5566644835268639,0.5731311073045606,0.7166612611675568,0.5731311073045606,0.5731311073045606,negmas.preferences.ops.OutcomeOptimality,0.5731311073045606
86,False,False,True,42,0.017463833,0.8431372549019608,False,False,"(9, 2, 1, 'premium')",,2,False,,,,{},,[],"[9, 2, 1, 'premium']",GeniusBOABaselineNegotiator@0,,2,"[['GeniusBOABaselineNegotiator@0', [9, 2, 1, 'premium']]]",[None],GeniusBOABaselineNegotiator@0,,"[['GeniusBOABaselineNegotiator@0', None]]","(0.5457355882887797, 0.578853046594982)","[0.9999999999999999, 0.9999999999999999]","[0.016366612111292964, 0.0]","(0.0007574209704742231, 0.0010624744725208587)","['GeniusBOABaselineNegotiator', 'GeniusBOABaselineNegotiator']",,1CFObB2YiqY,0.017712625034619123,"['GeniusBOABaselineNegotiator@0', 'GeniusBOABaselineNegotiator@1']","['GeniusBOABaselineNegotiator@0', 'GeniusBOABaselineNegotiator@1']","['src.negotiators.GeniusBOABaselineNegotiator', 'src.negotiators.GeniusBOABaselineNegotiator']","[0.007366419129539281, 0.007118212757632136]",50,inf,50,inf,0.0,0.0,inf,inf,"{'rep': 1, 'n_repetitions': 2}",S3_E-1,1CFObB2YiqY,negmas.sao.mechanism.SAOMechanism,1CFObB2YiqY,42,0.017463833,,1,2,0.9587829391141542,0.9474842994747478,0.9483384723776958,0.9587829391141542,0.915539679875679,0.9587829391141542,0.9587829391141542,negmas.preferences.ops.OutcomeOptimality,0.9587829391141542
87,False,False,True,30,0.030958708,0.6078431372549019,False,False,"(9, 3, 9, 'standard')",,2,False,,,,{},,[],"[9, 3, 9, 'standard']",GeniusBOABaselineNegotiator@1,,2,[],"[None, None]",GeniusBOABaselineNegotiator@1,,[],"(0.1490748497922465, 0.8952536824877251)","[0.9999999999999999, 0.9999999999999999]","[0.0, 0.016366612111292964]","(0.0012950634439420957, 0.0006426653306037134)","['ConcederTBNegotiator', 'GeniusBOABaselineNegotiator']",,Qnzo9YXt1Xg,0.031172666989732534,"['ConcederTBNegotiator@0', 'GeniusBOABaselineNegotiator@1']","['ConcederTBNegotiator@0', 'GeniusBOABaselineNegotiator@1']","['negmas.gb.negotiators.timebased.ConcederTBNegotiator', 'src.negotiators.GeniusBOABaselineNegotiator']","[0.021969126944895834, 0.006808331178035587]",50,inf,50,inf,0.0,0.0,inf,inf,"{'rep': 0, 'n_repetitions': 2}",S2_E,Qnzo9YXt1Xg,negmas.sao.mechanism.SAOMechanism,Qnzo9YXt1Xg,30,0.030958708,,0,2,1.0,0.5899418999499724,0.627175323667607,0.6118375432198896,0.8501990687710164,0.6118375432198896,0.6118375432198896,negmas.preferences.ops.OutcomeOptimality,0.627175323667607
88,False,False,True,32,0.027949083,0.6470588235294118,False,False,"(9, 9, 9, 'basic')",,2,False,,,,{},,[],"[9, 9, 9, 'basic']",SmartAspirationNegotiator@1,,2,[],"[None, None]",SmartAspirationNegotiator@1,,[],"(0.48862897985705, 0.8700454840805718)","[1.0, 1.0]","[0.09356725146198831, 0.046783625730994156]","(0.0008771261662935939, 0.0007442816259952948)","['LinearTBNegotiator', 'SmartAspirationNegotiator']",,QA-LwToWdWs,0.03348662500502542,"['LinearTBNegotiator@0', 'SmartAspirationNegotiator@1']","['LinearTBNegotiator@0', 'SmartAspirationNegotiator@1']","['negmas.gb.negotiators.timebased.LinearTBNegotiator', 'src.negotiators.SmartAspirationNegotiator']","[0.01796841894974932, 0.012997495068702847]",50,inf,50,inf,0.0,0.0,inf,inf,"{'rep': 0, 'n_repetitions': 2}",S0_F,QA-LwToWdWs,negmas.sao.mechanism.SAOMechanism,QA-LwToWdWs,32,0.027949083,,0,2,1.0,0.7625130806021299,0.7625130806021299,0.7805360810361862,0.8984044946650847,0.7805360810361862,0.7805360810361862,negmas.preferences.ops.OutcomeOptimality,0.7805360810361862
89,False,False,True,13,0.022639166,0.27450980392156865,False,False,"(6, 10, 6, 'premium')",,2,False,,,,{},,[],"[6, 10, 6, 'premium']",LinearTBNegotiator@0,,2,"[['LinearTBNegotiator@0', [6, 10, 6, 'premium']]]",[None],LinearTBNegotiator@0,,"[['LinearTBNegotiator@0', None]]","(0.7689495968231964, 0.37426900584795325)","[1.0, 1.0]","[0.09356725146198831, 0.046783625730994156]","(0.0009639366705748589, 0.0007811278057266481)","['LinearTBNegotiator', 'ConcederTBNegotiator']",,OAJALnmC0QI,0.02283766702748835,"['LinearTBNegotiator@0', 'ConcederTBNegotiator@1']","['LinearTBNegotiator@0', 'ConcederTBNegotiator@1']","['negmas.gb.negotiators.timebased.LinearTBNegotiator', 'negmas.gb.negotiators.timebased.ConcederTBNegotiator']","[0.010379331826698035, 0.011415286746341735]",50,inf,50,inf,0.0,0.0,inf,inf,"{'rep': 0, 'n_repetitions': 2}",S5_F,OAJALnmC0QI,negmas.sao.mechanism.SAOMechanism,OAJALnmC0QI,13,0.022639166,,0,2,0.9161843172014918,0.7221236298881974,0.7221236298881974,0.7085893136460552,0.7559373185302263,0.7085893136460552,0.7085893136460552,negmas.preferences.ops.OutcomeOptimality,0.7221236298881974
90,False,False,True,29,0.031723625,0.5882352941176471,False,False,"(9, 5, 8, 'basic')",,2,False,,,,{},,[],"[9, 5, 8, 'basic']",ConcederTBNegotiator@0,,2,"[['ConcederTBNegotiator@0', [9, 5, 8, 'basic']]]",[None],ConcederTBNegotiator@0,,"[['ConcederTBNegotiator@0', None]]","(0.1375661375661376, 0.9079124572989682)","[1.0, 1.0]","[0.0, 0.023809523809523808]","(0.002193248997500751, 0.0007754352238636291)","['ConcederTBNegotiator', 'SmartAspirationNegotiator']",,jtQnWskjIHg,0.03687075001653284,"['ConcederTBNegotiator@0', 'SmartAspirationNegotiator@1']","['ConcederTBNegotiator@0', 'SmartAspirationNegotiator@1']","['negmas.gb.negotiators.timebased.ConcederTBNegotiator', 'src.negotiators.SmartAspirationNegotiator']","[0.022870329907163978, 0.011695821885950863]",50,inf,50,inf,0.0,0.0,inf,inf,"{'rep': 1, 'n_repetitions': 2}",S1_B,jtQnWskjIHg,negmas.sao.mechanism.SAOMechanism,jtQnWskjIHg,29,0.031723625,,1,2,1.0,0.5796181182470082,0.601689676597047,0.601689676597047,0.8414004134961494,0.601689676597047,0.601689676597047,negmas.preferences.ops.OutcomeOptimality,0.601689676597047
91,False,False,True,31,0.040500042,0.6274509803921569,False,False,"(0, 10, 1, 'standard')",,2,False,,,,{},,[],"[0, 10, 1, 'standard']",ConcederTBNegotiator@0,,2,"[['ConcederTBNegotiator@0', [0, 10, 1, 'standard']]]",[None],ConcederTBNegotiator@0,,"[['ConcederTBNegotiator@0', None]]","(0.12280701754385964, 0.8771929824561403)","[1.0, 1.0]","[0.0, 0.0]","(0.0034960628013070215, 0.004370114375307104)","['ConcederTBNegotiator', 'BoulwareTBNegotiator']",,1MZpDsFrkt8,0.04073579201940447,"['ConcederTBNegotiator@0', 'BoulwareTBNegotiator@1']","['ConcederTBNegotiator@0', 'BoulwareTBNegotiator@1']","['negmas.gb.negotiators.timebased.ConcederTBNegotiator', 'negmas.gb.negotiators.timebased.BoulwareTBNegotiator']","[0.02329312131041661, 0.014996124082244933]",50,inf,50,inf,0.0,0.0,inf,inf,"{'rep': 1, 'n_repetitions': 2}",S4_A-1,1MZpDsFrkt8,negmas.sao.mechanism.SAOMechanism,1MZpDsFrkt8,31,0.040500042,,1,2,1.0,0.6257309941520469,0.6257309941520469,0.6257309941520469,1.0,0.6257309941520469,0.6257309941520469,negmas.preferences.ops.OutcomeOptimality,0.6257309941520469
92,False,False,True,27,0.036533583,0.5490196078431373,False,False,"(4, 10, 0, 'standard')",,2,False,,,,{},,[],"[4, 10, 0, 'standard']",BoulwareTBNegotiator@0,,2,"[['BoulwareTBNegotiator@0', [4, 10, 0, 'standard']]]",[None],BoulwareTBNegotiator@0,,"[['BoulwareTBNegotiator@0', None]]","(0.9298245614035088, 0.21572449642625083)","[1.0, 1.0]","[0.09356725146198831, 0.046783625730994156]","(0.0009639366705748589, 0.0007811278057266481)","['BoulwareTBNegotiator', 'ConcederTBNegotiator']",,idfQYtUJ2FU,0.036731667001731694,"['BoulwareTBNegotiator@0', 'ConcederTBNegotiator@1']","['BoulwareTBNegotiator@0', 'ConcederTBNegotiator@1']","['negmas.gb.negotiators.timebased.BoulwareTBNegotiator', 'negmas.gb.negotiators.timebased.ConcederTBNegotiator']","[0.01474521157797426, 0.019875664787832648]",50,inf,50,inf,0.0,0.0,inf,inf,"{'rep': 0, 'n_repetitions': 2}",S5_F,idfQYtUJ2FU,negmas.sao.mechanism.SAOMechanism,idfQYtUJ2FU,27,0.036533583,,0,2,0.9878762575568232,0.5840520094147557,0.5840520094147557,0.5672054735427323,0.7574782994235028,0.5672054735427323,0.5672054735427323,negmas.preferences.ops.OutcomeOptimality,0.5840520094147557
93,False,False,True,4,0.014195584,0.09803921568627451,False,False,"(9, 1, 0, 'basic')",,2,False,,,,{},,[],"[9, 1, 0, 'basic']",ConcederTBNegotiator@1,,2,[],"[None, None]",ConcederTBNegotiator@1,,[],"(0.6759410801963993, 0.5080645161290323)","[0.9999999999999999, 0.9999999999999999]","[0.016366612111292964, 0.0]","(0.0006426653306037134, 0.0012950634439420957)","['ConcederTBNegotiator', 'ConcederTBNegotiator']",,mZlWcwGz_DU,0.014399708015844226,"['ConcederTBNegotiator@0', 'ConcederTBNegotiator@1']","['ConcederTBNegotiator@0', 'ConcederTBNegotiator@1']","['negmas.gb.negotiators.timebased.ConcederTBNegotiator', 'negmas.gb.negotiators.timebased.ConcederTBNegotiator']","[0.007134084997233003, 0.006950375100132078]",50,inf,50,inf,0.0,0.0,inf,inf,"{'rep': 0, 'n_repetitions': 2}",S2_E-1,mZlWcwGz_DU,negmas.sao.mechanism.SAOMechanism,mZlWcwGz_DU,4,0.014195584,,0,2,1.0,0.8898032269892446,0.9269635106480826,0.9111370615807703,0.9639116660136278,0.9111370615807703,0.9111370615807703,negmas.preferences.ops.OutcomeOptimality,0.9269635106480826
94,False,False,True,37,0.032064084,0.7450980392156863,False,False,"(4, 10, 4, 'basic')",,2,False,,,,{},,[],"[4, 10, 4, 'basic']",SmartAspirationNegotiator@1,,2,[],"[None, None]",SmartAspirationNegotiator@1,,[],"(0.3794671864847304, 0.7793597066154879)","[1.0, 1.0]","[0.046783625730994156, 0.09356725146198831]","(0.0007811278057266481, 0.0009639366705748589)","['LinearTBNegotiator', 'SmartAspirationNegotiator']",,_hFNfoaX5aM,0.03785733296535909,"['LinearTBNegotiator@0', 'SmartAspirationNegotiator@1']","['LinearTBNegotiator@0', 'SmartAspirationNegotiator@1']","['negmas.gb.negotiators.timebased.LinearTBNegotiator', 'src.negotiators.SmartAspirationNegotiator']","[0.020778705074917525, 0.01410166418645531]",50,inf,50,inf,0.0,0.0,inf,inf,"{'rep': 1, 'n_repetitions': 2}",S5_F-1,_hFNfoaX5aM,negmas.sao.mechanism.SAOMechanism,_hFNfoaX5aM,37,0.032064084,,1,2,0.9239956174677784,0.7260400905445881,0.7260400905445881,0.7121247880259337,0.7662580823685883,0.7121247880259337,0.7121247880259337,negmas.preferences.ops.OutcomeOptimality,0.7260400905445881
95,False,False,True,38,0.040972917,0.7647058823529411,False,False,"(7, 8, 8, 'basic')",,2,False,,,,{},,[],"[7, 8, 8, 'basic']",LinearTBNegotiator@1,,2,[],"[None, None]",LinearTBNegotiator@1,,[],"(0.7076023391812865, 0.2923976608187134)","[1.0, 1.0]","[0.0, 0.0]","(0.0034960628013070215, 0.004370114375307104)","['BoulwareTBNegotiator', 'LinearTBNegotiator']",,63HTdmgSpjs,0.04124187503475696,"['BoulwareTBNegotiator@0', 'LinearTBNegotiator@1']","['BoulwareTBNegotiator@0', 'LinearTBNegotiator@1']","['negmas.gb.negotiators.timebased.BoulwareTBNegotiator', 'negmas.gb.negotiators.timebased.LinearTBNegotiator']","[0.017053503601346165, 0.021149872103706002]",50,inf,50,inf,0.0,0.0,inf,inf,"{'rep': 0, 'n_repetitions': 2}",S4_A-1,63HTdmgSpjs,negmas.sao.mechanism.SAOMechanism,63HTdmgSpjs,38,0.040972917,,0,2,0.9999999999999999,0.7894736842105263,0.7894736842105263,0.7953216374269007,0.9999999999999998,0.7894736842105263,0.7953216374269007,negmas.preferences.ops.OutcomeOptimality,0.7894736842105263
96,False,False,True,42,0.028957167,0.8431372549019608,False,False,"(0, 5, 9, 'premium')",,2,False,,,,{},,[],"[0, 5, 9, 'premium']",GeniusBOABaselineNegotiator@1,,2,[],"[None, None]",GeniusBOABaselineNegotiator@1,,[],"(0.6031746031746031, 0.582010582010582)","[1.0, 1.0]","[0.023809523809523808, 0.0]","(0.0007754352238636291, 0.002193248997500751)","['BoulwareTBNegotiator', 'GeniusBOABaselineNegotiator']",,Q1CKZcLF7d4,0.02918766700895503,"['BoulwareTBNegotiator@0', 'GeniusBOABaselineNegotiator@1']","['BoulwareTBNegotiator@0', 'GeniusBOABaselineNegotiator@1']","['negmas.gb.negotiators.timebased.BoulwareTBNegotiator', 'src.negotiators.GeniusBOABaselineNegotiator']","[0.01942870271159336, 0.006502492004074156]",50,inf,50,inf,0.0,0.0,inf,inf,"{'rep': 1, 'n_repetitions': 2}",S1_B-1,Q1CKZcLF7d4,negmas.sao.mechanism.SAOMechanism,Q1CKZcLF7d4,42,0.028957167,,1,2,0.9912092750886039,0.9617153631935871,0.9802359416950643,0.9802359416950643,0.9538361758740667,0.9802359416950643,0.9802359416950643,negmas.preferences.ops.OutcomeOptimality,0.9802359416950643
97,False,False,True,27,0.032975917,0.5490196078431373,False,False,"(8, 7, 5, 'standard')",,2,False,,,,{},,[],"[8, 7, 5, 'standard']",LinearTBNegotiator@1,,2,[],"[None, None]",LinearTBNegotiator@1,,[],"(0.6143599740090968, 0.5380116959064328)","[1.0, 1.0]","[0.046783625730994156, 0.09356725146198831]","(0.0007811278057266481, 0.0009639366705748589)","['LinearTBNegotiator', 'LinearTBNegotiator']",,jLPNJ03Q3L8,0.03318395797396079,"['LinearTBNegotiator@0', 'LinearTBNegotiator@1']","['LinearTBNegotiator@0', 'LinearTBNegotiator@1']","['negmas.gb.negotiators.timebased.LinearTBNegotiator', 'negmas.gb.negotiators.timebased.LinearTBNegotiator']","[0.015486457792576402, 0.01544383936561644]",50,inf,50,inf,0.0,0.0,inf,inf,"{'rep': 0, 'n_repetitions': 2}",S5_F-1,jLPNJ03Q3L8,negmas.sao.mechanism.SAOMechanism,jLPNJ03Q3L8,27,0.032975917,,0,2,0.8278591037218082,0.7978060555542934,0.7978060555542934,0.8028481415680127,0.7619896562833707,0.8028481415680127,0.8028481415680127,negmas.preferences.ops.OutcomeOptimality,0.8028481415680127
98,False,False,True,43,0.020394083,0.8627450980392157,False,False,"(2, 9, 3, 'basic')",,2,False,,,,{},,[],"[2, 9, 3, 'basic']",GeniusBOABaselineNegotiator@1,,2,[],"[None, None]",GeniusBOABaselineNegotiator@1,,[],"(0.5873015873015874, 0.5505798964995747)","[1.0, 1.0]","[0.0, 0.023809523809523808]","(0.002193248997500751, 0.0007754352238636291)","['SmartAspirationNegotiator', 'GeniusBOABaselineNegotiator']",,ox5OGokF_5U,0.025327750016003847,"['SmartAspirationNegotiator@0', 'GeniusBOABaselineNegotiator@1']","['SmartAspirationNegotiator@0', 'GeniusBOABaselineNegotiator@1']","['src.negotiators.SmartAspirationNegotiator', 'src.negotiators.GeniusBOABaselineNegotiator']","[0.015389747801236808, 0.006625735142733902]",50,inf,50,inf,0.0,0.0,inf,inf,"{'rep': 1, 'n_repetitions': 2}",S1_B,ox5OGokF_5U,negmas.sao.mechanism.SAOMechanism,ox5OGokF_5U,43,0.020394083,,1,2,0.9609009237432099,0.9532848494831877,0.9541142051663507,0.9541142051663507,0.9157661913713704,0.9541142051663507,0.9541142051663507,negmas.preferences.ops.OutcomeOptimality,0.9541142051663507
99,False,False,True,3,0.013663666,0.0784313725490196,False,False,"(9, 1, 0, 'basic')",,2,False,,,,{},,[],"[9, 1, 0, 'basic']",ConcederTBNegotiator@0,,2,"[['ConcederTBNegotiator@0', [9, 1, 0, 'basic']]]",[None],ConcederTBNegotiator@0,,"[['ConcederTBNegotiator@0', None]]","(0.5080645161290323, 0.6759410801963993)","[0.9999999999999999, 0.9999999999999999]","[0.0, 0.016366612111292964]","(0.0012950634439420957, 0.0006426653306037134)","['ConcederTBNegotiator', 'ConcederTBNegotiator']",,HO5F9qtgSOU,0.01386212499346584,"['ConcederTBNegotiator@0', 'ConcederTBNegotiator@1']","['ConcederTBNegotiator@0', 'ConcederTBNegotiator@1']","['negmas.gb.negotiators.timebased.ConcederTBNegotiator', 'negmas.gb.negotiators.timebased.ConcederTBNegotiator']","[0.006969665875658393, 0.006648377049714327]",50,inf,50,inf,0.0,0.0,inf,inf,"{'rep': 1, 'n_repetitions': 2}",S2_E,HO5F9qtgSOU,negmas.sao.mechanism.SAOMechanism,HO5F9qtgSOU,3,0.013663666,,1,2,1.0,0.8898032269892446,0.9269635106480826,0.9111370615807703,0.9639116660136278,0.9111370615807703,0.9111370615807703,negmas.preferences.ops.OutcomeOptimality,0.9269635106480826
100,False,False,True,41,0.019459709,0.8235294117647058,False,False,"(9, 5, 0, 'basic')",,2,False,,,,{},,[],"[9, 5, 0, 'basic']",SmartAspirationNegotiator@0,,2,"[['SmartAspirationNegotiator@0', [9, 5, 0, 'basic']]]",[None],SmartAspirationNegotiator@0,,"[['SmartAspirationNegotiator@0', None]]","(0.5973813420621931, 0.6048387096774194)","[0.9999999999999999, 0.9999999999999999]","[0.016366612111292964, 0.0]","(0.0007574209704742231, 0.0010624744725208587)","['SmartAspirationNegotiator', 'GeniusBOABaselineNegotiator']",,Sc7FEzENq9k,0.025278042012359947,"['SmartAspirationNegotiator@0', 'GeniusBOABaselineNegotiator@1']","['SmartAspirationNegotiator@0', 'GeniusBOABaselineNegotiator@1']","['src.negotiators.SmartAspirationNegotiator', 'src.negotiators.GeniusBOABaselineNegotiator']","[0.014873003296088427, 0.007210542098619044]",50,inf,50,inf,0.0,0.0,inf,inf,"{'rep': 0, 'n_repetitions': 2}",S3_E-1,Sc7FEzENq9k,negmas.sao.mechanism.SAOMechanism,Sc7FEzENq9k,41,0.019459709,,0,2,1.0,0.9765338686924485,0.9832225744061249,1.0,0.9787402496945685,1.0,1.0,negmas.preferences.ops.OutcomeOptimality,1.0
101,False,False,True,8,0.017748417,0.17647058823529413,False,False,"(9, 9, 9, 'basic')",,2,False,,,,{},,[],"[9, 9, 9, 'basic']",LinearTBNegotiator@1,,2,[],"[None, None]",LinearTBNegotiator@1,,[],"(0.48862897985705, 0.8700454840805718)","[1.0, 1.0]","[0.09356725146198831, 0.046783625730994156]","(0.0009639366705748589, 0.0007811278057266481)","['ConcederTBNegotiator', 'LinearTBNegotiator']",,nbzyNNjDKp8,0.01797599997371435,"['ConcederTBNegotiator@0', 'LinearTBNegotiator@1']","['ConcederTBNegotiator@0', 'LinearTBNegotiator@1']","['negmas.gb.negotiators.timebased.ConcederTBNegotiator', 'negmas.gb.negotiators.timebased.LinearTBNegotiator']","[0.009067706007044762, 0.008269415993709117]",50,inf,50,inf,0.0,0.0,inf,inf,"{'rep': 0, 'n_repetitions': 2}",S5_F,nbzyNNjDKp8,negmas.sao.mechanism.SAOMechanism,nbzyNNjDKp8,8,0.017748417,,0,2,1.0,0.7625130806021299,0.7625130806021299,0.7805360810361862,0.8984044946650847,0.7805360810361862,0.7805360810361862,negmas.preferences.ops.OutcomeOptimality,0.7805360810361862
102,False,False,True,31,0.026596333,0.6274509803921569,False,False,"(9, 10, 9, 'basic')",,2,False,,,,{},,[],"[9, 10, 9, 'basic']",GeniusBOABaselineNegotiator@0,,2,"[['GeniusBOABaselineNegotiator@0', [9, 10, 9, 'basic']]]",[None],GeniusBOABaselineNegotiator@0,,"[['GeniusBOABaselineNegotiator@0', None]]","(0.868421052631579, 0.5935672514619883)","[1.0, 1.0]","[0.046783625730994156, 0.09356725146198831]","(0.0007442816259952948, 0.0008771261662935939)","['GeniusBOABaselineNegotiator', 'LinearTBNegotiator']",,2CtxWbeG5nU,0.026784084038808942,"['GeniusBOABaselineNegotiator@0', 'LinearTBNegotiator@1']","['GeniusBOABaselineNegotiator@0', 'LinearTBNegotiator@1']","['src.negotiators.GeniusBOABaselineNegotiator', 'negmas.gb.negotiators.timebased.LinearTBNegotiator']","[0.006864590046461672, 0.01744949712883681]",50,inf,50,inf,0.0,0.0,inf,inf,"{'rep': 0, 'n_repetitions': 2}",S0_F-1,2CtxWbeG5nU,negmas.sao.mechanism.SAOMechanism,2CtxWbeG5nU,31,0.026596333,,0,2,1.0,0.8324241332371594,0.8324241332371594,0.8513976513554027,0.9667193271145101,0.8513976513554027,0.8513976513554027,negmas.preferences.ops.OutcomeOptimality,0.8513976513554027
103,False,False,True,40,0.032634166,0.803921568627451,False,False,"(6, 4, 9, 'standard')",,2,False,,,,{},,[],"[6, 4, 9, 'standard']",LinearTBNegotiator@1,,2,[],"[None, None]",LinearTBNegotiator@1,,[],"(0.6710310965630115, 0.23703471649526825)","[0.9999999999999999, 0.9999999999999999]","[0.016366612111292964, 0.0]","(0.0006426653306037134, 0.0012950634439420957)","['GeniusBOABaselineNegotiator', 'LinearTBNegotiator']",,2cUZ3vV8E_g,0.03284120903117582,"['GeniusBOABaselineNegotiator@0', 'LinearTBNegotiator@1']","['GeniusBOABaselineNegotiator@0', 'LinearTBNegotiator@1']","['src.negotiators.GeniusBOABaselineNegotiator', 'negmas.gb.negotiators.timebased.LinearTBNegotiator']","[0.0073529110522940755, 0.02236691996222362]",50,inf,50,inf,0.0,0.0,inf,inf,"{'rep': 0, 'n_repetitions': 2}",S2_E-1,2cUZ3vV8E_g,negmas.sao.mechanism.SAOMechanism,2cUZ3vV8E_g,40,0.032634166,,0,2,0.9694735723246475,0.70911502398021,0.7441159507431945,0.7325810824533303,0.7392661263016912,0.7325810824533303,0.7325810824533303,negmas.preferences.ops.OutcomeOptimality,0.7441159507431945
104,False,False,True,43,0.017628125,0.8627450980392157,False,False,"(9, 2, 1, 'premium')",,2,False,,,,{},,[],"[9, 2, 1, 'premium']",GeniusBOABaselineNegotiator@1,,2,[],"[None, None]",GeniusBOABaselineNegotiator@1,,[],"(0.578853046594982, 0.5457355882887797)","[0.9999999999999999, 0.9999999999999999]","[0.0, 0.016366612111292964]","(0.0012950634439420957, 0.0006426653306037134)","['GeniusBOABaselineNegotiator', 'GeniusBOABaselineNegotiator']",,bcBvh0ObbBo,0.017836583021562546,"['GeniusBOABaselineNegotiator@0', 'GeniusBOABaselineNegotiator@1']","['GeniusBOABaselineNegotiator@0', 'GeniusBOABaselineNegotiator@1']","['src.negotiators.GeniusBOABaselineNegotiator', 'src.negotiators.GeniusBOABaselineNegotiator']","[0.007351090665906668, 0.007206537819001824]",50,inf,50,inf,0.0,0.0,inf,inf,"{'rep': 1, 'n_repetitions': 2}",S2_E,bcBvh0ObbBo,negmas.sao.mechanism.SAOMechanism,bcBvh0ObbBo,43,0.017628125,,1,2,0.9587829391141542,0.9474842994747478,0.9483384723776958,0.9587829391141542,0.915539679875679,0.9587829391141542,0.9587829391141542,negmas.preferences.ops.OutcomeOptimality,0.9587829391141542
105,False,False,True,42,0.032838208,0.8431372549019608,False,False,"(9, 2, 0, 'premium')",,2,False,,,,{},,[],"[9, 2, 0, 'premium']",SmartAspirationNegotiator@0,,2,"[['SmartAspirationNegotiator@0', [9, 2, 0, 'premium']]]",[None],SmartAspirationNegotiator@0,,"[['SmartAspirationNegotiator@0', None]]","(0.541734860883797, 0.6854838709677419)","[0.9999999999999999, 0.9999999999999999]","[0.016366612111292964, 0.0]","(0.0006426653306037134, 0.0012950634439420957)","['SmartAspirationNegotiator', 'BoulwareTBNegotiator']",,2brYtYWIFl0,0.038762584037613124,"['SmartAspirationNegotiator@0', 'BoulwareTBNegotiator@1']","['SmartAspirationNegotiator@0', 'BoulwareTBNegotiator@1']","['src.negotiators.SmartAspirationNegotiator', 'negmas.gb.negotiators.timebased.BoulwareTBNegotiator']","[0.015483252122066915, 0.01992557814810425]",50,inf,50,inf,0.0,0.0,inf,inf,"{'rep': 0, 'n_repetitions': 2}",S2_E-1,2brYtYWIFl0,negmas.sao.mechanism.SAOMechanism,2brYtYWIFl0,42,0.032838208,,0,2,1.0,0.9508547189471204,0.9143580762567265,0.9301480822807243,0.9990919435291352,0.9301480822807243,0.9301480822807243,negmas.preferences.ops.OutcomeOptimality,0.9508547189471204
106,False,False,True,32,0.03448225,0.6470588235294118,False,False,"(9, 2, 6, 'basic')",,2,False,,,,{},,[],"[9, 2, 6, 'basic']",SmartAspirationNegotiator@1,,2,[],"[None, None]",SmartAspirationNegotiator@1,,[],"(0.11695906432748539, 0.8830409356725146)","[1.0, 1.0]","[0.0, 0.0]","(0.004370114375307104, 0.0034960628013070215)","['ConcederTBNegotiator', 'SmartAspirationNegotiator']",,CtTZmwDdwKQ,0.039325541991274804,"['ConcederTBNegotiator@0', 'SmartAspirationNegotiator@1']","['ConcederTBNegotiator@0', 'SmartAspirationNegotiator@1']","['negmas.gb.negotiators.timebased.ConcederTBNegotiator', 'src.negotiators.SmartAspirationNegotiator']","[0.025167419982608408, 0.011491538723930717]",50,inf,50,inf,0.0,0.0,inf,inf,"{'rep': 0, 'n_repetitions': 2}",S4_A,CtTZmwDdwKQ,negmas.sao.mechanism.SAOMechanism,CtTZmwDdwKQ,32,0.03448225,,0,2,1.0,0.6140350877192982,0.6140350877192982,0.6198830409356726,1.0,0.6140350877192982,0.6198830409356726,negmas.preferences.ops.OutcomeOptimality,0.6140350877192982
107,False,False,True,21,0.028443958,0.43137254901960786,False,False,"(9, 1, 0, 'standard')",,2,False,,,,{},,[],"[9, 1, 0, 'standard']",LinearTBNegotiator@0,,2,"[['LinearTBNegotiator@0', [9, 1, 0, 'standard']]]",[None],LinearTBNegotiator@0,,"[['LinearTBNegotiator@0', None]]","(0.5887096774193548, 0.6104746317512275)","[0.9999999999999999, 0.9999999999999999]","[0.0, 0.016366612111292964]","(0.0012950634439420957, 0.0006426653306037134)","['LinearTBNegotiator', 'LinearTBNegotiator']",,0NC3g2r7GNY,0.02866975002689287,"['LinearTBNegotiator@0', 'LinearTBNegotiator@1']","['LinearTBNegotiator@0', 'LinearTBNegotiator@1']","['negmas.gb.negotiators.timebased.LinearTBNegotiator', 'negmas.gb.negotiators.timebased.LinearTBNegotiator']","[0.01371862372616306, 0.01325821114005521]",50,inf,50,inf,0.0,0.0,inf,inf,"{'rep': 1, 'n_repetitions': 2}",S2_E,0NC3g2r7GNY,negmas.sao.mechanism.SAOMechanism,0NC3g2r7GNY,21,0.028443958,,1,2,0.9948163616773602,0.962770739134347,0.9948163616773602,0.9851895102634617,0.9762688190810784,0.9851895102634617,0.9851895102634617,negmas.preferences.ops.OutcomeOptimality,0.9948163616773602
108,False,False,True,31,0.033641708,0.6274509803921569,False,False,"(9, 7, 9, 'basic')",,2,False,,,,{},,[],"[9, 7, 9, 'basic']",ConcederTBNegotiator@0,,2,"[['ConcederTBNegotiator@0', [9, 7, 9, 'basic']]]",[None],ConcederTBNegotiator@0,,"[['ConcederTBNegotiator@0', None]]","(0.1185236972314441, 0.8821603927986906)","[0.9999999999999999, 0.9999999999999999]","[0.0, 0.016366612111292964]","(0.0010624744725208587, 0.0007574209704742231)","['ConcederTBNegotiator', 'SmartAspirationNegotiator']",,XO2oO3j4LwM,0.03943208296550438,"['ConcederTBNegotiator@0', 'SmartAspirationNegotiator@1']","['ConcederTBNegotiator@0', 'SmartAspirationNegotiator@1']","['negmas.gb.negotiators.timebased.ConcederTBNegotiator', 'src.negotiators.SmartAspirationNegotiator']","[0.02379136864328757, 0.013192248356062919]",50,inf,50,inf,0.0,0.0,inf,inf,"{'rep': 0, 'n_repetitions': 2}",S3_E,XO2oO3j4LwM,negmas.sao.mechanism.SAOMechanism,XO2oO3j4LwM,31,0.033641708,,0,2,0.9763036178091531,0.575956136137469,0.6132082015172416,0.598227682953997,0.8146676598217358,0.598227682953997,0.598227682953997,negmas.preferences.ops.OutcomeOptimality,0.6132082015172416
109,False,False,True,30,0.03150175,0.6078431372549019,False,False,"(1, 6, 0, 'standard')",,2,False,,,,{},,[],"[1, 6, 0, 'standard']",SmartAspirationNegotiator@0,,2,"[['SmartAspirationNegotiator@0', [1, 6, 0, 'standard']]]",[None],SmartAspirationNegotiator@0,,"[['SmartAspirationNegotiator@0', None]]","(0.8904549021370864, 0.1485724677214039)","[0.9999999999999999, 0.9999999999999999]","[0.0, 0.016366612111292964]","(0.0010624744725208587, 0.0007574209704742231)","['SmartAspirationNegotiator', 'ConcederTBNegotiator']",,o6xM1dcaUZI,0.03704608394764364,"['SmartAspirationNegotiator@0', 'ConcederTBNegotiator@1']","['SmartAspirationNegotiator@0', 'ConcederTBNegotiator@1']","['src.negotiators.SmartAspirationNegotiator', 'negmas.gb.negotiators.timebased.ConcederTBNegotiator']","[0.012961211265064776, 0.021712579764425755]",50,inf,50,inf,0.0,0.0,inf,inf,"{'rep': 1, 'n_repetitions': 2}",S3_E,o6xM1dcaUZI,negmas.sao.mechanism.SAOMechanism,o6xM1dcaUZI,30,0.03150175,,1,2,0.9800410753248283,0.6366318463672536,0.6039651735915272,0.6207403505252886,0.8458833355368517,0.6207403505252886,0.6207403505252886,negmas.preferences.ops.OutcomeOptimality,0.6366318463672536
110,False,False,True,43,0.020630958,0.8627450980392157,False,False,"(9, 2, 0, 'premium')",,2,False,,,,{},,[],"[9, 2, 0, 'premium']",SmartAspirationNegotiator@1,,2,[],"[None, None]",SmartAspirationNegotiator@1,,[],"(0.6854838709677419, 0.541734860883797)","[0.9999999999999999, 0.9999999999999999]","[0.0, 0.016366612111292964]","(0.0012950634439420957, 0.0006426653306037134)","['GeniusBOABaselineNegotiator', 'SmartAspirationNegotiator']",,wtN0R2tV81c,0.02648616605438292,"['GeniusBOABaselineNegotiator@0', 'SmartAspirationNegotiator@1']","['GeniusBOABaselineNegotiator@0', 'SmartAspirationNegotiator@1']","['src.negotiators.GeniusBOABaselineNegotiator', 'src.negotiators.SmartAspirationNegotiator']","[0.007607128180097789, 0.015432292071636766]",50,inf,50,inf,0.0,0.0,inf,inf,"{'rep': 0, 'n_repetitions': 2}",S2_E,wtN0R2tV81c,negmas.sao.mechanism.SAOMechanism,wtN0R2tV81c,43,0.020630958,,0,2,1.0,0.9508547189471204,0.9143580762567265,0.9301480822807243,0.9990919435291352,0.9301480822807243,0.9301480822807243,negmas.preferences.ops.OutcomeOptimality,0.9508547189471204
111,False,False,True,31,0.027953166,0.6274509803921569,False,False,"(9, 9, 9, 'basic')",,2,False,,,,{},,[],"[9, 9, 9, 'basic']",SmartAspirationNegotiator@0,,2,"[['SmartAspirationNegotiator@0', [9, 9, 9, 'basic']]]",[None],SmartAspirationNegotiator@0,,"[['SmartAspirationNegotiator@0', None]]","(0.8700454840805718, 0.48862897985705)","[1.0, 1.0]","[0.046783625730994156, 0.09356725146198831]","(0.0007811278057266481, 0.0009639366705748589)","['SmartAspirationNegotiator', 'LinearTBNegotiator']",,Z-GdCi1M9N0,0.03370875003747642,"['SmartAspirationNegotiator@0', 'LinearTBNegotiator@1']","['SmartAspirationNegotiator@0', 'LinearTBNegotiator@1']","['src.negotiators.SmartAspirationNegotiator', 'negmas.gb.negotiators.timebased.LinearTBNegotiator']","[0.013316801516339183, 0.0176658799755387]",50,inf,50,inf,0.0,0.0,inf,inf,"{'rep': 0, 'n_repetitions': 2}",S5_F-1,Z-GdCi1M9N0,negmas.sao.mechanism.SAOMechanism,Z-GdCi1M9N0,31,0.027953166,,0,2,1.0,0.7625130806021299,0.7625130806021299,0.7805360810361862,0.8984044946650847,0.7805360810361862,0.7805360810361862,negmas.preferences.ops.OutcomeOptimality,0.7805360810361862
112,False,False,True,31,0.031611459,0.6274509803921569,False,False,"(9, 10, 9, 'basic')",,2,False,,,,{},,[],"[9, 10, 9, 'basic']",GeniusBOABaselineNegotiator@0,,2,"[['GeniusBOABaselineNegotiator@0', [9, 10, 9, 'basic']]]",[None],GeniusBOABaselineNegotiator@0,,"[['GeniusBOABaselineNegotiator@0', None]]","(0.868421052631579, 0.5935672514619883)","[1.0, 1.0]","[0.046783625730994156, 0.09356725146198831]","(0.0007811278057266481, 0.0009639366705748589)","['GeniusBOABaselineNegotiator', 'ConcederTBNegotiator']",,qMirTWPX6Vc,0.0318313340540044,"['GeniusBOABaselineNegotiator@0', 'ConcederTBNegotiator@1']","['GeniusBOABaselineNegotiator@0', 'ConcederTBNegotiator@1']","['src.negotiators.GeniusBOABaselineNegotiator', 'negmas.gb.negotiators.timebased.ConcederTBNegotiator']","[0.007021459226962179, 0.022360791102983057]",50,inf,50,inf,0.0,0.0,inf,inf,"{'rep': 1, 'n_repetitions': 2}",S5_F-1,qMirTWPX6Vc,negmas.sao.mechanism.SAOMechanism,qMirTWPX6Vc,31,0.031611459,,1,2,1.0,0.8324241332371594,0.8324241332371594,0.8513976513554027,0.9667193271145101,0.8513976513554027,0.8513976513554027,negmas.preferences.ops.OutcomeOptimality,0.8513976513554027
113,False,False,True,38,0.042288375,0.7647058823529411,False,False,"(8, 6, 9, 'premium')",,2,False,,,,{},,[],"[8, 6, 9, 'premium']",SmartAspirationNegotiator@0,,2,"[['SmartAspirationNegotiator@0', [8, 6, 9, 'premium']]]",[None],SmartAspirationNegotiator@0,,"[['SmartAspirationNegotiator@0', None]]","(0.7099472631387526, 0.2614226440725705)","[0.9999999999999999, 0.9999999999999999]","[0.016366612111292964, 0.0]","(0.0006426653306037134, 0.0012950634439420957)","['SmartAspirationNegotiator', 'LinearTBNegotiator']",,2TX9zODIXLA,0.0481173750013113,"['SmartAspirationNegotiator@0', 'LinearTBNegotiator@1']","['SmartAspirationNegotiator@0', 'LinearTBNegotiator@1']","['src.negotiators.SmartAspirationNegotiator', 'negmas.gb.negotiators.timebased.LinearTBNegotiator']","[0.01673357601976022, 0.028291665308643132]",50,inf,50,inf,0.0,0.0,inf,inf,"{'rep': 1, 'n_repetitions': 2}",S2_E-1,2TX9zODIXLA,negmas.sao.mechanism.SAOMechanism,2TX9zODIXLA,38,0.042288375,,1,2,0.9908502915717833,0.7190358578484184,0.7552784600187009,0.7423561147168696,0.7908026689075016,0.7423561147168696,0.7423561147168696,negmas.preferences.ops.OutcomeOptimality,0.7552784600187009
114,False,False,True,43,0.018122334,0.8627450980392157,False,False,"(7, 10, 8, 'standard')",,2,False,,,,{},,[],"[7, 10, 8, 'standard']",GeniusBOABaselineNegotiator@1,,2,[],"[None, None]",GeniusBOABaselineNegotiator@1,,[],"(0.7894736842105263, 0.559779077322937)","[1.0, 1.0]","[0.09356725146198831, 0.046783625730994156]","(0.0009639366705748589, 0.0007811278057266481)","['GeniusBOABaselineNegotiator', 'GeniusBOABaselineNegotiator']",,NjzVlBurD-M,0.0183525420143269,"['GeniusBOABaselineNegotiator@0', 'GeniusBOABaselineNegotiator@1']","['GeniusBOABaselineNegotiator@0', 'GeniusBOABaselineNegotiator@1']","['src.negotiators.GeniusBOABaselineNegotiator', 'src.negotiators.GeniusBOABaselineNegotiator']","[0.007528801914304495, 0.0074062959174625576]",50,inf,50,inf,0.0,0.0,inf,inf,"{'rep': 0, 'n_repetitions': 2}",S5_F,NjzVlBurD-M,negmas.sao.mechanism.SAOMechanism,NjzVlBurD-M,43,0.018122334,,0,2,0.9573599675039428,0.8625646620321361,0.8625646620321361,0.8474798110912376,0.8921745256681245,0.8474798110912376,0.8474798110912376,negmas.preferences.ops.OutcomeOptimality,0.8625646620321361
115,False,False,True,43,0.031120792,0.8627450980392157,False,False,"(8, 8, 4, 'premium')",,2,False,,,,{},,[],"[8, 8, 4, 'premium']",BoulwareTBNegotiator@0,,2,"[['BoulwareTBNegotiator@0', [8, 8, 4, 'premium']]]",[None],BoulwareTBNegotiator@0,,"[['BoulwareTBNegotiator@0', None]]","(0.5185185185185185, 0.55843702955246)","[1.0, 1.0]","[0.046783625730994156, 0.09356725146198831]","(0.0007811278057266481, 0.0009639366705748589)","['BoulwareTBNegotiator', 'GeniusBOABaselineNegotiator']",,ySALVN4HcP8,0.03135129198199138,"['BoulwareTBNegotiator@0', 'GeniusBOABaselineNegotiator@1']","['BoulwareTBNegotiator@0', 'GeniusBOABaselineNegotiator@1']","['negmas.gb.negotiators.timebased.BoulwareTBNegotiator', 'src.negotiators.GeniusBOABaselineNegotiator']","[0.02069146023131907, 0.00728466414147988]",50,inf,50,inf,0.0,0.0,inf,inf,"{'rep': 1, 'n_repetitions': 2}",S5_F-1,ySALVN4HcP8,negmas.sao.mechanism.SAOMechanism,ySALVN4HcP8,43,0.031120792,,1,2,0.7817356951733825,0.7659319509600617,0.7659319509600617,0.7651664033242354,0.7121218000501757,0.7651664033242354,0.7651664033242354,negmas.preferences.ops.OutcomeOptimality,0.7659319509600617
116,False,False,True,32,0.036504667,0.6470588235294118,False,False,"(9, 9, 9, 'basic')",,2,False,,,,{},,[],"[9, 9, 9, 'basic']",BoulwareTBNegotiator@1,,2,[],"[None, None]",BoulwareTBNegotiator@1,,[],"(0.48862897985705, 0.8700454840805718)","[1.0, 1.0]","[0.09356725146198831, 0.046783625730994156]","(0.0008771261662935939, 0.0007442816259952948)","['LinearTBNegotiator', 'BoulwareTBNegotiator']",,Zef-9ABhlVA,0.0367730000289157,"['LinearTBNegotiator@0', 'BoulwareTBNegotiator@1']","['LinearTBNegotiator@0', 'BoulwareTBNegotiator@1']","['negmas.gb.negotiators.timebased.LinearTBNegotiator', 'negmas.gb.negotiators.timebased.BoulwareTBNegotiator']","[0.018150875344872475, 0.016059455228969455]",50,inf,50,inf,0.0,0.0,inf,inf,"{'rep': 1, 'n_repetitions': 2}",S0_F,Zef-9ABhlVA,negmas.sao.mechanism.SAOMechanism,Zef-9ABhlVA,32,0.036504667,,1,2,1.0,0.7625130806021299,0.7625130806021299,0.7805360810361862,0.8984044946650847,0.7805360810361862,0.7805360810361862,negmas.preferences.ops.OutcomeOptimality,0.7805360810361862
117,False,False,True,28,0.029287792,0.5686274509803921,False,False,"(0, 3, 0, 'premium')",,2,False,,,,{},,[],"[0, 3, 0, 'premium']",GeniusBOABaselineNegotiator@1,,2,[],"[None, None]",GeniusBOABaselineNegotiator@1,,[],"(0.15384615384615385, 0.9232683981793433)","[0.9999999999999999, 0.9999999999999999]","[0.016366612111292964, 0.0]","(0.0006426653306037134, 0.0012950634439420957)","['ConcederTBNegotiator', 'GeniusBOABaselineNegotiator']",,UydsoVz4RJw,0.029507083003409207,"['ConcederTBNegotiator@0', 'GeniusBOABaselineNegotiator@1']","['ConcederTBNegotiator@0', 'GeniusBOABaselineNegotiator@1']","['negmas.gb.negotiators.timebased.ConcederTBNegotiator', 'src.negotiators.GeniusBOABaselineNegotiator']","[0.02058817003853619, 0.00671542133204639]",50,inf,50,inf,0.0,0.0,inf,inf,"{'rep': 1, 'n_repetitions': 2}",S2_E-1,UydsoVz4RJw,negmas.sao.mechanism.SAOMechanism,UydsoVz4RJw,28,0.029287792,,1,2,1.0,0.6276054466489961,0.5939791687865419,0.6107442472375311,0.8768905193967101,0.6107442472375311,0.6107442472375311,negmas.preferences.ops.OutcomeOptimality,0.6276054466489961
118,False,False,True,43,0.030499208,0.8627450980392157,False,False,"(7, 10, 8, 'standard')",,2,False,,,,{},,[],"[7, 10, 8, 'standard']",GeniusBOABaselineNegotiator@1,,2,[],"[None, None]",GeniusBOABaselineNegotiator@1,,[],"(0.7894736842105263, 0.559779077322937)","[1.0, 1.0]","[0.09356725146198831, 0.046783625730994156]","(0.0009639366705748589, 0.0007811278057266481)","['BoulwareTBNegotiator', 'GeniusBOABaselineNegotiator']",,WkgQHqZe3Do,0.030699416005518287,"['BoulwareTBNegotiator@0', 'GeniusBOABaselineNegotiator@1']","['BoulwareTBNegotiator@0', 'GeniusBOABaselineNegotiator@1']","['negmas.gb.negotiators.timebased.BoulwareTBNegotiator', 'src.negotiators.GeniusBOABaselineNegotiator']","[0.02016229322180152, 0.00718654174124822]",50,inf,50,inf,0.0,0.0,inf,inf,"{'rep': 1, 'n_repetitions': 2}",S5_F,WkgQHqZe3Do,negmas.sao.mechanism.SAOMechanism,WkgQHqZe3Do,43,0.030499208,,1,2,0.9573599675039428,0.8625646620321361,0.8625646620321361,0.8474798110912376,0.8921745256681245,0.8474798110912376,0.8474798110912376,negmas.preferences.ops.OutcomeOptimality,0.8625646620321361
119,False,False,True,32,0.031805167,0.6470588235294118,False,False,"(8, 1, 5, 'basic')",,2,False,,,,{},,[],"[8, 1, 5, 'basic']",ConcederTBNegotiator@1,,2,[],"[None, None]",ConcederTBNegotiator@1,,[],"(0.8538011695906432, 0.14619883040935672)","[1.0, 1.0]","[0.0, 0.0]","(0.0034960628013070215, 0.004370114375307104)","['GeniusBOABaselineNegotiator', 'ConcederTBNegotiator']",,lQnFhd4Z2ms,0.03203050000593066,"['GeniusBOABaselineNegotiator@0', 'ConcederTBNegotiator@1']","['GeniusBOABaselineNegotiator@0', 'ConcederTBNegotiator@1']","['src.negotiators.GeniusBOABaselineNegotiator', 'negmas.gb.negotiators.timebased.ConcederTBNegotiator']","[0.0060022485558874905, 0.023489330953452736]",50,inf,50,inf,0.0,0.0,inf,inf,"{'rep': 1, 'n_repetitions': 2}",S4_A-1,lQnFhd4Z2ms,negmas.sao.mechanism.SAOMechanism,lQnFhd4Z2ms,32,0.031805167,,1,2,1.0,0.6432748538011697,0.6432748538011697,0.6491228070175439,1.0,0.6432748538011697,0.6491228070175439,negmas.preferences.ops.OutcomeOptimality,0.6432748538011697
120,False,False,True,29,0.038165,0.5882352941176471,False,False,"(1, 3, 0, 'premium')",,2,False,,,,{},,[],"[1, 3, 0, 'premium']",BoulwareTBNegotiator@0,,2,"[['BoulwareTBNegotiator@0', [1, 3, 0, 'premium']]]",[None],BoulwareTBNegotiator@0,,"[['BoulwareTBNegotiator@0', None]]","(0.8990748497922465, 0.15839243498817968)","[0.9999999999999999, 0.9999999999999999]","[0.0, 0.016366612111292964]","(0.0012950634439420957, 0.0006426653306037134)","['BoulwareTBNegotiator', 'ConcederTBNegotiator']",,GSU6PQBLV-g,0.03838108404306695,"['BoulwareTBNegotiator@0', 'ConcederTBNegotiator@1']","['BoulwareTBNegotiator@0', 'ConcederTBNegotiator@1']","['negmas.gb.negotiators.timebased.BoulwareTBNegotiator', 'negmas.gb.negotiators.timebased.ConcederTBNegotiator']","[0.015545543748885393, 0.020483244326896966]",50,inf,50,inf,0.0,0.0,inf,inf,"{'rep': 0, 'n_repetitions': 2}",S2_E,GSU6PQBLV-g,negmas.sao.mechanism.SAOMechanism,GSU6PQBLV-g,29,0.038165,,0,2,0.9888399765136822,0.6395440404757784,0.6064640701267894,0.6232411012448391,0.8608954682233152,0.6232411012448391,0.6232411012448391,negmas.preferences.ops.OutcomeOptimality,0.6395440404757784
121,False,False,True,31,0.035689209,0.6274509803921569,False,False,"(9, 9, 9, 'basic')",,2,False,,,,{},,[],"[9, 9, 9, 'basic']",BoulwareTBNegotiator@0,,2,"[['BoulwareTBNegotiator@0', [9, 9, 9, 'basic']]]",[None],BoulwareTBNegotiator@0,,"[['BoulwareTBNegotiator@0', None]]","(0.8700454840805718, 0.48862897985705)","[1.0, 1.0]","[0.046783625730994156, 0.09356725146198831]","(0.0007442816259952948, 0.0008771261662935939)","['BoulwareTBNegotiator', 'LinearTBNegotiator']",,7PYBmx_6h4Y,0.03589574998477474,"['BoulwareTBNegotiator@0', 'LinearTBNegotiator@1']","['BoulwareTBNegotiator@0', 'LinearTBNegotiator@1']","['negmas.gb.negotiators.timebased.BoulwareTBNegotiator', 'negmas.gb.negotiators.timebased.LinearTBNegotiator']","[0.01618800003780052, 0.01727208582451567]",50,inf,50,inf,0.0,0.0,inf,inf,"{'rep': 1, 'n_repetitions': 2}",S0_F-1,7PYBmx_6h4Y,negmas.sao.mechanism.SAOMechanism,7PYBmx_6h4Y,31,0.035689209,,1,2,1.0,0.7625130806021299,0.7625130806021299,0.7805360810361862,0.8984044946650847,0.7805360810361862,0.7805360810361862,negmas.preferences.ops.OutcomeOptimality,0.7805360810361862
122,False,False,True,43,0.019475875,0.8627450980392157,False,False,"(2, 5, 7, 'standard')",,2,False,,,,{},,[],"[2, 5, 7, 'standard']",GeniusBOABaselineNegotiator@0,,2,"[['GeniusBOABaselineNegotiator@0', [2, 5, 7, 'standard']]]",[None],GeniusBOABaselineNegotiator@0,,"[['GeniusBOABaselineNegotiator@0', None]]","(0.4970760233918128, 0.5029239766081871)","[1.0, 1.0]","[0.0, 0.0]","(0.004370114375307104, 0.0034960628013070215)","['GeniusBOABaselineNegotiator', 'SmartAspirationNegotiator']",,N6rN0lDylR8,0.02423579100286588,"['GeniusBOABaselineNegotiator@0', 'SmartAspirationNegotiator@1']","['GeniusBOABaselineNegotiator@0', 'SmartAspirationNegotiator@1']","['src.negotiators.GeniusBOABaselineNegotiator', 'src.negotiators.SmartAspirationNegotiator']","[0.00641654699575156, 0.014521535078529269]",50,inf,50,inf,0.0,0.0,inf,inf,"{'rep': 0, 'n_repetitions': 2}",S4_A,N6rN0lDylR8,negmas.sao.mechanism.SAOMechanism,N6rN0lDylR8,43,0.019475875,,0,2,0.9999999999999999,0.9941520467836257,0.9941520467836257,0.9999999999999999,0.9999999999999999,0.9941520467836257,0.9999999999999999,negmas.preferences.ops.OutcomeOptimality,0.9941520467836257
123,False,False,True,43,0.015950167,0.8627450980392157,False,False,"(2, 3, 8, 'premium')",,2,False,,,,{},,[],"[2, 3, 8, 'premium']",GeniusBOABaselineNegotiator@0,,2,"[['GeniusBOABaselineNegotiator@0', [2, 3, 8, 'premium']]]",[None],GeniusBOABaselineNegotiator@0,,"[['GeniusBOABaselineNegotiator@0', None]]","(0.4970760233918128, 0.502923976608187)","[1.0, 1.0]","[0.0, 0.0]","(0.0034960628013070215, 0.004370114375307104)","['GeniusBOABaselineNegotiator', 'GeniusBOABaselineNegotiator']",,rZUO_L_0-xc,0.016185874992515892,"['GeniusBOABaselineNegotiator@0', 'GeniusBOABaselineNegotiator@1']","['GeniusBOABaselineNegotiator@0', 'GeniusBOABaselineNegotiator@1']","['src.negotiators.GeniusBOABaselineNegotiator', 'src.negotiators.GeniusBOABaselineNegotiator']","[0.006677667028270662, 0.006212910113390535]",50,inf,50,inf,0.0,0.0,inf,inf,"{'rep': 0, 'n_repetitions': 2}",S4_A-1,rZUO_L_0-xc,negmas.sao.mechanism.SAOMechanism,rZUO_L_0-xc,43,0.015950167,,0,2,0.9999999999999998,0.9999999999999998,0.9999999999999998,0.9999999999999998,0.9999999999999998,0.9999999999999998,0.9999999999999998,negmas.preferences.ops.OutcomeOptimality,0.9999999999999998
124,False,False,True,29,0.029740375,0.5882352941176471,False,False,"(3, 1, 9, 'basic')",,2,False,,,,{},,[],"[3, 1, 9, 'basic']",GeniusBOABaselineNegotiator@0,,2,"[['GeniusBOABaselineNegotiator@0', [3, 1, 9, 'basic']]]",[None],GeniusBOABaselineNegotiator@0,,"[['GeniusBOABaselineNegotiator@0', None]]","(0.9047619047619048, 0.15873015873015878)","[1.0, 1.0]","[0.023809523809523808, 0.0]","(0.0007754352238636291, 0.002193248997500751)","['GeniusBOABaselineNegotiator', 'ConcederTBNegotiator']",,mNpQUGlzwY8,0.030003708961885422,"['GeniusBOABaselineNegotiator@0', 'ConcederTBNegotiator@1']","['GeniusBOABaselineNegotiator@0', 'ConcederTBNegotiator@1']","['src.negotiators.GeniusBOABaselineNegotiator', 'negmas.gb.negotiators.timebased.ConcederTBNegotiator']","[0.006151498935651034, 0.021571533870883286]",50,inf,50,inf,0.0,0.0,inf,inf,"{'rep': 1, 'n_repetitions': 2}",S1_B-1,mNpQUGlzwY8,negmas.sao.mechanism.SAOMechanism,mNpQUGlzwY8,29,0.029740375,,1,2,1.0,0.5935926814596778,0.6156542004475094,0.6156542004475094,0.8558976399584259,0.6156542004475094,0.6156542004475094,negmas.preferences.ops.OutcomeOptimality,0.6156542004475094
125,False,False,True,36,0.040328583,0.7254901960784313,False,False,"(5, 3, 0, 'standard')",,2,False,,,,{},,[],"[5, 3, 0, 'standard']",BoulwareTBNegotiator@0,,2,"[['BoulwareTBNegotiator@0', [5, 3, 0, 'standard']]]",[None],BoulwareTBNegotiator@0,,"[['BoulwareTBNegotiator@0', None]]","(0.7539135594696658, 0.3166030187306783)","[0.9999999999999999, 0.9999999999999999]","[0.0, 0.016366612111292964]","(0.0012950634439420957, 0.0006426653306037134)","['BoulwareTBNegotiator', 'LinearTBNegotiator']",,-R11JAESuD4,0.04058208398055285,"['BoulwareTBNegotiator@0', 'LinearTBNegotiator@1']","['BoulwareTBNegotiator@0', 'LinearTBNegotiator@1']","['negmas.gb.negotiators.timebased.BoulwareTBNegotiator', 'negmas.gb.negotiators.timebased.LinearTBNegotiator']","[0.018028668186161667, 0.019721248070709407]",50,inf,50,inf,0.0,0.0,inf,inf,"{'rep': 0, 'n_repetitions': 2}",S2_E,-R11JAESuD4,negmas.sao.mechanism.SAOMechanism,-R11JAESuD4,36,0.040328583,,0,2,0.9676090921129151,0.7874967847247605,0.7566580799973476,0.7733644806400886,0.8715190380778248,0.7733644806400886,0.7733644806400886,negmas.preferences.ops.OutcomeOptimality,0.7874967847247605
126,False,False,True,31,0.033631167,0.6274509803921569,False,False,"(9, 7, 9, 'basic')",,2,False,,,,{},,[],"[9, 7, 9, 'basic']",ConcederTBNegotiator@0,,2,"[['ConcederTBNegotiator@0', [9, 7, 9, 'basic']]]",[None],ConcederTBNegotiator@0,,"[['ConcederTBNegotiator@0', None]]","(0.1185236972314441, 0.8821603927986906)","[0.9999999999999999, 0.9999999999999999]","[0.0, 0.016366612111292964]","(0.0012950634439420957, 0.0006426653306037134)","['ConcederTBNegotiator', 'SmartAspirationNegotiator']",,B2rLfOiQF2A,0.03946874995017424,"['ConcederTBNegotiator@0', 'SmartAspirationNegotiator@1']","['ConcederTBNegotiator@0', 'SmartAspirationNegotiator@1']","['negmas.gb.negotiators.timebased.ConcederTBNegotiator', 'src.negotiators.SmartAspirationNegotiator']","[0.023858463566284627, 0.0131906209862791]",50,inf,50,inf,0.0,0.0,inf,inf,"{'rep': 0, 'n_repetitions': 2}",S2_E,B2rLfOiQF2A,negmas.sao.mechanism.SAOMechanism,B2rLfOiQF2A,31,0.033631167,,0,2,0.9763036178091531,0.575956136137469,0.6132082015172416,0.598227682953997,0.8146676598217358,0.598227682953997,0.598227682953997,negmas.preferences.ops.OutcomeOptimality,0.6132082015172416
127,False,False,True,27,0.033191292,0.5490196078431373,False,False,"(8, 7, 5, 'standard')",,2,False,,,,{},,[],"[8, 7, 5, 'standard']",LinearTBNegotiator@1,,2,[],"[None, None]",LinearTBNegotiator@1,,[],"(0.6143599740090968, 0.5380116959064328)","[1.0, 1.0]","[0.046783625730994156, 0.09356725146198831]","(0.0007811278057266481, 0.0009639366705748589)","['LinearTBNegotiator', 'LinearTBNegotiator']",,QlrPLQUiYqw,0.033423666027374566,"['LinearTBNegotiator@0', 'LinearTBNegotiator@1']","['LinearTBNegotiator@0', 'LinearTBNegotiator@1']","['negmas.gb.negotiators.timebased.LinearTBNegotiator', 'negmas.gb.negotiators.timebased.LinearTBNegotiator']","[0.01541399781126529, 0.015882038278505206]",50,inf,50,inf,0.0,0.0,inf,inf,"{'rep': 1, 'n_repetitions': 2}",S5_F-1,QlrPLQUiYqw,negmas.sao.mechanism.SAOMechanism,QlrPLQUiYqw,27,0.033191292,,1,2,0.8278591037218082,0.7978060555542934,0.7978060555542934,0.8028481415680127,0.7619896562833707,0.8028481415680127,0.8028481415680127,negmas.preferences.ops.OutcomeOptimality,0.8028481415680127
128,False,False,True,38,0.040599292,0.7647058823529411,False,False,"(7, 8, 1, 'premium')",,2,False,,,,{},,[],"[7, 8, 1, 'premium']",LinearTBNegotiator@1,,2,[],"[None, None]",LinearTBNegotiator@1,,[],"(0.7076023391812865, 0.2923976608187134)","[1.0, 1.0]","[0.0, 0.0]","(0.004370114375307104, 0.0034960628013070215)","['BoulwareTBNegotiator', 'LinearTBNegotiator']",,Pj9jgKu7EkY,0.04085754102561623,"['BoulwareTBNegotiator@0', 'LinearTBNegotiator@1']","['BoulwareTBNegotiator@0', 'LinearTBNegotiator@1']","['negmas.gb.negotiators.timebased.BoulwareTBNegotiator', 'negmas.gb.negotiators.timebased.LinearTBNegotiator']","[0.01702962932176888, 0.020815835043322295]",50,inf,50,inf,0.0,0.0,inf,inf,"{'rep': 1, 'n_repetitions': 2}",S4_A,Pj9jgKu7EkY,negmas.sao.mechanism.SAOMechanism,Pj9jgKu7EkY,38,0.040599292,,1,2,0.9999999999999999,0.7953216374269007,0.7953216374269007,0.7953216374269007,0.9999999999999998,0.7953216374269007,0.7953216374269007,negmas.preferences.ops.OutcomeOptimality,0.7953216374269007
129,False,False,True,37,0.018226083,0.7450980392156863,False,False,"(9, 10, 7, 'standard')",,2,False,,,,{},,[],"[9, 10, 7, 'standard']",SmartAspirationNegotiator@0,,2,"[['SmartAspirationNegotiator@0', [9, 10, 7, 'standard']]]",[None],SmartAspirationNegotiator@0,,"[['SmartAspirationNegotiator@0', None]]","(0.7397660818713451, 0.7725532264198727)","[1.0, 1.0]","[0.046783625730994156, 0.09356725146198831]","(0.0007442816259952948, 0.0008771261662935939)","['SmartAspirationNegotiator', 'GeniusBOABaselineNegotiator']",,9dZ_UFlKIaE,0.023886000039055943,"['SmartAspirationNegotiator@0', 'GeniusBOABaselineNegotiator@1']","['SmartAspirationNegotiator@0', 'GeniusBOABaselineNegotiator@1']","['src.negotiators.SmartAspirationNegotiator', 'src.negotiators.GeniusBOABaselineNegotiator']","[0.01388166710967198, 0.007117743953131139]",50,inf,50,inf,0.0,0.0,inf,inf,"{'rep': 1, 'n_repetitions': 2}",S0_F-1,9dZ_UFlKIaE,negmas.sao.mechanism.SAOMechanism,9dZ_UFlKIaE,37,0.018226083,,1,2,1.0,1.0,1.0,0.9807999989329749,1.0,0.9807999989329749,0.9807999989329749,negmas.preferences.ops.OutcomeOptimality,1.0
130,False,False,True,37,0.020309333,0.7450980392156863,False,False,"(9, 10, 7, 'standard')",,2,False,,,,{},,[],"[9, 10, 7, 'standard']",SmartAspirationNegotiator@0,,2,"[['SmartAspirationNegotiator@0', [9, 10, 7, 'standard']]]",[None],SmartAspirationNegotiator@0,,"[['SmartAspirationNegotiator@0', None]]","(0.7397660818713451, 0.7725532264198727)","[1.0, 1.0]","[0.046783625730994156, 0.09356725146198831]","(0.0007442816259952948, 0.0008771261662935939)","['SmartAspirationNegotiator', 'SmartAspirationNegotiator']",,K8s_FPDJetM,0.03228991699870676,"['SmartAspirationNegotiator@0', 'SmartAspirationNegotiator@1']","['SmartAspirationNegotiator@0', 'SmartAspirationNegotiator@1']","['src.negotiators.SmartAspirationNegotiator', 'src.negotiators.SmartAspirationNegotiator']","[0.014469580783043057, 0.014893370622303337]",50,inf,50,inf,0.0,0.0,inf,inf,"{'rep': 0, 'n_repetitions': 2}",S0_F-1,K8s_FPDJetM,negmas.sao.mechanism.SAOMechanism,K8s_FPDJetM,37,0.020309333,,0,2,1.0,1.0,1.0,0.9807999989329749,1.0,0.9807999989329749,0.9807999989329749,negmas.preferences.ops.OutcomeOptimality,1.0
131,False,False,True,4,0.012755583,0.09803921568627451,False,False,"(7, 6, 7, 'premium')",,2,False,,,,{},,[],"[7, 6, 7, 'premium']",ConcederTBNegotiator@1,,2,[],"[None, None]",ConcederTBNegotiator@1,,[],"(0.47368421052631576, 0.5263157894736841)","[1.0, 1.0]","[0.0, 0.0]","(0.004370114375307104, 0.0034960628013070215)","['ConcederTBNegotiator', 'ConcederTBNegotiator']",,ZeFLPhfr0J0,0.012967834016308188,"['ConcederTBNegotiator@0', 'ConcederTBNegotiator@1']","['ConcederTBNegotiator@0', 'ConcederTBNegotiator@1']","['negmas.gb.negotiators.timebased.ConcederTBNegotiator', 'negmas.gb.negotiators.timebased.ConcederTBNegotiator']","[0.006411793176084757, 0.0062408349476754665]",50,inf,50,inf,0.0,0.0,inf,inf,"{'rep': 1, 'n_repetitions': 2}",S4_A,ZeFLPhfr0J0,negmas.sao.mechanism.SAOMechanism,ZeFLPhfr0J0,4,0.012755583,,1,2,0.9999999999999999,0.9707602339181287,0.9707602339181287,0.976608187134503,0.9999999999999998,0.9707602339181287,0.976608187134503,negmas.preferences.ops.OutcomeOptimality,0.9707602339181287
132,False,False,True,43,0.029616709,0.8627450980392157,False,False,"(2, 3, 8, 'premium')",,2,False,,,,{},,[],"[2, 3, 8, 'premium']",BoulwareTBNegotiator@0,,2,"[['BoulwareTBNegotiator@0', [2, 3, 8, 'premium']]]",[None],BoulwareTBNegotiator@0,,"[['BoulwareTBNegotiator@0', None]]","(0.4970760233918128, 0.502923976608187)","[1.0, 1.0]","[0.0, 0.0]","(0.0034960628013070215, 0.004370114375307104)","['BoulwareTBNegotiator', 'GeniusBOABaselineNegotiator']",,Nn957ArC9g8,0.02983820898225531,"['BoulwareTBNegotiator@0', 'GeniusBOABaselineNegotiator@1']","['BoulwareTBNegotiator@0', 'GeniusBOABaselineNegotiator@1']","['negmas.gb.negotiators.timebased.BoulwareTBNegotiator', 'src.negotiators.GeniusBOABaselineNegotiator']","[0.020197754842229187, 0.006277953332755715]",50,inf,50,inf,0.0,0.0,inf,inf,"{'rep': 0, 'n_repetitions': 2}",S4_A-1,Nn957ArC9g8,negmas.sao.mechanism.SAOMechanism,Nn957ArC9g8,43,0.029616709,,0,2,0.9999999999999998,0.9999999999999998,0.9999999999999998,0.9999999999999998,0.9999999999999998,0.9999999999999998,0.9999999999999998,negmas.preferences.ops.OutcomeOptimality,0.9999999999999998
133,False,False,True,36,0.030832083,0.7254901960784313,False,False,"(4, 10, 4, 'basic')",,2,False,,,,{},,[],"[4, 10, 4, 'basic']",SmartAspirationNegotiator@0,,2,"[['SmartAspirationNegotiator@0', [4, 10, 4, 'basic']]]",[None],SmartAspirationNegotiator@0,,"[['SmartAspirationNegotiator@0', None]]","(0.7793597066154879, 0.3794671864847304)","[1.0, 1.0]","[0.09356725146198831, 0.046783625730994156]","(0.0009639366705748589, 0.0007811278057266481)","['SmartAspirationNegotiator', 'LinearTBNegotiator']",,0dPemw4oBxo,0.036737959017045796,"['SmartAspirationNegotiator@0', 'LinearTBNegotiator@1']","['SmartAspirationNegotiator@0', 'LinearTBNegotiator@1']","['src.negotiators.SmartAspirationNegotiator', 'negmas.gb.negotiators.timebased.LinearTBNegotiator']","[0.014215670817065984, 0.0196931577520445]",50,inf,50,inf,0.0,0.0,inf,inf,"{'rep': 0, 'n_repetitions': 2}",S5_F,0dPemw4oBxo,negmas.sao.mechanism.SAOMechanism,0dPemw4oBxo,36,0.030832083,,0,2,0.9239956174677784,0.7260400905445881,0.7260400905445881,0.7121247880259337,0.7662580823685883,0.7121247880259337,0.7121247880259337,negmas.preferences.ops.OutcomeOptimality,0.7260400905445881
134,False,False,True,8,0.017810792,0.17647058823529413,False,False,"(9, 9, 9, 'basic')",,2,False,,,,{},,[],"[9, 9, 9, 'basic']",LinearTBNegotiator@1,,2,[],"[None, None]",LinearTBNegotiator@1,,[],"(0.48862897985705, 0.8700454840805718)","[1.0, 1.0]","[0.09356725146198831, 0.046783625730994156]","(0.0008771261662935939, 0.0007442816259952948)","['ConcederTBNegotiator', 'LinearTBNegotiator']",,5tXS8yl7W2o,0.0180143749457784,"['ConcederTBNegotiator@0', 'LinearTBNegotiator@1']","['ConcederTBNegotiator@0', 'LinearTBNegotiator@1']","['negmas.gb.negotiators.timebased.ConcederTBNegotiator', 'negmas.gb.negotiators.timebased.LinearTBNegotiator']","[0.009109713835641742, 0.008269582700449973]",50,inf,50,inf,0.0,0.0,inf,inf,"{'rep': 0, 'n_repetitions': 2}",S0_F,5tXS8yl7W2o,negmas.sao.mechanism.SAOMechanism,5tXS8yl7W2o,8,0.017810792,,0,2,1.0,0.7625130806021299,0.7625130806021299,0.7805360810361862,0.8984044946650847,0.7805360810361862,0.7805360810361862,negmas.preferences.ops.OutcomeOptimality,0.7805360810361862
135,False,False,True,22,0.027711916,0.45098039215686275,False,False,"(9, 1, 0, 'standard')",,2,False,,,,{},,[],"[9, 1, 0, 'standard']",LinearTBNegotiator@1,,2,[],"[None, None]",LinearTBNegotiator@1,,[],"(0.6104746317512275, 0.5887096774193548)","[0.9999999999999999, 0.9999999999999999]","[0.016366612111292964, 0.0]","(0.0006426653306037134, 0.0012950634439420957)","['LinearTBNegotiator', 'LinearTBNegotiator']",,QOz92RT3z2c,0.027956042031291872,"['LinearTBNegotiator@0', 'LinearTBNegotiator@1']","['LinearTBNegotiator@0', 'LinearTBNegotiator@1']","['negmas.gb.negotiators.timebased.LinearTBNegotiator', 'negmas.gb.negotiators.timebased.LinearTBNegotiator']","[0.01296291803009808, 0.013264707929920405]",50,inf,50,inf,0.0,0.0,inf,inf,"{'rep': 0, 'n_repetitions': 2}",S2_E-1,QOz92RT3z2c,negmas.sao.mechanism.SAOMechanism,QOz92RT3z2c,22,0.027711916,,0,2,0.9948163616773602,0.962770739134347,0.9948163616773602,0.9851895102634617,0.9762688190810784,0.9851895102634617,0.9851895102634617,negmas.preferences.ops.OutcomeOptimality,0.9948163616773602
136,False,False,True,42,0.033400375,0.8431372549019608,False,False,"(4, 8, 8, 'premium')",,2,False,,,,{},,[],"[4, 8, 8, 'premium']",BoulwareTBNegotiator@1,,2,[],"[None, None]",BoulwareTBNegotiator@1,,[],"(0.5904521398386507, 0.5873015873015872)","[1.0, 1.0]","[0.023809523809523808, 0.0]","(0.0007754352238636291, 0.002193248997500751)","['SmartAspirationNegotiator', 'BoulwareTBNegotiator']",,ZP1xuupJDfE,0.03848824999295175,"['SmartAspirationNegotiator@0', 'BoulwareTBNegotiator@1']","['SmartAspirationNegotiator@0', 'BoulwareTBNegotiator@1']","['src.negotiators.SmartAspirationNegotiator', 'negmas.gb.negotiators.timebased.BoulwareTBNegotiator']","[0.016341834736522287, 0.018872412852942944]",50,inf,50,inf,0.0,0.0,inf,inf,"{'rep': 1, 'n_repetitions': 2}",S1_B-1,ZP1xuupJDfE,negmas.sao.mechanism.SAOMechanism,ZP1xuupJDfE,42,0.033400375,,1,2,0.9829625189076004,0.9657533700827802,0.9788365509746099,0.9788365509746099,0.947855343839237,0.9788365509746099,0.9788365509746099,negmas.preferences.ops.OutcomeOptimality,0.9788365509746099
137,False,False,True,44,0.044832041,0.8823529411764706,False,False,"(9, 10, 1, 'basic')",,2,False,,,,{},,[],"[9, 10, 1, 'basic']",BoulwareTBNegotiator@1,,2,[],"[None, None]",BoulwareTBNegotiator@1,,[],"(0.5465949820788529, 0.503182396799418)","[0.9999999999999999, 0.9999999999999999]","[0.0, 0.016366612111292964]","(0.0010624744725208587, 0.0007574209704742231)","['BoulwareTBNegotiator', 'BoulwareTBNegotiator']",,fptLPsvhTiI,0.0450834590010345,"['BoulwareTBNegotiator@0', 'BoulwareTBNegotiator@1']","['BoulwareTBNegotiator@0', 'BoulwareTBNegotiator@1']","['negmas.gb.negotiators.timebased.BoulwareTBNegotiator', 'negmas.gb.negotiators.timebased.BoulwareTBNegotiator']","[0.020898373681120574, 0.0207452088361606]",50,inf,50,inf,0.0,0.0,inf,inf,"{'rep': 0, 'n_repetitions': 2}",S3_E,fptLPsvhTiI,negmas.sao.mechanism.SAOMechanism,fptLPsvhTiI,44,0.044832041,,0,2,0.9210437943802361,0.9101795645181664,0.9126584534033798,0.9210437943802361,0.8546350332788867,0.9210437943802361,0.9210437943802361,negmas.preferences.ops.OutcomeOptimality,0.9210437943802361
138,False,False,True,36,0.029188708,0.7254901960784313,False,False,"(7, 10, 4, 'premium')",,2,False,,,,{},,[],"[7, 10, 4, 'premium']",GeniusBOABaselineNegotiator@0,,2,"[['GeniusBOABaselineNegotiator@0', [7, 10, 4, 'premium']]]",[None],GeniusBOABaselineNegotiator@0,,"[['GeniusBOABaselineNegotiator@0', None]]","(0.7735117533991136, 0.4194282001299545)","[1.0, 1.0]","[0.09356725146198831, 0.046783625730994156]","(0.0008771261662935939, 0.0007442816259952948)","['GeniusBOABaselineNegotiator', 'LinearTBNegotiator']",,hoQu5izIx44,0.02940629201475531,"['GeniusBOABaselineNegotiator@0', 'LinearTBNegotiator@1']","['GeniusBOABaselineNegotiator@0', 'LinearTBNegotiator@1']","['src.negotiators.GeniusBOABaselineNegotiator', 'negmas.gb.negotiators.timebased.LinearTBNegotiator']","[0.007195716549176723, 0.0193700342788361]",50,inf,50,inf,0.0,0.0,inf,inf,"{'rep': 0, 'n_repetitions': 2}",S0_F,hoQu5izIx44,negmas.sao.mechanism.SAOMechanism,hoQu5izIx44,36,0.029188708,,0,2,0.9278759254536693,0.7564675455445156,0.7564675455445156,0.7427200277162486,0.7888148666679268,0.7427200277162486,0.7427200277162486,negmas.preferences.ops.OutcomeOptimality,0.7564675455445156
139,False,False,True,42,0.043266875,0.8431372549019608,False,False,"(7, 9, 4, 'basic')",,2,False,,,,{},,[],"[7, 9, 4, 'basic']",BoulwareTBNegotiator@1,,2,[],"[None, None]",BoulwareTBNegotiator@1,,[],"(0.584795321637427, 0.6217898560631812)","[1.0, 1.0]","[0.046783625730994156, 0.09356725146198831]","(0.0007811278057266481, 0.0009639366705748589)","['BoulwareTBNegotiator', 'BoulwareTBNegotiator']",,E6PNnjLuy_g,0.043493792007211596,"['BoulwareTBNegotiator@0', 'BoulwareTBNegotiator@1']","['BoulwareTBNegotiator@0', 'BoulwareTBNegotiator@1']","['negmas.gb.negotiators.timebased.BoulwareTBNegotiator', 'negmas.gb.negotiators.timebased.BoulwareTBNegotiator']","[0.020077425346244127, 0.020118035725317895]",50,inf,50,inf,0.0,0.0,inf,inf,"{'rep': 1, 'n_repetitions': 2}",S5_F-1,E6PNnjLuy_g,negmas.sao.mechanism.SAOMechanism,E6PNnjLuy_g,42,0.043266875,,1,2,0.8418817572733157,0.8356322357077108,0.8356322357077108,0.834585113574342,0.7978375803876622,0.834585113574342,0.834585113574342,negmas.preferences.ops.OutcomeOptimality,0.8356322357077108
140,False,False,True,39,0.044237667,0.7843137254901961,False,False,"(6, 4, 9, 'standard')",,2,False,,,,{},,[],"[6, 4, 9, 'standard']",LinearTBNegotiator@0,,2,"[['LinearTBNegotiator@0', [6, 4, 9, 'standard']]]",[None],LinearTBNegotiator@0,,"[['LinearTBNegotiator@0', None]]","(0.23703471649526825, 0.6710310965630115)","[0.9999999999999999, 0.9999999999999999]","[0.0, 0.016366612111292964]","(0.0010624744725208587, 0.0007574209704742231)","['LinearTBNegotiator', 'BoulwareTBNegotiator']",,UJhN7cUznM4,0.04447504202835262,"['LinearTBNegotiator@0', 'BoulwareTBNegotiator@1']","['LinearTBNegotiator@0', 'BoulwareTBNegotiator@1']","['negmas.gb.negotiators.timebased.LinearTBNegotiator', 'negmas.gb.negotiators.timebased.BoulwareTBNegotiator']","[0.022677581291645765, 0.01870583207346499]",50,inf,50,inf,0.0,0.0,inf,inf,"{'rep': 1, 'n_repetitions': 2}",S3_E,UJhN7cUznM4,negmas.sao.mechanism.SAOMechanism,UJhN7cUznM4,39,0.044237667,,1,2,0.9694735723246475,0.70911502398021,0.7441159507431945,0.7325810824533303,0.7392661263016912,0.7325810824533303,0.7325810824533303,negmas.preferences.ops.OutcomeOptimality,0.7441159507431945
141,False,False,True,32,0.032375834,0.6470588235294118,False,False,"(8, 1, 5, 'basic')",,2,False,,,,{},,[],"[8, 1, 5, 'basic']",ConcederTBNegotiator@1,,2,[],"[None, None]",ConcederTBNegotiator@1,,[],"(0.8538011695906432, 0.14619883040935672)","[1.0, 1.0]","[0.0, 0.0]","(0.0034960628013070215, 0.004370114375307104)","['SmartAspirationNegotiator', 'ConcederTBNegotiator']",,inCr6lAvgYg,0.03717712499201298,"['SmartAspirationNegotiator@0', 'ConcederTBNegotiator@1']","['SmartAspirationNegotiator@0', 'ConcederTBNegotiator@1']","['src.negotiators.SmartAspirationNegotiator', 'negmas.gb.negotiators.timebased.ConcederTBNegotiator']","[0.011330042034387589, 0.02332779235439375]",50,inf,50,inf,0.0,0.0,inf,inf,"{'rep': 0, 'n_repetitions': 2}",S4_A-1,inCr6lAvgYg,negmas.sao.mechanism.SAOMechanism,inCr6lAvgYg,32,0.032375834,,0,2,1.0,0.6432748538011697,0.6432748538011697,0.6491228070175439,1.0,0.6432748538011697,0.6491228070175439,negmas.preferences.ops.OutcomeOptimality,0.6432748538011697
142,False,False,True,43,0.029655917,0.8627450980392157,False,False,"(7, 5, 2, 'standard')",,2,False,,,,{},,[],"[7, 5, 2, 'standard']",BoulwareTBNegotiator@0,,2,"[['BoulwareTBNegotiator@0', [7, 5, 2, 'standard']]]",[None],BoulwareTBNegotiator@0,,"[['BoulwareTBNegotiator@0', None]]","(0.4970760233918128, 0.5029239766081871)","[1.0, 1.0]","[0.0, 0.0]","(0.004370114375307104, 0.0034960628013070215)","['BoulwareTBNegotiator', 'GeniusBOABaselineNegotiator']",,cD90Ilquzio,0.029884416959248483,"['BoulwareTBNegotiator@0', 'GeniusBOABaselineNegotiator@1']","['BoulwareTBNegotiator@0', 'GeniusBOABaselineNegotiator@1']","['negmas.gb.negotiators.timebased.BoulwareTBNegotiator', 'src.negotiators.GeniusBOABaselineNegotiator']","[0.020213962241541594, 0.006271203397773206]",50,inf,50,inf,0.0,0.0,inf,inf,"{'rep': 1, 'n_repetitions': 2}",S4_A,cD90Ilquzio,negmas.sao.mechanism.SAOMechanism,cD90Ilquzio,43,0.029655917,,1,2,0.9999999999999999,0.9941520467836257,0.9941520467836257,0.9999999999999999,0.9999999999999999,0.9941520467836257,0.9999999999999999,negmas.preferences.ops.OutcomeOptimality,0.9941520467836257
143,False,False,True,31,0.071200583,0.6274509803921569,False,False,"(9, 2, 9, 'premium')",,2,False,,,,{},,[],"[9, 2, 9, 'premium']",BoulwareTBNegotiator@0,,2,"[['BoulwareTBNegotiator@0', [9, 2, 9, 'premium']]]",[None],BoulwareTBNegotiator@0,,"[['BoulwareTBNegotiator@0', None]]","(0.8657937806873975, 0.17741935483870966)","[0.9999999999999999, 0.9999999999999999]","[0.016366612111292964, 0.0]","(0.0006426653306037134, 0.0012950634439420957)","['BoulwareTBNegotiator', 'ConcederTBNegotiator']",,f-aRrdjk0sw,0.07144825003342703,"['BoulwareTBNegotiator@0', 'ConcederTBNegotiator@1']","['BoulwareTBNegotiator@0', 'ConcederTBNegotiator@1']","['negmas.gb.negotiators.timebased.BoulwareTBNegotiator', 'negmas.gb.negotiators.timebased.ConcederTBNegotiator']","[0.01624483981868252, 0.052730698604136705]",50,inf,50,inf,0.0,0.0,inf,inf,"{'rep': 0, 'n_repetitions': 2}",S2_E-1,f-aRrdjk0sw,negmas.sao.mechanism.SAOMechanism,f-aRrdjk0sw,31,0.071200583,,0,2,1.0,0.6181361991736312,0.6553875741567566,0.6401835445286903,0.8492910123001515,0.6401835445286903,0.6401835445286903,negmas.preferences.ops.OutcomeOptimality,0.6553875741567566
144,False,False,True,43,0.030577583,0.8627450980392157,False,False,"(9, 2, 1, 'premium')",,2,False,,,,{},,[],"[9, 2, 1, 'premium']",GeniusBOABaselineNegotiator@1,,2,[],"[None, None]",GeniusBOABaselineNegotiator@1,,[],"(0.578853046594982, 0.5457355882887797)","[0.9999999999999999, 0.9999999999999999]","[0.0, 0.016366612111292964]","(0.0012950634439420957, 0.0006426653306037134)","['BoulwareTBNegotiator', 'GeniusBOABaselineNegotiator']",,UEZH9HTaRKk,0.030804666981566697,"['BoulwareTBNegotiator@0', 'GeniusBOABaselineNegotiator@1']","['BoulwareTBNegotiator@0', 'GeniusBOABaselineNegotiator@1']","['negmas.gb.negotiators.timebased.BoulwareTBNegotiator', 'src.negotiators.GeniusBOABaselineNegotiator']","[0.02006321883527562, 0.0074326994945295155]",50,inf,50,inf,0.0,0.0,inf,inf,"{'rep': 1, 'n_repetitions': 2}",S2_E,UEZH9HTaRKk,negmas.sao.mechanism.SAOMechanism,UEZH9HTaRKk,43,0.030577583,,1,2,0.9587829391141542,0.9474842994747478,0.9483384723776958,0.9587829391141542,0.915539679875679,0.9587829391141542,0.9587829391141542,negmas.preferences.ops.OutcomeOptimality,0.9587829391141542
145,False,False,True,14,0.02149075,0.29411764705882354,False,False,"(9, 10, 8, 'standard')",,2,False,,,,{},,[],"[9, 10, 8, 'standard']",LinearTBNegotiator@1,,2,[],"[None, None]",LinearTBNegotiator@1,,[],"(0.7543859649122808, 0.7573099415204678)","[1.0, 1.0]","[0.09356725146198831, 0.046783625730994156]","(0.0008771261662935939, 0.0007442816259952948)","['LinearTBNegotiator', 'LinearTBNegotiator']",,eU_MDhwGyTw,0.021700916986446828,"['LinearTBNegotiator@0', 'LinearTBNegotiator@1']","['LinearTBNegotiator@0', 'LinearTBNegotiator@1']","['negmas.gb.negotiators.timebased.LinearTBNegotiator', 'negmas.gb.negotiators.timebased.LinearTBNegotiator']","[0.010384168825112283, 0.010240124014671892]",50,inf,50,inf,0.0,0.0,inf,inf,"{'rep': 0, 'n_repetitions': 2}",S0_F,eU_MDhwGyTw,negmas.sao.mechanism.SAOMechanism,eU_MDhwGyTw,14,0.02149075,,0,2,1.0,0.9807999989329749,0.9807999989329749,1.0,0.9995877842364035,1.0,1.0,negmas.preferences.ops.OutcomeOptimality,1.0
146,False,False,True,25,0.034399792,0.5098039215686274,False,False,"(0, 10, 1, 'premium')",,2,False,,,,{},,[],"[0, 10, 1, 'premium']",BoulwareTBNegotiator@1,,2,[],"[None, None]",BoulwareTBNegotiator@1,,[],"(0.19047619047619047, 0.9682539682539681)","[1.0, 1.0]","[0.023809523809523808, 0.0]","(0.0007754352238636291, 0.002193248997500751)","['ConcederTBNegotiator', 'BoulwareTBNegotiator']",,fuuNeXH1udw,0.03464691701810807,"['ConcederTBNegotiator@0', 'BoulwareTBNegotiator@1']","['ConcederTBNegotiator@0', 'BoulwareTBNegotiator@1']","['negmas.gb.negotiators.timebased.ConcederTBNegotiator', 'negmas.gb.negotiators.timebased.BoulwareTBNegotiator']","[0.019652703194878995, 0.012982365267816931]",50,inf,50,inf,0.0,0.0,inf,inf,"{'rep': 0, 'n_repetitions': 2}",S1_B-1,fuuNeXH1udw,negmas.sao.mechanism.SAOMechanism,fuuNeXH1udw,25,0.034399792,,0,2,1.0,0.6247884002894775,0.6039172983238965,0.6039172983238965,0.9325451898054491,0.6039172983238965,0.6039172983238965,negmas.preferences.ops.OutcomeOptimality,0.6247884002894775
147,False,False,True,38,0.031492291,0.7647058823529411,False,False,"(7, 2, 7, 'standard')",,2,False,,,,{},,[],"[7, 2, 7, 'standard']",SmartAspirationNegotiator@1,,2,[],"[None, None]",SmartAspirationNegotiator@1,,[],"(0.2631578947368421, 0.7368421052631577)","[1.0, 1.0]","[0.0, 0.0]","(0.004370114375307104, 0.0034960628013070215)","['LinearTBNegotiator', 'SmartAspirationNegotiator']",,zpNvHiOUUJM,0.03640466701472178,"['LinearTBNegotiator@0', 'SmartAspirationNegotiator@1']","['LinearTBNegotiator@0', 'SmartAspirationNegotiator@1']","['negmas.gb.negotiators.timebased.LinearTBNegotiator', 'src.negotiators.SmartAspirationNegotiator']","[0.021244756178930402, 0.012156411190517247]",50,inf,50,inf,0.0,0.0,inf,inf,"{'rep': 0, 'n_repetitions': 2}",S4_A,zpNvHiOUUJM,negmas.sao.mechanism.SAOMechanism,zpNvHiOUUJM,38,0.031492291,,0,2,0.9999999999999999,0.760233918128655,0.760233918128655,0.7660818713450294,0.9999999999999998,0.760233918128655,0.7660818713450294,negmas.preferences.ops.OutcomeOptimality,0.760233918128655
148,False,False,True,40,0.044481167,0.803921568627451,False,False,"(6, 4, 9, 'standard')",,2,False,,,,{},,[],"[6, 4, 9, 'standard']",LinearTBNegotiator@1,,2,[],"[None, None]",LinearTBNegotiator@1,,[],"(0.6710310965630115, 0.23703471649526825)","[0.9999999999999999, 0.9999999999999999]","[0.016366612111292964, 0.0]","(0.0007574209704742231, 0.0010624744725208587)","['BoulwareTBNegotiator', 'LinearTBNegotiator']",,grNHZDFi2gQ,0.04473579203477129,"['BoulwareTBNegotiator@0', 'LinearTBNegotiator@1']","['BoulwareTBNegotiator@0', 'LinearTBNegotiator@1']","['negmas.gb.negotiators.timebased.BoulwareTBNegotiator', 'negmas.gb.negotiators.timebased.LinearTBNegotiator']","[0.01905584178166464, 0.02248869655886665]",50,inf,50,inf,0.0,0.0,inf,inf,"{'rep': 0, 'n_repetitions': 2}",S3_E-1,grNHZDFi2gQ,negmas.sao.mechanism.SAOMechanism,grNHZDFi2gQ,40,0.044481167,,0,2,0.9694735723246475,0.70911502398021,0.7441159507431945,0.7325810824533303,0.7392661263016912,0.7325810824533303,0.7325810824533303,negmas.preferences.ops.OutcomeOptimality,0.7441159507431945
149,False,False,True,39,0.033188916,0.7843137254901961,False,False,"(9, 7, 8, 'premium')",,2,False,,,,{},,[],"[9, 7, 8, 'premium']",SmartAspirationNegotiator@1,,2,[],"[None, None]",SmartAspirationNegotiator@1,,[],"(0.253828356729652, 0.6995817421349336)","[0.9999999999999999, 0.9999999999999999]","[0.0, 0.016366612111292964]","(0.0010624744725208587, 0.0007574209704742231)","['LinearTBNegotiator', 'SmartAspirationNegotiator']",,CSo9eNIsXpU,0.03899195801932365,"['LinearTBNegotiator@0', 'SmartAspirationNegotiator@1']","['LinearTBNegotiator@0', 'SmartAspirationNegotiator@1']","['negmas.gb.negotiators.timebased.LinearTBNegotiator', 'src.negotiators.SmartAspirationNegotiator']","[0.021966495143715292, 0.013971787062473595]",50,inf,50,inf,0.0,0.0,inf,inf,"{'rep': 1, 'n_repetitions': 2}",S3_E,CSo9eNIsXpU,negmas.sao.mechanism.SAOMechanism,CSo9eNIsXpU,39,0.033188916,,1,2,0.9845829745045027,0.7159757289221454,0.7519186022843661,0.7393675598672658,0.7761813961377478,0.7393675598672658,0.7393675598672658,negmas.preferences.ops.OutcomeOptimality,0.7519186022843661
150,False,False,True,38,0.029463125,0.7647058823529411,False,False,"(9, 10, 7, 'standard')",,2,False,,,,{},,[],"[9, 10, 7, 'standard']",SmartAspirationNegotiator@1,,2,[],"[None, None]",SmartAspirationNegotiator@1,,[],"(0.7725532264198727, 0.7397660818713451)","[1.0, 1.0]","[0.09356725146198831, 0.046783625730994156]","(0.0008771261662935939, 0.0007442816259952948)","['BoulwareTBNegotiator', 'SmartAspirationNegotiator']",,PNoR5gPKrJk,0.035082791990134865,"['BoulwareTBNegotiator@0', 'SmartAspirationNegotiator@1']","['BoulwareTBNegotiator@0', 'SmartAspirationNegotiator@1']","['negmas.gb.negotiators.timebased.BoulwareTBNegotiator', 'src.negotiators.SmartAspirationNegotiator']","[0.01836430304683745, 0.013731326151173562]",50,inf,50,inf,0.0,0.0,inf,inf,"{'rep': 1, 'n_repetitions': 2}",S0_F,PNoR5gPKrJk,negmas.sao.mechanism.SAOMechanism,PNoR5gPKrJk,38,0.029463125,,1,2,1.0,1.0,1.0,0.9807999989329749,1.0,0.9807999989329749,0.9807999989329749,negmas.preferences.ops.OutcomeOptimality,1.0
151,False,False,True,31,0.041318542,0.6274509803921569,False,False,"(0, 10, 1, 'standard')",,2,False,,,,{},,[],"[0, 10, 1, 'standard']",ConcederTBNegotiator@0,,2,"[['ConcederTBNegotiator@0', [0, 10, 1, 'standard']]]",[None],ConcederTBNegotiator@0,,"[['ConcederTBNegotiator@0', None]]","(0.12280701754385964, 0.8771929824561403)","[1.0, 1.0]","[0.0, 0.0]","(0.0034960628013070215, 0.004370114375307104)","['ConcederTBNegotiator', 'BoulwareTBNegotiator']",,5Y_2sNl17mM,0.041596374998334795,"['ConcederTBNegotiator@0', 'BoulwareTBNegotiator@1']","['ConcederTBNegotiator@0', 'BoulwareTBNegotiator@1']","['negmas.gb.negotiators.timebased.ConcederTBNegotiator', 'negmas.gb.negotiators.timebased.BoulwareTBNegotiator']","[0.023816208471544087, 0.015210207260679454]",50,inf,50,inf,0.0,0.0,inf,inf,"{'rep': 0, 'n_repetitions': 2}",S4_A-1,5Y_2sNl17mM,negmas.sao.mechanism.SAOMechanism,5Y_2sNl17mM,31,0.041318542,,0,2,1.0,0.6257309941520469,0.6257309941520469,0.6257309941520469,1.0,0.6257309941520469,0.6257309941520469,negmas.preferences.ops.OutcomeOptimality,0.6257309941520469
152,False,False,True,38,0.018563375,0.7647058823529411,False,False,"(9, 10, 7, 'standard')",,2,False,,,,{},,[],"[9, 10, 7, 'standard']",SmartAspirationNegotiator@1,,2,[],"[None, None]",SmartAspirationNegotiator@1,,[],"(0.7725532264198727, 0.7397660818713451)","[1.0, 1.0]","[0.09356725146198831, 0.046783625730994156]","(0.0009639366705748589, 0.0007811278057266481)","['GeniusBOABaselineNegotiator', 'SmartAspirationNegotiator']",,Ln7CXuUry1I,0.02412304194876924,"['GeniusBOABaselineNegotiator@0', 'SmartAspirationNegotiator@1']","['GeniusBOABaselineNegotiator@0', 'SmartAspirationNegotiator@1']","['src.negotiators.GeniusBOABaselineNegotiator', 'src.negotiators.SmartAspirationNegotiator']","[0.00734021479729563, 0.013864711043424904]",50,inf,50,inf,0.0,0.0,inf,inf,"{'rep': 0, 'n_repetitions': 2}",S5_F,Ln7CXuUry1I,negmas.sao.mechanism.SAOMechanism,Ln7CXuUry1I,38,0.018563375,,0,2,1.0,1.0,1.0,0.9807999989329749,1.0,0.9807999989329749,0.9807999989329749,negmas.preferences.ops.OutcomeOptimality,1.0
153,False,False,True,41,0.021846375,0.8235294117647058,False,False,"(9, 4, 0, 'basic')",,2,False,,,,{},,[],"[9, 4, 0, 'basic']",SmartAspirationNegotiator@0,,2,"[['SmartAspirationNegotiator@0', [9, 4, 0, 'basic']]]",[None],SmartAspirationNegotiator@0,,"[['SmartAspirationNegotiator@0', None]]","(0.5918734261726876, 0.6170212765957446)","[0.9999999999999999, 0.9999999999999999]","[0.0, 0.016366612111292964]","(0.0010624744725208587, 0.0007574209704742231)","['SmartAspirationNegotiator', 'SmartAspirationNegotiator']",,HysJtZEOGMA,0.03290487499907613,"['SmartAspirationNegotiator@0', 'SmartAspirationNegotiator@1']","['SmartAspirationNegotiator@0', 'SmartAspirationNegotiator@1']","['src.negotiators.SmartAspirationNegotiator', 'src.negotiators.SmartAspirationNegotiator']","[0.015423427044879645, 0.014281449257396162]",50,inf,50,inf,0.0,0.0,inf,inf,"{'rep': 0, 'n_repetitions': 2}",S3_E,HysJtZEOGMA,negmas.sao.mechanism.SAOMechanism,HysJtZEOGMA,41,0.021846375,,0,2,1.0,0.962744468605478,1.0,0.9832225744061249,0.9841741547480721,0.9832225744061249,0.9832225744061249,negmas.preferences.ops.OutcomeOptimality,1.0
154,False,False,True,13,0.022297,0.27450980392156865,False,False,"(9, 8, 0, 'premium')",,2,False,,,,{},,[],"[9, 8, 0, 'premium']",LinearTBNegotiator@1,,2,[],"[None, None]",LinearTBNegotiator@1,,[],"(0.4238952536824877, 0.7651169989224802)","[0.9999999999999999, 0.9999999999999999]","[0.016366612111292964, 0.0]","(0.0006426653306037134, 0.0012950634439420957)","['ConcederTBNegotiator', 'LinearTBNegotiator']",,vFxXpgZNUlQ,0.022560833021998405,"['ConcederTBNegotiator@0', 'LinearTBNegotiator@1']","['ConcederTBNegotiator@0', 'LinearTBNegotiator@1']","['negmas.gb.negotiators.timebased.ConcederTBNegotiator', 'negmas.gb.negotiators.timebased.LinearTBNegotiator']","[0.011599920282606035, 0.009913705114740878]",50,inf,50,inf,0.0,0.0,inf,inf,"{'rep': 0, 'n_repetitions': 2}",S2_E-1,vFxXpgZNUlQ,negmas.sao.mechanism.SAOMechanism,vFxXpgZNUlQ,13,0.022297,,0,2,1.0,0.8500196090556311,0.8150382970349164,0.8316149347784617,0.9679876386361752,0.8316149347784617,0.8316149347784617,negmas.preferences.ops.OutcomeOptimality,0.8500196090556311
155,False,False,True,41,0.022049875,0.8235294117647058,False,False,"(9, 4, 0, 'basic')",,2,False,,,,{},,[],"[9, 4, 0, 'basic']",SmartAspirationNegotiator@0,,2,"[['SmartAspirationNegotiator@0', [9, 4, 0, 'basic']]]",[None],SmartAspirationNegotiator@0,,"[['SmartAspirationNegotiator@0', None]]","(0.5918734261726876, 0.6170212765957446)","[0.9999999999999999, 0.9999999999999999]","[0.0, 0.016366612111292964]","(0.0010624744725208587, 0.0007574209704742231)","['SmartAspirationNegotiator', 'SmartAspirationNegotiator']",,PjhM1uiuWaE,0.03342320799129084,"['SmartAspirationNegotiator@0', 'SmartAspirationNegotiator@1']","['SmartAspirationNegotiator@0', 'SmartAspirationNegotiator@1']","['src.negotiators.SmartAspirationNegotiator', 'src.negotiators.SmartAspirationNegotiator']","[0.015645168139599264, 0.01456216408405453]",50,inf,50,inf,0.0,0.0,inf,inf,"{'rep': 1, 'n_repetitions': 2}",S3_E,PjhM1uiuWaE,negmas.sao.mechanism.SAOMechanism,PjhM1uiuWaE,41,0.022049875,,1,2,1.0,0.962744468605478,1.0,0.9832225744061249,0.9841741547480721,0.9832225744061249,0.9832225744061249,negmas.preferences.ops.OutcomeOptimality,1.0
156,False,False,True,30,0.032515708,0.6078431372549019,False,False,"(1, 4, 0, 'premium')",,2,False,,,,{},,[],"[1, 4, 0, 'premium']",ConcederTBNegotiator@0,,2,"[['ConcederTBNegotiator@0', [1, 4, 0, 'premium']]]",[None],ConcederTBNegotiator@0,,"[['ConcederTBNegotiator@0', None]]","(0.1387525004546281, 0.9144540713339779)","[0.9999999999999999, 0.9999999999999999]","[0.016366612111292964, 0.0]","(0.0007574209704742231, 0.0010624744725208587)","['ConcederTBNegotiator', 'SmartAspirationNegotiator']",,gkk9dfyQ9gY,0.03813062497647479,"['ConcederTBNegotiator@0', 'SmartAspirationNegotiator@1']","['ConcederTBNegotiator@0', 'SmartAspirationNegotiator@1']","['negmas.gb.negotiators.timebased.ConcederTBNegotiator', 'src.negotiators.SmartAspirationNegotiator']","[0.022950878017582, 0.012788708787411451]",50,inf,50,inf,0.0,0.0,inf,inf,"{'rep': 0, 'n_repetitions': 2}",S3_E-1,gkk9dfyQ9gY,negmas.sao.mechanism.SAOMechanism,gkk9dfyQ9gY,30,0.032515708,,0,2,0.9875390245474492,0.6218815860491587,0.588727183871518,0.6055037501538055,0.857426776038838,0.6055037501538055,0.6055037501538055,negmas.preferences.ops.OutcomeOptimality,0.6218815860491587
157,False,False,True,39,0.033526833,0.7843137254901961,False,False,"(9, 7, 8, 'premium')",,2,False,,,,{},,[],"[9, 7, 8, 'premium']",SmartAspirationNegotiator@0,,2,"[['SmartAspirationNegotiator@0', [9, 7, 8, 'premium']]]",[None],SmartAspirationNegotiator@0,,"[['SmartAspirationNegotiator@0', None]]","(0.6995817421349336, 0.253828356729652)","[0.9999999999999999, 0.9999999999999999]","[0.016366612111292964, 0.0]","(0.0007574209704742231, 0.0010624744725208587)","['SmartAspirationNegotiator', 'LinearTBNegotiator']",,TQHR0b0t4kM,0.03944283298915252,"['SmartAspirationNegotiator@0', 'LinearTBNegotiator@1']","['SmartAspirationNegotiator@0', 'LinearTBNegotiator@1']","['src.negotiators.SmartAspirationNegotiator', 'negmas.gb.negotiators.timebased.LinearTBNegotiator']","[0.014574169821571559, 0.021713541296776384]",50,inf,50,inf,0.0,0.0,inf,inf,"{'rep': 1, 'n_repetitions': 2}",S3_E-1,TQHR0b0t4kM,negmas.sao.mechanism.SAOMechanism,TQHR0b0t4kM,39,0.033526833,,1,2,0.9845829745045027,0.7159757289221454,0.7519186022843661,0.7393675598672658,0.7761813961377478,0.7393675598672658,0.7393675598672658,negmas.preferences.ops.OutcomeOptimality,0.7519186022843661
158,False,False,True,25,0.026987334,0.5098039215686274,False,False,"(0, 10, 5, 'standard')",,2,False,,,,{},,[],"[0, 10, 5, 'standard']",GeniusBOABaselineNegotiator@1,,2,[],"[None, None]",GeniusBOABaselineNegotiator@1,,[],"(0.20467836257309946, 0.9561403508771931)","[1.0, 1.0]","[0.046783625730994156, 0.09356725146198831]","(0.0007442816259952948, 0.0008771261662935939)","['ConcederTBNegotiator', 'GeniusBOABaselineNegotiator']",,4QDmih2_Njc,0.02721270895563066,"['ConcederTBNegotiator@0', 'GeniusBOABaselineNegotiator@1']","['ConcederTBNegotiator@0', 'GeniusBOABaselineNegotiator@1']","['negmas.gb.negotiators.timebased.ConcederTBNegotiator', 'src.negotiators.GeniusBOABaselineNegotiator']","[0.01855199917918071, 0.0066886229906231165]",50,inf,50,inf,0.0,0.0,inf,inf,"{'rep': 0, 'n_repetitions': 2}",S0_F-1,4QDmih2_Njc,negmas.sao.mechanism.SAOMechanism,4QDmih2_Njc,25,0.026987334,,0,2,1.0,0.5699318647760668,0.5699318647760668,0.5527488392164512,0.767575145728921,0.5527488392164512,0.5527488392164512,negmas.preferences.ops.OutcomeOptimality,0.5699318647760668
159,False,False,True,42,0.021123042,0.8431372549019608,False,False,"(9, 2, 0, 'basic')",,2,False,,,,{},,[],"[9, 2, 0, 'basic']",SmartAspirationNegotiator@0,,2,"[['SmartAspirationNegotiator@0', [9, 2, 0, 'basic']]]",[None],SmartAspirationNegotiator@0,,"[['SmartAspirationNegotiator@0', None]]","(0.5564516129032258, 0.6563011456628477)","[0.9999999999999999, 0.9999999999999999]","[0.0, 0.016366612111292964]","(0.0010624744725208587, 0.0007574209704742231)","['SmartAspirationNegotiator', 'GeniusBOABaselineNegotiator']",,vWCNHTRlZSc,0.02664274995913729,"['SmartAspirationNegotiator@0', 'GeniusBOABaselineNegotiator@1']","['SmartAspirationNegotiator@0', 'GeniusBOABaselineNegotiator@1']","['src.negotiators.SmartAspirationNegotiator', 'src.negotiators.GeniusBOABaselineNegotiator']","[0.0161092120106332, 0.007301913923583925]",50,inf,50,inf,0.0,0.0,inf,inf,"{'rep': 1, 'n_repetitions': 2}",S3_E,vWCNHTRlZSc,negmas.sao.mechanism.SAOMechanism,vWCNHTRlZSc,42,0.021123042,,1,2,1.0,0.9259475513173088,0.9622920760502182,0.9456457474034602,0.9873150393883301,0.9456457474034602,0.9456457474034602,negmas.preferences.ops.OutcomeOptimality,0.9622920760502182
160,False,False,True,43,0.044786583,0.8627450980392157,False,False,"(9, 10, 1, 'basic')",,2,False,,,,{},,[],"[9, 10, 1, 'basic']",BoulwareTBNegotiator@0,,2,"[['BoulwareTBNegotiator@0', [9, 10, 1, 'basic']]]",[None],BoulwareTBNegotiator@0,,"[['BoulwareTBNegotiator@0', None]]","(0.503182396799418, 0.5465949820788529)","[0.9999999999999999, 0.9999999999999999]","[0.016366612111292964, 0.0]","(0.0006426653306037134, 0.0012950634439420957)","['BoulwareTBNegotiator', 'BoulwareTBNegotiator']",,ZLttOG3ox4U,0.045091958018019795,"['BoulwareTBNegotiator@0', 'BoulwareTBNegotiator@1']","['BoulwareTBNegotiator@0', 'BoulwareTBNegotiator@1']","['negmas.gb.negotiators.timebased.BoulwareTBNegotiator', 'negmas.gb.negotiators.timebased.BoulwareTBNegotiator']","[0.021090958558488637, 0.020556909556034952]",50,inf,50,inf,0.0,0.0,inf,inf,"{'rep': 1, 'n_repetitions': 2}",S2_E-1,ZLttOG3ox4U,negmas.sao.mechanism.SAOMechanism,ZLttOG3ox4U,43,0.044786583,,1,2,0.9210437943802361,0.9101795645181664,0.9126584534033798,0.9210437943802361,0.8546350332788867,0.9210437943802361,0.9210437943802361,negmas.preferences.ops.OutcomeOptimality,0.9210437943802361
161,False,False,True,42,0.017373667,0.8431372549019608,False,False,"(9, 2, 1, 'premium')",,2,False,,,,{},,[],"[9, 2, 1, 'premium']",GeniusBOABaselineNegotiator@0,,2,"[['GeniusBOABaselineNegotiator@0', [9, 2, 1, 'premium']]]",[None],GeniusBOABaselineNegotiator@0,,"[['GeniusBOABaselineNegotiator@0', None]]","(0.5457355882887797, 0.578853046594982)","[0.9999999999999999, 0.9999999999999999]","[0.016366612111292964, 0.0]","(0.0006426653306037134, 0.0012950634439420957)","['GeniusBOABaselineNegotiator', 'GeniusBOABaselineNegotiator']",,EgWNMFiK6TI,0.017585124995093793,"['GeniusBOABaselineNegotiator@0', 'GeniusBOABaselineNegotiator@1']","['GeniusBOABaselineNegotiator@0', 'GeniusBOABaselineNegotiator@1']","['src.negotiators.GeniusBOABaselineNegotiator', 'src.negotiators.GeniusBOABaselineNegotiator']","[0.007355123001616448, 0.0070264984969981015]",50,inf,50,inf,0.0,0.0,inf,inf,"{'rep': 0, 'n_repetitions': 2}",S2_E-1,EgWNMFiK6TI,negmas.sao.mechanism.SAOMechanism,EgWNMFiK6TI,42,0.017373667,,0,2,0.9587829391141542,0.9474842994747478,0.9483384723776958,0.9587829391141542,0.915539679875679,0.9587829391141542,0.9587829391141542,negmas.preferences.ops.OutcomeOptimality,0.9587829391141542
162,False,False,True,37,0.018640584,0.7450980392156863,False,False,"(9, 10, 8, 'standard')",,2,False,,,,{},,[],"[9, 10, 8, 'standard']",SmartAspirationNegotiator@0,,2,"[['SmartAspirationNegotiator@0', [9, 10, 8, 'standard']]]",[None],SmartAspirationNegotiator@0,,"[['SmartAspirationNegotiator@0', None]]","(0.7543859649122808, 0.7573099415204678)","[1.0, 1.0]","[0.09356725146198831, 0.046783625730994156]","(0.0009639366705748589, 0.0007811278057266481)","['SmartAspirationNegotiator', 'GeniusBOABaselineNegotiator']",,f0LF-GImnbg,0.024351708008907735,"['SmartAspirationNegotiator@0', 'GeniusBOABaselineNegotiator@1']","['SmartAspirationNegotiator@0', 'GeniusBOABaselineNegotiator@1']","['src.negotiators.SmartAspirationNegotiator', 'src.negotiators.GeniusBOABaselineNegotiator']","[0.014276588219217956, 0.007233159150928259]",50,inf,50,inf,0.0,0.0,inf,inf,"{'rep': 1, 'n_repetitions': 2}",S5_F,f0LF-GImnbg,negmas.sao.mechanism.SAOMechanism,f0LF-GImnbg,37,0.018640584,,1,2,1.0,0.9807999989329749,0.9807999989329749,1.0,0.9995877842364035,1.0,1.0,negmas.preferences.ops.OutcomeOptimality,1.0
163,False,False,True,37,0.028851417,0.7450980392156863,False,False,"(9, 10, 7, 'standard')",,2,False,,,,{},,[],"[9, 10, 7, 'standard']",SmartAspirationNegotiator@0,,2,"[['SmartAspirationNegotiator@0', [9, 10, 7, 'standard']]]",[None],SmartAspirationNegotiator@0,,"[['SmartAspirationNegotiator@0', None]]","(0.7397660818713451, 0.7725532264198727)","[1.0, 1.0]","[0.046783625730994156, 0.09356725146198831]","(0.0007811278057266481, 0.0009639366705748589)","['SmartAspirationNegotiator', 'BoulwareTBNegotiator']",,67JfqfdNq08,0.03458383301040158,"['SmartAspirationNegotiator@0', 'BoulwareTBNegotiator@1']","['SmartAspirationNegotiator@0', 'BoulwareTBNegotiator@1']","['src.negotiators.SmartAspirationNegotiator', 'negmas.gb.negotiators.timebased.BoulwareTBNegotiator']","[0.013946670107543468, 0.017704364960081875]",50,inf,50,inf,0.0,0.0,inf,inf,"{'rep': 1, 'n_repetitions': 2}",S5_F-1,67JfqfdNq08,negmas.sao.mechanism.SAOMechanism,67JfqfdNq08,37,0.028851417,,1,2,1.0,1.0,1.0,0.9807999989329749,1.0,0.9807999989329749,0.9807999989329749,negmas.preferences.ops.OutcomeOptimality,1.0
164,False,False,True,38,0.031680292,0.7647058823529411,False,False,"(7, 8, 1, 'premium')",,2,False,,,,{},,[],"[7, 8, 1, 'premium']",LinearTBNegotiator@1,,2,[],"[None, None]",LinearTBNegotiator@1,,[],"(0.7076023391812865, 0.2923976608187134)","[1.0, 1.0]","[0.0, 0.0]","(0.004370114375307104, 0.0034960628013070215)","['SmartAspirationNegotiator', 'LinearTBNegotiator']",,DxogmgT5N2w,0.036538666987325996,"['SmartAspirationNegotiator@0', 'LinearTBNegotiator@1']","['SmartAspirationNegotiator@0', 'LinearTBNegotiator@1']","['src.negotiators.SmartAspirationNegotiator', 'negmas.gb.negotiators.timebased.LinearTBNegotiator']","[0.012286751822102815, 0.021217454690486193]",50,inf,50,inf,0.0,0.0,inf,inf,"{'rep': 1, 'n_repetitions': 2}",S4_A,DxogmgT5N2w,negmas.sao.mechanism.SAOMechanism,DxogmgT5N2w,38,0.031680292,,1,2,0.9999999999999999,0.7953216374269007,0.7953216374269007,0.7953216374269007,0.9999999999999998,0.7953216374269007,0.7953216374269007,negmas.preferences.ops.OutcomeOptimality,0.7953216374269007
165,False,False,True,9,0.018146583,0.19607843137254902,False,False,"(0, 10, 3, 'standard')",,2,False,,,,{},,[],"[0, 10, 3, 'standard']",LinearTBNegotiator@0,,2,"[['LinearTBNegotiator@0', [0, 10, 3, 'standard']]]",[None],LinearTBNegotiator@0,,"[['LinearTBNegotiator@0', None]]","(0.8253968253968255, 0.3839132298329081)","[1.0, 1.0]","[0.0, 0.023809523809523808]","(0.002193248997500751, 0.0007754352238636291)","['LinearTBNegotiator', 'ConcederTBNegotiator']",,9xe5cvvPA8k,0.018417542043607682,"['LinearTBNegotiator@0', 'ConcederTBNegotiator@1']","['LinearTBNegotiator@0', 'ConcederTBNegotiator@1']","['negmas.gb.negotiators.timebased.LinearTBNegotiator', 'negmas.gb.negotiators.timebased.ConcederTBNegotiator']","[0.008116248121950775, 0.00955949374474585]",50,inf,50,inf,0.0,0.0,inf,inf,"{'rep': 0, 'n_repetitions': 2}",S1_B,9xe5cvvPA8k,negmas.sao.mechanism.SAOMechanism,9xe5cvvPA8k,9,0.018146583,,0,2,0.9855095709579489,0.7964202352116565,0.7752162495989036,0.7752162495989036,0.9732518537566377,0.7752162495989036,0.7752162495989036,negmas.preferences.ops.OutcomeOptimality,0.7964202352116565
166,False,False,True,41,0.019235292,0.8235294117647058,False,False,"(9, 5, 0, 'basic')",,2,False,,,,{},,[],"[9, 5, 0, 'basic']",SmartAspirationNegotiator@0,,2,"[['SmartAspirationNegotiator@0', [9, 5, 0, 'basic']]]",[None],SmartAspirationNegotiator@0,,"[['SmartAspirationNegotiator@0', None]]","(0.5973813420621931, 0.6048387096774194)","[0.9999999999999999, 0.9999999999999999]","[0.016366612111292964, 0.0]","(0.0006426653306037134, 0.0012950634439420957)","['SmartAspirationNegotiator', 'GeniusBOABaselineNegotiator']",,pL7aay3fqeA,0.024969417019747198,"['SmartAspirationNegotiator@0', 'GeniusBOABaselineNegotiator@1']","['SmartAspirationNegotiator@0', 'GeniusBOABaselineNegotiator@1']","['src.negotiators.SmartAspirationNegotiator', 'src.negotiators.GeniusBOABaselineNegotiator']","[0.014741670165676624, 0.007054409361444414]",50,inf,50,inf,0.0,0.0,inf,inf,"{'rep': 0, 'n_repetitions': 2}",S2_E-1,pL7aay3fqeA,negmas.sao.mechanism.SAOMechanism,pL7aay3fqeA,41,0.019235292,,0,2,1.0,0.9765338686924485,0.9832225744061249,1.0,0.9787402496945685,1.0,1.0,negmas.preferences.ops.OutcomeOptimality,1.0
167,False,False,True,32,0.039796958,0.6470588235294118,False,False,"(8, 1, 5, 'basic')",,2,False,,,,{},,[],"[8, 1, 5, 'basic']",ConcederTBNegotiator@1,,2,[],"[None, None]",ConcederTBNegotiator@1,,[],"(0.8538011695906432, 0.14619883040935672)","[1.0, 1.0]","[0.0, 0.0]","(0.0034960628013070215, 0.004370114375307104)","['BoulwareTBNegotiator', 'ConcederTBNegotiator']",,xLOUmZwSyso,0.04009258403675631,"['BoulwareTBNegotiator@0', 'ConcederTBNegotiator@1']","['BoulwareTBNegotiator@0', 'ConcederTBNegotiator@1']","['negmas.gb.negotiators.timebased.BoulwareTBNegotiator', 'negmas.gb.negotiators.timebased.ConcederTBNegotiator']","[0.0149120093556121, 0.02267687109997496]",50,inf,50,inf,0.0,0.0,inf,inf,"{'rep': 1, 'n_repetitions': 2}",S4_A-1,xLOUmZwSyso,negmas.sao.mechanism.SAOMechanism,xLOUmZwSyso,32,0.039796958,,1,2,1.0,0.6432748538011697,0.6432748538011697,0.6491228070175439,1.0,0.6432748538011697,0.6491228070175439,negmas.preferences.ops.OutcomeOptimality,0.6432748538011697
168,False,False,True,42,0.030332666,0.8431372549019608,False,False,"(9, 2, 1, 'premium')",,2,False,,,,{},,[],"[9, 2, 1, 'premium']",GeniusBOABaselineNegotiator@0,,2,"[['GeniusBOABaselineNegotiator@0', [9, 2, 1, 'premium']]]",[None],GeniusBOABaselineNegotiator@0,,"[['GeniusBOABaselineNegotiator@0', None]]","(0.5457355882887797, 0.578853046594982)","[0.9999999999999999, 0.9999999999999999]","[0.016366612111292964, 0.0]","(0.0006426653306037134, 0.0012950634439420957)","['GeniusBOABaselineNegotiator', 'BoulwareTBNegotiator']",,tmzcLB8u2kg,0.03056774998549372,"['GeniusBOABaselineNegotiator@0', 'BoulwareTBNegotiator@1']","['GeniusBOABaselineNegotiator@0', 'BoulwareTBNegotiator@1']","['src.negotiators.GeniusBOABaselineNegotiator', 'negmas.gb.negotiators.timebased.BoulwareTBNegotiator']","[0.0073338718502782285, 0.01996941538527608]",50,inf,50,inf,0.0,0.0,inf,inf,"{'rep': 0, 'n_repetitions': 2}",S2_E-1,tmzcLB8u2kg,negmas.sao.mechanism.SAOMechanism,tmzcLB8u2kg,42,0.030332666,,0,2,0.9587829391141542,0.9474842994747478,0.9483384723776958,0.9587829391141542,0.915539679875679,0.9587829391141542,0.9587829391141542,negmas.preferences.ops.OutcomeOptimality,0.9587829391141542
169,False,False,True,38,0.02990525,0.7647058823529411,False,False,"(9, 10, 8, 'standard')",,2,False,,,,{},,[],"[9, 10, 8, 'standard']",SmartAspirationNegotiator@1,,2,[],"[None, None]",SmartAspirationNegotiator@1,,[],"(0.7573099415204678, 0.7543859649122808)","[1.0, 1.0]","[0.046783625730994156, 0.09356725146198831]","(0.0007811278057266481, 0.0009639366705748589)","['BoulwareTBNegotiator', 'SmartAspirationNegotiator']",,CbbdCrVoeIU,0.03586095798527822,"['BoulwareTBNegotiator@0', 'SmartAspirationNegotiator@1']","['BoulwareTBNegotiator@0', 'SmartAspirationNegotiator@1']","['negmas.gb.negotiators.timebased.BoulwareTBNegotiator', 'src.negotiators.SmartAspirationNegotiator']","[0.018308671889826655, 0.014552537177223712]",50,inf,50,inf,0.0,0.0,inf,inf,"{'rep': 0, 'n_repetitions': 2}",S5_F-1,CbbdCrVoeIU,negmas.sao.mechanism.SAOMechanism,CbbdCrVoeIU,38,0.02990525,,0,2,1.0,0.9807999989329749,0.9807999989329749,1.0,0.9995877842364035,1.0,1.0,negmas.preferences.ops.OutcomeOptimality,1.0
170,False,False,True,42,0.033067875,0.8431372549019608,False,False,"(8, 2, 0, 'basic')",,2,False,,,,{},,[],"[8, 2, 0, 'basic']",SmartAspirationNegotiator@1,,2,[],"[None, None]",SmartAspirationNegotiator@1,,[],"(0.5790143662484089, 0.5806451612903226)","[0.9999999999999999, 0.9999999999999999]","[0.016366612111292964, 0.0]","(0.0007574209704742231, 0.0010624744725208587)","['BoulwareTBNegotiator', 'SmartAspirationNegotiator']",,uwb5TDw3skQ,0.03881200001342222,"['BoulwareTBNegotiator@0', 'SmartAspirationNegotiator@1']","['BoulwareTBNegotiator@0', 'SmartAspirationNegotiator@1']","['negmas.gb.negotiators.timebased.BoulwareTBNegotiator', 'src.negotiators.SmartAspirationNegotiator']","[0.019823508278932422, 0.01571237383177504]",50,inf,50,inf,0.0,0.0,inf,inf,"{'rep': 0, 'n_repetitions': 2}",S3_E-1,uwb5TDw3skQ,negmas.sao.mechanism.SAOMechanism,uwb5TDw3skQ,42,0.033067875,,0,2,0.9783447675564003,0.9588819145275801,0.9717465499436655,0.9783447675564003,0.9440912700645696,0.9783447675564003,0.9783447675564003,negmas.preferences.ops.OutcomeOptimality,0.9783447675564003
171,False,False,True,25,0.027626792,0.5098039215686274,False,False,"(0, 10, 1, 'premium')",,2,False,,,,{},,[],"[0, 10, 1, 'premium']",SmartAspirationNegotiator@1,,2,[],"[None, None]",SmartAspirationNegotiator@1,,[],"(0.19047619047619047, 0.9682539682539681)","[1.0, 1.0]","[0.023809523809523808, 0.0]","(0.0007754352238636291, 0.002193248997500751)","['ConcederTBNegotiator', 'SmartAspirationNegotiator']",,_21rb9Vr560,0.03267616598168388,"['ConcederTBNegotiator@0', 'SmartAspirationNegotiator@1']","['ConcederTBNegotiator@0', 'SmartAspirationNegotiator@1']","['negmas.gb.negotiators.timebased.ConcederTBNegotiator', 'src.negotiators.SmartAspirationNegotiator']","[0.019640459737274796, 0.011092623055446893]",50,inf,50,inf,0.0,0.0,inf,inf,"{'rep': 1, 'n_repetitions': 2}",S1_B-1,_21rb9Vr560,negmas.sao.mechanism.SAOMechanism,_21rb9Vr560,25,0.027626792,,1,2,1.0,0.6247884002894775,0.6039172983238965,0.6039172983238965,0.9325451898054491,0.6039172983238965,0.6039172983238965,negmas.preferences.ops.OutcomeOptimality,0.6247884002894775
172,False,False,True,43,0.030826667,0.8627450980392157,False,False,"(7, 10, 8, 'standard')",,2,False,,,,{},,[],"[7, 10, 8, 'standard']",GeniusBOABaselineNegotiator@1,,2,[],"[None, None]",GeniusBOABaselineNegotiator@1,,[],"(0.7894736842105263, 0.559779077322937)","[1.0, 1.0]","[0.09356725146198831, 0.046783625730994156]","(0.0008771261662935939, 0.0007442816259952948)","['BoulwareTBNegotiator', 'GeniusBOABaselineNegotiator']",,ZIWsIXDF7lA,0.03106200002366677,"['BoulwareTBNegotiator@0', 'GeniusBOABaselineNegotiator@1']","['BoulwareTBNegotiator@0', 'GeniusBOABaselineNegotiator@1']","['negmas.gb.negotiators.timebased.BoulwareTBNegotiator', 'src.negotiators.GeniusBOABaselineNegotiator']","[0.020531758724246174, 0.007210872368887067]",50,inf,50,inf,0.0,0.0,inf,inf,"{'rep': 0, 'n_repetitions': 2}",S0_F,ZIWsIXDF7lA,negmas.sao.mechanism.SAOMechanism,ZIWsIXDF7lA,43,0.030826667,,0,2,0.9573599675039428,0.8625646620321361,0.8625646620321361,0.8474798110912376,0.8921745256681245,0.8474798110912376,0.8474798110912376,negmas.preferences.ops.OutcomeOptimality,0.8625646620321361
173,False,False,True,37,0.040499458,0.7450980392156863,False,False,"(5, 3, 0, 'standard')",,2,False,,,,{},,[],"[5, 3, 0, 'standard']",BoulwareTBNegotiator@1,,2,[],"[None, None]",BoulwareTBNegotiator@1,,[],"(0.3166030187306783, 0.7539135594696658)","[0.9999999999999999, 0.9999999999999999]","[0.016366612111292964, 0.0]","(0.0007574209704742231, 0.0010624744725208587)","['LinearTBNegotiator', 'BoulwareTBNegotiator']",,wQ2st40EZe4,0.04083237500162795,"['LinearTBNegotiator@0', 'BoulwareTBNegotiator@1']","['LinearTBNegotiator@0', 'BoulwareTBNegotiator@1']","['negmas.gb.negotiators.timebased.LinearTBNegotiator', 'negmas.gb.negotiators.timebased.BoulwareTBNegotiator']","[0.02003562229219824, 0.01781587488949299]",50,inf,50,inf,0.0,0.0,inf,inf,"{'rep': 1, 'n_repetitions': 2}",S3_E-1,wQ2st40EZe4,negmas.sao.mechanism.SAOMechanism,wQ2st40EZe4,37,0.040499458,,1,2,0.9676090921129151,0.7874967847247605,0.7566580799973476,0.7733644806400886,0.8715190380778248,0.7733644806400886,0.7733644806400886,negmas.preferences.ops.OutcomeOptimality,0.7874967847247605
174,False,False,True,43,0.042403041,0.8627450980392157,False,False,"(2, 3, 8, 'premium')",,2,False,,,,{},,[],"[2, 3, 8, 'premium']",BoulwareTBNegotiator@0,,2,"[['BoulwareTBNegotiator@0', [2, 3, 8, 'premium']]]",[None],BoulwareTBNegotiator@0,,"[['BoulwareTBNegotiator@0', None]]","(0.4970760233918128, 0.502923976608187)","[1.0, 1.0]","[0.0, 0.0]","(0.0034960628013070215, 0.004370114375307104)","['BoulwareTBNegotiator', 'BoulwareTBNegotiator']",,SPd_LrdfLHs,0.04269029200077057,"['BoulwareTBNegotiator@0', 'BoulwareTBNegotiator@1']","['BoulwareTBNegotiator@0', 'BoulwareTBNegotiator@1']","['negmas.gb.negotiators.timebased.BoulwareTBNegotiator', 'negmas.gb.negotiators.timebased.BoulwareTBNegotiator']","[0.020046666963025928, 0.019281618238892406]",50,inf,50,inf,0.0,0.0,inf,inf,"{'rep': 0, 'n_repetitions': 2}",S4_A-1,SPd_LrdfLHs,negmas.sao.mechanism.SAOMechanism,SPd_LrdfLHs,43,0.042403041,,0,2,0.9999999999999998,0.9999999999999998,0.9999999999999998,0.9999999999999998,0.9999999999999998,0.9999999999999998,0.9999999999999998,negmas.preferences.ops.OutcomeOptimality,0.9999999999999998
175,False,False,True,43,0.030629333,0.8627450980392157,False,False,"(7, 10, 8, 'standard')",,2,False,,,,{},,[],"[7, 10, 8, 'standard']",GeniusBOABaselineNegotiator@1,,2,[],"[None, None]",GeniusBOABaselineNegotiator@1,,[],"(0.7894736842105263, 0.559779077322937)","[1.0, 1.0]","[0.09356725146198831, 0.046783625730994156]","(0.0008771261662935939, 0.0007442816259952948)","['BoulwareTBNegotiator', 'GeniusBOABaselineNegotiator']",,99nYE9uH8tI,0.03089429100509733,"['BoulwareTBNegotiator@0', 'GeniusBOABaselineNegotiator@1']","['BoulwareTBNegotiator@0', 'GeniusBOABaselineNegotiator@1']","['negmas.gb.negotiators.timebased.BoulwareTBNegotiator', 'src.negotiators.GeniusBOABaselineNegotiator']","[0.020305926853325218, 0.007246612920425832]",50,inf,50,inf,0.0,0.0,inf,inf,"{'rep': 1, 'n_repetitions': 2}",S0_F,99nYE9uH8tI,negmas.sao.mechanism.SAOMechanism,99nYE9uH8tI,43,0.030629333,,1,2,0.9573599675039428,0.8625646620321361,0.8625646620321361,0.8474798110912376,0.8921745256681245,0.8474798110912376,0.8474798110912376,negmas.preferences.ops.OutcomeOptimality,0.8625646620321361
176,False,False,True,38,0.031563459,0.7647058823529411,False,False,"(2, 5, 2, 'premium')",,2,False,,,,{},,[],"[2, 5, 2, 'premium']",SmartAspirationNegotiator@1,,2,[],"[None, None]",SmartAspirationNegotiator@1,,[],"(0.2631578947368421, 0.7368421052631577)","[1.0, 1.0]","[0.0, 0.0]","(0.0034960628013070215, 0.004370114375307104)","['LinearTBNegotiator', 'SmartAspirationNegotiator']",,LSSKv_1xOcA,0.03643787500914186,"['LinearTBNegotiator@0', 'SmartAspirationNegotiator@1']","['LinearTBNegotiator@0', 'SmartAspirationNegotiator@1']","['negmas.gb.negotiators.timebased.LinearTBNegotiator', 'src.negotiators.SmartAspirationNegotiator']","[0.021311626071110368, 0.012138624850194901]",50,inf,50,inf,0.0,0.0,inf,inf,"{'rep': 0, 'n_repetitions': 2}",S4_A-1,LSSKv_1xOcA,negmas.sao.mechanism.SAOMechanism,LSSKv_1xOcA,38,0.031563459,,0,2,0.9999999999999999,0.7660818713450294,0.7660818713450294,0.7660818713450294,0.9999999999999998,0.7660818713450294,0.7660818713450294,negmas.preferences.ops.OutcomeOptimality,0.7660818713450294
177,False,False,True,42,0.042572583,0.8431372549019608,False,False,"(7, 9, 4, 'basic')",,2,False,,,,{},,[],"[7, 9, 4, 'basic']",BoulwareTBNegotiator@1,,2,[],"[None, None]",BoulwareTBNegotiator@1,,[],"(0.584795321637427, 0.6217898560631812)","[1.0, 1.0]","[0.046783625730994156, 0.09356725146198831]","(0.0007442816259952948, 0.0008771261662935939)","['BoulwareTBNegotiator', 'BoulwareTBNegotiator']",,NAbf6Ds4h-4,0.042860375018790364,"['BoulwareTBNegotiator@0', 'BoulwareTBNegotiator@1']","['BoulwareTBNegotiator@0', 'BoulwareTBNegotiator@1']","['negmas.gb.negotiators.timebased.BoulwareTBNegotiator', 'negmas.gb.negotiators.timebased.BoulwareTBNegotiator']","[0.019783291092608124, 0.019837039813864976]",50,inf,50,inf,0.0,0.0,inf,inf,"{'rep': 1, 'n_repetitions': 2}",S0_F-1,NAbf6Ds4h-4,negmas.sao.mechanism.SAOMechanism,NAbf6Ds4h-4,42,0.042572583,,1,2,0.8418817572733157,0.8356322357077108,0.8356322357077108,0.834585113574342,0.7978375803876622,0.834585113574342,0.834585113574342,negmas.preferences.ops.OutcomeOptimality,0.8356322357077108
178,False,False,True,29,0.031150625,0.5882352941176471,False,False,"(9, 5, 8, 'basic')",,2,False,,,,{},,[],"[9, 5, 8, 'basic']",ConcederTBNegotiator@0,,2,"[['ConcederTBNegotiator@0', [9, 5, 8, 'basic']]]",[None],ConcederTBNegotiator@0,,"[['ConcederTBNegotiator@0', None]]","(0.1375661375661376, 0.9079124572989682)","[1.0, 1.0]","[0.0, 0.023809523809523808]","(0.002193248997500751, 0.0007754352238636291)","['ConcederTBNegotiator', 'SmartAspirationNegotiator']",,GTqB-UL9HPI,0.036191749968566,"['ConcederTBNegotiator@0', 'SmartAspirationNegotiator@1']","['ConcederTBNegotiator@0', 'SmartAspirationNegotiator@1']","['negmas.gb.negotiators.timebased.ConcederTBNegotiator', 'src.negotiators.SmartAspirationNegotiator']","[0.022179751947987825, 0.011737374006770551]",50,inf,50,inf,0.0,0.0,inf,inf,"{'rep': 0, 'n_repetitions': 2}",S1_B,GTqB-UL9HPI,negmas.sao.mechanism.SAOMechanism,GTqB-UL9HPI,29,0.031150625,,0,2,1.0,0.5796181182470082,0.601689676597047,0.601689676597047,0.8414004134961494,0.601689676597047,0.601689676597047,negmas.preferences.ops.OutcomeOptimality,0.601689676597047
179,False,False,True,43,0.023038,0.8627450980392157,False,False,"(0, 1, 0, 'basic')",,2,False,,,,{},,[],"[0, 1, 0, 'basic']",SmartAspirationNegotiator@1,,2,[],"[None, None]",SmartAspirationNegotiator@1,,[],"(0.47368421052631576, 0.5263157894736842)","[1.0, 1.0]","[0.0, 0.0]","(0.0034960628013070215, 0.004370114375307104)","['SmartAspirationNegotiator', 'SmartAspirationNegotiator']",,yxtRd6ptKY0,0.0323275409755297,"['SmartAspirationNegotiator@0', 'SmartAspirationNegotiator@1']","['SmartAspirationNegotiator@0', 'SmartAspirationNegotiator@1']","['src.negotiators.SmartAspirationNegotiator', 'src.negotiators.SmartAspirationNegotiator']","[0.014463619561865926, 0.014541046344675124]",50,inf,50,inf,0.0,0.0,inf,inf,"{'rep': 0, 'n_repetitions': 2}",S4_A-1,yxtRd6ptKY0,negmas.sao.mechanism.SAOMechanism,yxtRd6ptKY0,43,0.023038,,0,2,0.9999999999999999,0.9766081871345029,0.9766081871345029,0.9766081871345029,1.0,0.9766081871345029,0.9766081871345029,negmas.preferences.ops.OutcomeOptimality,0.9766081871345029
180,False,False,True,42,0.018328583,0.8431372549019608,False,False,"(9, 2, 1, 'premium')",,2,False,,,,{},,[],"[9, 2, 1, 'premium']",GeniusBOABaselineNegotiator@0,,2,"[['GeniusBOABaselineNegotiator@0', [9, 2, 1, 'premium']]]",[None],GeniusBOABaselineNegotiator@0,,"[['GeniusBOABaselineNegotiator@0', None]]","(0.5457355882887797, 0.578853046594982)","[0.9999999999999999, 0.9999999999999999]","[0.016366612111292964, 0.0]","(0.0007574209704742231, 0.0010624744725208587)","['GeniusBOABaselineNegotiator', 'GeniusBOABaselineNegotiator']",,xqsJXKBFjHc,0.018564000027254224,"['GeniusBOABaselineNegotiator@0', 'GeniusBOABaselineNegotiator@1']","['GeniusBOABaselineNegotiator@0', 'GeniusBOABaselineNegotiator@1']","['src.negotiators.GeniusBOABaselineNegotiator', 'src.negotiators.GeniusBOABaselineNegotiator']","[0.007663007592782378, 0.007358109869528562]",50,inf,50,inf,0.0,0.0,inf,inf,"{'rep': 0, 'n_repetitions': 2}",S3_E-1,xqsJXKBFjHc,negmas.sao.mechanism.SAOMechanism,xqsJXKBFjHc,42,0.018328583,,0,2,0.9587829391141542,0.9474842994747478,0.9483384723776958,0.9587829391141542,0.915539679875679,0.9587829391141542,0.9587829391141542,negmas.preferences.ops.OutcomeOptimality,0.9587829391141542
181,False,False,True,25,0.03389475,0.5098039215686274,False,False,"(0, 10, 5, 'standard')",,2,False,,,,{},,[],"[0, 10, 5, 'standard']",BoulwareTBNegotiator@1,,2,[],"[None, None]",BoulwareTBNegotiator@1,,[],"(0.20467836257309946, 0.9561403508771931)","[1.0, 1.0]","[0.046783625730994156, 0.09356725146198831]","(0.0007811278057266481, 0.0009639366705748589)","['ConcederTBNegotiator', 'BoulwareTBNegotiator']",,guOPDeTrmhE,0.034126166021451354,"['ConcederTBNegotiator@0', 'BoulwareTBNegotiator@1']","['ConcederTBNegotiator@0', 'BoulwareTBNegotiator@1']","['negmas.gb.negotiators.timebased.ConcederTBNegotiator', 'negmas.gb.negotiators.timebased.BoulwareTBNegotiator']","[0.018439489940647036, 0.013618168130051345]",50,inf,50,inf,0.0,0.0,inf,inf,"{'rep': 0, 'n_repetitions': 2}",S5_F-1,guOPDeTrmhE,negmas.sao.mechanism.SAOMechanism,guOPDeTrmhE,25,0.03389475,,0,2,1.0,0.5699318647760668,0.5699318647760668,0.5527488392164512,0.767575145728921,0.5527488392164512,0.5527488392164512,negmas.preferences.ops.OutcomeOptimality,0.5699318647760668
182,False,False,True,43,0.03362175,0.8627450980392157,False,False,"(9, 9, 6, 'premium')",,2,False,,,,{},,[],"[9, 9, 6, 'premium']",SmartAspirationNegotiator@0,,2,"[['SmartAspirationNegotiator@0', [9, 9, 6, 'premium']]]",[None],SmartAspirationNegotiator@0,,"[['SmartAspirationNegotiator@0', None]]","(0.4678362573099415, 0.5321637426900585)","[1.0, 1.0]","[0.0, 0.0]","(0.0034960628013070215, 0.004370114375307104)","['SmartAspirationNegotiator', 'BoulwareTBNegotiator']",,I-_BKcvnyZw,0.038400040997657925,"['SmartAspirationNegotiator@0', 'BoulwareTBNegotiator@1']","['SmartAspirationNegotiator@0', 'BoulwareTBNegotiator@1']","['src.negotiators.SmartAspirationNegotiator', 'negmas.gb.negotiators.timebased.BoulwareTBNegotiator']","[0.01556446315953508, 0.019480282731819898]",50,inf,50,inf,0.0,0.0,inf,inf,"{'rep': 0, 'n_repetitions': 2}",S4_A-1,I-_BKcvnyZw,negmas.sao.mechanism.SAOMechanism,I-_BKcvnyZw,43,0.03362175,,0,2,1.0,0.9707602339181287,0.9707602339181287,0.9707602339181287,1.0,0.9707602339181287,0.9707602339181287,negmas.preferences.ops.OutcomeOptimality,0.9707602339181287
183,False,False,True,23,0.02916375,0.47058823529411764,False,False,"(7, 10, 5, 'standard')",,2,False,,,,{},,[],"[7, 10, 5, 'standard']",LinearTBNegotiator@1,,2,[],"[None, None]",LinearTBNegotiator@1,,[],"(0.5767195767195767, 0.5790272025991713)","[1.0, 1.0]","[0.0, 0.023809523809523808]","(0.002193248997500751, 0.0007754352238636291)","['LinearTBNegotiator', 'LinearTBNegotiator']",,HzZ6e2B8wbA,0.029458000033628196,"['LinearTBNegotiator@0', 'LinearTBNegotiator@1']","['LinearTBNegotiator@0', 'LinearTBNegotiator@1']","['negmas.gb.negotiators.timebased.LinearTBNegotiator', 'negmas.gb.negotiators.timebased.LinearTBNegotiator']","[0.013405667967163026, 0.01424396492075175]",50,inf,50,inf,0.0,0.0,inf,inf,"{'rep': 1, 'n_repetitions': 2}",S1_B,HzZ6e2B8wbA,negmas.sao.mechanism.SAOMechanism,HzZ6e2B8wbA,23,0.02916375,,1,2,0.9736745881204828,0.9567674947426404,0.9677024037038318,0.9677024037038318,0.9301441682228879,0.9677024037038318,0.9677024037038318,negmas.preferences.ops.OutcomeOptimality,0.9677024037038318
184,False,False,True,32,0.033775542,0.6470588235294118,False,False,"(9, 3, 5, 'basic')",,2,False,,,,{},,[],"[9, 3, 5, 'basic']",SmartAspirationNegotiator@1,,2,[],"[None, None]",SmartAspirationNegotiator@1,,[],"(0.2059779077322937, 0.8778427550357375)","[1.0, 1.0]","[0.09356725146198831, 0.046783625730994156]","(0.0008771261662935939, 0.0007442816259952948)","['ConcederTBNegotiator', 'SmartAspirationNegotiator']",,sHABb_sUZik,0.039441749977413565,"['ConcederTBNegotiator@0', 'SmartAspirationNegotiator@1']","['ConcederTBNegotiator@0', 'SmartAspirationNegotiator@1']","['negmas.gb.negotiators.timebased.ConcederTBNegotiator', 'src.negotiators.SmartAspirationNegotiator']","[0.023748451261781156, 0.013207883108407259]",50,inf,50,inf,0.0,0.0,inf,inf,"{'rep': 1, 'n_repetitions': 2}",S0_F,sHABb_sUZik,negmas.sao.mechanism.SAOMechanism,sHABb_sUZik,32,0.033775542,,1,2,0.977991611797476,0.5566644835268639,0.5566644835268639,0.5731311073045606,0.7166612611675568,0.5731311073045606,0.5731311073045606,negmas.preferences.ops.OutcomeOptimality,0.5731311073045606
185,False,False,True,27,0.036116083,0.5490196078431373,False,False,"(4, 10, 0, 'standard')",,2,False,,,,{},,[],"[4, 10, 0, 'standard']",BoulwareTBNegotiator@0,,2,"[['BoulwareTBNegotiator@0', [4, 10, 0, 'standard']]]",[None],BoulwareTBNegotiator@0,,"[['BoulwareTBNegotiator@0', None]]","(0.9298245614035088, 0.21572449642625083)","[1.0, 1.0]","[0.09356725146198831, 0.046783625730994156]","(0.0009639366705748589, 0.0007811278057266481)","['BoulwareTBNegotiator', 'ConcederTBNegotiator']",,_L_nBBo5Dy0,0.036367708002217114,"['BoulwareTBNegotiator@0', 'ConcederTBNegotiator@1']","['BoulwareTBNegotiator@0', 'ConcederTBNegotiator@1']","['negmas.gb.negotiators.timebased.BoulwareTBNegotiator', 'negmas.gb.negotiators.timebased.ConcederTBNegotiator']","[0.014789961918722838, 0.019443448923993856]",50,inf,50,inf,0.0,0.0,inf,inf,"{'rep': 1, 'n_repetitions': 2}",S5_F,_L_nBBo5Dy0,negmas.sao.mechanism.SAOMechanism,_L_nBBo5Dy0,27,0.036116083,,1,2,0.9878762575568232,0.5840520094147557,0.5840520094147557,0.5672054735427323,0.7574782994235028,0.5672054735427323,0.5672054735427323,negmas.preferences.ops.OutcomeOptimality,0.5840520094147557
186,False,False,True,42,0.029488625,0.8431372549019608,False,False,"(4, 8, 8, 'premium')",,2,False,,,,{},,[],"[4, 8, 8, 'premium']",BoulwareTBNegotiator@1,,2,[],"[None, None]",BoulwareTBNegotiator@1,,[],"(0.5904521398386507, 0.5873015873015872)","[1.0, 1.0]","[0.023809523809523808, 0.0]","(0.0007754352238636291, 0.002193248997500751)","['GeniusBOABaselineNegotiator', 'BoulwareTBNegotiator']",,IccYzhmy1W0,0.029748041997663677,"['GeniusBOABaselineNegotiator@0', 'BoulwareTBNegotiator@1']","['GeniusBOABaselineNegotiator@0', 'BoulwareTBNegotiator@1']","['src.negotiators.GeniusBOABaselineNegotiator', 'negmas.gb.negotiators.timebased.BoulwareTBNegotiator']","[0.0067876685643568635, 0.019558286061510444]",50,inf,50,inf,0.0,0.0,inf,inf,"{'rep': 0, 'n_repetitions': 2}",S1_B-1,IccYzhmy1W0,negmas.sao.mechanism.SAOMechanism,IccYzhmy1W0,42,0.029488625,,0,2,0.9829625189076004,0.9657533700827802,0.9788365509746099,0.9788365509746099,0.947855343839237,0.9788365509746099,0.9788365509746099,negmas.preferences.ops.OutcomeOptimality,0.9788365509746099
187,False,False,True,14,0.021278125,0.29411764705882354,False,False,"(9, 10, 8, 'standard')",,2,False,,,,{},,[],"[9, 10, 8, 'standard']",LinearTBNegotiator@1,,2,[],"[None, None]",LinearTBNegotiator@1,,[],"(0.7543859649122808, 0.7573099415204678)","[1.0, 1.0]","[0.09356725146198831, 0.046783625730994156]","(0.0008771261662935939, 0.0007442816259952948)","['LinearTBNegotiator', 'LinearTBNegotiator']",,z9roL8XeorY,0.02147895802045241,"['LinearTBNegotiator@0', 'LinearTBNegotiator@1']","['LinearTBNegotiator@0', 'LinearTBNegotiator@1']","['negmas.gb.negotiators.timebased.LinearTBNegotiator', 'negmas.gb.negotiators.timebased.LinearTBNegotiator']","[0.010251910774968565, 0.010165996965952218]",50,inf,50,inf,0.0,0.0,inf,inf,"{'rep': 1, 'n_repetitions': 2}",S0_F,z9roL8XeorY,negmas.sao.mechanism.SAOMechanism,z9roL8XeorY,14,0.021278125,,1,2,1.0,0.9807999989329749,0.9807999989329749,1.0,0.9995877842364035,1.0,1.0,negmas.preferences.ops.OutcomeOptimality,1.0
188,False,False,True,38,0.018644583,0.7647058823529411,False,False,"(9, 10, 8, 'standard')",,2,False,,,,{},,[],"[9, 10, 8, 'standard']",SmartAspirationNegotiator@1,,2,[],"[None, None]",SmartAspirationNegotiator@1,,[],"(0.7573099415204678, 0.7543859649122808)","[1.0, 1.0]","[0.046783625730994156, 0.09356725146198831]","(0.0007811278057266481, 0.0009639366705748589)","['GeniusBOABaselineNegotiator', 'SmartAspirationNegotiator']",,8gKqNb-cil4,0.02430145797552541,"['GeniusBOABaselineNegotiator@0', 'SmartAspirationNegotiator@1']","['GeniusBOABaselineNegotiator@0', 'SmartAspirationNegotiator@1']","['src.negotiators.GeniusBOABaselineNegotiator', 'src.negotiators.SmartAspirationNegotiator']","[0.0071605059201829135, 0.014200955163687468]",50,inf,50,inf,0.0,0.0,inf,inf,"{'rep': 1, 'n_repetitions': 2}",S5_F-1,8gKqNb-cil4,negmas.sao.mechanism.SAOMechanism,8gKqNb-cil4,38,0.018644583,,1,2,1.0,0.9807999989329749,0.9807999989329749,1.0,0.9995877842364035,1.0,1.0,negmas.preferences.ops.OutcomeOptimality,1.0
189,False,False,True,31,0.02644125,0.6274509803921569,False,False,"(9, 10, 9, 'basic')",,2,False,,,,{},,[],"[9, 10, 9, 'basic']",GeniusBOABaselineNegotiator@0,,2,"[['GeniusBOABaselineNegotiator@0', [9, 10, 9, 'basic']]]",[None],GeniusBOABaselineNegotiator@0,,"[['GeniusBOABaselineNegotiator@0', None]]","(0.868421052631579, 0.5935672514619883)","[1.0, 1.0]","[0.046783625730994156, 0.09356725146198831]","(0.0007811278057266481, 0.0009639366705748589)","['GeniusBOABaselineNegotiator', 'LinearTBNegotiator']",,wcpQZTzbDxE,0.026668959006201476,"['GeniusBOABaselineNegotiator@0', 'LinearTBNegotiator@1']","['GeniusBOABaselineNegotiator@0', 'LinearTBNegotiator@1']","['src.negotiators.GeniusBOABaselineNegotiator', 'negmas.gb.negotiators.timebased.LinearTBNegotiator']","[0.006813967309426516, 0.017386834195349365]",50,inf,50,inf,0.0,0.0,inf,inf,"{'rep': 0, 'n_repetitions': 2}",S5_F-1,wcpQZTzbDxE,negmas.sao.mechanism.SAOMechanism,wcpQZTzbDxE,31,0.02644125,,0,2,1.0,0.8324241332371594,0.8324241332371594,0.8513976513554027,0.9667193271145101,0.8513976513554027,0.8513976513554027,negmas.preferences.ops.OutcomeOptimality,0.8513976513554027
190,False,False,True,43,0.023663625,0.8627450980392157,False,False,"(0, 1, 0, 'basic')",,2,False,,,,{},,[],"[0, 1, 0, 'basic']",SmartAspirationNegotiator@1,,2,[],"[None, None]",SmartAspirationNegotiator@1,,[],"(0.47368421052631576, 0.5263157894736842)","[1.0, 1.0]","[0.0, 0.0]","(0.0034960628013070215, 0.004370114375307104)","['SmartAspirationNegotiator', 'SmartAspirationNegotiator']",,T6hoBiMQyto,0.033231290988624096,"['SmartAspirationNegotiator@0', 'SmartAspirationNegotiator@1']","['SmartAspirationNegotiator@0', 'SmartAspirationNegotiator@1']","['src.negotiators.SmartAspirationNegotiator', 'src.negotiators.SmartAspirationNegotiator']","[0.01516683236695826, 0.014753694995306432]",50,inf,50,inf,0.0,0.0,inf,inf,"{'rep': 1, 'n_repetitions': 2}",S4_A-1,T6hoBiMQyto,negmas.sao.mechanism.SAOMechanism,T6hoBiMQyto,43,0.023663625,,1,2,0.9999999999999999,0.9766081871345029,0.9766081871345029,0.9766081871345029,1.0,0.9766081871345029,0.9766081871345029,negmas.preferences.ops.OutcomeOptimality,0.9766081871345029
191,False,False,True,42,0.030654833,0.8431372549019608,False,False,"(9, 2, 1, 'premium')",,2,False,,,,{},,[],"[9, 2, 1, 'premium']",GeniusBOABaselineNegotiator@0,,2,"[['GeniusBOABaselineNegotiator@0', [9, 2, 1, 'premium']]]",[None],GeniusBOABaselineNegotiator@0,,"[['GeniusBOABaselineNegotiator@0', None]]","(0.5457355882887797, 0.578853046594982)","[0.9999999999999999, 0.9999999999999999]","[0.016366612111292964, 0.0]","(0.0006426653306037134, 0.0012950634439420957)","['GeniusBOABaselineNegotiator', 'BoulwareTBNegotiator']",,n-LEbQBE6_M,0.030884500010870397,"['GeniusBOABaselineNegotiator@0', 'BoulwareTBNegotiator@1']","['GeniusBOABaselineNegotiator@0', 'BoulwareTBNegotiator@1']","['src.negotiators.GeniusBOABaselineNegotiator', 'negmas.gb.negotiators.timebased.BoulwareTBNegotiator']","[0.007501963467802852, 0.020063958188984543]",50,inf,50,inf,0.0,0.0,inf,inf,"{'rep': 1, 'n_repetitions': 2}",S2_E-1,n-LEbQBE6_M,negmas.sao.mechanism.SAOMechanism,n-LEbQBE6_M,42,0.030654833,,1,2,0.9587829391141542,0.9474842994747478,0.9483384723776958,0.9587829391141542,0.915539679875679,0.9587829391141542,0.9587829391141542,negmas.preferences.ops.OutcomeOptimality,0.9587829391141542
192,False,False,True,41,0.019446125,0.8235294117647058,False,False,"(9, 5, 0, 'basic')",,2,False,,,,{},,[],"[9, 5, 0, 'basic']",SmartAspirationNegotiator@0,,2,"[['SmartAspirationNegotiator@0', [9, 5, 0, 'basic']]]",[None],SmartAspirationNegotiator@0,,"[['SmartAspirationNegotiator@0', None]]","(0.5973813420621931, 0.6048387096774194)","[0.9999999999999999, 0.9999999999999999]","[0.016366612111292964, 0.0]","(0.0006426653306037134, 0.0012950634439420957)","['SmartAspirationNegotiator', 'GeniusBOABaselineNegotiator']",,y7txCHLNNak,0.02534674998605624,"['SmartAspirationNegotiator@0', 'GeniusBOABaselineNegotiator@1']","['SmartAspirationNegotiator@0', 'GeniusBOABaselineNegotiator@1']","['src.negotiators.SmartAspirationNegotiator', 'src.negotiators.GeniusBOABaselineNegotiator']","[0.014952331257518381, 0.007210918818600476]",50,inf,50,inf,0.0,0.0,inf,inf,"{'rep': 1, 'n_repetitions': 2}",S2_E-1,y7txCHLNNak,negmas.sao.mechanism.SAOMechanism,y7txCHLNNak,41,0.019446125,,1,2,1.0,0.9765338686924485,0.9832225744061249,1.0,0.9787402496945685,1.0,1.0,negmas.preferences.ops.OutcomeOptimality,1.0
193,False,False,True,37,0.029127,0.7450980392156863,False,False,"(9, 10, 7, 'standard')",,2,False,,,,{},,[],"[9, 10, 7, 'standard']",SmartAspirationNegotiator@0,,2,"[['SmartAspirationNegotiator@0', [9, 10, 7, 'standard']]]",[None],SmartAspirationNegotiator@0,,"[['SmartAspirationNegotiator@0', None]]","(0.7397660818713451, 0.7725532264198727)","[1.0, 1.0]","[0.046783625730994156, 0.09356725146198831]","(0.0007442816259952948, 0.0008771261662935939)","['SmartAspirationNegotiator', 'BoulwareTBNegotiator']",,4yeo3xD-n6g,0.034820000000763685,"['SmartAspirationNegotiator@0', 'BoulwareTBNegotiator@1']","['SmartAspirationNegotiator@0', 'BoulwareTBNegotiator@1']","['src.negotiators.SmartAspirationNegotiator', 'negmas.gb.negotiators.timebased.BoulwareTBNegotiator']","[0.013937334588263184, 0.017974652466364205]",50,inf,50,inf,0.0,0.0,inf,inf,"{'rep': 0, 'n_repetitions': 2}",S0_F-1,4yeo3xD-n6g,negmas.sao.mechanism.SAOMechanism,4yeo3xD-n6g,37,0.029127,,0,2,1.0,1.0,1.0,0.9807999989329749,1.0,0.9807999989329749,0.9807999989329749,negmas.preferences.ops.OutcomeOptimality,1.0
194,False,False,True,37,0.040725875,0.7450980392156863,False,False,"(5, 3, 0, 'standard')",,2,False,,,,{},,[],"[5, 3, 0, 'standard']",BoulwareTBNegotiator@1,,2,[],"[None, None]",BoulwareTBNegotiator@1,,[],"(0.3166030187306783, 0.7539135594696658)","[0.9999999999999999, 0.9999999999999999]","[0.016366612111292964, 0.0]","(0.0006426653306037134, 0.0012950634439420957)","['LinearTBNegotiator', 'BoulwareTBNegotiator']",,mCQCdkdf-50,0.04096808301983401,"['LinearTBNegotiator@0', 'BoulwareTBNegotiator@1']","['LinearTBNegotiator@0', 'BoulwareTBNegotiator@1']","['negmas.gb.negotiators.timebased.LinearTBNegotiator', 'negmas.gb.negotiators.timebased.BoulwareTBNegotiator']","[0.020204629108775407, 0.01789341092808172]",50,inf,50,inf,0.0,0.0,inf,inf,"{'rep': 0, 'n_repetitions': 2}",S2_E-1,mCQCdkdf-50,negmas.sao.mechanism.SAOMechanism,mCQCdkdf-50,37,0.040725875,,0,2,0.9676090921129151,0.7874967847247605,0.7566580799973476,0.7733644806400886,0.8715190380778248,0.7733644806400886,0.7733644806400886,negmas.preferences.ops.OutcomeOptimality,0.7874967847247605
195,False,False,True,39,0.031932042,0.7843137254901961,False,False,"(3, 2, 1, 'standard')",,2,False,,,,{},,[],"[3, 2, 1, 'standard']",LinearTBNegotiator@1,,2,[],"[None, None]",LinearTBNegotiator@1,,[],"(0.6756272401433692, 0.2675031823967994)","[0.9999999999999999, 0.9999999999999999]","[0.0, 0.016366612111292964]","(0.0010624744725208587, 0.0007574209704742231)","['GeniusBOABaselineNegotiator', 'LinearTBNegotiator']",,8hbStDflVFc,0.03218362503685057,"['GeniusBOABaselineNegotiator@0', 'LinearTBNegotiator@1']","['GeniusBOABaselineNegotiator@0', 'LinearTBNegotiator@1']","['src.negotiators.GeniusBOABaselineNegotiator', 'negmas.gb.negotiators.timebased.LinearTBNegotiator']","[0.007577581563964486, 0.021520289301406592]",50,inf,50,inf,0.0,0.0,inf,inf,"{'rep': 0, 'n_repetitions': 2}",S3_E,8hbStDflVFc,negmas.sao.mechanism.SAOMechanism,8hbStDflVFc,39,0.031932042,,0,2,0.902907436915248,0.7678606227682558,0.7437685636192172,0.7594704993015259,0.7678126012919283,0.7594704993015259,0.7594704993015259,negmas.preferences.ops.OutcomeOptimality,0.7678606227682558
196,False,False,True,31,0.030643042,0.6274509803921569,False,False,"(1, 10, 0, 'standard')",,2,False,,,,{},,[],"[1, 10, 0, 'standard']",GeniusBOABaselineNegotiator@0,,2,"[['GeniusBOABaselineNegotiator@0', [1, 10, 0, 'standard']]]",[None],GeniusBOABaselineNegotiator@0,,"[['GeniusBOABaselineNegotiator@0', None]]","(0.8771929824561403, 0.12280701754385964)","[1.0, 1.0]","[0.0, 0.0]","(0.004370114375307104, 0.0034960628013070215)","['GeniusBOABaselineNegotiator', 'ConcederTBNegotiator']",,6ZMtSNMB9UY,0.03090974997030571,"['GeniusBOABaselineNegotiator@0', 'ConcederTBNegotiator@1']","['GeniusBOABaselineNegotiator@0', 'ConcederTBNegotiator@1']","['src.negotiators.GeniusBOABaselineNegotiator', 'negmas.gb.negotiators.timebased.ConcederTBNegotiator']","[0.00608133221976459, 0.02238174364902079]",50,inf,50,inf,0.0,0.0,inf,inf,"{'rep': 0, 'n_repetitions': 2}",S4_A,6ZMtSNMB9UY,negmas.sao.mechanism.SAOMechanism,6ZMtSNMB9UY,31,0.030643042,,0,2,1.0,0.6257309941520469,0.6257309941520469,0.6257309941520469,1.0,0.6257309941520469,0.6257309941520469,negmas.preferences.ops.OutcomeOptimality,0.6257309941520469
197,False,False,True,39,0.040362834,0.7843137254901961,False,False,"(9, 9, 5, 'standard')",,2,False,,,,{},,[],"[9, 9, 5, 'standard']",BoulwareTBNegotiator@1,,2,[],"[None, None]",BoulwareTBNegotiator@1,,[],"(0.6933073424301495, 0.7063027940220923)","[1.0, 1.0]","[0.09356725146198831, 0.046783625730994156]","(0.0009639366705748589, 0.0007811278057266481)","['BoulwareTBNegotiator', 'BoulwareTBNegotiator']",,7dHCnRwCw-s,0.040609416959341615,"['BoulwareTBNegotiator@0', 'BoulwareTBNegotiator@1']","['BoulwareTBNegotiator@0', 'BoulwareTBNegotiator@1']","['negmas.gb.negotiators.timebased.BoulwareTBNegotiator', 'negmas.gb.negotiators.timebased.BoulwareTBNegotiator']","[0.01879584084963426, 0.018757459241896868]",50,inf,50,inf,0.0,0.0,inf,inf,"{'rep': 1, 'n_repetitions': 2}",S5_F,7dHCnRwCw-s,negmas.sao.mechanism.SAOMechanism,7dHCnRwCw-s,39,0.040362834,,1,2,0.9462663627744217,0.9346036197574028,0.9346036197574028,0.9395037748202615,0.9254726358242911,0.9395037748202615,0.9395037748202615,negmas.preferences.ops.OutcomeOptimality,0.9395037748202615
198,False,False,True,40,0.044815709,0.803921568627451,False,False,"(6, 4, 9, 'standard')",,2,False,,,,{},,[],"[6, 4, 9, 'standard']",LinearTBNegotiator@1,,2,[],"[None, None]",LinearTBNegotiator@1,,[],"(0.6710310965630115, 0.23703471649526825)","[0.9999999999999999, 0.9999999999999999]","[0.016366612111292964, 0.0]","(0.0006426653306037134, 0.0012950634439420957)","['BoulwareTBNegotiator', 'LinearTBNegotiator']",,XPPJ_7OL5mw,0.04507170803844929,"['BoulwareTBNegotiator@0', 'LinearTBNegotiator@1']","['BoulwareTBNegotiator@0', 'LinearTBNegotiator@1']","['negmas.gb.negotiators.timebased.BoulwareTBNegotiator', 'negmas.gb.negotiators.timebased.LinearTBNegotiator']","[0.01913054077886045, 0.022759156534448266]",50,inf,50,inf,0.0,0.0,inf,inf,"{'rep': 1, 'n_repetitions': 2}",S2_E-1,XPPJ_7OL5mw,negmas.sao.mechanism.SAOMechanism,XPPJ_7OL5mw,40,0.044815709,,1,2,0.9694735723246475,0.70911502398021,0.7441159507431945,0.7325810824533303,0.7392661263016912,0.7325810824533303,0.7325810824533303,negmas.preferences.ops.OutcomeOptimality,0.7441159507431945
199,False,False,True,38,0.031819625,0.7647058823529411,False,False,"(7, 2, 7, 'standard')",,2,False,,,,{},,[],"[7, 2, 7, 'standard']",SmartAspirationNegotiator@1,,2,[],"[None, None]",SmartAspirationNegotiator@1,,[],"(0.2631578947368421, 0.7368421052631577)","[1.0, 1.0]","[0.0, 0.0]","(0.004370114375307104, 0.0034960628013070215)","['LinearTBNegotiator', 'SmartAspirationNegotiator']",,isA4pUMG-a8,0.036614458018448204,"['LinearTBNegotiator@0', 'SmartAspirationNegotiator@1']","['LinearTBNegotiator@0', 'SmartAspirationNegotiator@1']","['negmas.gb.negotiators.timebased.LinearTBNegotiator', 'src.negotiators.SmartAspirationNegotiator']","[0.021657962875906378, 0.011998790549114347]",50,inf,50,inf,0.0,0.0,inf,inf,"{'rep': 1, 'n_repetitions': 2}",S4_A,isA4pUMG-a8,negmas.sao.mechanism.SAOMechanism,isA4pUMG-a8,38,0.031819625,,1,2,0.9999999999999999,0.760233918128655,0.760233918128655,0.7660818713450294,0.9999999999999998,0.760233918128655,0.7660818713450294,negmas.preferences.ops.OutcomeOptimality,0.760233918128655
200,False,False,True,14,0.021649,0.29411764705882354,False,False,"(9, 10, 8, 'standard')",,2,False,,,,{},,[],"[9, 10, 8, 'standard']",LinearTBNegotiator@1,,2,[],"[None, None]",LinearTBNegotiator@1,,[],"(0.7543859649122808, 0.7573099415204678)","[1.0, 1.0]","[0.09356725146198831, 0.046783625730994156]","(0.0009639366705748589, 0.0007811278057266481)","['LinearTBNegotiator', 'LinearTBNegotiator']",,CWG1KQf64iU,0.02189420798094943,"['LinearTBNegotiator@0', 'LinearTBNegotiator@1']","['LinearTBNegotiator@0', 'LinearTBNegotiator@1']","['negmas.gb.negotiators.timebased.LinearTBNegotiator', 'negmas.gb.negotiators.timebased.LinearTBNegotiator']","[0.010493833979126066, 0.010274872940499336]",50,inf,50,inf,0.0,0.0,inf,inf,"{'rep': 1, 'n_repetitions': 2}",S5_F,CWG1KQf64iU,negmas.sao.mechanism.SAOMechanism,CWG1KQf64iU,14,0.021649,,1,2,1.0,0.9807999989329749,0.9807999989329749,1.0,0.9995877842364035,1.0,1.0,negmas.preferences.ops.OutcomeOptimality,1.0
201,False,False,True,36,0.040979583,0.7254901960784313,False,False,"(5, 3, 0, 'standard')",,2,False,,,,{},,[],"[5, 3, 0, 'standard']",BoulwareTBNegotiator@0,,2,"[['BoulwareTBNegotiator@0', [5, 3, 0, 'standard']]]",[None],BoulwareTBNegotiator@0,,"[['BoulwareTBNegotiator@0', None]]","(0.7539135594696658, 0.3166030187306783)","[0.9999999999999999, 0.9999999999999999]","[0.0, 0.016366612111292964]","(0.0010624744725208587, 0.0007574209704742231)","['BoulwareTBNegotiator', 'LinearTBNegotiator']",,O2K4poSsMEk,0.04124708299059421,"['BoulwareTBNegotiator@0', 'LinearTBNegotiator@1']","['BoulwareTBNegotiator@0', 'LinearTBNegotiator@1']","['negmas.gb.negotiators.timebased.BoulwareTBNegotiator', 'negmas.gb.negotiators.timebased.LinearTBNegotiator']","[0.018409251410048455, 0.019957872456870973]",50,inf,50,inf,0.0,0.0,inf,inf,"{'rep': 0, 'n_repetitions': 2}",S3_E,O2K4poSsMEk,negmas.sao.mechanism.SAOMechanism,O2K4poSsMEk,36,0.040979583,,0,2,0.9676090921129151,0.7874967847247605,0.7566580799973476,0.7733644806400886,0.8715190380778248,0.7733644806400886,0.7733644806400886,negmas.preferences.ops.OutcomeOptimality,0.7874967847247605
202,False,False,True,42,0.030283167,0.8431372549019608,False,False,"(9, 2, 1, 'premium')",,2,False,,,,{},,[],"[9, 2, 1, 'premium']",GeniusBOABaselineNegotiator@0,,2,"[['GeniusBOABaselineNegotiator@0', [9, 2, 1, 'premium']]]",[None],GeniusBOABaselineNegotiator@0,,"[['GeniusBOABaselineNegotiator@0', None]]","(0.5457355882887797, 0.578853046594982)","[0.9999999999999999, 0.9999999999999999]","[0.016366612111292964, 0.0]","(0.0007574209704742231, 0.0010624744725208587)","['GeniusBOABaselineNegotiator', 'BoulwareTBNegotiator']",,RwbruxX1WU8,0.030538416001945734,"['GeniusBOABaselineNegotiator@0', 'BoulwareTBNegotiator@1']","['GeniusBOABaselineNegotiator@0', 'BoulwareTBNegotiator@1']","['src.negotiators.GeniusBOABaselineNegotiator', 'negmas.gb.negotiators.timebased.BoulwareTBNegotiator']","[0.007402839895803481, 0.019838574691675603]",50,inf,50,inf,0.0,0.0,inf,inf,"{'rep': 1, 'n_repetitions': 2}",S3_E-1,RwbruxX1WU8,negmas.sao.mechanism.SAOMechanism,RwbruxX1WU8,42,0.030283167,,1,2,0.9587829391141542,0.9474842994747478,0.9483384723776958,0.9587829391141542,0.915539679875679,0.9587829391141542,0.9587829391141542,negmas.preferences.ops.OutcomeOptimality,0.9587829391141542
203,False,False,True,39,0.040960291,0.7843137254901961,False,False,"(9, 9, 5, 'standard')",,2,False,,,,{},,[],"[9, 9, 5, 'standard']",BoulwareTBNegotiator@1,,2,[],"[None, None]",BoulwareTBNegotiator@1,,[],"(0.6933073424301495, 0.7063027940220923)","[1.0, 1.0]","[0.09356725146198831, 0.046783625730994156]","(0.0008771261662935939, 0.0007442816259952948)","['BoulwareTBNegotiator', 'BoulwareTBNegotiator']",,RIhhjcNvbWA,0.041202374966815114,"['BoulwareTBNegotiator@0', 'BoulwareTBNegotiator@1']","['BoulwareTBNegotiator@0', 'BoulwareTBNegotiator@1']","['negmas.gb.negotiators.timebased.BoulwareTBNegotiator', 'negmas.gb.negotiators.timebased.BoulwareTBNegotiator']","[0.019084918778389692, 0.019033835851587355]",50,inf,50,inf,0.0,0.0,inf,inf,"{'rep': 1, 'n_repetitions': 2}",S0_F,RIhhjcNvbWA,negmas.sao.mechanism.SAOMechanism,RIhhjcNvbWA,39,0.040960291,,1,2,0.9462663627744217,0.9346036197574028,0.9346036197574028,0.9395037748202615,0.9254726358242911,0.9395037748202615,0.9395037748202615,negmas.preferences.ops.OutcomeOptimality,0.9395037748202615
204,False,False,True,43,0.017506625,0.8627450980392157,False,False,"(9, 2, 1, 'premium')",,2,False,,,,{},,[],"[9, 2, 1, 'premium']",GeniusBOABaselineNegotiator@1,,2,[],"[None, None]",GeniusBOABaselineNegotiator@1,,[],"(0.578853046594982, 0.5457355882887797)","[0.9999999999999999, 0.9999999999999999]","[0.0, 0.016366612111292964]","(0.0010624744725208587, 0.0007574209704742231)","['GeniusBOABaselineNegotiator', 'GeniusBOABaselineNegotiator']",,IXGLVK2R32k,0.017718582996167243,"['GeniusBOABaselineNegotiator@0', 'GeniusBOABaselineNegotiator@1']","['GeniusBOABaselineNegotiator@0', 'GeniusBOABaselineNegotiator@1']","['src.negotiators.GeniusBOABaselineNegotiator', 'src.negotiators.GeniusBOABaselineNegotiator']","[0.00720583664951846, 0.007201915781479329]",50,inf,50,inf,0.0,0.0,inf,inf,"{'rep': 0, 'n_repetitions': 2}",S3_E,IXGLVK2R32k,negmas.sao.mechanism.SAOMechanism,IXGLVK2R32k,43,0.017506625,,0,2,0.9587829391141542,0.9474842994747478,0.9483384723776958,0.9587829391141542,0.915539679875679,0.9587829391141542,0.9587829391141542,negmas.preferences.ops.OutcomeOptimality,0.9587829391141542
205,False,False,True,42,0.03343075,0.8431372549019608,False,False,"(8, 2, 0, 'basic')",,2,False,,,,{},,[],"[8, 2, 0, 'basic']",SmartAspirationNegotiator@1,,2,[],"[None, None]",SmartAspirationNegotiator@1,,[],"(0.5790143662484089, 0.5806451612903226)","[0.9999999999999999, 0.9999999999999999]","[0.016366612111292964, 0.0]","(0.0006426653306037134, 0.0012950634439420957)","['BoulwareTBNegotiator', 'SmartAspirationNegotiator']",,3w6sBgf0yeM,0.038909416005481035,"['BoulwareTBNegotiator@0', 'SmartAspirationNegotiator@1']","['BoulwareTBNegotiator@0', 'SmartAspirationNegotiator@1']","['negmas.gb.negotiators.timebased.BoulwareTBNegotiator', 'src.negotiators.SmartAspirationNegotiator']","[0.020147001137956977, 0.0155176991247572]",50,inf,50,inf,0.0,0.0,inf,inf,"{'rep': 0, 'n_repetitions': 2}",S2_E-1,3w6sBgf0yeM,negmas.sao.mechanism.SAOMechanism,3w6sBgf0yeM,42,0.03343075,,0,2,0.9783447675564003,0.9588819145275801,0.9717465499436655,0.9783447675564003,0.9440912700645696,0.9783447675564003,0.9783447675564003,negmas.preferences.ops.OutcomeOptimality,0.9783447675564003
206,False,False,True,35,0.028818333,0.7058823529411765,False,False,"(8, 10, 7, 'basic')",,2,False,,,,{},,[],"[8, 10, 7, 'basic']",GeniusBOABaselineNegotiator@0,,2,"[['GeniusBOABaselineNegotiator@0', [8, 10, 7, 'basic']]]",[None],GeniusBOABaselineNegotiator@0,,"[['GeniusBOABaselineNegotiator@0', None]]","(0.7822283931139397, 0.328042328042328)","[1.0, 1.0]","[0.023809523809523808, 0.0]","(0.0007754352238636291, 0.002193248997500751)","['GeniusBOABaselineNegotiator', 'LinearTBNegotiator']",,15brAJiHZvg,0.029035333020146936,"['GeniusBOABaselineNegotiator@0', 'LinearTBNegotiator@1']","['GeniusBOABaselineNegotiator@0', 'LinearTBNegotiator@1']","['src.negotiators.GeniusBOABaselineNegotiator', 'negmas.gb.negotiators.timebased.LinearTBNegotiator']","[0.0064271658775396645, 0.01984795113094151]",50,inf,50,inf,0.0,0.0,inf,inf,"{'rep': 1, 'n_repetitions': 2}",S1_B-1,15brAJiHZvg,negmas.sao.mechanism.SAOMechanism,15brAJiHZvg,35,0.028818333,,1,2,0.9889059294623107,0.7428511964925584,0.7649272400742826,0.7649272400742826,0.8935450696569122,0.7649272400742826,0.7649272400742826,negmas.preferences.ops.OutcomeOptimality,0.7649272400742826
207,False,False,True,31,0.041727958,0.6274509803921569,False,False,"(9, 2, 9, 'premium')",,2,False,,,,{},,[],"[9, 2, 9, 'premium']",BoulwareTBNegotiator@0,,2,"[['BoulwareTBNegotiator@0', [9, 2, 9, 'premium']]]",[None],BoulwareTBNegotiator@0,,"[['BoulwareTBNegotiator@0', None]]","(0.8657937806873975, 0.17741935483870966)","[0.9999999999999999, 0.9999999999999999]","[0.016366612111292964, 0.0]","(0.0007574209704742231, 0.0010624744725208587)","['BoulwareTBNegotiator', 'ConcederTBNegotiator']",,TpzAFPiMNBU,0.04202037496725097,"['BoulwareTBNegotiator@0', 'ConcederTBNegotiator@1']","['BoulwareTBNegotiator@0', 'ConcederTBNegotiator@1']","['negmas.gb.negotiators.timebased.BoulwareTBNegotiator', 'negmas.gb.negotiators.timebased.ConcederTBNegotiator']","[0.016303831012919545, 0.023186915961559862]",50,inf,50,inf,0.0,0.0,inf,inf,"{'rep': 0, 'n_repetitions': 2}",S3_E-1,TpzAFPiMNBU,negmas.sao.mechanism.SAOMechanism,TpzAFPiMNBU,31,0.041727958,,0,2,1.0,0.6181361991736312,0.6553875741567566,0.6401835445286903,0.8492910123001515,0.6401835445286903,0.6401835445286903,negmas.preferences.ops.OutcomeOptimality,0.6553875741567566
208,False,False,True,31,0.032282875,0.6274509803921569,False,False,"(9, 10, 9, 'basic')",,2,False,,,,{},,[],"[9, 10, 9, 'basic']",GeniusBOABaselineNegotiator@0,,2,"[['GeniusBOABaselineNegotiator@0', [9, 10, 9, 'basic']]]",[None],GeniusBOABaselineNegotiator@0,,"[['GeniusBOABaselineNegotiator@0', None]]","(0.868421052631579, 0.5935672514619883)","[1.0, 1.0]","[0.046783625730994156, 0.09356725146198831]","(0.0007442816259952948, 0.0008771261662935939)","['GeniusBOABaselineNegotiator', 'ConcederTBNegotiator']",,9TkiCHIkzfI,0.03249258402502164,"['GeniusBOABaselineNegotiator@0', 'ConcederTBNegotiator@1']","['GeniusBOABaselineNegotiator@0', 'ConcederTBNegotiator@1']","['src.negotiators.GeniusBOABaselineNegotiator', 'negmas.gb.negotiators.timebased.ConcederTBNegotiator']","[0.007084960932843387, 0.022881079756189138]",50,inf,50,inf,0.0,0.0,inf,inf,"{'rep': 0, 'n_repetitions': 2}",S0_F-1,9TkiCHIkzfI,negmas.sao.mechanism.SAOMechanism,9TkiCHIkzfI,31,0.032282875,,0,2,1.0,0.8324241332371594,0.8324241332371594,0.8513976513554027,0.9667193271145101,0.8513976513554027,0.8513976513554027,negmas.preferences.ops.OutcomeOptimality,0.8513976513554027
209,False,False,True,28,0.037590667,0.5686274509803921,False,False,"(0, 3, 0, 'premium')",,2,False,,,,{},,[],"[0, 3, 0, 'premium']",BoulwareTBNegotiator@1,,2,[],"[None, None]",BoulwareTBNegotiator@1,,[],"(0.15384615384615385, 0.9232683981793433)","[0.9999999999999999, 0.9999999999999999]","[0.016366612111292964, 0.0]","(0.0007574209704742231, 0.0010624744725208587)","['ConcederTBNegotiator', 'BoulwareTBNegotiator']",,1ejyatjeikA,0.037848624982871115,"['ConcederTBNegotiator@0', 'BoulwareTBNegotiator@1']","['ConcederTBNegotiator@0', 'BoulwareTBNegotiator@1']","['negmas.gb.negotiators.timebased.ConcederTBNegotiator', 'negmas.gb.negotiators.timebased.BoulwareTBNegotiator']","[0.020638543064706028, 0.014972747303545475]",50,inf,50,inf,0.0,0.0,inf,inf,"{'rep': 1, 'n_repetitions': 2}",S3_E-1,1ejyatjeikA,negmas.sao.mechanism.SAOMechanism,1ejyatjeikA,28,0.037590667,,1,2,1.0,0.6276054466489961,0.5939791687865419,0.6107442472375311,0.8768905193967101,0.6107442472375311,0.6107442472375311,negmas.preferences.ops.OutcomeOptimality,0.6276054466489961
210,False,False,True,13,0.02232775,0.27450980392156865,False,False,"(9, 8, 0, 'premium')",,2,False,,,,{},,[],"[9, 8, 0, 'premium']",LinearTBNegotiator@1,,2,[],"[None, None]",LinearTBNegotiator@1,,[],"(0.4238952536824877, 0.7651169989224802)","[0.9999999999999999, 0.9999999999999999]","[0.016366612111292964, 0.0]","(0.0007574209704742231, 0.0010624744725208587)","['ConcederTBNegotiator', 'LinearTBNegotiator']",,jfDyDKBGgtk,0.02253562497207895,"['ConcederTBNegotiator@0', 'LinearTBNegotiator@1']","['ConcederTBNegotiator@0', 'LinearTBNegotiator@1']","['negmas.gb.negotiators.timebased.ConcederTBNegotiator', 'negmas.gb.negotiators.timebased.LinearTBNegotiator']","[0.011578414880204946, 0.009932458982802927]",50,inf,50,inf,0.0,0.0,inf,inf,"{'rep': 1, 'n_repetitions': 2}",S3_E-1,jfDyDKBGgtk,negmas.sao.mechanism.SAOMechanism,jfDyDKBGgtk,13,0.02232775,,1,2,1.0,0.8500196090556311,0.8150382970349164,0.8316149347784617,0.9679876386361752,0.8316149347784617,0.8316149347784617,negmas.preferences.ops.OutcomeOptimality,0.8500196090556311
211,False,False,True,43,0.043577,0.8627450980392157,False,False,"(0, 7, 6, 'standard')",,2,False,,,,{},,[],"[0, 7, 6, 'standard']",BoulwareTBNegotiator@1,,2,[],"[None, None]",BoulwareTBNegotiator@1,,[],"(0.6507936507936508, 0.5511054333210059)","[1.0, 1.0]","[0.0, 0.023809523809523808]","(0.002193248997500751, 0.0007754352238636291)","['BoulwareTBNegotiator', 'BoulwareTBNegotiator']",,kmIP706gYNc,0.043806875008158386,"['BoulwareTBNegotiator@0', 'BoulwareTBNegotiator@1']","['BoulwareTBNegotiator@0', 'BoulwareTBNegotiator@1']","['negmas.gb.negotiators.timebased.BoulwareTBNegotiator', 'negmas.gb.negotiators.timebased.BoulwareTBNegotiator']","[0.020106290583498776, 0.02032416284782812]",50,inf,50,inf,0.0,0.0,inf,inf,"{'rep': 0, 'n_repetitions': 2}",S1_B,kmIP706gYNc,negmas.sao.mechanism.SAOMechanism,kmIP706gYNc,43,0.043577,,0,2,0.9873708232938224,0.9664393067008068,0.9474535363292,0.9474535363292,0.9672875095880819,0.9474535363292,0.9474535363292,negmas.preferences.ops.OutcomeOptimality,0.9664393067008068
212,False,False,True,43,0.030097,0.8627450980392157,False,False,"(2, 3, 8, 'premium')",,2,False,,,,{},,[],"[2, 3, 8, 'premium']",BoulwareTBNegotiator@0,,2,"[['BoulwareTBNegotiator@0', [2, 3, 8, 'premium']]]",[None],BoulwareTBNegotiator@0,,"[['BoulwareTBNegotiator@0', None]]","(0.4970760233918128, 0.502923976608187)","[1.0, 1.0]","[0.0, 0.0]","(0.0034960628013070215, 0.004370114375307104)","['BoulwareTBNegotiator', 'GeniusBOABaselineNegotiator']",,x7f8AlbkddU,0.030331417045090348,"['BoulwareTBNegotiator@0', 'GeniusBOABaselineNegotiator@1']","['BoulwareTBNegotiator@0', 'GeniusBOABaselineNegotiator@1']","['negmas.gb.negotiators.timebased.BoulwareTBNegotiator', 'src.negotiators.GeniusBOABaselineNegotiator']","[0.02035957807675004, 0.006495244684629142]",50,inf,50,inf,0.0,0.0,inf,inf,"{'rep': 1, 'n_repetitions': 2}",S4_A-1,x7f8AlbkddU,negmas.sao.mechanism.SAOMechanism,x7f8AlbkddU,43,0.030097,,1,2,0.9999999999999998,0.9999999999999998,0.9999999999999998,0.9999999999999998,0.9999999999999998,0.9999999999999998,0.9999999999999998,negmas.preferences.ops.OutcomeOptimality,0.9999999999999998
213,False,False,True,36,0.039633792,0.7254901960784313,False,False,"(7, 10, 1, 'premium')",,2,False,,,,{},,[],"[7, 10, 1, 'premium']",BoulwareTBNegotiator@1,,2,[],"[None, None]",BoulwareTBNegotiator@1,,[],"(0.3667966211825861, 0.7994924177520258)","[1.0, 1.0]","[0.046783625730994156, 0.09356725146198831]","(0.0007811278057266481, 0.0009639366705748589)","['LinearTBNegotiator', 'BoulwareTBNegotiator']",,GSZGOWdjeCI,0.039863666985183954,"['LinearTBNegotiator@0', 'BoulwareTBNegotiator@1']","['LinearTBNegotiator@0', 'BoulwareTBNegotiator@1']","['negmas.gb.negotiators.timebased.LinearTBNegotiator', 'negmas.gb.negotiators.timebased.BoulwareTBNegotiator']","[0.01956433500163257, 0.01748920709360391]",50,inf,50,inf,0.0,0.0,inf,inf,"{'rep': 0, 'n_repetitions': 2}",S5_F-1,GSZGOWdjeCI,negmas.sao.mechanism.SAOMechanism,GSZGOWdjeCI,36,0.039633792,,0,2,0.9391382745772429,0.7157177189149243,0.7157177189149243,0.701145103828247,0.7711923219788893,0.701145103828247,0.701145103828247,negmas.preferences.ops.OutcomeOptimality,0.7157177189149243
214,False,False,True,43,0.031422666,0.8627450980392157,False,False,"(9, 2, 1, 'premium')",,2,False,,,,{},,[],"[9, 2, 1, 'premium']",GeniusBOABaselineNegotiator@1,,2,[],"[None, None]",GeniusBOABaselineNegotiator@1,,[],"(0.578853046594982, 0.5457355882887797)","[0.9999999999999999, 0.9999999999999999]","[0.0, 0.016366612111292964]","(0.0010624744725208587, 0.0007574209704742231)","['BoulwareTBNegotiator', 'GeniusBOABaselineNegotiator']",,CBos-ThP6jk,0.03165012499084696,"['BoulwareTBNegotiator@0', 'GeniusBOABaselineNegotiator@1']","['BoulwareTBNegotiator@0', 'GeniusBOABaselineNegotiator@1']","['negmas.gb.negotiators.timebased.BoulwareTBNegotiator', 'src.negotiators.GeniusBOABaselineNegotiator']","[0.020616170135326684, 0.007501577201765031]",50,inf,50,inf,0.0,0.0,inf,inf,"{'rep': 1, 'n_repetitions': 2}",S3_E,CBos-ThP6jk,negmas.sao.mechanism.SAOMechanism,CBos-ThP6jk,43,0.031422666,,1,2,0.9587829391141542,0.9474842994747478,0.9483384723776958,0.9587829391141542,0.915539679875679,0.9587829391141542,0.9587829391141542,negmas.preferences.ops.OutcomeOptimality,0.9587829391141542
215,False,False,True,39,0.033908833,0.7843137254901961,False,False,"(8, 6, 9, 'premium')",,2,False,,,,{},,[],"[8, 6, 9, 'premium']",SmartAspirationNegotiator@1,,2,[],"[None, None]",SmartAspirationNegotiator@1,,[],"(0.2614226440725705, 0.7099472631387526)","[0.9999999999999999, 0.9999999999999999]","[0.0, 0.016366612111292964]","(0.0012950634439420957, 0.0006426653306037134)","['LinearTBNegotiator', 'SmartAspirationNegotiator']",,VSe2H1IxhnY,0.03997533302754164,"['LinearTBNegotiator@0', 'SmartAspirationNegotiator@1']","['LinearTBNegotiator@0', 'SmartAspirationNegotiator@1']","['negmas.gb.negotiators.timebased.LinearTBNegotiator', 'src.negotiators.SmartAspirationNegotiator']","[0.022486085537821054, 0.014384953421540558]",50,inf,50,inf,0.0,0.0,inf,inf,"{'rep': 1, 'n_repetitions': 2}",S2_E,VSe2H1IxhnY,negmas.sao.mechanism.SAOMechanism,VSe2H1IxhnY,39,0.033908833,,1,2,0.9908502915717833,0.7190358578484184,0.7552784600187009,0.7423561147168696,0.7908026689075016,0.7423561147168696,0.7423561147168696,negmas.preferences.ops.OutcomeOptimality,0.7552784600187009
216,False,False,True,29,0.038867834,0.5882352941176471,False,False,"(1, 3, 0, 'premium')",,2,False,,,,{},,[],"[1, 3, 0, 'premium']",BoulwareTBNegotiator@0,,2,"[['BoulwareTBNegotiator@0', [1, 3, 0, 'premium']]]",[None],BoulwareTBNegotiator@0,,"[['BoulwareTBNegotiator@0', None]]","(0.8990748497922465, 0.15839243498817968)","[0.9999999999999999, 0.9999999999999999]","[0.0, 0.016366612111292964]","(0.0012950634439420957, 0.0006426653306037134)","['BoulwareTBNegotiator', 'ConcederTBNegotiator']",,Y-5T_rt-Hmo,0.03912612498970702,"['BoulwareTBNegotiator@0', 'ConcederTBNegotiator@1']","['BoulwareTBNegotiator@0', 'ConcederTBNegotiator@1']","['negmas.gb.negotiators.timebased.BoulwareTBNegotiator', 'negmas.gb.negotiators.timebased.ConcederTBNegotiator']","[0.015494504244998097, 0.02133078913902864]",50,inf,50,inf,0.0,0.0,inf,inf,"{'rep': 1, 'n_repetitions': 2}",S2_E,Y-5T_rt-Hmo,negmas.sao.mechanism.SAOMechanism,Y-5T_rt-Hmo,29,0.038867834,,1,2,0.9888399765136822,0.6395440404757784,0.6064640701267894,0.6232411012448391,0.8608954682233152,0.6232411012448391,0.6232411012448391,negmas.preferences.ops.OutcomeOptimality,0.6395440404757784
217,False,False,True,39,0.028857667,0.7843137254901961,False,False,"(9, 9, 5, 'standard')",,2,False,,,,{},,[],"[9, 9, 5, 'standard']",BoulwareTBNegotiator@1,,2,[],"[None, None]",BoulwareTBNegotiator@1,,[],"(0.6933073424301495, 0.7063027940220923)","[1.0, 1.0]","[0.09356725146198831, 0.046783625730994156]","(0.0009639366705748589, 0.0007811278057266481)","['GeniusBOABaselineNegotiator', 'BoulwareTBNegotiator']",,W4tt3oe0lO0,0.029065458045806736,"['GeniusBOABaselineNegotiator@0', 'BoulwareTBNegotiator@1']","['GeniusBOABaselineNegotiator@0', 'BoulwareTBNegotiator@1']","['src.negotiators.GeniusBOABaselineNegotiator', 'negmas.gb.negotiators.timebased.BoulwareTBNegotiator']","[0.007328591658733785, 0.018677786749321967]",50,inf,50,inf,0.0,0.0,inf,inf,"{'rep': 0, 'n_repetitions': 2}",S5_F,W4tt3oe0lO0,negmas.sao.mechanism.SAOMechanism,W4tt3oe0lO0,39,0.028857667,,0,2,0.9462663627744217,0.9346036197574028,0.9346036197574028,0.9395037748202615,0.9254726358242911,0.9395037748202615,0.9395037748202615,negmas.preferences.ops.OutcomeOptimality,0.9395037748202615
218,False,False,True,36,0.0311395,0.7254901960784313,False,False,"(4, 10, 4, 'basic')",,2,False,,,,{},,[],"[4, 10, 4, 'basic']",SmartAspirationNegotiator@0,,2,"[['SmartAspirationNegotiator@0', [4, 10, 4, 'basic']]]",[None],SmartAspirationNegotiator@0,,"[['SmartAspirationNegotiator@0', None]]","(0.7793597066154879, 0.3794671864847304)","[1.0, 1.0]","[0.09356725146198831, 0.046783625730994156]","(0.0008771261662935939, 0.0007442816259952948)","['SmartAspirationNegotiator', 'LinearTBNegotiator']",,Cm2MKzk2jXw,0.037075000000186265,"['SmartAspirationNegotiator@0', 'LinearTBNegotiator@1']","['SmartAspirationNegotiator@0', 'LinearTBNegotiator@1']","['src.negotiators.SmartAspirationNegotiator', 'negmas.gb.negotiators.timebased.LinearTBNegotiator']","[0.014365166134666651, 0.019821828056592494]",50,inf,50,inf,0.0,0.0,inf,inf,"{'rep': 0, 'n_repetitions': 2}",S0_F,Cm2MKzk2jXw,negmas.sao.mechanism.SAOMechanism,Cm2MKzk2jXw,36,0.0311395,,0,2,0.9239956174677784,0.7260400905445881,0.7260400905445881,0.7121247880259337,0.7662580823685883,0.7121247880259337,0.7121247880259337,negmas.preferences.ops.OutcomeOptimality,0.7260400905445881
219,False,False,True,28,0.038404292,0.5686274509803921,False,False,"(0, 3, 0, 'premium')",,2,False,,,,{},,[],"[0, 3, 0, 'premium']",BoulwareTBNegotiator@1,,2,[],"[None, None]",BoulwareTBNegotiator@1,,[],"(0.15384615384615385, 0.9232683981793433)","[0.9999999999999999, 0.9999999999999999]","[0.016366612111292964, 0.0]","(0.0006426653306037134, 0.0012950634439420957)","['ConcederTBNegotiator', 'BoulwareTBNegotiator']",,sl-ws3vfnFQ,0.038681124977301806,"['ConcederTBNegotiator@0', 'BoulwareTBNegotiator@1']","['ConcederTBNegotiator@0', 'BoulwareTBNegotiator@1']","['negmas.gb.negotiators.timebased.ConcederTBNegotiator', 'negmas.gb.negotiators.timebased.BoulwareTBNegotiator']","[0.021153998735826463, 0.015289507515262812]",50,inf,50,inf,0.0,0.0,inf,inf,"{'rep': 1, 'n_repetitions': 2}",S2_E-1,sl-ws3vfnFQ,negmas.sao.mechanism.SAOMechanism,sl-ws3vfnFQ,28,0.038404292,,1,2,1.0,0.6276054466489961,0.5939791687865419,0.6107442472375311,0.8768905193967101,0.6107442472375311,0.6107442472375311,negmas.preferences.ops.OutcomeOptimality,0.6276054466489961
220,False,False,True,42,0.019288166,0.8431372549019608,False,False,"(2, 10, 4, 'basic')",,2,False,,,,{},,[],"[2, 10, 4, 'basic']",SmartAspirationNegotiator@1,,2,[],"[None, None]",SmartAspirationNegotiator@1,,[],"(0.5793650793650793, 0.582010582010582)","[1.0, 1.0]","[0.023809523809523808, 0.0]","(0.0007754352238636291, 0.002193248997500751)","['GeniusBOABaselineNegotiator', 'SmartAspirationNegotiator']",,IALjKm4b2rA,0.024076292000245303,"['GeniusBOABaselineNegotiator@0', 'SmartAspirationNegotiator@1']","['GeniusBOABaselineNegotiator@0', 'SmartAspirationNegotiator@1']","['src.negotiators.GeniusBOABaselineNegotiator', 'src.negotiators.SmartAspirationNegotiator']","[0.006635627301875502, 0.014188154484145343]",50,inf,50,inf,0.0,0.0,inf,inf,"{'rep': 0, 'n_repetitions': 2}",S1_B-1,IALjKm4b2rA,negmas.sao.mechanism.SAOMechanism,IALjKm4b2rA,42,0.019288166,,0,2,0.9747435113226108,0.9604718833901288,0.9704295597377377,0.9704295597377377,0.9346742884123109,0.9704295597377377,0.9704295597377377,negmas.preferences.ops.OutcomeOptimality,0.9704295597377377
221,False,False,True,39,0.0335635,0.7843137254901961,False,False,"(9, 7, 8, 'premium')",,2,False,,,,{},,[],"[9, 7, 8, 'premium']",SmartAspirationNegotiator@1,,2,[],"[None, None]",SmartAspirationNegotiator@1,,[],"(0.253828356729652, 0.6995817421349336)","[0.9999999999999999, 0.9999999999999999]","[0.0, 0.016366612111292964]","(0.0010624744725208587, 0.0007574209704742231)","['LinearTBNegotiator', 'SmartAspirationNegotiator']",,vE50eahblh8,0.039305249985773116,"['LinearTBNegotiator@0', 'SmartAspirationNegotiator@1']","['LinearTBNegotiator@0', 'SmartAspirationNegotiator@1']","['negmas.gb.negotiators.timebased.LinearTBNegotiator', 'src.negotiators.SmartAspirationNegotiator']","[0.022190413728822023, 0.014016993227414787]",50,inf,50,inf,0.0,0.0,inf,inf,"{'rep': 0, 'n_repetitions': 2}",S3_E,vE50eahblh8,negmas.sao.mechanism.SAOMechanism,vE50eahblh8,39,0.0335635,,0,2,0.9845829745045027,0.7159757289221454,0.7519186022843661,0.7393675598672658,0.7761813961377478,0.7393675598672658,0.7393675598672658,negmas.preferences.ops.OutcomeOptimality,0.7519186022843661
222,False,False,True,41,0.02044425,0.8235294117647058,False,False,"(1, 6, 9, 'premium')",,2,False,,,,{},,[],"[1, 6, 9, 'premium']",SmartAspirationNegotiator@0,,2,"[['SmartAspirationNegotiator@0', [1, 6, 9, 'premium']]]",[None],SmartAspirationNegotiator@0,,"[['SmartAspirationNegotiator@0', None]]","(0.6031746031746031, 0.5820105820105821)","[1.0, 1.0]","[0.023809523809523808, 0.0]","(0.0007754352238636291, 0.002193248997500751)","['SmartAspirationNegotiator', 'GeniusBOABaselineNegotiator']",,8TfuwCzMWRE,0.025411999959032983,"['SmartAspirationNegotiator@0', 'GeniusBOABaselineNegotiator@1']","['SmartAspirationNegotiator@0', 'GeniusBOABaselineNegotiator@1']","['src.negotiators.SmartAspirationNegotiator', 'src.negotiators.GeniusBOABaselineNegotiator']","[0.0159859539126046, 0.006233408348634839]",50,inf,50,inf,0.0,0.0,inf,inf,"{'rep': 1, 'n_repetitions': 2}",S1_B-1,8TfuwCzMWRE,negmas.sao.mechanism.SAOMechanism,8TfuwCzMWRE,41,0.02044425,,1,2,0.991209275088604,0.9617153631935871,0.9802359416950644,0.9802359416950644,0.9538361758740667,0.9802359416950644,0.9802359416950644,negmas.preferences.ops.OutcomeOptimality,0.9802359416950644
223,False,False,True,38,0.032092209,0.7647058823529411,False,False,"(4, 5, 0, 'basic')",,2,False,,,,{},,[],"[4, 5, 0, 'basic']",SmartAspirationNegotiator@1,,2,[],"[None, None]",SmartAspirationNegotiator@1,,[],"(0.30187306783051465, 0.7258064516129032)","[0.9999999999999999, 0.9999999999999999]","[0.016366612111292964, 0.0]","(0.0007574209704742231, 0.0010624744725208587)","['LinearTBNegotiator', 'SmartAspirationNegotiator']",,xHzGOtGOBQ,0.03755229100352153,"['LinearTBNegotiator@0', 'SmartAspirationNegotiator@1']","['LinearTBNegotiator@0', 'SmartAspirationNegotiator@1']","['negmas.gb.negotiators.timebased.LinearTBNegotiator', 'src.negotiators.SmartAspirationNegotiator']","[0.020678089000284672, 0.013869869289919734]",50,inf,50,inf,0.0,0.0,inf,inf,"{'rep': 1, 'n_repetitions': 2}",S3_E-1,xHzGOtGOBQ,negmas.sao.mechanism.SAOMechanism,xHzGOtGOBQ,38,0.032092209,,1,2,0.9454102745825437,0.7845053897860967,0.7558778564162505,0.7723591634059338,0.8366449286972107,0.7723591634059338,0.7723591634059338,negmas.preferences.ops.OutcomeOptimality,0.7845053897860967
224,False,False,True,31,0.0319525,0.6274509803921569,False,False,"(0, 10, 1, 'standard')",,2,False,,,,{},,[],"[0, 10, 1, 'standard']",ConcederTBNegotiator@0,,2,"[['ConcederTBNegotiator@0', [0, 10, 1, 'standard']]]",[None],ConcederTBNegotiator@0,,"[['ConcederTBNegotiator@0', None]]","(0.12280701754385964, 0.8771929824561403)","[1.0, 1.0]","[0.0, 0.0]","(0.0034960628013070215, 0.004370114375307104)","['ConcederTBNegotiator', 'GeniusBOABaselineNegotiator']",,cp9k6PNyZ_0,0.03220041695749387,"['ConcederTBNegotiator@0', 'GeniusBOABaselineNegotiator@1']","['ConcederTBNegotiator@0', 'GeniusBOABaselineNegotiator@1']","['negmas.gb.negotiators.timebased.ConcederTBNegotiator', 'src.negotiators.GeniusBOABaselineNegotiator']","[0.023694376461207867, 0.006045082758646458]",50,inf,50,inf,0.0,0.0,inf,inf,"{'rep': 1, 'n_repetitions': 2}",S4_A-1,cp9k6PNyZ_0,negmas.sao.mechanism.SAOMechanism,cp9k6PNyZ_0,31,0.0319525,,1,2,1.0,0.6257309941520469,0.6257309941520469,0.6257309941520469,1.0,0.6257309941520469,0.6257309941520469,negmas.preferences.ops.OutcomeOptimality,0.6257309941520469
225,False,False,True,31,0.040731334,0.6274509803921569,False,False,"(1, 10, 0, 'standard')",,2,False,,,,{},,[],"[1, 10, 0, 'standard']",BoulwareTBNegotiator@0,,2,"[['BoulwareTBNegotiator@0', [1, 10, 0, 'standard']]]",[None],BoulwareTBNegotiator@0,,"[['BoulwareTBNegotiator@0', None]]","(0.8771929824561403, 0.12280701754385964)","[1.0, 1.0]","[0.0, 0.0]","(0.004370114375307104, 0.0034960628013070215)","['BoulwareTBNegotiator', 'ConcederTBNegotiator']",,ixemL91APxI,0.040965375024825335,"['BoulwareTBNegotiator@0', 'ConcederTBNegotiator@1']","['BoulwareTBNegotiator@0', 'ConcederTBNegotiator@1']","['negmas.gb.negotiators.timebased.BoulwareTBNegotiator', 'negmas.gb.negotiators.timebased.ConcederTBNegotiator']","[0.015384336875285953, 0.023119245655834675]",50,inf,50,inf,0.0,0.0,inf,inf,"{'rep': 1, 'n_repetitions': 2}",S4_A,ixemL91APxI,negmas.sao.mechanism.SAOMechanism,ixemL91APxI,31,0.040731334,,1,2,1.0,0.6257309941520469,0.6257309941520469,0.6257309941520469,1.0,0.6257309941520469,0.6257309941520469,negmas.preferences.ops.OutcomeOptimality,0.6257309941520469
226,False,False,True,36,0.03169625,0.7254901960784313,False,False,"(8, 10, 8, 'basic')",,2,False,,,,{},,[],"[8, 10, 8, 'basic']",LinearTBNegotiator@0,,2,"[['LinearTBNegotiator@0', [8, 10, 8, 'basic']]]",[None],LinearTBNegotiator@0,,"[['LinearTBNegotiator@0', None]]","(0.2962962962962963, 0.8126743620608728)","[1.0, 1.0]","[0.0, 0.023809523809523808]","(0.002193248997500751, 0.0007754352238636291)","['LinearTBNegotiator', 'SmartAspirationNegotiator']",,UwmBAKMxw_o,0.036855165963061154,"['LinearTBNegotiator@0', 'SmartAspirationNegotiator@1']","['LinearTBNegotiator@0', 'SmartAspirationNegotiator@1']","['negmas.gb.negotiators.timebased.LinearTBNegotiator', 'src.negotiators.SmartAspirationNegotiator']","[0.021177372138481587, 0.01278053899295628]",50,inf,50,inf,0.0,0.0,inf,inf,"{'rep': 1, 'n_repetitions': 2}",S1_B,UwmBAKMxw_o,negmas.sao.mechanism.SAOMechanism,UwmBAKMxw_o,36,0.03169625,,1,2,1.0,0.7120358572922251,0.7341014220333839,0.7341014220333839,0.8924987800608313,0.7341014220333839,0.7341014220333839,negmas.preferences.ops.OutcomeOptimality,0.7341014220333839
227,False,False,True,25,0.034101291,0.5098039215686274,False,False,"(0, 10, 5, 'standard')",,2,False,,,,{},,[],"[0, 10, 5, 'standard']",BoulwareTBNegotiator@1,,2,[],"[None, None]",BoulwareTBNegotiator@1,,[],"(0.20467836257309946, 0.9561403508771931)","[1.0, 1.0]","[0.046783625730994156, 0.09356725146198831]","(0.0007442816259952948, 0.0008771261662935939)","['ConcederTBNegotiator', 'BoulwareTBNegotiator']",,47YbQUfe6_k,0.03434062498854473,"['ConcederTBNegotiator@0', 'BoulwareTBNegotiator@1']","['ConcederTBNegotiator@0', 'BoulwareTBNegotiator@1']","['negmas.gb.negotiators.timebased.ConcederTBNegotiator', 'negmas.gb.negotiators.timebased.BoulwareTBNegotiator']","[0.01858212926890701, 0.013788370240945369]",50,inf,50,inf,0.0,0.0,inf,inf,"{'rep': 1, 'n_repetitions': 2}",S0_F-1,47YbQUfe6_k,negmas.sao.mechanism.SAOMechanism,47YbQUfe6_k,25,0.034101291,,1,2,1.0,0.5699318647760668,0.5699318647760668,0.5527488392164512,0.767575145728921,0.5527488392164512,0.5527488392164512,negmas.preferences.ops.OutcomeOptimality,0.5699318647760668
228,False,False,True,11,0.019901208,0.23529411764705882,False,False,"(5, 8, 8, 'basic')",,2,False,,,,{},,[],"[5, 8, 8, 'basic']",ConcederTBNegotiator@0,,2,"[['ConcederTBNegotiator@0', [5, 8, 8, 'basic']]]",[None],ConcederTBNegotiator@0,,"[['ConcederTBNegotiator@0', None]]","(0.32275132275132273, 0.796801346187857)","[1.0, 1.0]","[0.0, 0.023809523809523808]","(0.002193248997500751, 0.0007754352238636291)","['ConcederTBNegotiator', 'LinearTBNegotiator']",,YNv6i_S86Gs,0.020121874986216426,"['ConcederTBNegotiator@0', 'LinearTBNegotiator@1']","['ConcederTBNegotiator@0', 'LinearTBNegotiator@1']","['negmas.gb.negotiators.timebased.ConcederTBNegotiator', 'negmas.gb.negotiators.timebased.LinearTBNegotiator']","[0.010758997988887131, 0.008483374083880335]",50,inf,50,inf,0.0,0.0,inf,inf,"{'rep': 1, 'n_repetitions': 2}",S1_B,YNv6i_S86Gs,negmas.sao.mechanism.SAOMechanism,YNv6i_S86Gs,11,0.019901208,,1,2,1.0,0.7341014220333839,0.756164987707006,0.756164987707006,0.9010151744882784,0.756164987707006,0.756164987707006,negmas.preferences.ops.OutcomeOptimality,0.756164987707006
229,False,False,True,36,0.040069167,0.7254901960784313,False,False,"(7, 10, 1, 'premium')",,2,False,,,,{},,[],"[7, 10, 1, 'premium']",BoulwareTBNegotiator@1,,2,[],"[None, None]",BoulwareTBNegotiator@1,,[],"(0.3667966211825861, 0.7994924177520258)","[1.0, 1.0]","[0.046783625730994156, 0.09356725146198831]","(0.0007811278057266481, 0.0009639366705748589)","['LinearTBNegotiator', 'BoulwareTBNegotiator']",,rFgl55IvCio,0.04027974995551631,"['LinearTBNegotiator@0', 'BoulwareTBNegotiator@1']","['LinearTBNegotiator@0', 'BoulwareTBNegotiator@1']","['negmas.gb.negotiators.timebased.LinearTBNegotiator', 'negmas.gb.negotiators.timebased.BoulwareTBNegotiator']","[0.019886127265635878, 0.017565169895533472]",50,inf,50,inf,0.0,0.0,inf,inf,"{'rep': 1, 'n_repetitions': 2}",S5_F-1,rFgl55IvCio,negmas.sao.mechanism.SAOMechanism,rFgl55IvCio,36,0.040069167,,1,2,0.9391382745772429,0.7157177189149243,0.7157177189149243,0.701145103828247,0.7711923219788893,0.701145103828247,0.701145103828247,negmas.preferences.ops.OutcomeOptimality,0.7157177189149243
230,False,False,True,32,0.039983125,0.6470588235294118,False,False,"(8, 1, 5, 'basic')",,2,False,,,,{},,[],"[8, 1, 5, 'basic']",ConcederTBNegotiator@1,,2,[],"[None, None]",ConcederTBNegotiator@1,,[],"(0.8538011695906432, 0.14619883040935672)","[1.0, 1.0]","[0.0, 0.0]","(0.0034960628013070215, 0.004370114375307104)","['BoulwareTBNegotiator', 'ConcederTBNegotiator']",,3jYAjprMlys,0.04025179200107232,"['BoulwareTBNegotiator@0', 'ConcederTBNegotiator@1']","['BoulwareTBNegotiator@0', 'ConcederTBNegotiator@1']","['negmas.gb.negotiators.timebased.BoulwareTBNegotiator', 'negmas.gb.negotiators.timebased.ConcederTBNegotiator']","[0.014896878157742321, 0.022863120830152184]",50,inf,50,inf,0.0,0.0,inf,inf,"{'rep': 0, 'n_repetitions': 2}",S4_A-1,3jYAjprMlys,negmas.sao.mechanism.SAOMechanism,3jYAjprMlys,32,0.039983125,,0,2,1.0,0.6432748538011697,0.6432748538011697,0.6491228070175439,1.0,0.6432748538011697,0.6491228070175439,negmas.preferences.ops.OutcomeOptimality,0.6432748538011697
231,False,False,True,25,0.02675875,0.5098039215686274,False,False,"(1, 10, 1, 'premium')",,2,False,,,,{},,[],"[1, 10, 1, 'premium']",GeniusBOABaselineNegotiator@0,,2,"[['GeniusBOABaselineNegotiator@0', [1, 10, 1, 'premium']]]",[None],GeniusBOABaselineNegotiator@0,,"[['GeniusBOABaselineNegotiator@0', None]]","(0.9417989417989419, 0.20634920634920634)","[1.0, 1.0]","[0.0, 0.023809523809523808]","(0.002193248997500751, 0.0007754352238636291)","['GeniusBOABaselineNegotiator', 'ConcederTBNegotiator']",,zAUHX8Chrfc,0.026982916984707117,"['GeniusBOABaselineNegotiator@0', 'ConcederTBNegotiator@1']","['GeniusBOABaselineNegotiator@0', 'ConcederTBNegotiator@1']","['src.negotiators.GeniusBOABaselineNegotiator', 'negmas.gb.negotiators.timebased.ConcederTBNegotiator']","[0.005806003056932241, 0.019231706915888935]",50,inf,50,inf,0.0,0.0,inf,inf,"{'rep': 0, 'n_repetitions': 2}",S1_B,zAUHX8Chrfc,negmas.sao.mechanism.SAOMechanism,zAUHX8Chrfc,25,0.02675875,,0,2,1.0,0.6455134195436605,0.6247884002894772,0.6247884002894772,0.9240287953780021,0.6247884002894772,0.6247884002894772,negmas.preferences.ops.OutcomeOptimality,0.6455134195436605
232,False,False,True,36,0.029436542,0.7254901960784313,False,False,"(7, 10, 4, 'premium')",,2,False,,,,{},,[],"[7, 10, 4, 'premium']",GeniusBOABaselineNegotiator@0,,2,"[['GeniusBOABaselineNegotiator@0', [7, 10, 4, 'premium']]]",[None],GeniusBOABaselineNegotiator@0,,"[['GeniusBOABaselineNegotiator@0', None]]","(0.7735117533991136, 0.4194282001299545)","[1.0, 1.0]","[0.09356725146198831, 0.046783625730994156]","(0.0008771261662935939, 0.0007442816259952948)","['GeniusBOABaselineNegotiator', 'LinearTBNegotiator']",,PdomDf6vmcQ,0.029640708002261817,"['GeniusBOABaselineNegotiator@0', 'LinearTBNegotiator@1']","['GeniusBOABaselineNegotiator@0', 'LinearTBNegotiator@1']","['src.negotiators.GeniusBOABaselineNegotiator', 'negmas.gb.negotiators.timebased.LinearTBNegotiator']","[0.007291794405318797, 0.019537742715328932]",50,inf,50,inf,0.0,0.0,inf,inf,"{'rep': 1, 'n_repetitions': 2}",S0_F,PdomDf6vmcQ,negmas.sao.mechanism.SAOMechanism,PdomDf6vmcQ,36,0.029436542,,1,2,0.9278759254536693,0.7564675455445156,0.7564675455445156,0.7427200277162486,0.7888148666679268,0.7427200277162486,0.7427200277162486,negmas.preferences.ops.OutcomeOptimality,0.7564675455445156
233,False,False,True,31,0.03177175,0.6274509803921569,False,False,"(1, 4, 0, 'premium')",,2,False,,,,{},,[],"[1, 4, 0, 'premium']",ConcederTBNegotiator@1,,2,[],"[None, None]",ConcederTBNegotiator@1,,[],"(0.9144540713339779, 0.1387525004546281)","[0.9999999999999999, 0.9999999999999999]","[0.0, 0.016366612111292964]","(0.0012950634439420957, 0.0006426653306037134)","['GeniusBOABaselineNegotiator', 'ConcederTBNegotiator']",,qFlK3PuoAQM,0.03201575001003221,"['GeniusBOABaselineNegotiator@0', 'ConcederTBNegotiator@1']","['GeniusBOABaselineNegotiator@0', 'ConcederTBNegotiator@1']","['src.negotiators.GeniusBOABaselineNegotiator', 'negmas.gb.negotiators.timebased.ConcederTBNegotiator']","[0.006956043478567153, 0.022670366510283202]",50,inf,50,inf,0.0,0.0,inf,inf,"{'rep': 0, 'n_repetitions': 2}",S2_E,qFlK3PuoAQM,negmas.sao.mechanism.SAOMechanism,qFlK3PuoAQM,31,0.03177175,,0,2,0.9875390245474492,0.6218815860491587,0.588727183871518,0.6055037501538055,0.857426776038838,0.6055037501538055,0.6055037501538055,negmas.preferences.ops.OutcomeOptimality,0.6218815860491587
234,False,False,True,14,0.023043958,0.29411764705882354,False,False,"(6, 10, 6, 'premium')",,2,False,,,,{},,[],"[6, 10, 6, 'premium']",LinearTBNegotiator@1,,2,[],"[None, None]",LinearTBNegotiator@1,,[],"(0.37426900584795325, 0.7689495968231964)","[1.0, 1.0]","[0.046783625730994156, 0.09356725146198831]","(0.0007442816259952948, 0.0008771261662935939)","['ConcederTBNegotiator', 'LinearTBNegotiator']",,G8Q4FX4iNyg,0.02330566698219627,"['ConcederTBNegotiator@0', 'LinearTBNegotiator@1']","['ConcederTBNegotiator@0', 'LinearTBNegotiator@1']","['negmas.gb.negotiators.timebased.ConcederTBNegotiator', 'negmas.gb.negotiators.timebased.LinearTBNegotiator']","[0.011888540117070079, 0.010310415003914386]",50,inf,50,inf,0.0,0.0,inf,inf,"{'rep': 0, 'n_repetitions': 2}",S0_F-1,G8Q4FX4iNyg,negmas.sao.mechanism.SAOMechanism,G8Q4FX4iNyg,14,0.023043958,,0,2,0.9161843172014918,0.7221236298881974,0.7221236298881974,0.7085893136460552,0.7559373185302263,0.7085893136460552,0.7085893136460552,negmas.preferences.ops.OutcomeOptimality,0.7221236298881974
235,False,False,True,9,0.017659417,0.19607843137254902,False,False,"(0, 9, 4, 'premium')",,2,False,,,,{},,[],"[0, 9, 4, 'premium']",LinearTBNegotiator@1,,2,[],"[None, None]",LinearTBNegotiator@1,,[],"(0.373015873015873, 0.8465608465608465)","[1.0, 1.0]","[0.023809523809523808, 0.0]","(0.0007754352238636291, 0.002193248997500751)","['ConcederTBNegotiator', 'LinearTBNegotiator']",,8l0qtE45Gtc,0.017882624990306795,"['ConcederTBNegotiator@0', 'LinearTBNegotiator@1']","['ConcederTBNegotiator@0', 'LinearTBNegotiator@1']","['negmas.gb.negotiators.timebased.ConcederTBNegotiator', 'negmas.gb.negotiators.timebased.LinearTBNegotiator']","[0.009552541945595294, 0.007629626139532775]",50,inf,50,inf,0.0,0.0,inf,inf,"{'rep': 1, 'n_repetitions': 2}",S1_B-1,8l0qtE45Gtc,negmas.sao.mechanism.SAOMechanism,8l0qtE45Gtc,9,0.017659417,,1,2,1.0,0.7804057992535158,0.7590536317045327,0.7590536317045327,0.9815144577632695,0.7590536317045327,0.7590536317045327,negmas.preferences.ops.OutcomeOptimality,0.7804057992535158
236,False,False,True,35,0.039186292,0.7058823529411765,False,False,"(7, 10, 1, 'premium')",,2,False,,,,{},,[],"[7, 10, 1, 'premium']",BoulwareTBNegotiator@0,,2,"[['BoulwareTBNegotiator@0', [7, 10, 1, 'premium']]]",[None],BoulwareTBNegotiator@0,,"[['BoulwareTBNegotiator@0', None]]","(0.7994924177520258, 0.3667966211825861)","[1.0, 1.0]","[0.09356725146198831, 0.046783625730994156]","(0.0008771261662935939, 0.0007442816259952948)","['BoulwareTBNegotiator', 'LinearTBNegotiator']",,HNk8_1QYBx4,0.03943299996899441,"['BoulwareTBNegotiator@0', 'LinearTBNegotiator@1']","['BoulwareTBNegotiator@0', 'LinearTBNegotiator@1']","['negmas.gb.negotiators.timebased.BoulwareTBNegotiator', 'negmas.gb.negotiators.timebased.LinearTBNegotiator']","[0.017635420837905258, 0.019070119073148817]",50,inf,50,inf,0.0,0.0,inf,inf,"{'rep': 1, 'n_repetitions': 2}",S0_F,HNk8_1QYBx4,negmas.sao.mechanism.SAOMechanism,HNk8_1QYBx4,35,0.039186292,,1,2,0.9391382745772429,0.7157177189149243,0.7157177189149243,0.701145103828247,0.7711923219788893,0.701145103828247,0.701145103828247,negmas.preferences.ops.OutcomeOptimality,0.7157177189149243
237,False,False,True,43,0.033581167,0.8627450980392157,False,False,"(8, 2, 2, 'premium')",,2,False,,,,{},,[],"[8, 2, 2, 'premium']",SmartAspirationNegotiator@0,,2,"[['SmartAspirationNegotiator@0', [8, 2, 2, 'premium']]]",[None],SmartAspirationNegotiator@0,,"[['SmartAspirationNegotiator@0', None]]","(0.47368421052631576, 0.5263157894736842)","[1.0, 1.0]","[0.0, 0.0]","(0.004370114375307104, 0.0034960628013070215)","['SmartAspirationNegotiator', 'BoulwareTBNegotiator']",,1AQuwjeX0tE,0.038370334019418806,"['SmartAspirationNegotiator@0', 'BoulwareTBNegotiator@1']","['SmartAspirationNegotiator@0', 'BoulwareTBNegotiator@1']","['src.negotiators.SmartAspirationNegotiator', 'negmas.gb.negotiators.timebased.BoulwareTBNegotiator']","[0.015807582647539675, 0.019224910705816]",50,inf,50,inf,0.0,0.0,inf,inf,"{'rep': 1, 'n_repetitions': 2}",S4_A,1AQuwjeX0tE,negmas.sao.mechanism.SAOMechanism,1AQuwjeX0tE,43,0.033581167,,1,2,0.9999999999999999,0.9707602339181286,0.9707602339181286,0.9766081871345029,1.0,0.9707602339181286,0.9766081871345029,negmas.preferences.ops.OutcomeOptimality,0.9707602339181286
238,False,False,True,16,0.025612625,0.3333333333333333,False,False,"(9, 1, 2, 'basic')",,2,False,,,,{},,[],"[9, 1, 2, 'basic']",LinearTBNegotiator@0,,2,"[['LinearTBNegotiator@0', [9, 1, 2, 'basic']]]",[None],LinearTBNegotiator@0,,"[['LinearTBNegotiator@0', None]]","(0.6919439898163302, 0.30734767025089604)","[0.9999999999999999, 0.9999999999999999]","[0.016366612111292964, 0.0]","(0.0006426653306037134, 0.0012950634439420957)","['LinearTBNegotiator', 'ConcederTBNegotiator']",,0Kybqb57WqI,0.025824082957115024,"['LinearTBNegotiator@0', 'ConcederTBNegotiator@1']","['LinearTBNegotiator@0', 'ConcederTBNegotiator@1']","['negmas.gb.negotiators.timebased.LinearTBNegotiator', 'negmas.gb.negotiators.timebased.ConcederTBNegotiator']","[0.01119028974790126, 0.013355118280742317]",50,inf,50,inf,0.0,0.0,inf,inf,"{'rep': 1, 'n_repetitions': 2}",S2_E-1,0Kybqb57WqI,negmas.sao.mechanism.SAOMechanism,0Kybqb57WqI,16,0.025612625,,1,2,1.0,0.7541134173788117,0.7902421138444015,0.7774568873879285,0.8135340676414962,0.7774568873879285,0.7774568873879285,negmas.preferences.ops.OutcomeOptimality,0.7902421138444015
239,False,False,True,29,0.038484208,0.5882352941176471,False,False,"(1, 3, 0, 'premium')",,2,False,,,,{},,[],"[1, 3, 0, 'premium']",BoulwareTBNegotiator@0,,2,"[['BoulwareTBNegotiator@0', [1, 3, 0, 'premium']]]",[None],BoulwareTBNegotiator@0,,"[['BoulwareTBNegotiator@0', None]]","(0.8990748497922465, 0.15839243498817968)","[0.9999999999999999, 0.9999999999999999]","[0.0, 0.016366612111292964]","(0.0010624744725208587, 0.0007574209704742231)","['BoulwareTBNegotiator', 'ConcederTBNegotiator']",,GKrG7rmxzsA,0.03874012501910329,"['BoulwareTBNegotiator@0', 'ConcederTBNegotiator@1']","['BoulwareTBNegotiator@0', 'ConcederTBNegotiator@1']","['negmas.gb.negotiators.timebased.BoulwareTBNegotiator', 'negmas.gb.negotiators.timebased.ConcederTBNegotiator']","[0.015594959899317473, 0.02084128459682688]",50,inf,50,inf,0.0,0.0,inf,inf,"{'rep': 1, 'n_repetitions': 2}",S3_E,GKrG7rmxzsA,negmas.sao.mechanism.SAOMechanism,GKrG7rmxzsA,29,0.038484208,,1,2,0.9888399765136822,0.6395440404757784,0.6064640701267894,0.6232411012448391,0.8608954682233152,0.6232411012448391,0.6232411012448391,negmas.preferences.ops.OutcomeOptimality,0.6395440404757784
240,False,False,True,39,0.044038375,0.7843137254901961,False,False,"(6, 4, 9, 'standard')",,2,False,,,,{},,[],"[6, 4, 9, 'standard']",LinearTBNegotiator@0,,2,"[['LinearTBNegotiator@0', [6, 4, 9, 'standard']]]",[None],LinearTBNegotiator@0,,"[['LinearTBNegotiator@0', None]]","(0.23703471649526825, 0.6710310965630115)","[0.9999999999999999, 0.9999999999999999]","[0.0, 0.016366612111292964]","(0.0010624744725208587, 0.0007574209704742231)","['LinearTBNegotiator', 'BoulwareTBNegotiator']",,gBtNsABqwjo,0.04430254199542105,"['LinearTBNegotiator@0', 'BoulwareTBNegotiator@1']","['LinearTBNegotiator@0', 'BoulwareTBNegotiator@1']","['negmas.gb.negotiators.timebased.LinearTBNegotiator', 'negmas.gb.negotiators.timebased.BoulwareTBNegotiator']","[0.022379081812687218, 0.018798911827616394]",50,inf,50,inf,0.0,0.0,inf,inf,"{'rep': 0, 'n_repetitions': 2}",S3_E,gBtNsABqwjo,negmas.sao.mechanism.SAOMechanism,gBtNsABqwjo,39,0.044038375,,0,2,0.9694735723246475,0.70911502398021,0.7441159507431945,0.7325810824533303,0.7392661263016912,0.7325810824533303,0.7325810824533303,negmas.preferences.ops.OutcomeOptimality,0.7441159507431945
241,False,False,True,38,0.029832459,0.7647058823529411,False,False,"(9, 10, 8, 'standard')",,2,False,,,,{},,[],"[9, 10, 8, 'standard']",SmartAspirationNegotiator@1,,2,[],"[None, None]",SmartAspirationNegotiator@1,,[],"(0.7573099415204678, 0.7543859649122808)","[1.0, 1.0]","[0.046783625730994156, 0.09356725146198831]","(0.0007442816259952948, 0.0008771261662935939)","['BoulwareTBNegotiator', 'SmartAspirationNegotiator']",,DhGDaY8pwd0,0.035587624995969236,"['BoulwareTBNegotiator@0', 'SmartAspirationNegotiator@1']","['BoulwareTBNegotiator@0', 'SmartAspirationNegotiator@1']","['negmas.gb.negotiators.timebased.BoulwareTBNegotiator', 'src.negotiators.SmartAspirationNegotiator']","[0.018455669283866882, 0.014201326004695147]",50,inf,50,inf,0.0,0.0,inf,inf,"{'rep': 1, 'n_repetitions': 2}",S0_F-1,DhGDaY8pwd0,negmas.sao.mechanism.SAOMechanism,DhGDaY8pwd0,38,0.029832459,,1,2,1.0,0.9807999989329749,0.9807999989329749,1.0,0.9995877842364035,1.0,1.0,negmas.preferences.ops.OutcomeOptimality,1.0
242,False,False,True,43,0.048746167,0.8627450980392157,False,False,"(9, 2, 1, 'premium')",,2,False,,,,{},,[],"[9, 2, 1, 'premium']",GeniusBOABaselineNegotiator@1,,2,[],"[None, None]",GeniusBOABaselineNegotiator@1,,[],"(0.578853046594982, 0.5457355882887797)","[0.9999999999999999, 0.9999999999999999]","[0.0, 0.016366612111292964]","(0.0012950634439420957, 0.0006426653306037134)","['GeniusBOABaselineNegotiator', 'GeniusBOABaselineNegotiator']",,z-J4P3-jmWM,0.04897145798895508,"['GeniusBOABaselineNegotiator@0', 'GeniusBOABaselineNegotiator@1']","['GeniusBOABaselineNegotiator@0', 'GeniusBOABaselineNegotiator@1']","['src.negotiators.GeniusBOABaselineNegotiator', 'src.negotiators.GeniusBOABaselineNegotiator']","[0.038615167431999, 0.0071354147512465715]",50,inf,50,inf,0.0,0.0,inf,inf,"{'rep': 0, 'n_repetitions': 2}",S2_E,z-J4P3-jmWM,negmas.sao.mechanism.SAOMechanism,z-J4P3-jmWM,43,0.048746167,,0,2,0.9587829391141542,0.9474842994747478,0.9483384723776958,0.9587829391141542,0.915539679875679,0.9587829391141542,0.9587829391141542,negmas.preferences.ops.OutcomeOptimality,0.9587829391141542
243,False,False,True,43,0.019709334,0.8627450980392157,False,False,"(2, 3, 8, 'premium')",,2,False,,,,{},,[],"[2, 3, 8, 'premium']",GeniusBOABaselineNegotiator@0,,2,"[['GeniusBOABaselineNegotiator@0', [2, 3, 8, 'premium']]]",[None],GeniusBOABaselineNegotiator@0,,"[['GeniusBOABaselineNegotiator@0', None]]","(0.4970760233918128, 0.502923976608187)","[1.0, 1.0]","[0.0, 0.0]","(0.0034960628013070215, 0.004370114375307104)","['GeniusBOABaselineNegotiator', 'SmartAspirationNegotiator']",,MFOFo-a6Gxs,0.024512208008673042,"['GeniusBOABaselineNegotiator@0', 'SmartAspirationNegotiator@1']","['GeniusBOABaselineNegotiator@0', 'SmartAspirationNegotiator@1']","['src.negotiators.GeniusBOABaselineNegotiator', 'src.negotiators.SmartAspirationNegotiator']","[0.006450670829508454, 0.014756493677850813]",50,inf,50,inf,0.0,0.0,inf,inf,"{'rep': 1, 'n_repetitions': 2}",S4_A-1,MFOFo-a6Gxs,negmas.sao.mechanism.SAOMechanism,MFOFo-a6Gxs,43,0.019709334,,1,2,0.9999999999999998,0.9999999999999998,0.9999999999999998,0.9999999999999998,0.9999999999999998,0.9999999999999998,0.9999999999999998,negmas.preferences.ops.OutcomeOptimality,0.9999999999999998
244,False,False,True,37,0.031246375,0.7450980392156863,False,False,"(4, 5, 0, 'basic')",,2,False,,,,{},,[],"[4, 5, 0, 'basic']",SmartAspirationNegotiator@0,,2,"[['SmartAspirationNegotiator@0', [4, 5, 0, 'basic']]]",[None],SmartAspirationNegotiator@0,,"[['SmartAspirationNegotiator@0', None]]","(0.7258064516129032, 0.30187306783051465)","[0.9999999999999999, 0.9999999999999999]","[0.0, 0.016366612111292964]","(0.0012950634439420957, 0.0006426653306037134)","['SmartAspirationNegotiator', 'LinearTBNegotiator']",,IizYOiA0EFo,0.0367396249785088,"['SmartAspirationNegotiator@0', 'LinearTBNegotiator@1']","['SmartAspirationNegotiator@0', 'LinearTBNegotiator@1']","['src.negotiators.SmartAspirationNegotiator', 'negmas.gb.negotiators.timebased.LinearTBNegotiator']","[0.013735586137045175, 0.02010952716227621]",50,inf,50,inf,0.0,0.0,inf,inf,"{'rep': 1, 'n_repetitions': 2}",S2_E,IizYOiA0EFo,negmas.sao.mechanism.SAOMechanism,IizYOiA0EFo,37,0.031246375,,1,2,0.9454102745825437,0.7845053897860967,0.7558778564162505,0.7723591634059338,0.8366449286972107,0.7723591634059338,0.7723591634059338,negmas.preferences.ops.OutcomeOptimality,0.7845053897860967
245,False,False,True,41,0.0198545,0.8235294117647058,False,False,"(0, 5, 9, 'premium')",,2,False,,,,{},,[],"[0, 5, 9, 'premium']",GeniusBOABaselineNegotiator@0,,2,"[['GeniusBOABaselineNegotiator@0', [0, 5, 9, 'premium']]]",[None],GeniusBOABaselineNegotiator@0,,"[['GeniusBOABaselineNegotiator@0', None]]","(0.582010582010582, 0.6031746031746031)","[1.0, 1.0]","[0.0, 0.023809523809523808]","(0.002193248997500751, 0.0007754352238636291)","['GeniusBOABaselineNegotiator', 'SmartAspirationNegotiator']",,H4lA6BAxR1k,0.02496049995534122,"['GeniusBOABaselineNegotiator@0', 'SmartAspirationNegotiator@1']","['GeniusBOABaselineNegotiator@0', 'SmartAspirationNegotiator@1']","['src.negotiators.GeniusBOABaselineNegotiator', 'src.negotiators.SmartAspirationNegotiator']","[0.006554794788826257, 0.015145083249080926]",50,inf,50,inf,0.0,0.0,inf,inf,"{'rep': 1, 'n_repetitions': 2}",S1_B,H4lA6BAxR1k,negmas.sao.mechanism.SAOMechanism,H4lA6BAxR1k,41,0.0198545,,1,2,0.9912092750886039,0.9617153631935871,0.9802359416950643,0.9802359416950643,0.9538361758740667,0.9802359416950643,0.9802359416950643,negmas.preferences.ops.OutcomeOptimality,0.9802359416950643
246,False,False,True,43,0.033081,0.8627450980392157,False,False,"(9, 2, 0, 'premium')",,2,False,,,,{},,[],"[9, 2, 0, 'premium']",SmartAspirationNegotiator@1,,2,[],"[None, None]",SmartAspirationNegotiator@1,,[],"(0.6854838709677419, 0.541734860883797)","[0.9999999999999999, 0.9999999999999999]","[0.0, 0.016366612111292964]","(0.0012950634439420957, 0.0006426653306037134)","['BoulwareTBNegotiator', 'SmartAspirationNegotiator']",,PU1N9Tdl2zM,0.03888991696294397,"['BoulwareTBNegotiator@0', 'SmartAspirationNegotiator@1']","['BoulwareTBNegotiator@0', 'SmartAspirationNegotiator@1']","['negmas.gb.negotiators.timebased.BoulwareTBNegotiator', 'src.negotiators.SmartAspirationNegotiator']","[0.02030179079156369, 0.015199698624201119]",50,inf,50,inf,0.0,0.0,inf,inf,"{'rep': 1, 'n_repetitions': 2}",S2_E,PU1N9Tdl2zM,negmas.sao.mechanism.SAOMechanism,PU1N9Tdl2zM,43,0.033081,,1,2,1.0,0.9508547189471204,0.9143580762567265,0.9301480822807243,0.9990919435291352,0.9301480822807243,0.9301480822807243,negmas.preferences.ops.OutcomeOptimality,0.9508547189471204
247,False,False,True,31,0.027231375,0.6274509803921569,False,False,"(9, 9, 9, 'basic')",,2,False,,,,{},,[],"[9, 9, 9, 'basic']",SmartAspirationNegotiator@0,,2,"[['SmartAspirationNegotiator@0', [9, 9, 9, 'basic']]]",[None],SmartAspirationNegotiator@0,,"[['SmartAspirationNegotiator@0', None]]","(0.8700454840805718, 0.48862897985705)","[1.0, 1.0]","[0.046783625730994156, 0.09356725146198831]","(0.0007442816259952948, 0.0008771261662935939)","['SmartAspirationNegotiator', 'LinearTBNegotiator']",,JNm77lYkby0,0.03286962502170354,"['SmartAspirationNegotiator@0', 'LinearTBNegotiator@1']","['SmartAspirationNegotiator@0', 'LinearTBNegotiator@1']","['src.negotiators.SmartAspirationNegotiator', 'negmas.gb.negotiators.timebased.LinearTBNegotiator']","[0.012900295841973275, 0.017513237078674138]",50,inf,50,inf,0.0,0.0,inf,inf,"{'rep': 1, 'n_repetitions': 2}",S0_F-1,JNm77lYkby0,negmas.sao.mechanism.SAOMechanism,JNm77lYkby0,31,0.027231375,,1,2,1.0,0.7625130806021299,0.7625130806021299,0.7805360810361862,0.8984044946650847,0.7805360810361862,0.7805360810361862,negmas.preferences.ops.OutcomeOptimality,0.7805360810361862
248,False,False,True,42,0.033382125,0.8431372549019608,False,False,"(8, 2, 0, 'basic')",,2,False,,,,{},,[],"[8, 2, 0, 'basic']",SmartAspirationNegotiator@1,,2,[],"[None, None]",SmartAspirationNegotiator@1,,[],"(0.5790143662484089, 0.5806451612903226)","[0.9999999999999999, 0.9999999999999999]","[0.016366612111292964, 0.0]","(0.0007574209704742231, 0.0010624744725208587)","['BoulwareTBNegotiator', 'SmartAspirationNegotiator']",,PdFcO1wGXMs,0.038918625039514154,"['BoulwareTBNegotiator@0', 'SmartAspirationNegotiator@1']","['BoulwareTBNegotiator@0', 'SmartAspirationNegotiator@1']","['negmas.gb.negotiators.timebased.BoulwareTBNegotiator', 'src.negotiators.SmartAspirationNegotiator']","[0.020133717742282897, 0.015446245146449655]",50,inf,50,inf,0.0,0.0,inf,inf,"{'rep': 1, 'n_repetitions': 2}",S3_E-1,PdFcO1wGXMs,negmas.sao.mechanism.SAOMechanism,PdFcO1wGXMs,42,0.033382125,,1,2,0.9783447675564003,0.9588819145275801,0.9717465499436655,0.9783447675564003,0.9440912700645696,0.9783447675564003,0.9783447675564003,negmas.preferences.ops.OutcomeOptimality,0.9783447675564003
249,False,False,True,31,0.040128458,0.6274509803921569,False,False,"(9, 1, 8, 'standard')",,2,False,,,,{},,[],"[9, 1, 8, 'standard']",BoulwareTBNegotiator@1,,2,[],"[None, None]",BoulwareTBNegotiator@1,,[],"(0.25438596491228077, 0.8888888888888888)","[1.0, 1.0]","[0.09356725146198831, 0.046783625730994156]","(0.0009639366705748589, 0.0007811278057266481)","['ConcederTBNegotiator', 'BoulwareTBNegotiator']",,qW4-_pl_JvM,0.040370000002440065,"['ConcederTBNegotiator@0', 'BoulwareTBNegotiator@1']","['ConcederTBNegotiator@0', 'BoulwareTBNegotiator@1']","['negmas.gb.negotiators.timebased.ConcederTBNegotiator', 'negmas.gb.negotiators.timebased.BoulwareTBNegotiator']","[0.02239287702832371, 0.01556907978374511]",50,inf,50,inf,0.0,0.0,inf,inf,"{'rep': 1, 'n_repetitions': 2}",S5_F,qW4-_pl_JvM,negmas.sao.mechanism.SAOMechanism,qW4-_pl_JvM,31,0.040128458,,1,2,1.0,0.590083685965619,0.590083685965619,0.6069419837946906,0.755974513803547,0.6069419837946906,0.6069419837946906,negmas.preferences.ops.OutcomeOptimality,0.6069419837946906
250,False,False,True,31,0.031373375,0.6274509803921569,False,False,"(9, 10, 9, 'basic')",,2,False,,,,{},,[],"[9, 10, 9, 'basic']",GeniusBOABaselineNegotiator@0,,2,"[['GeniusBOABaselineNegotiator@0', [9, 10, 9, 'basic']]]",[None],GeniusBOABaselineNegotiator@0,,"[['GeniusBOABaselineNegotiator@0', None]]","(0.868421052631579, 0.5935672514619883)","[1.0, 1.0]","[0.046783625730994156, 0.09356725146198831]","(0.0007811278057266481, 0.0009639366705748589)","['GeniusBOABaselineNegotiator', 'ConcederTBNegotiator']",,i0eY4iZ4ZgE,0.031617166998330504,"['GeniusBOABaselineNegotiator@0', 'ConcederTBNegotiator@1']","['GeniusBOABaselineNegotiator@0', 'ConcederTBNegotiator@1']","['src.negotiators.GeniusBOABaselineNegotiator', 'negmas.gb.negotiators.timebased.ConcederTBNegotiator']","[0.0068739166017621756, 0.022324783029034734]",50,inf,50,inf,0.0,0.0,inf,inf,"{'rep': 0, 'n_repetitions': 2}",S5_F-1,i0eY4iZ4ZgE,negmas.sao.mechanism.SAOMechanism,i0eY4iZ4ZgE,31,0.031373375,,0,2,1.0,0.8324241332371594,0.8324241332371594,0.8513976513554027,0.9667193271145101,0.8513976513554027,0.8513976513554027,negmas.preferences.ops.OutcomeOptimality,0.8513976513554027
251,False,False,True,42,0.017517042,0.8431372549019608,False,False,"(9, 2, 1, 'premium')",,2,False,,,,{},,[],"[9, 2, 1, 'premium']",GeniusBOABaselineNegotiator@0,,2,"[['GeniusBOABaselineNegotiator@0', [9, 2, 1, 'premium']]]",[None],GeniusBOABaselineNegotiator@0,,"[['GeniusBOABaselineNegotiator@0', None]]","(0.5457355882887797, 0.578853046594982)","[0.9999999999999999, 0.9999999999999999]","[0.016366612111292964, 0.0]","(0.0006426653306037134, 0.0012950634439420957)","['GeniusBOABaselineNegotiator', 'GeniusBOABaselineNegotiator']",,tDuRtU2vhvg,0.01772970799356699,"['GeniusBOABaselineNegotiator@0', 'GeniusBOABaselineNegotiator@1']","['GeniusBOABaselineNegotiator@0', 'GeniusBOABaselineNegotiator@1']","['src.negotiators.GeniusBOABaselineNegotiator', 'src.negotiators.GeniusBOABaselineNegotiator']","[0.007310667831916362, 0.007170959084760398]",50,inf,50,inf,0.0,0.0,inf,inf,"{'rep': 1, 'n_repetitions': 2}",S2_E-1,tDuRtU2vhvg,negmas.sao.mechanism.SAOMechanism,tDuRtU2vhvg,42,0.017517042,,1,2,0.9587829391141542,0.9474842994747478,0.9483384723776958,0.9587829391141542,0.915539679875679,0.9587829391141542,0.9587829391141542,negmas.preferences.ops.OutcomeOptimality,0.9587829391141542
252,False,False,True,35,0.030040458,0.7058823529411765,False,False,"(1, 9, 5, 'premium')",,2,False,,,,{},,[],"[1, 9, 5, 'premium']",SmartAspirationNegotiator@0,,2,"[['SmartAspirationNegotiator@0', [1, 9, 5, 'premium']]]",[None],SmartAspirationNegotiator@0,,"[['SmartAspirationNegotiator@0', None]]","(0.7883597883597884, 0.4282335518055205)","[1.0, 1.0]","[0.0, 0.023809523809523808]","(0.002193248997500751, 0.0007754352238636291)","['SmartAspirationNegotiator', 'LinearTBNegotiator']",,P33e2iJqGKU,0.034831375000067055,"['SmartAspirationNegotiator@0', 'LinearTBNegotiator@1']","['SmartAspirationNegotiator@0', 'LinearTBNegotiator@1']","['src.negotiators.SmartAspirationNegotiator', 'negmas.gb.negotiators.timebased.LinearTBNegotiator']","[0.011844083317555487, 0.020207994908560067]",50,inf,50,inf,0.0,0.0,inf,inf,"{'rep': 1, 'n_repetitions': 2}",S1_B,P33e2iJqGKU,negmas.sao.mechanism.SAOMechanism,P33e2iJqGKU,35,0.030040458,,1,2,0.9854054871490555,0.8377143149416592,0.8164358734721721,0.8164358734721721,0.9791134361807083,0.8164358734721721,0.8164358734721721,negmas.preferences.ops.OutcomeOptimality,0.8377143149416592
253,False,False,True,42,0.030433375,0.8431372549019608,False,False,"(7, 9, 4, 'basic')",,2,False,,,,{},,[],"[7, 9, 4, 'basic']",BoulwareTBNegotiator@1,,2,[],"[None, None]",BoulwareTBNegotiator@1,,[],"(0.584795321637427, 0.6217898560631812)","[1.0, 1.0]","[0.046783625730994156, 0.09356725146198831]","(0.0007811278057266481, 0.0009639366705748589)","['GeniusBOABaselineNegotiator', 'BoulwareTBNegotiator']",,sYqp4xNtgyU,0.03064083302160725,"['GeniusBOABaselineNegotiator@0', 'BoulwareTBNegotiator@1']","['GeniusBOABaselineNegotiator@0', 'BoulwareTBNegotiator@1']","['src.negotiators.GeniusBOABaselineNegotiator', 'negmas.gb.negotiators.timebased.BoulwareTBNegotiator']","[0.007447367941495031, 0.01985203381627798]",50,inf,50,inf,0.0,0.0,inf,inf,"{'rep': 0, 'n_repetitions': 2}",S5_F-1,sYqp4xNtgyU,negmas.sao.mechanism.SAOMechanism,sYqp4xNtgyU,42,0.030433375,,0,2,0.8418817572733157,0.8356322357077108,0.8356322357077108,0.834585113574342,0.7978375803876622,0.834585113574342,0.834585113574342,negmas.preferences.ops.OutcomeOptimality,0.8356322357077108
254,False,False,True,30,0.039852584,0.6078431372549019,False,False,"(9, 1, 8, 'standard')",,2,False,,,,{},,[],"[9, 1, 8, 'standard']",BoulwareTBNegotiator@0,,2,"[['BoulwareTBNegotiator@0', [9, 1, 8, 'standard']]]",[None],BoulwareTBNegotiator@0,,"[['BoulwareTBNegotiator@0', None]]","(0.8888888888888888, 0.25438596491228077)","[1.0, 1.0]","[0.046783625730994156, 0.09356725146198831]","(0.0007811278057266481, 0.0009639366705748589)","['BoulwareTBNegotiator', 'ConcederTBNegotiator']",,Kw5shrBuc2s,0.04006154101807624,"['BoulwareTBNegotiator@0', 'ConcederTBNegotiator@1']","['BoulwareTBNegotiator@0', 'ConcederTBNegotiator@1']","['negmas.gb.negotiators.timebased.BoulwareTBNegotiator', 'negmas.gb.negotiators.timebased.ConcederTBNegotiator']","[0.015602834813762456, 0.022003467718604952]",50,inf,50,inf,0.0,0.0,inf,inf,"{'rep': 0, 'n_repetitions': 2}",S5_F-1,Kw5shrBuc2s,negmas.sao.mechanism.SAOMechanism,Kw5shrBuc2s,30,0.039852584,,0,2,1.0,0.590083685965619,0.590083685965619,0.6069419837946906,0.755974513803547,0.6069419837946906,0.6069419837946906,negmas.preferences.ops.OutcomeOptimality,0.6069419837946906
255,False,False,True,25,0.02631875,0.5098039215686274,False,False,"(0, 10, 5, 'standard')",,2,False,,,,{},,[],"[0, 10, 5, 'standard']",GeniusBOABaselineNegotiator@1,,2,[],"[None, None]",GeniusBOABaselineNegotiator@1,,[],"(0.20467836257309946, 0.9561403508771931)","[1.0, 1.0]","[0.046783625730994156, 0.09356725146198831]","(0.0007811278057266481, 0.0009639366705748589)","['ConcederTBNegotiator', 'GeniusBOABaselineNegotiator']",,5EWFbvXlrlo,0.02651520899962634,"['ConcederTBNegotiator@0', 'GeniusBOABaselineNegotiator@1']","['ConcederTBNegotiator@0', 'GeniusBOABaselineNegotiator@1']","['negmas.gb.negotiators.timebased.ConcederTBNegotiator', 'src.negotiators.GeniusBOABaselineNegotiator']","[0.018024163029622287, 0.0065061639179475605]",50,inf,50,inf,0.0,0.0,inf,inf,"{'rep': 1, 'n_repetitions': 2}",S5_F-1,5EWFbvXlrlo,negmas.sao.mechanism.SAOMechanism,5EWFbvXlrlo,25,0.02631875,,1,2,1.0,0.5699318647760668,0.5699318647760668,0.5527488392164512,0.767575145728921,0.5527488392164512,0.5527488392164512,negmas.preferences.ops.OutcomeOptimality,0.5699318647760668
256,False,False,True,33,0.027901459,0.6666666666666666,False,False,"(0, 10, 3, 'standard')",,2,False,,,,{},,[],"[0, 10, 3, 'standard']",GeniusBOABaselineNegotiator@0,,2,"[['GeniusBOABaselineNegotiator@0', [0, 10, 3, 'standard']]]",[None],GeniusBOABaselineNegotiator@0,,"[['GeniusBOABaselineNegotiator@0', None]]","(0.8253968253968255, 0.3839132298329081)","[1.0, 1.0]","[0.0, 0.023809523809523808]","(0.002193248997500751, 0.0007754352238636291)","['GeniusBOABaselineNegotiator', 'LinearTBNegotiator']",,7bo81XEtwkk,0.028148290992248803,"['GeniusBOABaselineNegotiator@0', 'LinearTBNegotiator@1']","['GeniusBOABaselineNegotiator@0', 'LinearTBNegotiator@1']","['src.negotiators.GeniusBOABaselineNegotiator', 'negmas.gb.negotiators.timebased.LinearTBNegotiator']","[0.006231546052731574, 0.019352709059603512]",50,inf,50,inf,0.0,0.0,inf,inf,"{'rep': 1, 'n_repetitions': 2}",S1_B,7bo81XEtwkk,negmas.sao.mechanism.SAOMechanism,7bo81XEtwkk,33,0.027901459,,1,2,0.9855095709579489,0.7964202352116565,0.7752162495989036,0.7752162495989036,0.9732518537566377,0.7752162495989036,0.7752162495989036,negmas.preferences.ops.OutcomeOptimality,0.7964202352116565
257,False,False,True,31,0.031795125,0.6274509803921569,False,False,"(0, 10, 1, 'standard')",,2,False,,,,{},,[],"[0, 10, 1, 'standard']",ConcederTBNegotiator@0,,2,"[['ConcederTBNegotiator@0', [0, 10, 1, 'standard']]]",[None],ConcederTBNegotiator@0,,"[['ConcederTBNegotiator@0', None]]","(0.12280701754385964, 0.8771929824561403)","[1.0, 1.0]","[0.0, 0.0]","(0.0034960628013070215, 0.004370114375307104)","['ConcederTBNegotiator', 'GeniusBOABaselineNegotiator']",,cYbW0UmtdjE,0.03205379098653793,"['ConcederTBNegotiator@0', 'GeniusBOABaselineNegotiator@1']","['ConcederTBNegotiator@0', 'GeniusBOABaselineNegotiator@1']","['negmas.gb.negotiators.timebased.ConcederTBNegotiator', 'src.negotiators.GeniusBOABaselineNegotiator']","[0.023635089746676385, 0.005967258475720882]",50,inf,50,inf,0.0,0.0,inf,inf,"{'rep': 0, 'n_repetitions': 2}",S4_A-1,cYbW0UmtdjE,negmas.sao.mechanism.SAOMechanism,cYbW0UmtdjE,31,0.031795125,,0,2,1.0,0.6257309941520469,0.6257309941520469,0.6257309941520469,1.0,0.6257309941520469,0.6257309941520469,negmas.preferences.ops.OutcomeOptimality,0.6257309941520469
258,False,False,True,39,0.045596166,0.7843137254901961,False,False,"(3, 3, 1, 'standard')",,2,False,,,,{},,[],"[3, 3, 1, 'standard']",LinearTBNegotiator@0,,2,"[['LinearTBNegotiator@0', [3, 3, 1, 'standard']]]",[None],LinearTBNegotiator@0,,"[['LinearTBNegotiator@0', None]]","(0.24786324786324784, 0.6956698318710994)","[0.9999999999999999, 0.9999999999999999]","[0.016366612111292964, 0.0]","(0.0006426653306037134, 0.0012950634439420957)","['LinearTBNegotiator', 'GeniusBOABaselineNegotiator']",,rpciHa41XzY,0.04592491703806445,"['LinearTBNegotiator@0', 'GeniusBOABaselineNegotiator@1']","['LinearTBNegotiator@0', 'GeniusBOABaselineNegotiator@1']","['negmas.gb.negotiators.timebased.LinearTBNegotiator', 'src.negotiators.GeniusBOABaselineNegotiator']","[0.02884703822201118, 0.009481665794737637]",50,inf,50,inf,0.0,0.0,inf,inf,"{'rep': 1, 'n_repetitions': 2}",S2_E-1,rpciHa41XzY,negmas.sao.mechanism.SAOMechanism,rpciHa41XzY,39,0.045596166,,1,2,0.91321639759814,0.7519498281184096,0.726615866712041,0.7425460455799742,0.7681404088361475,0.7425460455799742,0.7425460455799742,negmas.preferences.ops.OutcomeOptimality,0.7519498281184096
259,False,False,True,12,0.02181825,0.2549019607843137,False,False,"(9, 8, 0, 'premium')",,2,False,,,,{},,[],"[9, 8, 0, 'premium']",LinearTBNegotiator@0,,2,"[['LinearTBNegotiator@0', [9, 8, 0, 'premium']]]",[None],LinearTBNegotiator@0,,"[['LinearTBNegotiator@0', None]]","(0.7651169989224802, 0.4238952536824877)","[0.9999999999999999, 0.9999999999999999]","[0.0, 0.016366612111292964]","(0.0012950634439420957, 0.0006426653306037134)","['LinearTBNegotiator', 'ConcederTBNegotiator']",,sfpjx_x9xNE,0.022059125010855496,"['LinearTBNegotiator@0', 'ConcederTBNegotiator@1']","['LinearTBNegotiator@0', 'ConcederTBNegotiator@1']","['negmas.gb.negotiators.timebased.LinearTBNegotiator', 'negmas.gb.negotiators.timebased.ConcederTBNegotiator']","[0.01001621107570827, 0.011068912979681045]",50,inf,50,inf,0.0,0.0,inf,inf,"{'rep': 0, 'n_repetitions': 2}",S2_E,sfpjx_x9xNE,negmas.sao.mechanism.SAOMechanism,sfpjx_x9xNE,12,0.02181825,,0,2,1.0,0.8500196090556311,0.8150382970349164,0.8316149347784617,0.9679876386361752,0.8316149347784617,0.8316149347784617,negmas.preferences.ops.OutcomeOptimality,0.8500196090556311
260,False,False,True,33,0.038073292,0.6666666666666666,False,False,"(0, 9, 4, 'premium')",,2,False,,,,{},,[],"[0, 9, 4, 'premium']",BoulwareTBNegotiator@1,,2,[],"[None, None]",BoulwareTBNegotiator@1,,[],"(0.373015873015873, 0.8465608465608465)","[1.0, 1.0]","[0.023809523809523808, 0.0]","(0.0007754352238636291, 0.002193248997500751)","['LinearTBNegotiator', 'BoulwareTBNegotiator']",,4zT0eD1Znvw,0.038349750044289976,"['LinearTBNegotiator@0', 'BoulwareTBNegotiator@1']","['LinearTBNegotiator@0', 'BoulwareTBNegotiator@1']","['negmas.gb.negotiators.timebased.LinearTBNegotiator', 'negmas.gb.negotiators.timebased.BoulwareTBNegotiator']","[0.019862749031744897, 0.015853836725000292]",50,inf,50,inf,0.0,0.0,inf,inf,"{'rep': 0, 'n_repetitions': 2}",S1_B-1,4zT0eD1Znvw,negmas.sao.mechanism.SAOMechanism,4zT0eD1Znvw,33,0.038073292,,0,2,1.0,0.7804057992535158,0.7590536317045327,0.7590536317045327,0.9815144577632695,0.7590536317045327,0.7590536317045327,negmas.preferences.ops.OutcomeOptimality,0.7804057992535158
261,False,False,True,38,0.03166025,0.7647058823529411,False,False,"(7, 8, 1, 'premium')",,2,False,,,,{},,[],"[7, 8, 1, 'premium']",LinearTBNegotiator@1,,2,[],"[None, None]",LinearTBNegotiator@1,,[],"(0.7076023391812865, 0.2923976608187134)","[1.0, 1.0]","[0.0, 0.0]","(0.004370114375307104, 0.0034960628013070215)","['SmartAspirationNegotiator', 'LinearTBNegotiator']",,mRqE1gy1oO8,0.03650091704912484,"['SmartAspirationNegotiator@0', 'LinearTBNegotiator@1']","['SmartAspirationNegotiator@0', 'LinearTBNegotiator@1']","['src.negotiators.SmartAspirationNegotiator', 'negmas.gb.negotiators.timebased.LinearTBNegotiator']","[0.012170459376648068, 0.02134682610630989]",50,inf,50,inf,0.0,0.0,inf,inf,"{'rep': 0, 'n_repetitions': 2}",S4_A,mRqE1gy1oO8,negmas.sao.mechanism.SAOMechanism,mRqE1gy1oO8,38,0.03166025,,0,2,0.9999999999999999,0.7953216374269007,0.7953216374269007,0.7953216374269007,0.9999999999999998,0.7953216374269007,0.7953216374269007,negmas.preferences.ops.OutcomeOptimality,0.7953216374269007
262,False,False,True,37,0.040007333,0.7450980392156863,False,False,"(5, 3, 0, 'standard')",,2,False,,,,{},,[],"[5, 3, 0, 'standard']",BoulwareTBNegotiator@1,,2,[],"[None, None]",BoulwareTBNegotiator@1,,[],"(0.3166030187306783, 0.7539135594696658)","[0.9999999999999999, 0.9999999999999999]","[0.016366612111292964, 0.0]","(0.0006426653306037134, 0.0012950634439420957)","['LinearTBNegotiator', 'BoulwareTBNegotiator']",,KvYT3lUJs6s,0.04028308403212577,"['LinearTBNegotiator@0', 'BoulwareTBNegotiator@1']","['LinearTBNegotiator@0', 'BoulwareTBNegotiator@1']","['negmas.gb.negotiators.timebased.LinearTBNegotiator', 'negmas.gb.negotiators.timebased.BoulwareTBNegotiator']","[0.019728831946849823, 0.017680742661468685]",50,inf,50,inf,0.0,0.0,inf,inf,"{'rep': 1, 'n_repetitions': 2}",S2_E-1,KvYT3lUJs6s,negmas.sao.mechanism.SAOMechanism,KvYT3lUJs6s,37,0.040007333,,1,2,0.9676090921129151,0.7874967847247605,0.7566580799973476,0.7733644806400886,0.8715190380778248,0.7733644806400886,0.7733644806400886,negmas.preferences.ops.OutcomeOptimality,0.7874967847247605
263,False,False,True,42,0.01588475,0.8431372549019608,False,False,"(0, 5, 9, 'premium')",,2,False,,,,{},,[],"[0, 5, 9, 'premium']",GeniusBOABaselineNegotiator@1,,2,[],"[None, None]",GeniusBOABaselineNegotiator@1,,[],"(0.6031746031746031, 0.582010582010582)","[1.0, 1.0]","[0.023809523809523808, 0.0]","(0.0007754352238636291, 0.002193248997500751)","['GeniusBOABaselineNegotiator', 'GeniusBOABaselineNegotiator']",,PgVqtB-iz2o,0.016107874980662018,"['GeniusBOABaselineNegotiator@0', 'GeniusBOABaselineNegotiator@1']","['GeniusBOABaselineNegotiator@0', 'GeniusBOABaselineNegotiator@1']","['src.negotiators.GeniusBOABaselineNegotiator', 'src.negotiators.GeniusBOABaselineNegotiator']","[0.006684542167931795, 0.006277163105551153]",50,inf,50,inf,0.0,0.0,inf,inf,"{'rep': 0, 'n_repetitions': 2}",S1_B-1,PgVqtB-iz2o,negmas.sao.mechanism.SAOMechanism,PgVqtB-iz2o,42,0.01588475,,0,2,0.9912092750886039,0.9617153631935871,0.9802359416950643,0.9802359416950643,0.9538361758740667,0.9802359416950643,0.9802359416950643,negmas.preferences.ops.OutcomeOptimality,0.9802359416950643
264,False,False,True,29,0.030182459,0.5882352941176471,False,False,"(9, 3, 9, 'standard')",,2,False,,,,{},,[],"[9, 3, 9, 'standard']",GeniusBOABaselineNegotiator@0,,2,"[['GeniusBOABaselineNegotiator@0', [9, 3, 9, 'standard']]]",[None],GeniusBOABaselineNegotiator@0,,"[['GeniusBOABaselineNegotiator@0', None]]","(0.8952536824877251, 0.1490748497922465)","[0.9999999999999999, 0.9999999999999999]","[0.016366612111292964, 0.0]","(0.0007574209704742231, 0.0010624744725208587)","['GeniusBOABaselineNegotiator', 'ConcederTBNegotiator']",,DRgh9VWtAiQ,0.030458291003014892,"['GeniusBOABaselineNegotiator@0', 'ConcederTBNegotiator@1']","['GeniusBOABaselineNegotiator@0', 'ConcederTBNegotiator@1']","['src.negotiators.GeniusBOABaselineNegotiator', 'negmas.gb.negotiators.timebased.ConcederTBNegotiator']","[0.006887038878630847, 0.021238286222796887]",50,inf,50,inf,0.0,0.0,inf,inf,"{'rep': 0, 'n_repetitions': 2}",S3_E-1,DRgh9VWtAiQ,negmas.sao.mechanism.SAOMechanism,DRgh9VWtAiQ,29,0.030182459,,0,2,1.0,0.5899418999499724,0.627175323667607,0.6118375432198896,0.8501990687710164,0.6118375432198896,0.6118375432198896,negmas.preferences.ops.OutcomeOptimality,0.627175323667607
265,False,False,True,9,0.017580291,0.19607843137254902,False,False,"(0, 9, 4, 'premium')",,2,False,,,,{},,[],"[0, 9, 4, 'premium']",LinearTBNegotiator@1,,2,[],"[None, None]",LinearTBNegotiator@1,,[],"(0.373015873015873, 0.8465608465608465)","[1.0, 1.0]","[0.023809523809523808, 0.0]","(0.0007754352238636291, 0.002193248997500751)","['ConcederTBNegotiator', 'LinearTBNegotiator']",,P__acwgAmAk,0.01780091703403741,"['ConcederTBNegotiator@0', 'LinearTBNegotiator@1']","['ConcederTBNegotiator@0', 'LinearTBNegotiator@1']","['negmas.gb.negotiators.timebased.ConcederTBNegotiator', 'negmas.gb.negotiators.timebased.LinearTBNegotiator']","[0.009477789921220392, 0.0076039552222937346]",50,inf,50,inf,0.0,0.0,inf,inf,"{'rep': 0, 'n_repetitions': 2}",S1_B-1,P__acwgAmAk,negmas.sao.mechanism.SAOMechanism,P__acwgAmAk,9,0.017580291,,0,2,1.0,0.7804057992535158,0.7590536317045327,0.7590536317045327,0.9815144577632695,0.7590536317045327,0.7590536317045327,negmas.preferences.ops.OutcomeOptimality,0.7804057992535158
266,False,False,True,38,0.041282875,0.7647058823529411,False,False,"(1, 6, 1, 'standard')",,2,False,,,,{},,[],"[1, 6, 1, 'standard']",BoulwareTBNegotiator@1,,2,[],"[None, None]",BoulwareTBNegotiator@1,,[],"(0.26900584795321636, 0.7309941520467835)","[1.0, 1.0]","[0.0, 0.0]","(0.0034960628013070215, 0.004370114375307104)","['LinearTBNegotiator', 'BoulwareTBNegotiator']",,HdzzQJD5kW0,0.041564041981473565,"['LinearTBNegotiator@0', 'BoulwareTBNegotiator@1']","['LinearTBNegotiator@0', 'BoulwareTBNegotiator@1']","['negmas.gb.negotiators.timebased.LinearTBNegotiator', 'negmas.gb.negotiators.timebased.BoulwareTBNegotiator']","[0.021195124776568264, 0.01735682022990659]",50,inf,50,inf,0.0,0.0,inf,inf,"{'rep': 0, 'n_repetitions': 2}",S4_A-1,HdzzQJD5kW0,negmas.sao.mechanism.SAOMechanism,HdzzQJD5kW0,38,0.041282875,,0,2,0.9999999999999999,0.7719298245614036,0.7719298245614036,0.7719298245614036,0.9999999999999999,0.7719298245614036,0.7719298245614036,negmas.preferences.ops.OutcomeOptimality,0.7719298245614036
267,False,False,True,32,0.040847542,0.6470588235294118,False,False,"(7, 2, 8, 'basic')",,2,False,,,,{},,[],"[7, 2, 8, 'basic']",BoulwareTBNegotiator@1,,2,[],"[None, None]",BoulwareTBNegotiator@1,,[],"(0.11695906432748539, 0.8830409356725145)","[1.0, 1.0]","[0.0, 0.0]","(0.004370114375307104, 0.0034960628013070215)","['ConcederTBNegotiator', 'BoulwareTBNegotiator']",,04ArPLqtdR4,0.04115912498673424,"['ConcederTBNegotiator@0', 'BoulwareTBNegotiator@1']","['ConcederTBNegotiator@0', 'BoulwareTBNegotiator@1']","['negmas.gb.negotiators.timebased.ConcederTBNegotiator', 'negmas.gb.negotiators.timebased.BoulwareTBNegotiator']","[0.023510504863224924, 0.015080579847563058]",50,inf,50,inf,0.0,0.0,inf,inf,"{'rep': 0, 'n_repetitions': 2}",S4_A,04ArPLqtdR4,negmas.sao.mechanism.SAOMechanism,04ArPLqtdR4,32,0.040847542,,0,2,0.9999999999999999,0.6140350877192983,0.6140350877192983,0.6198830409356726,0.9999999999999999,0.6140350877192983,0.6198830409356726,negmas.preferences.ops.OutcomeOptimality,0.6140350877192983
268,False,False,True,14,0.022945708,0.29411764705882354,False,False,"(6, 10, 6, 'premium')",,2,False,,,,{},,[],"[6, 10, 6, 'premium']",LinearTBNegotiator@1,,2,[],"[None, None]",LinearTBNegotiator@1,,[],"(0.37426900584795325, 0.7689495968231964)","[1.0, 1.0]","[0.046783625730994156, 0.09356725146198831]","(0.0007811278057266481, 0.0009639366705748589)","['ConcederTBNegotiator', 'LinearTBNegotiator']",,uufreu0sE0M,0.02315916697261855,"['ConcederTBNegotiator@0', 'LinearTBNegotiator@1']","['ConcederTBNegotiator@0', 'LinearTBNegotiator@1']","['negmas.gb.negotiators.timebased.ConcederTBNegotiator', 'negmas.gb.negotiators.timebased.LinearTBNegotiator']","[0.011887332831975073, 0.010183001053519547]",50,inf,50,inf,0.0,0.0,inf,inf,"{'rep': 0, 'n_repetitions': 2}",S5_F-1,uufreu0sE0M,negmas.sao.mechanism.SAOMechanism,uufreu0sE0M,14,0.022945708,,0,2,0.9161843172014918,0.7221236298881974,0.7221236298881974,0.7085893136460552,0.7559373185302263,0.7085893136460552,0.7085893136460552,negmas.preferences.ops.OutcomeOptimality,0.7221236298881974
269,False,False,True,43,0.019974583,0.8627450980392157,False,False,"(2, 3, 8, 'premium')",,2,False,,,,{},,[],"[2, 3, 8, 'premium']",GeniusBOABaselineNegotiator@0,,2,"[['GeniusBOABaselineNegotiator@0', [2, 3, 8, 'premium']]]",[None],GeniusBOABaselineNegotiator@0,,"[['GeniusBOABaselineNegotiator@0', None]]","(0.4970760233918128, 0.502923976608187)","[1.0, 1.0]","[0.0, 0.0]","(0.0034960628013070215, 0.004370114375307104)","['GeniusBOABaselineNegotiator', 'SmartAspirationNegotiator']",,q5W0bj6tPWo,0.024787000031210482,"['GeniusBOABaselineNegotiator@0', 'SmartAspirationNegotiator@1']","['GeniusBOABaselineNegotiator@0', 'SmartAspirationNegotiator@1']","['src.negotiators.GeniusBOABaselineNegotiator', 'src.negotiators.SmartAspirationNegotiator']","[0.006455414346419275, 0.015025662607513368]",50,inf,50,inf,0.0,0.0,inf,inf,"{'rep': 0, 'n_repetitions': 2}",S4_A-1,q5W0bj6tPWo,negmas.sao.mechanism.SAOMechanism,q5W0bj6tPWo,43,0.019974583,,0,2,0.9999999999999998,0.9999999999999998,0.9999999999999998,0.9999999999999998,0.9999999999999998,0.9999999999999998,0.9999999999999998,negmas.preferences.ops.OutcomeOptimality,0.9999999999999998
270,False,False,True,41,0.015678167,0.8235294117647058,False,False,"(0, 5, 9, 'premium')",,2,False,,,,{},,[],"[0, 5, 9, 'premium']",GeniusBOABaselineNegotiator@0,,2,"[['GeniusBOABaselineNegotiator@0', [0, 5, 9, 'premium']]]",[None],GeniusBOABaselineNegotiator@0,,"[['GeniusBOABaselineNegotiator@0', None]]","(0.582010582010582, 0.6031746031746031)","[1.0, 1.0]","[0.0, 0.023809523809523808]","(0.002193248997500751, 0.0007754352238636291)","['GeniusBOABaselineNegotiator', 'GeniusBOABaselineNegotiator']",,mUXcFZFlVwI,0.01591245800955221,"['GeniusBOABaselineNegotiator@0', 'GeniusBOABaselineNegotiator@1']","['GeniusBOABaselineNegotiator@0', 'GeniusBOABaselineNegotiator@1']","['src.negotiators.GeniusBOABaselineNegotiator', 'src.negotiators.GeniusBOABaselineNegotiator']","[0.0064734675688669086, 0.00632012530695647]",50,inf,50,inf,0.0,0.0,inf,inf,"{'rep': 0, 'n_repetitions': 2}",S1_B,mUXcFZFlVwI,negmas.sao.mechanism.SAOMechanism,mUXcFZFlVwI,41,0.015678167,,0,2,0.9912092750886039,0.9617153631935871,0.9802359416950643,0.9802359416950643,0.9538361758740667,0.9802359416950643,0.9802359416950643,negmas.preferences.ops.OutcomeOptimality,0.9802359416950643
271,False,False,True,30,0.031070166,0.6078431372549019,False,False,"(3, 10, 0, 'standard')",,2,False,,,,{},,[],"[3, 10, 0, 'standard']",ConcederTBNegotiator@1,,2,[],"[None, None]",ConcederTBNegotiator@1,,[],"(0.9473684210526316, 0.17251461988304095)","[1.0, 1.0]","[0.09356725146198831, 0.046783625730994156]","(0.0009639366705748589, 0.0007811278057266481)","['SmartAspirationNegotiator', 'ConcederTBNegotiator']",,sdGAJukG0w0,0.03683079197071493,"['SmartAspirationNegotiator@0', 'ConcederTBNegotiator@1']","['SmartAspirationNegotiator@0', 'ConcederTBNegotiator@1']","['src.negotiators.SmartAspirationNegotiator', 'negmas.gb.negotiators.timebased.ConcederTBNegotiator']","[0.01300712366355583, 0.021486794168595225]",50,inf,50,inf,0.0,0.0,inf,inf,"{'rep': 1, 'n_repetitions': 2}",S5_F,sdGAJukG0w0,negmas.sao.mechanism.SAOMechanism,sdGAJukG0w0,30,0.031070166,,1,2,0.9816984826275842,0.5487427081223939,0.5487427081223939,0.5318374353927556,0.7405070045697147,0.5318374353927556,0.5318374353927556,negmas.preferences.ops.OutcomeOptimality,0.5487427081223939
272,False,False,True,15,0.022934709,0.3137254901960784,False,False,"(7, 8, 8, 'basic')",,2,False,,,,{},,[],"[7, 8, 8, 'basic']",ConcederTBNegotiator@1,,2,[],"[None, None]",ConcederTBNegotiator@1,,[],"(0.7076023391812865, 0.2923976608187134)","[1.0, 1.0]","[0.0, 0.0]","(0.0034960628013070215, 0.004370114375307104)","['LinearTBNegotiator', 'ConcederTBNegotiator']",,IBRXSrtJOmc,0.023260166053660214,"['LinearTBNegotiator@0', 'ConcederTBNegotiator@1']","['LinearTBNegotiator@0', 'ConcederTBNegotiator@1']","['negmas.gb.negotiators.timebased.LinearTBNegotiator', 'negmas.gb.negotiators.timebased.ConcederTBNegotiator']","[0.009758421161677688, 0.012313294922932982]",50,inf,50,inf,0.0,0.0,inf,inf,"{'rep': 1, 'n_repetitions': 2}",S4_A-1,IBRXSrtJOmc,negmas.sao.mechanism.SAOMechanism,IBRXSrtJOmc,15,0.022934709,,1,2,0.9999999999999999,0.7894736842105263,0.7894736842105263,0.7953216374269007,0.9999999999999998,0.7894736842105263,0.7953216374269007,negmas.preferences.ops.OutcomeOptimality,0.7894736842105263
273,False,False,True,26,0.030800709,0.5294117647058824,False,False,"(7, 5, 2, 'standard')",,2,False,,,,{},,[],"[7, 5, 2, 'standard']",LinearTBNegotiator@0,,2,"[['LinearTBNegotiator@0', [7, 5, 2, 'standard']]]",[None],LinearTBNegotiator@0,,"[['LinearTBNegotiator@0', None]]","(0.4970760233918128, 0.5029239766081871)","[1.0, 1.0]","[0.0, 0.0]","(0.004370114375307104, 0.0034960628013070215)","['LinearTBNegotiator', 'LinearTBNegotiator']",,mz5I1VClOpU,0.03109520801808685,"['LinearTBNegotiator@0', 'LinearTBNegotiator@1']","['LinearTBNegotiator@0', 'LinearTBNegotiator@1']","['negmas.gb.negotiators.timebased.LinearTBNegotiator', 'negmas.gb.negotiators.timebased.LinearTBNegotiator']","[0.014895579835865647, 0.014158287784084678]",50,inf,50,inf,0.0,0.0,inf,inf,"{'rep': 1, 'n_repetitions': 2}",S4_A,mz5I1VClOpU,negmas.sao.mechanism.SAOMechanism,mz5I1VClOpU,26,0.030800709,,1,2,0.9999999999999999,0.9941520467836257,0.9941520467836257,0.9999999999999999,0.9999999999999999,0.9941520467836257,0.9999999999999999,negmas.preferences.ops.OutcomeOptimality,0.9941520467836257
274,False,False,True,43,0.030193875,0.8627450980392157,False,False,"(8, 3, 1, 'basic')",,2,False,,,,{},,[],"[8, 3, 1, 'basic']",GeniusBOABaselineNegotiator@0,,2,"[['GeniusBOABaselineNegotiator@0', [8, 3, 1, 'basic']]]",[None],GeniusBOABaselineNegotiator@0,,"[['GeniusBOABaselineNegotiator@0', None]]","(0.49405692864529305, 0.5633751591198399)","[0.9999999999999999, 0.9999999999999999]","[0.0, 0.016366612111292964]","(0.0010624744725208587, 0.0007574209704742231)","['GeniusBOABaselineNegotiator', 'BoulwareTBNegotiator']",,DNXWZm46e-Y,0.03041750000556931,"['GeniusBOABaselineNegotiator@0', 'BoulwareTBNegotiator@1']","['GeniusBOABaselineNegotiator@0', 'BoulwareTBNegotiator@1']","['src.negotiators.GeniusBOABaselineNegotiator', 'negmas.gb.negotiators.timebased.BoulwareTBNegotiator']","[0.007266420056112111, 0.01979270880110562]",50,inf,50,inf,0.0,0.0,inf,inf,"{'rep': 0, 'n_repetitions': 2}",S3_E,DNXWZm46e-Y,negmas.sao.mechanism.SAOMechanism,DNXWZm46e-Y,43,0.030193875,,0,2,0.9213631521657724,0.8961624518430267,0.9204659248418944,0.9173845975320372,0.8608668139553324,0.9173845975320372,0.9173845975320372,negmas.preferences.ops.OutcomeOptimality,0.9204659248418944
275,False,False,True,43,0.030756792,0.8627450980392157,False,False,"(9, 2, 1, 'premium')",,2,False,,,,{},,[],"[9, 2, 1, 'premium']",GeniusBOABaselineNegotiator@1,,2,[],"[None, None]",GeniusBOABaselineNegotiator@1,,[],"(0.578853046594982, 0.5457355882887797)","[0.9999999999999999, 0.9999999999999999]","[0.0, 0.016366612111292964]","(0.0012950634439420957, 0.0006426653306037134)","['BoulwareTBNegotiator', 'GeniusBOABaselineNegotiator']",,1NskEZOYYMI,0.030983416945673525,"['BoulwareTBNegotiator@0', 'GeniusBOABaselineNegotiator@1']","['BoulwareTBNegotiator@0', 'GeniusBOABaselineNegotiator@1']","['negmas.gb.negotiators.timebased.BoulwareTBNegotiator', 'src.negotiators.GeniusBOABaselineNegotiator']","[0.020345252996776253, 0.007319957367144525]",50,inf,50,inf,0.0,0.0,inf,inf,"{'rep': 0, 'n_repetitions': 2}",S2_E,1NskEZOYYMI,negmas.sao.mechanism.SAOMechanism,1NskEZOYYMI,43,0.030756792,,0,2,0.9587829391141542,0.9474842994747478,0.9483384723776958,0.9587829391141542,0.915539679875679,0.9587829391141542,0.9587829391141542,negmas.preferences.ops.OutcomeOptimality,0.9587829391141542
276,False,False,True,42,0.029072417,0.8431372549019608,False,False,"(0, 5, 9, 'premium')",,2,False,,,,{},,[],"[0, 5, 9, 'premium']",GeniusBOABaselineNegotiator@1,,2,[],"[None, None]",GeniusBOABaselineNegotiator@1,,[],"(0.6031746031746031, 0.582010582010582)","[1.0, 1.0]","[0.023809523809523808, 0.0]","(0.0007754352238636291, 0.002193248997500751)","['BoulwareTBNegotiator', 'GeniusBOABaselineNegotiator']",,8pBec2OfG0Y,0.02934383397223428,"['BoulwareTBNegotiator@0', 'GeniusBOABaselineNegotiator@1']","['BoulwareTBNegotiator@0', 'GeniusBOABaselineNegotiator@1']","['negmas.gb.negotiators.timebased.BoulwareTBNegotiator', 'src.negotiators.GeniusBOABaselineNegotiator']","[0.019738118397071958, 0.0063544101431034505]",50,inf,50,inf,0.0,0.0,inf,inf,"{'rep': 0, 'n_repetitions': 2}",S1_B-1,8pBec2OfG0Y,negmas.sao.mechanism.SAOMechanism,8pBec2OfG0Y,42,0.029072417,,0,2,0.9912092750886039,0.9617153631935871,0.9802359416950643,0.9802359416950643,0.9538361758740667,0.9802359416950643,0.9802359416950643,negmas.preferences.ops.OutcomeOptimality,0.9802359416950643
277,False,False,True,17,0.026901583,0.35294117647058826,False,False,"(9, 1, 2, 'basic')",,2,False,,,,{},,[],"[9, 1, 2, 'basic']",LinearTBNegotiator@1,,2,[],"[None, None]",LinearTBNegotiator@1,,[],"(0.30734767025089604, 0.6919439898163302)","[0.9999999999999999, 0.9999999999999999]","[0.0, 0.016366612111292964]","(0.0010624744725208587, 0.0007574209704742231)","['ConcederTBNegotiator', 'LinearTBNegotiator']",,hrRzhSeTmmw,0.027129292022436857,"['ConcederTBNegotiator@0', 'LinearTBNegotiator@1']","['ConcederTBNegotiator@0', 'LinearTBNegotiator@1']","['negmas.gb.negotiators.timebased.ConcederTBNegotiator', 'negmas.gb.negotiators.timebased.LinearTBNegotiator']","[0.014216164243407547, 0.01152254082262516]",50,inf,50,inf,0.0,0.0,inf,inf,"{'rep': 1, 'n_repetitions': 2}",S3_E,hrRzhSeTmmw,negmas.sao.mechanism.SAOMechanism,hrRzhSeTmmw,17,0.026901583,,1,2,1.0,0.7541134173788117,0.7902421138444015,0.7774568873879285,0.8135340676414962,0.7774568873879285,0.7774568873879285,negmas.preferences.ops.OutcomeOptimality,0.7902421138444015
278,False,False,True,39,0.032046167,0.7843137254901961,False,False,"(3, 3, 1, 'standard')",,2,False,,,,{},,[],"[3, 3, 1, 'standard']",LinearTBNegotiator@0,,2,"[['LinearTBNegotiator@0', [3, 3, 1, 'standard']]]",[None],LinearTBNegotiator@0,,"[['LinearTBNegotiator@0', None]]","(0.24786324786324784, 0.6956698318710994)","[0.9999999999999999, 0.9999999999999999]","[0.016366612111292964, 0.0]","(0.0007574209704742231, 0.0010624744725208587)","['LinearTBNegotiator', 'GeniusBOABaselineNegotiator']",,m0Z84KszFco,0.0323985000140965,"['LinearTBNegotiator@0', 'GeniusBOABaselineNegotiator@1']","['LinearTBNegotiator@0', 'GeniusBOABaselineNegotiator@1']","['negmas.gb.negotiators.timebased.LinearTBNegotiator', 'src.negotiators.GeniusBOABaselineNegotiator']","[0.022162539651617408, 0.007063165074214339]",50,inf,50,inf,0.0,0.0,inf,inf,"{'rep': 1, 'n_repetitions': 2}",S3_E-1,m0Z84KszFco,negmas.sao.mechanism.SAOMechanism,m0Z84KszFco,39,0.032046167,,1,2,0.91321639759814,0.7519498281184096,0.726615866712041,0.7425460455799742,0.7681404088361475,0.7425460455799742,0.7425460455799742,negmas.preferences.ops.OutcomeOptimality,0.7519498281184096
279,False,False,True,42,0.0318495,0.8431372549019608,False,False,"(7, 9, 4, 'basic')",,2,False,,,,{},,[],"[7, 9, 4, 'basic']",BoulwareTBNegotiator@1,,2,[],"[None, None]",BoulwareTBNegotiator@1,,[],"(0.584795321637427, 0.6217898560631812)","[1.0, 1.0]","[0.046783625730994156, 0.09356725146198831]","(0.0007442816259952948, 0.0008771261662935939)","['GeniusBOABaselineNegotiator', 'BoulwareTBNegotiator']",,4Gepjiiu2FA,0.03217983298236504,"['GeniusBOABaselineNegotiator@0', 'BoulwareTBNegotiator@1']","['GeniusBOABaselineNegotiator@0', 'BoulwareTBNegotiator@1']","['src.negotiators.GeniusBOABaselineNegotiator', 'negmas.gb.negotiators.timebased.BoulwareTBNegotiator']","[0.007947534031700343, 0.020783825311809778]",50,inf,50,inf,0.0,0.0,inf,inf,"{'rep': 0, 'n_repetitions': 2}",S0_F-1,4Gepjiiu2FA,negmas.sao.mechanism.SAOMechanism,4Gepjiiu2FA,42,0.0318495,,0,2,0.8418817572733157,0.8356322357077108,0.8356322357077108,0.834585113574342,0.7978375803876622,0.834585113574342,0.834585113574342,negmas.preferences.ops.OutcomeOptimality,0.8356322357077108
280,False,False,True,43,0.034484583,0.8627450980392157,False,False,"(8, 2, 2, 'premium')",,2,False,,,,{},,[],"[8, 2, 2, 'premium']",SmartAspirationNegotiator@0,,2,"[['SmartAspirationNegotiator@0', [8, 2, 2, 'premium']]]",[None],SmartAspirationNegotiator@0,,"[['SmartAspirationNegotiator@0', None]]","(0.47368421052631576, 0.5263157894736842)","[1.0, 1.0]","[0.0, 0.0]","(0.004370114375307104, 0.0034960628013070215)","['SmartAspirationNegotiator', 'BoulwareTBNegotiator']",,xtroRTDi9rY,0.039417457999661565,"['SmartAspirationNegotiator@0', 'BoulwareTBNegotiator@1']","['SmartAspirationNegotiator@0', 'BoulwareTBNegotiator@1']","['src.negotiators.SmartAspirationNegotiator', 'negmas.gb.negotiators.timebased.BoulwareTBNegotiator']","[0.0161378689808771, 0.0198120370041579]",50,inf,50,inf,0.0,0.0,inf,inf,"{'rep': 0, 'n_repetitions': 2}",S4_A,xtroRTDi9rY,negmas.sao.mechanism.SAOMechanism,xtroRTDi9rY,43,0.034484583,,0,2,0.9999999999999999,0.9707602339181286,0.9707602339181286,0.9766081871345029,1.0,0.9707602339181286,0.9766081871345029,negmas.preferences.ops.OutcomeOptimality,0.9707602339181286
281,False,False,True,39,0.028944208,0.7843137254901961,False,False,"(9, 9, 5, 'standard')",,2,False,,,,{},,[],"[9, 9, 5, 'standard']",BoulwareTBNegotiator@1,,2,[],"[None, None]",BoulwareTBNegotiator@1,,[],"(0.6933073424301495, 0.7063027940220923)","[1.0, 1.0]","[0.09356725146198831, 0.046783625730994156]","(0.0008771261662935939, 0.0007442816259952948)","['GeniusBOABaselineNegotiator', 'BoulwareTBNegotiator']",,-05YTrDgsfc,0.029209874977823347,"['GeniusBOABaselineNegotiator@0', 'BoulwareTBNegotiator@1']","['GeniusBOABaselineNegotiator@0', 'BoulwareTBNegotiator@1']","['src.negotiators.GeniusBOABaselineNegotiator', 'negmas.gb.negotiators.timebased.BoulwareTBNegotiator']","[0.0075734591810032725, 0.018473034258931875]",50,inf,50,inf,0.0,0.0,inf,inf,"{'rep': 0, 'n_repetitions': 2}",S0_F,-05YTrDgsfc,negmas.sao.mechanism.SAOMechanism,-05YTrDgsfc,39,0.028944208,,0,2,0.9462663627744217,0.9346036197574028,0.9346036197574028,0.9395037748202615,0.9254726358242911,0.9395037748202615,0.9395037748202615,negmas.preferences.ops.OutcomeOptimality,0.9395037748202615
282,False,False,True,31,0.031883084,0.6274509803921569,False,False,"(9, 10, 9, 'basic')",,2,False,,,,{},,[],"[9, 10, 9, 'basic']",GeniusBOABaselineNegotiator@0,,2,"[['GeniusBOABaselineNegotiator@0', [9, 10, 9, 'basic']]]",[None],GeniusBOABaselineNegotiator@0,,"[['GeniusBOABaselineNegotiator@0', None]]","(0.868421052631579, 0.5935672514619883)","[1.0, 1.0]","[0.046783625730994156, 0.09356725146198831]","(0.0007442816259952948, 0.0008771261662935939)","['GeniusBOABaselineNegotiator', 'ConcederTBNegotiator']",,RToVjGyyrFI,0.0321660420158878,"['GeniusBOABaselineNegotiator@0', 'ConcederTBNegotiator@1']","['GeniusBOABaselineNegotiator@0', 'ConcederTBNegotiator@1']","['src.negotiators.GeniusBOABaselineNegotiator', 'negmas.gb.negotiators.timebased.ConcederTBNegotiator']","[0.006996999902185053, 0.022698621964082122]",50,inf,50,inf,0.0,0.0,inf,inf,"{'rep': 1, 'n_repetitions': 2}",S0_F-1,RToVjGyyrFI,negmas.sao.mechanism.SAOMechanism,RToVjGyyrFI,31,0.031883084,,1,2,1.0,0.8324241332371594,0.8324241332371594,0.8513976513554027,0.9667193271145101,0.8513976513554027,0.8513976513554027,negmas.preferences.ops.OutcomeOptimality,0.8513976513554027
283,False,False,True,15,0.031066542,0.3137254901960784,False,False,"(7, 8, 1, 'premium')",,2,False,,,,{},,[],"[7, 8, 1, 'premium']",ConcederTBNegotiator@1,,2,[],"[None, None]",ConcederTBNegotiator@1,,[],"(0.7076023391812865, 0.2923976608187134)","[1.0, 1.0]","[0.0, 0.0]","(0.004370114375307104, 0.0034960628013070215)","['LinearTBNegotiator', 'ConcederTBNegotiator']",,V1pDr6NUafU,0.031423250038642436,"['LinearTBNegotiator@0', 'ConcederTBNegotiator@1']","['LinearTBNegotiator@0', 'ConcederTBNegotiator@1']","['negmas.gb.negotiators.timebased.LinearTBNegotiator', 'negmas.gb.negotiators.timebased.ConcederTBNegotiator']","[0.013411876047030091, 0.01553108380176127]",50,inf,50,inf,0.0,0.0,inf,inf,"{'rep': 0, 'n_repetitions': 2}",S4_A,V1pDr6NUafU,negmas.sao.mechanism.SAOMechanism,V1pDr6NUafU,15,0.031066542,,0,2,0.9999999999999999,0.7953216374269007,0.7953216374269007,0.7953216374269007,0.9999999999999998,0.7953216374269007,0.7953216374269007,negmas.preferences.ops.OutcomeOptimality,0.7953216374269007
284,False,False,True,13,0.022770084,0.27450980392156865,False,False,"(6, 10, 6, 'premium')",,2,False,,,,{},,[],"[6, 10, 6, 'premium']",LinearTBNegotiator@0,,2,"[['LinearTBNegotiator@0', [6, 10, 6, 'premium']]]",[None],LinearTBNegotiator@0,,"[['LinearTBNegotiator@0', None]]","(0.7689495968231964, 0.37426900584795325)","[1.0, 1.0]","[0.09356725146198831, 0.046783625730994156]","(0.0009639366705748589, 0.0007811278057266481)","['LinearTBNegotiator', 'ConcederTBNegotiator']",,QFhYza_c0U4,0.023068082984536886,"['LinearTBNegotiator@0', 'ConcederTBNegotiator@1']","['LinearTBNegotiator@0', 'ConcederTBNegotiator@1']","['negmas.gb.negotiators.timebased.LinearTBNegotiator', 'negmas.gb.negotiators.timebased.ConcederTBNegotiator']","[0.010568791709374636, 0.011461959104053676]",50,inf,50,inf,0.0,0.0,inf,inf,"{'rep': 1, 'n_repetitions': 2}",S5_F,QFhYza_c0U4,negmas.sao.mechanism.SAOMechanism,QFhYza_c0U4,13,0.022770084,,1,2,0.9161843172014918,0.7221236298881974,0.7221236298881974,0.7085893136460552,0.7559373185302263,0.7085893136460552,0.7085893136460552,negmas.preferences.ops.OutcomeOptimality,0.7221236298881974
285,False,False,True,42,0.020568333,0.8431372549019608,False,False,"(9, 4, 0, 'basic')",,2,False,,,,{},,[],"[9, 4, 0, 'basic']",SmartAspirationNegotiator@1,,2,[],"[None, None]",SmartAspirationNegotiator@1,,[],"(0.6170212765957446, 0.5918734261726876)","[0.9999999999999999, 0.9999999999999999]","[0.016366612111292964, 0.0]","(0.0006426653306037134, 0.0012950634439420957)","['GeniusBOABaselineNegotiator', 'SmartAspirationNegotiator']",,HtbwpchICe8,0.026068041974212974,"['GeniusBOABaselineNegotiator@0', 'SmartAspirationNegotiator@1']","['GeniusBOABaselineNegotiator@0', 'SmartAspirationNegotiator@1']","['src.negotiators.GeniusBOABaselineNegotiator', 'src.negotiators.SmartAspirationNegotiator']","[0.007471553923096508, 0.015335917181801051]",50,inf,50,inf,0.0,0.0,inf,inf,"{'rep': 1, 'n_repetitions': 2}",S2_E-1,HtbwpchICe8,negmas.sao.mechanism.SAOMechanism,HtbwpchICe8,42,0.020568333,,1,2,1.0,0.962744468605478,1.0,0.9832225744061249,0.9841741547480721,0.9832225744061249,0.9832225744061249,negmas.preferences.ops.OutcomeOptimality,1.0
286,False,False,True,42,0.032758708,0.8431372549019608,False,False,"(9, 2, 0, 'premium')",,2,False,,,,{},,[],"[9, 2, 0, 'premium']",SmartAspirationNegotiator@0,,2,"[['SmartAspirationNegotiator@0', [9, 2, 0, 'premium']]]",[None],SmartAspirationNegotiator@0,,"[['SmartAspirationNegotiator@0', None]]","(0.541734860883797, 0.6854838709677419)","[0.9999999999999999, 0.9999999999999999]","[0.016366612111292964, 0.0]","(0.0006426653306037134, 0.0012950634439420957)","['SmartAspirationNegotiator', 'BoulwareTBNegotiator']",,NHWDEes-Ar0,0.03854712500469759,"['SmartAspirationNegotiator@0', 'BoulwareTBNegotiator@1']","['SmartAspirationNegotiator@0', 'BoulwareTBNegotiator@1']","['src.negotiators.SmartAspirationNegotiator', 'negmas.gb.negotiators.timebased.BoulwareTBNegotiator']","[0.015493297891225666, 0.019732330925762653]",50,inf,50,inf,0.0,0.0,inf,inf,"{'rep': 1, 'n_repetitions': 2}",S2_E-1,NHWDEes-Ar0,negmas.sao.mechanism.SAOMechanism,NHWDEes-Ar0,42,0.032758708,,1,2,1.0,0.9508547189471204,0.9143580762567265,0.9301480822807243,0.9990919435291352,0.9301480822807243,0.9301480822807243,negmas.preferences.ops.OutcomeOptimality,0.9508547189471204
287,False,False,True,33,0.027664166,0.6666666666666666,False,False,"(0, 9, 4, 'premium')",,2,False,,,,{},,[],"[0, 9, 4, 'premium']",GeniusBOABaselineNegotiator@1,,2,[],"[None, None]",GeniusBOABaselineNegotiator@1,,[],"(0.373015873015873, 0.8465608465608465)","[1.0, 1.0]","[0.023809523809523808, 0.0]","(0.0007754352238636291, 0.002193248997500751)","['LinearTBNegotiator', 'GeniusBOABaselineNegotiator']",,0PzD4HTMlMg,0.02788850001525134,"['LinearTBNegotiator@0', 'GeniusBOABaselineNegotiator@1']","['LinearTBNegotiator@0', 'GeniusBOABaselineNegotiator@1']","['negmas.gb.negotiators.timebased.LinearTBNegotiator', 'src.negotiators.GeniusBOABaselineNegotiator']","[0.01925166923319921, 0.0060590418870560825]",50,inf,50,inf,0.0,0.0,inf,inf,"{'rep': 1, 'n_repetitions': 2}",S1_B-1,0PzD4HTMlMg,negmas.sao.mechanism.SAOMechanism,0PzD4HTMlMg,33,0.027664166,,1,2,1.0,0.7804057992535158,0.7590536317045327,0.7590536317045327,0.9815144577632695,0.7590536317045327,0.7590536317045327,negmas.preferences.ops.OutcomeOptimality,0.7804057992535158
288,False,False,True,11,0.020050125,0.23529411764705882,False,False,"(5, 8, 8, 'basic')",,2,False,,,,{},,[],"[5, 8, 8, 'basic']",ConcederTBNegotiator@0,,2,"[['ConcederTBNegotiator@0', [5, 8, 8, 'basic']]]",[None],ConcederTBNegotiator@0,,"[['ConcederTBNegotiator@0', None]]","(0.32275132275132273, 0.796801346187857)","[1.0, 1.0]","[0.0, 0.023809523809523808]","(0.002193248997500751, 0.0007754352238636291)","['ConcederTBNegotiator', 'LinearTBNegotiator']",,Fr1ES3QYq60,0.020277250034268945,"['ConcederTBNegotiator@0', 'LinearTBNegotiator@1']","['ConcederTBNegotiator@0', 'LinearTBNegotiator@1']","['negmas.gb.negotiators.timebased.ConcederTBNegotiator', 'negmas.gb.negotiators.timebased.LinearTBNegotiator']","[0.010816373978741467, 0.008575584040954709]",50,inf,50,inf,0.0,0.0,inf,inf,"{'rep': 0, 'n_repetitions': 2}",S1_B,Fr1ES3QYq60,negmas.sao.mechanism.SAOMechanism,Fr1ES3QYq60,11,0.020050125,,0,2,1.0,0.7341014220333839,0.756164987707006,0.756164987707006,0.9010151744882784,0.756164987707006,0.756164987707006,negmas.preferences.ops.OutcomeOptimality,0.756164987707006
289,False,False,True,22,0.027666458,0.45098039215686275,False,False,"(7, 10, 5, 'standard')",,2,False,,,,{},,[],"[7, 10, 5, 'standard']",LinearTBNegotiator@0,,2,"[['LinearTBNegotiator@0', [7, 10, 5, 'standard']]]",[None],LinearTBNegotiator@0,,"[['LinearTBNegotiator@0', None]]","(0.5790272025991713, 0.5767195767195767)","[1.0, 1.0]","[0.023809523809523808, 0.0]","(0.0007754352238636291, 0.002193248997500751)","['LinearTBNegotiator', 'LinearTBNegotiator']",,cfMZ-yPrWW8,0.027946499991230667,"['LinearTBNegotiator@0', 'LinearTBNegotiator@1']","['LinearTBNegotiator@0', 'LinearTBNegotiator@1']","['negmas.gb.negotiators.timebased.LinearTBNegotiator', 'negmas.gb.negotiators.timebased.LinearTBNegotiator']","[0.013668670202605426, 0.012536954076495022]",50,inf,50,inf,0.0,0.0,inf,inf,"{'rep': 0, 'n_repetitions': 2}",S1_B-1,cfMZ-yPrWW8,negmas.sao.mechanism.SAOMechanism,cfMZ-yPrWW8,22,0.027666458,,0,2,0.9736745881204828,0.9567674947426404,0.9677024037038318,0.9677024037038318,0.9301441682228879,0.9677024037038318,0.9677024037038318,negmas.preferences.ops.OutcomeOptimality,0.9677024037038318
290,False,False,True,26,0.028943583,0.5294117647058824,False,False,"(0, 10, 2, 'premium')",,2,False,,,,{},,[],"[0, 10, 2, 'premium']",SmartAspirationNegotiator@0,,2,"[['SmartAspirationNegotiator@0', [0, 10, 2, 'premium']]]",[None],SmartAspirationNegotiator@0,,"[['SmartAspirationNegotiator@0', None]]","(0.9365079365079365, 0.2595117842050396)","[1.0, 1.0]","[0.0, 0.023809523809523808]","(0.002193248997500751, 0.0007754352238636291)","['SmartAspirationNegotiator', 'ConcederTBNegotiator']",,URJDieNdo5o,0.0340015419642441,"['SmartAspirationNegotiator@0', 'ConcederTBNegotiator@1']","['SmartAspirationNegotiator@0', 'ConcederTBNegotiator@1']","['src.negotiators.SmartAspirationNegotiator', 'negmas.gb.negotiators.timebased.ConcederTBNegotiator']","[0.011181825422681868, 0.020649074111133814]",50,inf,50,inf,0.0,0.0,inf,inf,"{'rep': 0, 'n_repetitions': 2}",S1_B,URJDieNdo5o,negmas.sao.mechanism.SAOMechanism,URJDieNdo5o,26,0.028943583,,0,2,1.0,0.67706503438979,0.6559033950247126,0.6559033950247126,0.9625558021943916,0.6559033950247126,0.6559033950247126,negmas.preferences.ops.OutcomeOptimality,0.67706503438979
291,False,False,True,25,0.030721875,0.5098039215686274,False,False,"(9, 1, 1, 'premium')",,2,False,,,,{},,[],"[9, 1, 1, 'premium']",LinearTBNegotiator@1,,2,[],"[None, None]",LinearTBNegotiator@1,,[],"(0.5653755228223313, 0.5304659498207884)","[0.9999999999999999, 0.9999999999999999]","[0.016366612111292964, 0.0]","(0.0007574209704742231, 0.0010624744725208587)","['LinearTBNegotiator', 'LinearTBNegotiator']",,niggNdWy64s,0.030987917038146406,"['LinearTBNegotiator@0', 'LinearTBNegotiator@1']","['LinearTBNegotiator@0', 'LinearTBNegotiator@1']","['negmas.gb.negotiators.timebased.LinearTBNegotiator', 'negmas.gb.negotiators.timebased.LinearTBNegotiator']","[0.014352829777635634, 0.014678288716822863]",50,inf,50,inf,0.0,0.0,inf,inf,"{'rep': 0, 'n_repetitions': 2}",S3_E-1,niggNdWy64s,negmas.sao.mechanism.SAOMechanism,niggNdWy64s,25,0.030721875,,0,2,0.942796874646565,0.9218443521335803,0.942796874646565,0.9422771620333915,0.8921363065009765,0.9422771620333915,0.9422771620333915,negmas.preferences.ops.OutcomeOptimality,0.942796874646565
292,False,False,True,32,0.026844625,0.6470588235294118,False,False,"(9, 10, 9, 'basic')",,2,False,,,,{},,[],"[9, 10, 9, 'basic']",GeniusBOABaselineNegotiator@1,,2,[],"[None, None]",GeniusBOABaselineNegotiator@1,,[],"(0.5935672514619883, 0.868421052631579)","[1.0, 1.0]","[0.09356725146198831, 0.046783625730994156]","(0.0009639366705748589, 0.0007811278057266481)","['LinearTBNegotiator', 'GeniusBOABaselineNegotiator']",,fUOWFmYPq_4,0.02705400000559166,"['LinearTBNegotiator@0', 'GeniusBOABaselineNegotiator@1']","['LinearTBNegotiator@0', 'GeniusBOABaselineNegotiator@1']","['negmas.gb.negotiators.timebased.LinearTBNegotiator', 'src.negotiators.GeniusBOABaselineNegotiator']","[0.01774929283419624, 0.006860203284304589]",50,inf,50,inf,0.0,0.0,inf,inf,"{'rep': 0, 'n_repetitions': 2}",S5_F,fUOWFmYPq_4,negmas.sao.mechanism.SAOMechanism,fUOWFmYPq_4,32,0.026844625,,0,2,1.0,0.8324241332371594,0.8324241332371594,0.8513976513554027,0.9667193271145101,0.8513976513554027,0.8513976513554027,negmas.preferences.ops.OutcomeOptimality,0.8513976513554027
293,False,False,True,26,0.027367709,0.5294117647058824,False,False,"(1, 10, 5, 'standard')",,2,False,,,,{},,[],"[1, 10, 5, 'standard']",GeniusBOABaselineNegotiator@0,,2,"[['GeniusBOABaselineNegotiator@0', [1, 10, 5, 'standard']]]",[None],GeniusBOABaselineNegotiator@0,,"[['GeniusBOABaselineNegotiator@0', None]]","(0.9385964912280702, 0.2108512020792723)","[1.0, 1.0]","[0.09356725146198831, 0.046783625730994156]","(0.0009639366705748589, 0.0007811278057266481)","['GeniusBOABaselineNegotiator', 'ConcederTBNegotiator']",,7JuFzVlI-xs,0.027566750010009855,"['GeniusBOABaselineNegotiator@0', 'ConcederTBNegotiator@1']","['GeniusBOABaselineNegotiator@0', 'ConcederTBNegotiator@1']","['src.negotiators.GeniusBOABaselineNegotiator', 'negmas.gb.negotiators.timebased.ConcederTBNegotiator']","[0.006832462036982179, 0.018685409100726247]",50,inf,50,inf,0.0,0.0,inf,inf,"{'rep': 0, 'n_repetitions': 2}",S5_F,7JuFzVlI-xs,negmas.sao.mechanism.SAOMechanism,7JuFzVlI-xs,26,0.027367709,,0,2,0.9902986456949824,0.5785530218644237,0.5785530218644237,0.5615949814358568,0.7600562176291416,0.5615949814358568,0.5615949814358568,negmas.preferences.ops.OutcomeOptimality,0.5785530218644237
294,False,False,True,41,0.020610417,0.8235294117647058,False,False,"(1, 6, 9, 'premium')",,2,False,,,,{},,[],"[1, 6, 9, 'premium']",SmartAspirationNegotiator@0,,2,"[['SmartAspirationNegotiator@0', [1, 6, 9, 'premium']]]",[None],SmartAspirationNegotiator@0,,"[['SmartAspirationNegotiator@0', None]]","(0.6031746031746031, 0.5820105820105821)","[1.0, 1.0]","[0.023809523809523808, 0.0]","(0.0007754352238636291, 0.002193248997500751)","['SmartAspirationNegotiator', 'GeniusBOABaselineNegotiator']",,80qkPHZyoRo,0.025627083028666675,"['SmartAspirationNegotiator@0', 'GeniusBOABaselineNegotiator@1']","['SmartAspirationNegotiator@0', 'GeniusBOABaselineNegotiator@1']","['src.negotiators.SmartAspirationNegotiator', 'src.negotiators.GeniusBOABaselineNegotiator']","[0.016097630315925926, 0.006399202917236835]",50,inf,50,inf,0.0,0.0,inf,inf,"{'rep': 0, 'n_repetitions': 2}",S1_B-1,80qkPHZyoRo,negmas.sao.mechanism.SAOMechanism,80qkPHZyoRo,41,0.020610417,,0,2,0.991209275088604,0.9617153631935871,0.9802359416950644,0.9802359416950644,0.9538361758740667,0.9802359416950644,0.9802359416950644,negmas.preferences.ops.OutcomeOptimality,0.9802359416950644
295,False,False,True,35,0.028135125,0.7058823529411765,False,False,"(8, 10, 7, 'basic')",,2,False,,,,{},,[],"[8, 10, 7, 'basic']",GeniusBOABaselineNegotiator@0,,2,"[['GeniusBOABaselineNegotiator@0', [8, 10, 7, 'basic']]]",[None],GeniusBOABaselineNegotiator@0,,"[['GeniusBOABaselineNegotiator@0', None]]","(0.7822283931139397, 0.328042328042328)","[1.0, 1.0]","[0.023809523809523808, 0.0]","(0.0007754352238636291, 0.002193248997500751)","['GeniusBOABaselineNegotiator', 'LinearTBNegotiator']",,3_r9sW4TPVg,0.028363083954900503,"['GeniusBOABaselineNegotiator@0', 'LinearTBNegotiator@1']","['GeniusBOABaselineNegotiator@0', 'LinearTBNegotiator@1']","['src.negotiators.GeniusBOABaselineNegotiator', 'negmas.gb.negotiators.timebased.LinearTBNegotiator']","[0.0062226285808719695, 0.01927257893839851]",50,inf,50,inf,0.0,0.0,inf,inf,"{'rep': 0, 'n_repetitions': 2}",S1_B-1,3_r9sW4TPVg,negmas.sao.mechanism.SAOMechanism,3_r9sW4TPVg,35,0.028135125,,0,2,0.9889059294623107,0.7428511964925584,0.7649272400742826,0.7649272400742826,0.8935450696569122,0.7649272400742826,0.7649272400742826,negmas.preferences.ops.OutcomeOptimality,0.7649272400742826
296,False,False,True,36,0.040052958,0.7254901960784313,False,False,"(5, 3, 0, 'standard')",,2,False,,,,{},,[],"[5, 3, 0, 'standard']",BoulwareTBNegotiator@0,,2,"[['BoulwareTBNegotiator@0', [5, 3, 0, 'standard']]]",[None],BoulwareTBNegotiator@0,,"[['BoulwareTBNegotiator@0', None]]","(0.7539135594696658, 0.3166030187306783)","[0.9999999999999999, 0.9999999999999999]","[0.0, 0.016366612111292964]","(0.0012950634439420957, 0.0006426653306037134)","['BoulwareTBNegotiator', 'LinearTBNegotiator']",,OOlgPOGDdBo,0.04033499996876344,"['BoulwareTBNegotiator@0', 'LinearTBNegotiator@1']","['BoulwareTBNegotiator@0', 'LinearTBNegotiator@1']","['negmas.gb.negotiators.timebased.BoulwareTBNegotiator', 'negmas.gb.negotiators.timebased.LinearTBNegotiator']","[0.018051129940431565, 0.01946186466375366]",50,inf,50,inf,0.0,0.0,inf,inf,"{'rep': 1, 'n_repetitions': 2}",S2_E,OOlgPOGDdBo,negmas.sao.mechanism.SAOMechanism,OOlgPOGDdBo,36,0.040052958,,1,2,0.9676090921129151,0.7874967847247605,0.7566580799973476,0.7733644806400886,0.8715190380778248,0.7733644806400886,0.7733644806400886,negmas.preferences.ops.OutcomeOptimality,0.7874967847247605
297,False,False,True,14,0.023171042,0.29411764705882354,False,False,"(6, 10, 6, 'premium')",,2,False,,,,{},,[],"[6, 10, 6, 'premium']",LinearTBNegotiator@1,,2,[],"[None, None]",LinearTBNegotiator@1,,[],"(0.37426900584795325, 0.7689495968231964)","[1.0, 1.0]","[0.046783625730994156, 0.09356725146198831]","(0.0007811278057266481, 0.0009639366705748589)","['ConcederTBNegotiator', 'LinearTBNegotiator']",,kPEgZCOkppk,0.023441625002305955,"['ConcederTBNegotiator@0', 'LinearTBNegotiator@1']","['ConcederTBNegotiator@0', 'LinearTBNegotiator@1']","['negmas.gb.negotiators.timebased.ConcederTBNegotiator', 'negmas.gb.negotiators.timebased.LinearTBNegotiator']","[0.011911787267308682, 0.010421668004710227]",50,inf,50,inf,0.0,0.0,inf,inf,"{'rep': 1, 'n_repetitions': 2}",S5_F-1,kPEgZCOkppk,negmas.sao.mechanism.SAOMechanism,kPEgZCOkppk,14,0.023171042,,1,2,0.9161843172014918,0.7221236298881974,0.7221236298881974,0.7085893136460552,0.7559373185302263,0.7085893136460552,0.7085893136460552,negmas.preferences.ops.OutcomeOptimality,0.7221236298881974
298,False,False,True,33,0.038387542,0.6666666666666666,False,False,"(0, 10, 3, 'standard')",,2,False,,,,{},,[],"[0, 10, 3, 'standard']",BoulwareTBNegotiator@0,,2,"[['BoulwareTBNegotiator@0', [0, 10, 3, 'standard']]]",[None],BoulwareTBNegotiator@0,,"[['BoulwareTBNegotiator@0', None]]","(0.8253968253968255, 0.3839132298329081)","[1.0, 1.0]","[0.0, 0.023809523809523808]","(0.002193248997500751, 0.0007754352238636291)","['BoulwareTBNegotiator', 'LinearTBNegotiator']",,YEL1KgdPBw0,0.03869733295869082,"['BoulwareTBNegotiator@0', 'LinearTBNegotiator@1']","['BoulwareTBNegotiator@0', 'LinearTBNegotiator@1']","['negmas.gb.negotiators.timebased.BoulwareTBNegotiator', 'negmas.gb.negotiators.timebased.LinearTBNegotiator']","[0.016340130241587758, 0.0197231249185279]",50,inf,50,inf,0.0,0.0,inf,inf,"{'rep': 0, 'n_repetitions': 2}",S1_B,YEL1KgdPBw0,negmas.sao.mechanism.SAOMechanism,YEL1KgdPBw0,33,0.038387542,,0,2,0.9855095709579489,0.7964202352116565,0.7752162495989036,0.7752162495989036,0.9732518537566377,0.7752162495989036,0.7752162495989036,negmas.preferences.ops.OutcomeOptimality,0.7964202352116565
299,False,False,True,43,0.030455916,0.8627450980392157,False,False,"(8, 3, 1, 'basic')",,2,False,,,,{},,[],"[8, 3, 1, 'basic']",GeniusBOABaselineNegotiator@0,,2,"[['GeniusBOABaselineNegotiator@0', [8, 3, 1, 'basic']]]",[None],GeniusBOABaselineNegotiator@0,,"[['GeniusBOABaselineNegotiator@0', None]]","(0.49405692864529305, 0.5633751591198399)","[0.9999999999999999, 0.9999999999999999]","[0.0, 0.016366612111292964]","(0.0010624744725208587, 0.0007574209704742231)","['GeniusBOABaselineNegotiator', 'BoulwareTBNegotiator']",,lynboClDEB0,0.030750082980375737,"['GeniusBOABaselineNegotiator@0', 'BoulwareTBNegotiator@1']","['GeniusBOABaselineNegotiator@0', 'BoulwareTBNegotiator@1']","['src.negotiators.GeniusBOABaselineNegotiator', 'negmas.gb.negotiators.timebased.BoulwareTBNegotiator']","[0.007300543773453683, 0.020039251947309822]",50,inf,50,inf,0.0,0.0,inf,inf,"{'rep': 1, 'n_repetitions': 2}",S3_E,lynboClDEB0,negmas.sao.mechanism.SAOMechanism,lynboClDEB0,43,0.030455916,,1,2,0.9213631521657724,0.8961624518430267,0.9204659248418944,0.9173845975320372,0.8608668139553324,0.9173845975320372,0.9173845975320372,negmas.preferences.ops.OutcomeOptimality,0.9204659248418944
300,False,False,True,43,0.043600708,0.8627450980392157,False,False,"(9, 10, 1, 'basic')",,2,False,,,,{},,[],"[9, 10, 1, 'basic']",BoulwareTBNegotiator@0,,2,"[['BoulwareTBNegotiator@0', [9, 10, 1, 'basic']]]",[None],BoulwareTBNegotiator@0,,"[['BoulwareTBNegotiator@0', None]]","(0.503182396799418, 0.5465949820788529)","[0.9999999999999999, 0.9999999999999999]","[0.016366612111292964, 0.0]","(0.0007574209704742231, 0.0010624744725208587)","['BoulwareTBNegotiator', 'BoulwareTBNegotiator']",,qUz19Yhc0ww,0.04387754196068272,"['BoulwareTBNegotiator@0', 'BoulwareTBNegotiator@1']","['BoulwareTBNegotiator@0', 'BoulwareTBNegotiator@1']","['negmas.gb.negotiators.timebased.BoulwareTBNegotiator', 'negmas.gb.negotiators.timebased.BoulwareTBNegotiator']","[0.020429504453204572, 0.02006371592869982]",50,inf,50,inf,0.0,0.0,inf,inf,"{'rep': 1, 'n_repetitions': 2}",S3_E-1,qUz19Yhc0ww,negmas.sao.mechanism.SAOMechanism,qUz19Yhc0ww,43,0.043600708,,1,2,0.9210437943802361,0.9101795645181664,0.9126584534033798,0.9210437943802361,0.8546350332788867,0.9210437943802361,0.9210437943802361,negmas.preferences.ops.OutcomeOptimality,0.9210437943802361
301,False,False,True,43,0.030345667,0.8627450980392157,False,False,"(8, 8, 4, 'premium')",,2,False,,,,{},,[],"[8, 8, 4, 'premium']",BoulwareTBNegotiator@0,,2,"[['BoulwareTBNegotiator@0', [8, 8, 4, 'premium']]]",[None],BoulwareTBNegotiator@0,,"[['BoulwareTBNegotiator@0', None]]","(0.5185185185185185, 0.55843702955246)","[1.0, 1.0]","[0.046783625730994156, 0.09356725146198831]","(0.0007811278057266481, 0.0009639366705748589)","['BoulwareTBNegotiator', 'GeniusBOABaselineNegotiator']",,-KLK89_mlUI,0.030646624974906445,"['BoulwareTBNegotiator@0', 'GeniusBOABaselineNegotiator@1']","['BoulwareTBNegotiator@0', 'GeniusBOABaselineNegotiator@1']","['negmas.gb.negotiators.timebased.BoulwareTBNegotiator', 'src.negotiators.GeniusBOABaselineNegotiator']","[0.019819134147837758, 0.007473709061741829]",50,inf,50,inf,0.0,0.0,inf,inf,"{'rep': 0, 'n_repetitions': 2}",S5_F-1,-KLK89_mlUI,negmas.sao.mechanism.SAOMechanism,-KLK89_mlUI,43,0.030345667,,0,2,0.7817356951733825,0.7659319509600617,0.7659319509600617,0.7651664033242354,0.7121218000501757,0.7651664033242354,0.7651664033242354,negmas.preferences.ops.OutcomeOptimality,0.7659319509600617
302,False,False,True,25,0.030293667,0.5098039215686274,False,False,"(9, 1, 1, 'premium')",,2,False,,,,{},,[],"[9, 1, 1, 'premium']",LinearTBNegotiator@1,,2,[],"[None, None]",LinearTBNegotiator@1,,[],"(0.5653755228223313, 0.5304659498207884)","[0.9999999999999999, 0.9999999999999999]","[0.016366612111292964, 0.0]","(0.0007574209704742231, 0.0010624744725208587)","['LinearTBNegotiator', 'LinearTBNegotiator']",,nfRybTBQsPE,0.0305919999955222,"['LinearTBNegotiator@0', 'LinearTBNegotiator@1']","['LinearTBNegotiator@0', 'LinearTBNegotiator@1']","['negmas.gb.negotiators.timebased.LinearTBNegotiator', 'negmas.gb.negotiators.timebased.LinearTBNegotiator']","[0.014135500125121325, 0.014509749016724527]",50,inf,50,inf,0.0,0.0,inf,inf,"{'rep': 1, 'n_repetitions': 2}",S3_E-1,nfRybTBQsPE,negmas.sao.mechanism.SAOMechanism,nfRybTBQsPE,25,0.030293667,,1,2,0.942796874646565,0.9218443521335803,0.942796874646565,0.9422771620333915,0.8921363065009765,0.9422771620333915,0.9422771620333915,negmas.preferences.ops.OutcomeOptimality,0.942796874646565
303,False,False,True,32,0.03158025,0.6470588235294118,False,False,"(9, 3, 7, 'basic')",,2,False,,,,{},,[],"[9, 3, 7, 'basic']",GeniusBOABaselineNegotiator@1,,2,[],"[None, None]",GeniusBOABaselineNegotiator@1,,[],"(0.11695906432748537, 0.8830409356725145)","[1.0, 1.0]","[0.0, 0.0]","(0.004370114375307104, 0.0034960628013070215)","['ConcederTBNegotiator', 'GeniusBOABaselineNegotiator']",,j-kL-_DBvzI,0.031873750034719706,"['ConcederTBNegotiator@0', 'GeniusBOABaselineNegotiator@1']","['ConcederTBNegotiator@0', 'GeniusBOABaselineNegotiator@1']","['negmas.gb.negotiators.timebased.ConcederTBNegotiator', 'src.negotiators.GeniusBOABaselineNegotiator']","[0.023499957169406116, 0.0058869588538073]",50,inf,50,inf,0.0,0.0,inf,inf,"{'rep': 1, 'n_repetitions': 2}",S4_A,j-kL-_DBvzI,negmas.sao.mechanism.SAOMechanism,j-kL-_DBvzI,32,0.03158025,,1,2,0.9999999999999999,0.6140350877192983,0.6140350877192983,0.6198830409356726,0.9999999999999999,0.6140350877192983,0.6198830409356726,negmas.preferences.ops.OutcomeOptimality,0.6140350877192983
304,False,False,True,43,0.031039042,0.8627450980392157,False,False,"(7, 10, 8, 'standard')",,2,False,,,,{},,[],"[7, 10, 8, 'standard']",GeniusBOABaselineNegotiator@1,,2,[],"[None, None]",GeniusBOABaselineNegotiator@1,,[],"(0.7894736842105263, 0.559779077322937)","[1.0, 1.0]","[0.09356725146198831, 0.046783625730994156]","(0.0009639366705748589, 0.0007811278057266481)","['BoulwareTBNegotiator', 'GeniusBOABaselineNegotiator']",,F8DcsBPxRRA,0.03132979100337252,"['BoulwareTBNegotiator@0', 'GeniusBOABaselineNegotiator@1']","['BoulwareTBNegotiator@0', 'GeniusBOABaselineNegotiator@1']","['negmas.gb.negotiators.timebased.BoulwareTBNegotiator', 'src.negotiators.GeniusBOABaselineNegotiator']","[0.02077024767640978, 0.007209371658973396]",50,inf,50,inf,0.0,0.0,inf,inf,"{'rep': 0, 'n_repetitions': 2}",S5_F,F8DcsBPxRRA,negmas.sao.mechanism.SAOMechanism,F8DcsBPxRRA,43,0.031039042,,0,2,0.9573599675039428,0.8625646620321361,0.8625646620321361,0.8474798110912376,0.8921745256681245,0.8474798110912376,0.8474798110912376,negmas.preferences.ops.OutcomeOptimality,0.8625646620321361
305,False,False,True,32,0.036341916,0.6470588235294118,False,False,"(9, 9, 9, 'basic')",,2,False,,,,{},,[],"[9, 9, 9, 'basic']",BoulwareTBNegotiator@1,,2,[],"[None, None]",BoulwareTBNegotiator@1,,[],"(0.48862897985705, 0.8700454840805718)","[1.0, 1.0]","[0.09356725146198831, 0.046783625730994156]","(0.0009639366705748589, 0.0007811278057266481)","['LinearTBNegotiator', 'BoulwareTBNegotiator']",,vpoMiDD1kmw,0.03660662501351908,"['LinearTBNegotiator@0', 'BoulwareTBNegotiator@1']","['LinearTBNegotiator@0', 'BoulwareTBNegotiator@1']","['negmas.gb.negotiators.timebased.LinearTBNegotiator', 'negmas.gb.negotiators.timebased.BoulwareTBNegotiator']","[0.017933128867298365, 0.01609862723853439]",50,inf,50,inf,0.0,0.0,inf,inf,"{'rep': 0, 'n_repetitions': 2}",S5_F,vpoMiDD1kmw,negmas.sao.mechanism.SAOMechanism,vpoMiDD1kmw,32,0.036341916,,0,2,1.0,0.7625130806021299,0.7625130806021299,0.7805360810361862,0.8984044946650847,0.7805360810361862,0.7805360810361862,negmas.preferences.ops.OutcomeOptimality,0.7805360810361862
306,False,False,True,43,0.022899167,0.8627450980392157,False,False,"(9, 1, 0, 'premium')",,2,False,,,,{},,[],"[9, 1, 0, 'premium']",SmartAspirationNegotiator@1,,2,[],"[None, None]",SmartAspirationNegotiator@1,,[],"(0.47368421052631576, 0.5263157894736842)","[1.0, 1.0]","[0.0, 0.0]","(0.004370114375307104, 0.0034960628013070215)","['SmartAspirationNegotiator', 'SmartAspirationNegotiator']",,RIPUNpTC6aw,0.03225275001022965,"['SmartAspirationNegotiator@0', 'SmartAspirationNegotiator@1']","['SmartAspirationNegotiator@0', 'SmartAspirationNegotiator@1']","['src.negotiators.SmartAspirationNegotiator', 'src.negotiators.SmartAspirationNegotiator']","[0.014577128749806434, 0.014407621580176055]",50,inf,50,inf,0.0,0.0,inf,inf,"{'rep': 1, 'n_repetitions': 2}",S4_A,RIPUNpTC6aw,negmas.sao.mechanism.SAOMechanism,RIPUNpTC6aw,43,0.022899167,,1,2,0.9999999999999999,0.9707602339181286,0.9707602339181286,0.9766081871345029,1.0,0.9707602339181286,0.9766081871345029,negmas.preferences.ops.OutcomeOptimality,0.9707602339181286
307,False,False,True,29,0.039020625,0.5882352941176471,False,False,"(3, 1, 9, 'basic')",,2,False,,,,{},,[],"[3, 1, 9, 'basic']",BoulwareTBNegotiator@0,,2,"[['BoulwareTBNegotiator@0', [3, 1, 9, 'basic']]]",[None],BoulwareTBNegotiator@0,,"[['BoulwareTBNegotiator@0', None]]","(0.9047619047619048, 0.15873015873015878)","[1.0, 1.0]","[0.023809523809523808, 0.0]","(0.0007754352238636291, 0.002193248997500751)","['BoulwareTBNegotiator', 'ConcederTBNegotiator']",,DEpPmndDtB0,0.03928199998335913,"['BoulwareTBNegotiator@0', 'ConcederTBNegotiator@1']","['BoulwareTBNegotiator@0', 'ConcederTBNegotiator@1']","['negmas.gb.negotiators.timebased.BoulwareTBNegotiator', 'negmas.gb.negotiators.timebased.ConcederTBNegotiator']","[0.014896752021741122, 0.022087449789978564]",50,inf,50,inf,0.0,0.0,inf,inf,"{'rep': 0, 'n_repetitions': 2}",S1_B-1,DEpPmndDtB0,negmas.sao.mechanism.SAOMechanism,DEpPmndDtB0,29,0.039020625,,0,2,1.0,0.5935926814596778,0.6156542004475094,0.6156542004475094,0.8558976399584259,0.6156542004475094,0.6156542004475094,negmas.preferences.ops.OutcomeOptimality,0.6156542004475094
308,False,False,True,43,0.030635458,0.8627450980392157,False,False,"(9, 2, 1, 'premium')",,2,False,,,,{},,[],"[9, 2, 1, 'premium']",GeniusBOABaselineNegotiator@1,,2,[],"[None, None]",GeniusBOABaselineNegotiator@1,,[],"(0.578853046594982, 0.5457355882887797)","[0.9999999999999999, 0.9999999999999999]","[0.0, 0.016366612111292964]","(0.0010624744725208587, 0.0007574209704742231)","['BoulwareTBNegotiator', 'GeniusBOABaselineNegotiator']",,zVeM5f8XEx4,0.03088237502379343,"['BoulwareTBNegotiator@0', 'GeniusBOABaselineNegotiator@1']","['BoulwareTBNegotiator@0', 'GeniusBOABaselineNegotiator@1']","['negmas.gb.negotiators.timebased.BoulwareTBNegotiator', 'src.negotiators.GeniusBOABaselineNegotiator']","[0.020329837745521218, 0.007190911972429603]",50,inf,50,inf,0.0,0.0,inf,inf,"{'rep': 0, 'n_repetitions': 2}",S3_E,zVeM5f8XEx4,negmas.sao.mechanism.SAOMechanism,zVeM5f8XEx4,43,0.030635458,,0,2,0.9587829391141542,0.9474842994747478,0.9483384723776958,0.9587829391141542,0.915539679875679,0.9587829391141542,0.9587829391141542,negmas.preferences.ops.OutcomeOptimality,0.9587829391141542
309,False,False,True,43,0.042769917,0.8627450980392157,False,False,"(0, 7, 6, 'standard')",,2,False,,,,{},,[],"[0, 7, 6, 'standard']",BoulwareTBNegotiator@1,,2,[],"[None, None]",BoulwareTBNegotiator@1,,[],"(0.6507936507936508, 0.5511054333210059)","[1.0, 1.0]","[0.0, 0.023809523809523808]","(0.002193248997500751, 0.0007754352238636291)","['BoulwareTBNegotiator', 'BoulwareTBNegotiator']",,bcbcRQBM8Vo,0.04305016697617248,"['BoulwareTBNegotiator@0', 'BoulwareTBNegotiator@1']","['BoulwareTBNegotiator@0', 'BoulwareTBNegotiator@1']","['negmas.gb.negotiators.timebased.BoulwareTBNegotiator', 'negmas.gb.negotiators.timebased.BoulwareTBNegotiator']","[0.019609083770774305, 0.020120452216360718]",50,inf,50,inf,0.0,0.0,inf,inf,"{'rep': 1, 'n_repetitions': 2}",S1_B,bcbcRQBM8Vo,negmas.sao.mechanism.SAOMechanism,bcbcRQBM8Vo,43,0.042769917,,1,2,0.9873708232938224,0.9664393067008068,0.9474535363292,0.9474535363292,0.9672875095880819,0.9474535363292,0.9474535363292,negmas.preferences.ops.OutcomeOptimality,0.9664393067008068
310,False,False,True,37,0.019453042,0.7450980392156863,False,False,"(9, 10, 8, 'standard')",,2,False,,,,{},,[],"[9, 10, 8, 'standard']",SmartAspirationNegotiator@0,,2,"[['SmartAspirationNegotiator@0', [9, 10, 8, 'standard']]]",[None],SmartAspirationNegotiator@0,,"[['SmartAspirationNegotiator@0', None]]","(0.7543859649122808, 0.7573099415204678)","[1.0, 1.0]","[0.09356725146198831, 0.046783625730994156]","(0.0009639366705748589, 0.0007811278057266481)","['SmartAspirationNegotiator', 'SmartAspirationNegotiator']",,FqCZ9kdfZX8,0.03066137502901256,"['SmartAspirationNegotiator@0', 'SmartAspirationNegotiator@1']","['SmartAspirationNegotiator@0', 'SmartAspirationNegotiator@1']","['src.negotiators.SmartAspirationNegotiator', 'src.negotiators.SmartAspirationNegotiator']","[0.014291169762145728, 0.013508544012438506]",50,inf,50,inf,0.0,0.0,inf,inf,"{'rep': 1, 'n_repetitions': 2}",S5_F,FqCZ9kdfZX8,negmas.sao.mechanism.SAOMechanism,FqCZ9kdfZX8,37,0.019453042,,1,2,1.0,0.9807999989329749,0.9807999989329749,1.0,0.9995877842364035,1.0,1.0,negmas.preferences.ops.OutcomeOptimality,1.0
311,False,False,True,26,0.031451375,0.5294117647058824,False,False,"(7, 5, 2, 'standard')",,2,False,,,,{},,[],"[7, 5, 2, 'standard']",LinearTBNegotiator@0,,2,"[['LinearTBNegotiator@0', [7, 5, 2, 'standard']]]",[None],LinearTBNegotiator@0,,"[['LinearTBNegotiator@0', None]]","(0.4970760233918128, 0.5029239766081871)","[1.0, 1.0]","[0.0, 0.0]","(0.004370114375307104, 0.0034960628013070215)","['LinearTBNegotiator', 'LinearTBNegotiator']",,XlIpFx-oMSk,0.03171908302465454,"['LinearTBNegotiator@0', 'LinearTBNegotiator@1']","['LinearTBNegotiator@0', 'LinearTBNegotiator@1']","['negmas.gb.negotiators.timebased.LinearTBNegotiator', 'negmas.gb.negotiators.timebased.LinearTBNegotiator']","[0.015220333938486874, 0.014431868854444474]",50,inf,50,inf,0.0,0.0,inf,inf,"{'rep': 0, 'n_repetitions': 2}",S4_A,XlIpFx-oMSk,negmas.sao.mechanism.SAOMechanism,XlIpFx-oMSk,26,0.031451375,,0,2,0.9999999999999999,0.9941520467836257,0.9941520467836257,0.9999999999999999,0.9999999999999999,0.9941520467836257,0.9999999999999999,negmas.preferences.ops.OutcomeOptimality,0.9941520467836257
312,False,False,True,37,0.018007625,0.7450980392156863,False,False,"(9, 10, 7, 'standard')",,2,False,,,,{},,[],"[9, 10, 7, 'standard']",SmartAspirationNegotiator@0,,2,"[['SmartAspirationNegotiator@0', [9, 10, 7, 'standard']]]",[None],SmartAspirationNegotiator@0,,"[['SmartAspirationNegotiator@0', None]]","(0.7397660818713451, 0.7725532264198727)","[1.0, 1.0]","[0.046783625730994156, 0.09356725146198831]","(0.0007442816259952948, 0.0008771261662935939)","['SmartAspirationNegotiator', 'GeniusBOABaselineNegotiator']",,jfCVkcQhXcU,0.023548082972411066,"['SmartAspirationNegotiator@0', 'GeniusBOABaselineNegotiator@1']","['SmartAspirationNegotiator@0', 'GeniusBOABaselineNegotiator@1']","['src.negotiators.SmartAspirationNegotiator', 'src.negotiators.GeniusBOABaselineNegotiator']","[0.013649171974975616, 0.0069819598575122654]",50,inf,50,inf,0.0,0.0,inf,inf,"{'rep': 0, 'n_repetitions': 2}",S0_F-1,jfCVkcQhXcU,negmas.sao.mechanism.SAOMechanism,jfCVkcQhXcU,37,0.018007625,,0,2,1.0,1.0,1.0,0.9807999989329749,1.0,0.9807999989329749,0.9807999989329749,negmas.preferences.ops.OutcomeOptimality,1.0
313,False,False,True,25,0.027817833,0.5098039215686274,False,False,"(0, 10, 1, 'premium')",,2,False,,,,{},,[],"[0, 10, 1, 'premium']",GeniusBOABaselineNegotiator@1,,2,[],"[None, None]",GeniusBOABaselineNegotiator@1,,[],"(0.19047619047619047, 0.9682539682539681)","[1.0, 1.0]","[0.023809523809523808, 0.0]","(0.0007754352238636291, 0.002193248997500751)","['ConcederTBNegotiator', 'GeniusBOABaselineNegotiator']",,EP0TUbH1aTI,0.02803887502523139,"['ConcederTBNegotiator@0', 'GeniusBOABaselineNegotiator@1']","['ConcederTBNegotiator@0', 'GeniusBOABaselineNegotiator@1']","['negmas.gb.negotiators.timebased.ConcederTBNegotiator', 'src.negotiators.GeniusBOABaselineNegotiator']","[0.020128453441429883, 0.0058585769147612154]",50,inf,50,inf,0.0,0.0,inf,inf,"{'rep': 1, 'n_repetitions': 2}",S1_B-1,EP0TUbH1aTI,negmas.sao.mechanism.SAOMechanism,EP0TUbH1aTI,25,0.027817833,,1,2,1.0,0.6247884002894775,0.6039172983238965,0.6039172983238965,0.9325451898054491,0.6039172983238965,0.6039172983238965,negmas.preferences.ops.OutcomeOptimality,0.6247884002894775
314,False,False,True,39,0.030974375,0.7843137254901961,False,False,"(3, 2, 1, 'standard')",,2,False,,,,{},,[],"[3, 2, 1, 'standard']",LinearTBNegotiator@1,,2,[],"[None, None]",LinearTBNegotiator@1,,[],"(0.6756272401433692, 0.2675031823967994)","[0.9999999999999999, 0.9999999999999999]","[0.0, 0.016366612111292964]","(0.0012950634439420957, 0.0006426653306037134)","['GeniusBOABaselineNegotiator', 'LinearTBNegotiator']",,mGjYV71-Gjk,0.031218874966725707,"['GeniusBOABaselineNegotiator@0', 'LinearTBNegotiator@1']","['GeniusBOABaselineNegotiator@0', 'LinearTBNegotiator@1']","['src.negotiators.GeniusBOABaselineNegotiator', 'negmas.gb.negotiators.timebased.LinearTBNegotiator']","[0.007020793913397938, 0.02118937118211761]",50,inf,50,inf,0.0,0.0,inf,inf,"{'rep': 1, 'n_repetitions': 2}",S2_E,mGjYV71-Gjk,negmas.sao.mechanism.SAOMechanism,mGjYV71-Gjk,39,0.030974375,,1,2,0.902907436915248,0.7678606227682558,0.7437685636192172,0.7594704993015259,0.7678126012919283,0.7594704993015259,0.7594704993015259,negmas.preferences.ops.OutcomeOptimality,0.7678606227682558
315,False,False,True,28,0.037094875,0.5686274509803921,False,False,"(0, 3, 0, 'premium')",,2,False,,,,{},,[],"[0, 3, 0, 'premium']",BoulwareTBNegotiator@1,,2,[],"[None, None]",BoulwareTBNegotiator@1,,[],"(0.15384615384615385, 0.9232683981793433)","[0.9999999999999999, 0.9999999999999999]","[0.016366612111292964, 0.0]","(0.0006426653306037134, 0.0012950634439420957)","['ConcederTBNegotiator', 'BoulwareTBNegotiator']",,n1-VM1PFF9c,0.037345250020734966,"['ConcederTBNegotiator@0', 'BoulwareTBNegotiator@1']","['ConcederTBNegotiator@0', 'BoulwareTBNegotiator@1']","['negmas.gb.negotiators.timebased.ConcederTBNegotiator', 'negmas.gb.negotiators.timebased.BoulwareTBNegotiator']","[0.020380879112053663, 0.014774249750189483]",50,inf,50,inf,0.0,0.0,inf,inf,"{'rep': 0, 'n_repetitions': 2}",S2_E-1,n1-VM1PFF9c,negmas.sao.mechanism.SAOMechanism,n1-VM1PFF9c,28,0.037094875,,0,2,1.0,0.6276054466489961,0.5939791687865419,0.6107442472375311,0.8768905193967101,0.6107442472375311,0.6107442472375311,negmas.preferences.ops.OutcomeOptimality,0.6276054466489961
316,False,False,True,32,0.027187708,0.6470588235294118,False,False,"(9, 10, 9, 'basic')",,2,False,,,,{},,[],"[9, 10, 9, 'basic']",GeniusBOABaselineNegotiator@1,,2,[],"[None, None]",GeniusBOABaselineNegotiator@1,,[],"(0.5935672514619883, 0.868421052631579)","[1.0, 1.0]","[0.09356725146198831, 0.046783625730994156]","(0.0008771261662935939, 0.0007442816259952948)","['LinearTBNegotiator', 'GeniusBOABaselineNegotiator']",,4HBh6cycn0Y,0.027411374961957335,"['LinearTBNegotiator@0', 'GeniusBOABaselineNegotiator@1']","['LinearTBNegotiator@0', 'GeniusBOABaselineNegotiator@1']","['negmas.gb.negotiators.timebased.LinearTBNegotiator', 'src.negotiators.GeniusBOABaselineNegotiator']","[0.01780762168345973, 0.007035537273623049]",50,inf,50,inf,0.0,0.0,inf,inf,"{'rep': 1, 'n_repetitions': 2}",S0_F,4HBh6cycn0Y,negmas.sao.mechanism.SAOMechanism,4HBh6cycn0Y,32,0.027187708,,1,2,1.0,0.8324241332371594,0.8324241332371594,0.8513976513554027,0.9667193271145101,0.8513976513554027,0.8513976513554027,negmas.preferences.ops.OutcomeOptimality,0.8513976513554027
317,False,False,True,30,0.031025542,0.6078431372549019,False,False,"(9, 3, 9, 'standard')",,2,False,,,,{},,[],"[9, 3, 9, 'standard']",GeniusBOABaselineNegotiator@1,,2,[],"[None, None]",GeniusBOABaselineNegotiator@1,,[],"(0.1490748497922465, 0.8952536824877251)","[0.9999999999999999, 0.9999999999999999]","[0.0, 0.016366612111292964]","(0.0010624744725208587, 0.0007574209704742231)","['ConcederTBNegotiator', 'GeniusBOABaselineNegotiator']",,JzVJE413p9U,0.03130191704258323,"['ConcederTBNegotiator@0', 'GeniusBOABaselineNegotiator@1']","['ConcederTBNegotiator@0', 'GeniusBOABaselineNegotiator@1']","['negmas.gb.negotiators.timebased.ConcederTBNegotiator', 'src.negotiators.GeniusBOABaselineNegotiator']","[0.021964250248856843, 0.006955626595299691]",50,inf,50,inf,0.0,0.0,inf,inf,"{'rep': 0, 'n_repetitions': 2}",S3_E,JzVJE413p9U,negmas.sao.mechanism.SAOMechanism,JzVJE413p9U,30,0.031025542,,0,2,1.0,0.5899418999499724,0.627175323667607,0.6118375432198896,0.8501990687710164,0.6118375432198896,0.6118375432198896,negmas.preferences.ops.OutcomeOptimality,0.627175323667607
318,False,False,True,27,0.035907083,0.5490196078431373,False,False,"(4, 10, 0, 'standard')",,2,False,,,,{},,[],"[4, 10, 0, 'standard']",BoulwareTBNegotiator@0,,2,"[['BoulwareTBNegotiator@0', [4, 10, 0, 'standard']]]",[None],BoulwareTBNegotiator@0,,"[['BoulwareTBNegotiator@0', None]]","(0.9298245614035088, 0.21572449642625083)","[1.0, 1.0]","[0.09356725146198831, 0.046783625730994156]","(0.0008771261662935939, 0.0007442816259952948)","['BoulwareTBNegotiator', 'ConcederTBNegotiator']",,G5YmViG88f8,0.03615262499079108,"['BoulwareTBNegotiator@0', 'ConcederTBNegotiator@1']","['BoulwareTBNegotiator@0', 'ConcederTBNegotiator@1']","['negmas.gb.negotiators.timebased.BoulwareTBNegotiator', 'negmas.gb.negotiators.timebased.ConcederTBNegotiator']","[0.014786502695642412, 0.019172865024302155]",50,inf,50,inf,0.0,0.0,inf,inf,"{'rep': 0, 'n_repetitions': 2}",S0_F,G5YmViG88f8,negmas.sao.mechanism.SAOMechanism,G5YmViG88f8,27,0.035907083,,0,2,0.9878762575568232,0.5840520094147557,0.5840520094147557,0.5672054735427323,0.7574782994235028,0.5672054735427323,0.5672054735427323,negmas.preferences.ops.OutcomeOptimality,0.5840520094147557
319,False,False,True,30,0.031187416,0.6078431372549019,False,False,"(1, 6, 0, 'standard')",,2,False,,,,{},,[],"[1, 6, 0, 'standard']",SmartAspirationNegotiator@0,,2,"[['SmartAspirationNegotiator@0', [1, 6, 0, 'standard']]]",[None],SmartAspirationNegotiator@0,,"[['SmartAspirationNegotiator@0', None]]","(0.8904549021370864, 0.1485724677214039)","[0.9999999999999999, 0.9999999999999999]","[0.0, 0.016366612111292964]","(0.0012950634439420957, 0.0006426653306037134)","['SmartAspirationNegotiator', 'ConcederTBNegotiator']",,C3RLyybQcoc,0.036746166995726526,"['SmartAspirationNegotiator@0', 'ConcederTBNegotiator@1']","['SmartAspirationNegotiator@0', 'ConcederTBNegotiator@1']","['src.negotiators.SmartAspirationNegotiator', 'negmas.gb.negotiators.timebased.ConcederTBNegotiator']","[0.012921297864522785, 0.021432363661006093]",50,inf,50,inf,0.0,0.0,inf,inf,"{'rep': 1, 'n_repetitions': 2}",S2_E,C3RLyybQcoc,negmas.sao.mechanism.SAOMechanism,C3RLyybQcoc,30,0.031187416,,1,2,0.9800410753248283,0.6366318463672536,0.6039651735915272,0.6207403505252886,0.8458833355368517,0.6207403505252886,0.6207403505252886,negmas.preferences.ops.OutcomeOptimality,0.6366318463672536
320,False,False,True,42,0.030908666,0.8431372549019608,False,False,"(7, 9, 4, 'basic')",,2,False,,,,{},,[],"[7, 9, 4, 'basic']",BoulwareTBNegotiator@1,,2,[],"[None, None]",BoulwareTBNegotiator@1,,[],"(0.584795321637427, 0.6217898560631812)","[1.0, 1.0]","[0.046783625730994156, 0.09356725146198831]","(0.0007811278057266481, 0.0009639366705748589)","['GeniusBOABaselineNegotiator', 'BoulwareTBNegotiator']",,WIrHJd9KbjY,0.03117462497903034,"['GeniusBOABaselineNegotiator@0', 'BoulwareTBNegotiator@1']","['GeniusBOABaselineNegotiator@0', 'BoulwareTBNegotiator@1']","['src.negotiators.GeniusBOABaselineNegotiator', 'negmas.gb.negotiators.timebased.BoulwareTBNegotiator']","[0.007560840051155537, 0.020262085017748177]",50,inf,50,inf,0.0,0.0,inf,inf,"{'rep': 1, 'n_repetitions': 2}",S5_F-1,WIrHJd9KbjY,negmas.sao.mechanism.SAOMechanism,WIrHJd9KbjY,42,0.030908666,,1,2,0.8418817572733157,0.8356322357077108,0.8356322357077108,0.834585113574342,0.7978375803876622,0.834585113574342,0.834585113574342,negmas.preferences.ops.OutcomeOptimality,0.8356322357077108
321,False,False,True,33,0.027552834,0.6666666666666666,False,False,"(0, 10, 3, 'standard')",,2,False,,,,{},,[],"[0, 10, 3, 'standard']",GeniusBOABaselineNegotiator@0,,2,"[['GeniusBOABaselineNegotiator@0', [0, 10, 3, 'standard']]]",[None],GeniusBOABaselineNegotiator@0,,"[['GeniusBOABaselineNegotiator@0', None]]","(0.8253968253968255, 0.3839132298329081)","[1.0, 1.0]","[0.0, 0.023809523809523808]","(0.002193248997500751, 0.0007754352238636291)","['GeniusBOABaselineNegotiator', 'LinearTBNegotiator']",,r53kPJabmFs,0.02781383303226903,"['GeniusBOABaselineNegotiator@0', 'LinearTBNegotiator@1']","['GeniusBOABaselineNegotiator@0', 'LinearTBNegotiator@1']","['src.negotiators.GeniusBOABaselineNegotiator', 'negmas.gb.negotiators.timebased.LinearTBNegotiator']","[0.006100871542003006, 0.019139410345815122]",50,inf,50,inf,0.0,0.0,inf,inf,"{'rep': 0, 'n_repetitions': 2}",S1_B,r53kPJabmFs,negmas.sao.mechanism.SAOMechanism,r53kPJabmFs,33,0.027552834,,0,2,0.9855095709579489,0.7964202352116565,0.7752162495989036,0.7752162495989036,0.9732518537566377,0.7752162495989036,0.7752162495989036,negmas.preferences.ops.OutcomeOptimality,0.7964202352116565
322,False,False,True,32,0.032183709,0.6470588235294118,False,False,"(9, 2, 6, 'basic')",,2,False,,,,{},,[],"[9, 2, 6, 'basic']",SmartAspirationNegotiator@1,,2,[],"[None, None]",SmartAspirationNegotiator@1,,[],"(0.11695906432748539, 0.8830409356725146)","[1.0, 1.0]","[0.0, 0.0]","(0.004370114375307104, 0.0034960628013070215)","['ConcederTBNegotiator', 'SmartAspirationNegotiator']",,2AQu_Rj4UrI,0.0370897920220159,"['ConcederTBNegotiator@0', 'SmartAspirationNegotiator@1']","['ConcederTBNegotiator@0', 'SmartAspirationNegotiator@1']","['negmas.gb.negotiators.timebased.ConcederTBNegotiator', 'src.negotiators.SmartAspirationNegotiator']","[0.023258878209162503, 0.011307414679322392]",50,inf,50,inf,0.0,0.0,inf,inf,"{'rep': 1, 'n_repetitions': 2}",S4_A,2AQu_Rj4UrI,negmas.sao.mechanism.SAOMechanism,2AQu_Rj4UrI,32,0.032183709,,1,2,1.0,0.6140350877192982,0.6140350877192982,0.6198830409356726,1.0,0.6140350877192982,0.6198830409356726,negmas.preferences.ops.OutcomeOptimality,0.6140350877192982
323,False,False,True,32,0.027971792,0.6470588235294118,False,False,"(9, 9, 9, 'basic')",,2,False,,,,{},,[],"[9, 9, 9, 'basic']",SmartAspirationNegotiator@1,,2,[],"[None, None]",SmartAspirationNegotiator@1,,[],"(0.48862897985705, 0.8700454840805718)","[1.0, 1.0]","[0.09356725146198831, 0.046783625730994156]","(0.0009639366705748589, 0.0007811278057266481)","['LinearTBNegotiator', 'SmartAspirationNegotiator']",,Gb0UKJhBR_Q,0.03361679200315848,"['LinearTBNegotiator@0', 'SmartAspirationNegotiator@1']","['LinearTBNegotiator@0', 'SmartAspirationNegotiator@1']","['negmas.gb.negotiators.timebased.LinearTBNegotiator', 'src.negotiators.SmartAspirationNegotiator']","[0.01807787618599832, 0.013012039882596582]",50,inf,50,inf,0.0,0.0,inf,inf,"{'rep': 1, 'n_repetitions': 2}",S5_F,Gb0UKJhBR_Q,negmas.sao.mechanism.SAOMechanism,Gb0UKJhBR_Q,32,0.027971792,,1,2,1.0,0.7625130806021299,0.7625130806021299,0.7805360810361862,0.8984044946650847,0.7805360810361862,0.7805360810361862,negmas.preferences.ops.OutcomeOptimality,0.7805360810361862
324,False,False,True,39,0.033358042,0.7843137254901961,False,False,"(8, 6, 9, 'premium')",,2,False,,,,{},,[],"[8, 6, 9, 'premium']",SmartAspirationNegotiator@1,,2,[],"[None, None]",SmartAspirationNegotiator@1,,[],"(0.2614226440725705, 0.7099472631387526)","[0.9999999999999999, 0.9999999999999999]","[0.0, 0.016366612111292964]","(0.0012950634439420957, 0.0006426653306037134)","['LinearTBNegotiator', 'SmartAspirationNegotiator']",,mFU26UVx3bY,0.0391997080296278,"['LinearTBNegotiator@0', 'SmartAspirationNegotiator@1']","['LinearTBNegotiator@0', 'SmartAspirationNegotiator@1']","['negmas.gb.negotiators.timebased.LinearTBNegotiator', 'src.negotiators.SmartAspirationNegotiator']","[0.021987249259836972, 0.01413057220634073]",50,inf,50,inf,0.0,0.0,inf,inf,"{'rep': 0, 'n_repetitions': 2}",S2_E,mFU26UVx3bY,negmas.sao.mechanism.SAOMechanism,mFU26UVx3bY,39,0.033358042,,0,2,0.9908502915717833,0.7190358578484184,0.7552784600187009,0.7423561147168696,0.7908026689075016,0.7423561147168696,0.7423561147168696,negmas.preferences.ops.OutcomeOptimality,0.7552784600187009
325,False,False,True,2,0.01130075,0.058823529411764705,False,False,"(2, 5, 8, 'premium')",,2,False,,,,{},,[],"[2, 5, 8, 'premium']",ConcederTBNegotiator@0,,2,"[['ConcederTBNegotiator@0', [2, 5, 8, 'premium']]]",[None],ConcederTBNegotiator@0,,"[['ConcederTBNegotiator@0', None]]","(0.5608465608465608, 0.6063251557116666)","[1.0, 1.0]","[0.0, 0.023809523809523808]","(0.002193248997500751, 0.0007754352238636291)","['ConcederTBNegotiator', 'ConcederTBNegotiator']",,cRw3XPSVo7o,0.011518542014528066,"['ConcederTBNegotiator@0', 'ConcederTBNegotiator@1']","['ConcederTBNegotiator@0', 'ConcederTBNegotiator@1']","['negmas.gb.negotiators.timebased.ConcederTBNegotiator', 'negmas.gb.negotiators.timebased.ConcederTBNegotiator']","[0.005778541148174554, 0.005574125854764134]",50,inf,50,inf,0.0,0.0,inf,inf,"{'rep': 0, 'n_repetitions': 2}",S1_B,cRw3XPSVo7o,negmas.sao.mechanism.SAOMechanism,cRw3XPSVo7o,2,0.01130075,,0,2,0.9829625189076004,0.9464040587102458,0.9657533700827802,0.9657533700827802,0.9393389494117901,0.9657533700827802,0.9657533700827802,negmas.preferences.ops.OutcomeOptimality,0.9657533700827802
326,False,False,True,36,0.039606083,0.7254901960784313,False,False,"(7, 10, 1, 'premium')",,2,False,,,,{},,[],"[7, 10, 1, 'premium']",BoulwareTBNegotiator@1,,2,[],"[None, None]",BoulwareTBNegotiator@1,,[],"(0.3667966211825861, 0.7994924177520258)","[1.0, 1.0]","[0.046783625730994156, 0.09356725146198831]","(0.0007442816259952948, 0.0008771261662935939)","['LinearTBNegotiator', 'BoulwareTBNegotiator']",,Xg-LzfRG0FQ,0.039855915994849056,"['LinearTBNegotiator@0', 'BoulwareTBNegotiator@1']","['LinearTBNegotiator@0', 'BoulwareTBNegotiator@1']","['negmas.gb.negotiators.timebased.LinearTBNegotiator', 'negmas.gb.negotiators.timebased.BoulwareTBNegotiator']","[0.01950850273715332, 0.0175087409443222]",50,inf,50,inf,0.0,0.0,inf,inf,"{'rep': 0, 'n_repetitions': 2}",S0_F-1,Xg-LzfRG0FQ,negmas.sao.mechanism.SAOMechanism,Xg-LzfRG0FQ,36,0.039606083,,0,2,0.9391382745772429,0.7157177189149243,0.7157177189149243,0.701145103828247,0.7711923219788893,0.701145103828247,0.701145103828247,negmas.preferences.ops.OutcomeOptimality,0.7157177189149243
327,False,False,True,26,0.028319458,0.5294117647058824,False,False,"(0, 10, 2, 'premium')",,2,False,,,,{},,[],"[0, 10, 2, 'premium']",SmartAspirationNegotiator@0,,2,"[['SmartAspirationNegotiator@0', [0, 10, 2, 'premium']]]",[None],SmartAspirationNegotiator@0,,"[['SmartAspirationNegotiator@0', None]]","(0.9365079365079365, 0.2595117842050396)","[1.0, 1.0]","[0.0, 0.023809523809523808]","(0.002193248997500751, 0.0007754352238636291)","['SmartAspirationNegotiator', 'ConcederTBNegotiator']",,83MOWqueJ48,0.033107624971307814,"['SmartAspirationNegotiator@0', 'ConcederTBNegotiator@1']","['SmartAspirationNegotiator@0', 'ConcederTBNegotiator@1']","['src.negotiators.SmartAspirationNegotiator', 'negmas.gb.negotiators.timebased.ConcederTBNegotiator']","[0.011160919966641814, 0.019882283406332135]",50,inf,50,inf,0.0,0.0,inf,inf,"{'rep': 1, 'n_repetitions': 2}",S1_B,83MOWqueJ48,negmas.sao.mechanism.SAOMechanism,83MOWqueJ48,26,0.028319458,,1,2,1.0,0.67706503438979,0.6559033950247126,0.6559033950247126,0.9625558021943916,0.6559033950247126,0.6559033950247126,negmas.preferences.ops.OutcomeOptimality,0.67706503438979
328,False,False,True,27,0.032977167,0.5490196078431373,False,False,"(8, 7, 5, 'standard')",,2,False,,,,{},,[],"[8, 7, 5, 'standard']",LinearTBNegotiator@1,,2,[],"[None, None]",LinearTBNegotiator@1,,[],"(0.6143599740090968, 0.5380116959064328)","[1.0, 1.0]","[0.046783625730994156, 0.09356725146198831]","(0.0007442816259952948, 0.0008771261662935939)","['LinearTBNegotiator', 'LinearTBNegotiator']",,iabROIS2kaE,0.03318616602336988,"['LinearTBNegotiator@0', 'LinearTBNegotiator@1']","['LinearTBNegotiator@0', 'LinearTBNegotiator@1']","['negmas.gb.negotiators.timebased.LinearTBNegotiator', 'negmas.gb.negotiators.timebased.LinearTBNegotiator']","[0.015514713479205966, 0.015558118175249547]",50,inf,50,inf,0.0,0.0,inf,inf,"{'rep': 0, 'n_repetitions': 2}",S0_F-1,iabROIS2kaE,negmas.sao.mechanism.SAOMechanism,iabROIS2kaE,27,0.032977167,,0,2,0.8278591037218082,0.7978060555542934,0.7978060555542934,0.8028481415680127,0.7619896562833707,0.8028481415680127,0.8028481415680127,negmas.preferences.ops.OutcomeOptimality,0.8028481415680127
329,False,False,True,36,0.030366958,0.7254901960784313,False,False,"(9, 4, 9, 'premium')",,2,False,,,,{},,[],"[9, 4, 9, 'premium']",SmartAspirationNegotiator@0,,2,"[['SmartAspirationNegotiator@0', [9, 4, 9, 'premium']]]",[None],SmartAspirationNegotiator@0,,"[['SmartAspirationNegotiator@0', None]]","(0.761904761904762, 0.31746031746031744)","[1.0, 1.0]","[0.023809523809523808, 0.0]","(0.0007754352238636291, 0.002193248997500751)","['SmartAspirationNegotiator', 'LinearTBNegotiator']",,ayUpD2cDtf8,0.035401124972850084,"['SmartAspirationNegotiator@0', 'LinearTBNegotiator@1']","['SmartAspirationNegotiator@0', 'LinearTBNegotiator@1']","['src.negotiators.SmartAspirationNegotiator', 'negmas.gb.negotiators.timebased.LinearTBNegotiator']","[0.012802212731912732, 0.019772875064518303]",50,inf,50,inf,0.0,0.0,inf,inf,"{'rep': 0, 'n_repetitions': 2}",S1_B-1,ayUpD2cDtf8,negmas.sao.mechanism.SAOMechanism,ayUpD2cDtf8,36,0.030366958,,0,2,0.9747435113226108,0.743430141592613,0.7654675607333643,0.7654675607333643,0.8686722315995966,0.7654675607333643,0.7654675607333643,negmas.preferences.ops.OutcomeOptimality,0.7654675607333643
330,False,False,True,41,0.032270416,0.8235294117647058,False,False,"(9, 4, 0, 'basic')",,2,False,,,,{},,[],"[9, 4, 0, 'basic']",SmartAspirationNegotiator@0,,2,"[['SmartAspirationNegotiator@0', [9, 4, 0, 'basic']]]",[None],SmartAspirationNegotiator@0,,"[['SmartAspirationNegotiator@0', None]]","(0.5918734261726876, 0.6170212765957446)","[0.9999999999999999, 0.9999999999999999]","[0.0, 0.016366612111292964]","(0.0010624744725208587, 0.0007574209704742231)","['SmartAspirationNegotiator', 'BoulwareTBNegotiator']",,Als1sGF0qCg,0.037775416974909604,"['SmartAspirationNegotiator@0', 'BoulwareTBNegotiator@1']","['SmartAspirationNegotiator@0', 'BoulwareTBNegotiator@1']","['src.negotiators.SmartAspirationNegotiator', 'negmas.gb.negotiators.timebased.BoulwareTBNegotiator']","[0.01545154897030443, 0.0191056618350558]",50,inf,50,inf,0.0,0.0,inf,inf,"{'rep': 0, 'n_repetitions': 2}",S3_E,Als1sGF0qCg,negmas.sao.mechanism.SAOMechanism,Als1sGF0qCg,41,0.032270416,,0,2,1.0,0.962744468605478,1.0,0.9832225744061249,0.9841741547480721,0.9832225744061249,0.9832225744061249,negmas.preferences.ops.OutcomeOptimality,1.0
331,False,False,True,43,0.019466875,0.8627450980392157,False,False,"(2, 5, 7, 'standard')",,2,False,,,,{},,[],"[2, 5, 7, 'standard']",GeniusBOABaselineNegotiator@0,,2,"[['GeniusBOABaselineNegotiator@0', [2, 5, 7, 'standard']]]",[None],GeniusBOABaselineNegotiator@0,,"[['GeniusBOABaselineNegotiator@0', None]]","(0.4970760233918128, 0.5029239766081871)","[1.0, 1.0]","[0.0, 0.0]","(0.004370114375307104, 0.0034960628013070215)","['GeniusBOABaselineNegotiator', 'SmartAspirationNegotiator']",,St9XSzNyN40,0.0241651670075953,"['GeniusBOABaselineNegotiator@0', 'SmartAspirationNegotiator@1']","['GeniusBOABaselineNegotiator@0', 'SmartAspirationNegotiator@1']","['src.negotiators.GeniusBOABaselineNegotiator', 'src.negotiators.SmartAspirationNegotiator']","[0.006462542980443686, 0.014401580090634525]",50,inf,50,inf,0.0,0.0,inf,inf,"{'rep': 1, 'n_repetitions': 2}",S4_A,St9XSzNyN40,negmas.sao.mechanism.SAOMechanism,St9XSzNyN40,43,0.019466875,,1,2,0.9999999999999999,0.9941520467836257,0.9941520467836257,0.9999999999999999,0.9999999999999999,0.9941520467836257,0.9999999999999999,negmas.preferences.ops.OutcomeOptimality,0.9941520467836257
332,False,False,True,38,0.04029225,0.7647058823529411,False,False,"(9, 2, 8, 'premium')",,2,False,,,,{},,[],"[9, 2, 8, 'premium']",BoulwareTBNegotiator@1,,2,[],"[None, None]",BoulwareTBNegotiator@1,,[],"(0.26900584795321636, 0.7309941520467835)","[1.0, 1.0]","[0.0, 0.0]","(0.004370114375307104, 0.0034960628013070215)","['LinearTBNegotiator', 'BoulwareTBNegotiator']",,CH5yrd7u3D0,0.04055795801104978,"['LinearTBNegotiator@0', 'BoulwareTBNegotiator@1']","['LinearTBNegotiator@0', 'BoulwareTBNegotiator@1']","['negmas.gb.negotiators.timebased.LinearTBNegotiator', 'negmas.gb.negotiators.timebased.BoulwareTBNegotiator']","[0.020816249889321625, 0.01679695025086403]",50,inf,50,inf,0.0,0.0,inf,inf,"{'rep': 1, 'n_repetitions': 2}",S4_A,CH5yrd7u3D0,negmas.sao.mechanism.SAOMechanism,CH5yrd7u3D0,38,0.04029225,,1,2,1.0,0.7660818713450293,0.7660818713450293,0.7719298245614036,0.9999999999999999,0.7660818713450293,0.7719298245614036,negmas.preferences.ops.OutcomeOptimality,0.7660818713450293
333,False,False,True,38,0.030081458,0.7647058823529411,False,False,"(8, 1, 8, 'premium')",,2,False,,,,{},,[],"[8, 1, 8, 'premium']",GeniusBOABaselineNegotiator@1,,2,[],"[None, None]",GeniusBOABaselineNegotiator@1,,[],"(0.26900584795321636, 0.7309941520467835)","[1.0, 1.0]","[0.0, 0.0]","(0.004370114375307104, 0.0034960628013070215)","['LinearTBNegotiator', 'GeniusBOABaselineNegotiator']",,nbA9MkvwW20,0.030319249955937266,"['LinearTBNegotiator@0', 'GeniusBOABaselineNegotiator@1']","['LinearTBNegotiator@0', 'GeniusBOABaselineNegotiator@1']","['negmas.gb.negotiators.timebased.LinearTBNegotiator', 'src.negotiators.GeniusBOABaselineNegotiator']","[0.021225621923804283, 0.006170529872179031]",50,inf,50,inf,0.0,0.0,inf,inf,"{'rep': 1, 'n_repetitions': 2}",S4_A,nbA9MkvwW20,negmas.sao.mechanism.SAOMechanism,nbA9MkvwW20,38,0.030081458,,1,2,1.0,0.7660818713450293,0.7660818713450293,0.7719298245614036,0.9999999999999999,0.7660818713450293,0.7719298245614036,negmas.preferences.ops.OutcomeOptimality,0.7660818713450293
334,False,False,True,3,0.013562625,0.0784313725490196,False,False,"(8, 9, 8, 'premium')",,2,False,,,,{},,[],"[8, 9, 8, 'premium']",ConcederTBNegotiator@1,,2,[],"[None, None]",ConcederTBNegotiator@1,,[],"(0.5838206627680312, 0.5968161143599741)","[1.0, 1.0]","[0.046783625730994156, 0.09356725146198831]","(0.0007442816259952948, 0.0008771261662935939)","['ConcederTBNegotiator', 'ConcederTBNegotiator']",,mbLTVTZLDvY,0.013773542013950646,"['ConcederTBNegotiator@0', 'ConcederTBNegotiator@1']","['ConcederTBNegotiator@0', 'ConcederTBNegotiator@1']","['negmas.gb.negotiators.timebased.ConcederTBNegotiator', 'negmas.gb.negotiators.timebased.ConcederTBNegotiator']","[0.006762585951946676, 0.006767082028090954]",50,inf,50,inf,0.0,0.0,inf,inf,"{'rep': 0, 'n_repetitions': 2}",S0_F-1,mbLTVTZLDvY,negmas.sao.mechanism.SAOMechanism,mbLTVTZLDvY,3,0.013562625,,0,2,0.8338690225980921,0.8213816800521802,0.8213816800521802,0.8218283087855961,0.7806795632742511,0.8218283087855961,0.8218283087855961,negmas.preferences.ops.OutcomeOptimality,0.8218283087855961
335,False,False,True,7,0.016876708,0.1568627450980392,False,False,"(9, 9, 9, 'basic')",,2,False,,,,{},,[],"[9, 9, 9, 'basic']",LinearTBNegotiator@0,,2,"[['LinearTBNegotiator@0', [9, 9, 9, 'basic']]]",[None],LinearTBNegotiator@0,,"[['LinearTBNegotiator@0', None]]","(0.8700454840805718, 0.48862897985705)","[1.0, 1.0]","[0.046783625730994156, 0.09356725146198831]","(0.0007811278057266481, 0.0009639366705748589)","['LinearTBNegotiator', 'ConcederTBNegotiator']",,s67dbxX5NM8,0.017079542041756213,"['LinearTBNegotiator@0', 'ConcederTBNegotiator@1']","['LinearTBNegotiator@0', 'ConcederTBNegotiator@1']","['negmas.gb.negotiators.timebased.LinearTBNegotiator', 'negmas.gb.negotiators.timebased.ConcederTBNegotiator']","[0.008096249192021787, 0.008428249857388437]",50,inf,50,inf,0.0,0.0,inf,inf,"{'rep': 1, 'n_repetitions': 2}",S5_F-1,s67dbxX5NM8,negmas.sao.mechanism.SAOMechanism,s67dbxX5NM8,7,0.016876708,,1,2,1.0,0.7625130806021299,0.7625130806021299,0.7805360810361862,0.8984044946650847,0.7805360810361862,0.7805360810361862,negmas.preferences.ops.OutcomeOptimality,0.7805360810361862
336,False,False,True,31,0.040583,0.6274509803921569,False,False,"(9, 1, 8, 'standard')",,2,False,,,,{},,[],"[9, 1, 8, 'standard']",BoulwareTBNegotiator@1,,2,[],"[None, None]",BoulwareTBNegotiator@1,,[],"(0.25438596491228077, 0.8888888888888888)","[1.0, 1.0]","[0.09356725146198831, 0.046783625730994156]","(0.0008771261662935939, 0.0007442816259952948)","['ConcederTBNegotiator', 'BoulwareTBNegotiator']",,PVAk7gkSpoo,0.04081354197114706,"['ConcederTBNegotiator@0', 'BoulwareTBNegotiator@1']","['ConcederTBNegotiator@0', 'BoulwareTBNegotiator@1']","['negmas.gb.negotiators.timebased.ConcederTBNegotiator', 'negmas.gb.negotiators.timebased.BoulwareTBNegotiator']","[0.022506755776703358, 0.01587233494501561]",50,inf,50,inf,0.0,0.0,inf,inf,"{'rep': 0, 'n_repetitions': 2}",S0_F,PVAk7gkSpoo,negmas.sao.mechanism.SAOMechanism,PVAk7gkSpoo,31,0.040583,,0,2,1.0,0.590083685965619,0.590083685965619,0.6069419837946906,0.755974513803547,0.6069419837946906,0.6069419837946906,negmas.preferences.ops.OutcomeOptimality,0.6069419837946906
337,False,False,True,43,0.033871583,0.8627450980392157,False,False,"(9, 2, 0, 'premium')",,2,False,,,,{},,[],"[9, 2, 0, 'premium']",SmartAspirationNegotiator@1,,2,[],"[None, None]",SmartAspirationNegotiator@1,,[],"(0.6854838709677419, 0.541734860883797)","[0.9999999999999999, 0.9999999999999999]","[0.0, 0.016366612111292964]","(0.0010624744725208587, 0.0007574209704742231)","['BoulwareTBNegotiator', 'SmartAspirationNegotiator']",,xqHY1Y5HWDM,0.03993929200805724,"['BoulwareTBNegotiator@0', 'SmartAspirationNegotiator@1']","['BoulwareTBNegotiator@0', 'SmartAspirationNegotiator@1']","['negmas.gb.negotiators.timebased.BoulwareTBNegotiator', 'src.negotiators.SmartAspirationNegotiator']","[0.021018752420786768, 0.015516989980824292]",50,inf,50,inf,0.0,0.0,inf,inf,"{'rep': 0, 'n_repetitions': 2}",S3_E,xqHY1Y5HWDM,negmas.sao.mechanism.SAOMechanism,xqHY1Y5HWDM,43,0.033871583,,0,2,1.0,0.9508547189471204,0.9143580762567265,0.9301480822807243,0.9990919435291352,0.9301480822807243,0.9301480822807243,negmas.preferences.ops.OutcomeOptimality,0.9508547189471204
338,False,False,True,30,0.03113375,0.6078431372549019,False,False,"(9, 3, 9, 'standard')",,2,False,,,,{},,[],"[9, 3, 9, 'standard']",GeniusBOABaselineNegotiator@1,,2,[],"[None, None]",GeniusBOABaselineNegotiator@1,,[],"(0.1490748497922465, 0.8952536824877251)","[0.9999999999999999, 0.9999999999999999]","[0.0, 0.016366612111292964]","(0.0010624744725208587, 0.0007574209704742231)","['ConcederTBNegotiator', 'GeniusBOABaselineNegotiator']",,2_ZjsHIDbdk,0.031355958024505526,"['ConcederTBNegotiator@0', 'GeniusBOABaselineNegotiator@1']","['ConcederTBNegotiator@0', 'GeniusBOABaselineNegotiator@1']","['negmas.gb.negotiators.timebased.ConcederTBNegotiator', 'src.negotiators.GeniusBOABaselineNegotiator']","[0.022247539774980396, 0.006742619792930782]",50,inf,50,inf,0.0,0.0,inf,inf,"{'rep': 1, 'n_repetitions': 2}",S3_E,2_ZjsHIDbdk,negmas.sao.mechanism.SAOMechanism,2_ZjsHIDbdk,30,0.03113375,,1,2,1.0,0.5899418999499724,0.627175323667607,0.6118375432198896,0.8501990687710164,0.6118375432198896,0.6118375432198896,negmas.preferences.ops.OutcomeOptimality,0.627175323667607
339,False,False,True,32,0.033134208,0.6470588235294118,False,False,"(9, 3, 5, 'basic')",,2,False,,,,{},,[],"[9, 3, 5, 'basic']",SmartAspirationNegotiator@1,,2,[],"[None, None]",SmartAspirationNegotiator@1,,[],"(0.2059779077322937, 0.8778427550357375)","[1.0, 1.0]","[0.09356725146198831, 0.046783625730994156]","(0.0008771261662935939, 0.0007442816259952948)","['ConcederTBNegotiator', 'SmartAspirationNegotiator']",,GisWqr26I9I,0.03874070796882734,"['ConcederTBNegotiator@0', 'SmartAspirationNegotiator@1']","['ConcederTBNegotiator@0', 'SmartAspirationNegotiator@1']","['negmas.gb.negotiators.timebased.ConcederTBNegotiator', 'src.negotiators.SmartAspirationNegotiator']","[0.023159002244938165, 0.013072623172774911]",50,inf,50,inf,0.0,0.0,inf,inf,"{'rep': 0, 'n_repetitions': 2}",S0_F,GisWqr26I9I,negmas.sao.mechanism.SAOMechanism,GisWqr26I9I,32,0.033134208,,0,2,0.977991611797476,0.5566644835268639,0.5566644835268639,0.5731311073045606,0.7166612611675568,0.5731311073045606,0.5731311073045606,negmas.preferences.ops.OutcomeOptimality,0.5731311073045606
340,False,False,True,43,0.020591167,0.8627450980392157,False,False,"(1, 3, 1, 'basic')",,2,False,,,,{},,[],"[1, 3, 1, 'basic']",SmartAspirationNegotiator@0,,2,"[['SmartAspirationNegotiator@0', [1, 3, 1, 'basic']]]",[None],SmartAspirationNegotiator@0,,"[['SmartAspirationNegotiator@0', None]]","(0.4736842105263157, 0.5263157894736842)","[1.0, 1.0]","[0.0, 0.0]","(0.0034960628013070215, 0.004370114375307104)","['SmartAspirationNegotiator', 'GeniusBOABaselineNegotiator']",,SrJ_edGfqkI,0.025406125001609325,"['SmartAspirationNegotiator@0', 'GeniusBOABaselineNegotiator@1']","['SmartAspirationNegotiator@0', 'GeniusBOABaselineNegotiator@1']","['src.negotiators.SmartAspirationNegotiator', 'src.negotiators.GeniusBOABaselineNegotiator']","[0.015552793978713453, 0.006428576947655529]",50,inf,50,inf,0.0,0.0,inf,inf,"{'rep': 0, 'n_repetitions': 2}",S4_A-1,SrJ_edGfqkI,negmas.sao.mechanism.SAOMechanism,SrJ_edGfqkI,43,0.020591167,,0,2,0.9999999999999999,0.9766081871345029,0.9766081871345029,0.9766081871345029,0.9999999999999999,0.9766081871345029,0.9766081871345029,negmas.preferences.ops.OutcomeOptimality,0.9766081871345029
341,False,False,True,31,0.04145775,0.6274509803921569,False,False,"(9, 7, 9, 'basic')",,2,False,,,,{},,[],"[9, 7, 9, 'basic']",BoulwareTBNegotiator@1,,2,[],"[None, None]",BoulwareTBNegotiator@1,,[],"(0.1185236972314441, 0.8821603927986906)","[0.9999999999999999, 0.9999999999999999]","[0.0, 0.016366612111292964]","(0.0012950634439420957, 0.0006426653306037134)","['ConcederTBNegotiator', 'BoulwareTBNegotiator']",,l3ez6JdmRd8,0.041672667022794485,"['ConcederTBNegotiator@0', 'BoulwareTBNegotiator@1']","['ConcederTBNegotiator@0', 'BoulwareTBNegotiator@1']","['negmas.gb.negotiators.timebased.ConcederTBNegotiator', 'negmas.gb.negotiators.timebased.BoulwareTBNegotiator']","[0.023122374492231756, 0.016104166628792882]",50,inf,50,inf,0.0,0.0,inf,inf,"{'rep': 1, 'n_repetitions': 2}",S2_E,l3ez6JdmRd8,negmas.sao.mechanism.SAOMechanism,l3ez6JdmRd8,31,0.04145775,,1,2,0.9763036178091531,0.575956136137469,0.6132082015172416,0.598227682953997,0.8146676598217358,0.598227682953997,0.598227682953997,negmas.preferences.ops.OutcomeOptimality,0.6132082015172416
342,False,False,True,27,0.029094959,0.5490196078431373,False,False,"(2, 10, 3, 'standard')",,2,False,,,,{},,[],"[2, 10, 3, 'standard']",SmartAspirationNegotiator@1,,2,[],"[None, None]",SmartAspirationNegotiator@1,,[],"(0.19428200129954518, 0.9407670939817185)","[1.0, 1.0]","[0.046783625730994156, 0.09356725146198831]","(0.0007811278057266481, 0.0009639366705748589)","['ConcederTBNegotiator', 'SmartAspirationNegotiator']",,ew0pmbBNw1I,0.03473708301316947,"['ConcederTBNegotiator@0', 'SmartAspirationNegotiator@1']","['ConcederTBNegotiator@0', 'SmartAspirationNegotiator@1']","['negmas.gb.negotiators.timebased.ConcederTBNegotiator', 'src.negotiators.SmartAspirationNegotiator']","[0.019943163206335157, 0.012709123431704938]",50,inf,50,inf,0.0,0.0,inf,inf,"{'rep': 1, 'n_repetitions': 2}",S5_F-1,ew0pmbBNw1I,negmas.sao.mechanism.SAOMechanism,ew0pmbBNw1I,27,0.029094959,,1,2,0.9858911492972834,0.5660350475489319,0.5660350475489319,0.5491246568472992,0.7505353459804499,0.5491246568472992,0.5491246568472992,negmas.preferences.ops.OutcomeOptimality,0.5660350475489319
343,False,False,True,38,0.030627542,0.7647058823529411,False,False,"(7, 8, 1, 'premium')",,2,False,,,,{},,[],"[7, 8, 1, 'premium']",LinearTBNegotiator@1,,2,[],"[None, None]",LinearTBNegotiator@1,,[],"(0.7076023391812865, 0.2923976608187134)","[1.0, 1.0]","[0.0, 0.0]","(0.004370114375307104, 0.0034960628013070215)","['GeniusBOABaselineNegotiator', 'LinearTBNegotiator']",,5LzF5Fc1YbM,0.030865582986734807,"['GeniusBOABaselineNegotiator@0', 'LinearTBNegotiator@1']","['GeniusBOABaselineNegotiator@0', 'LinearTBNegotiator@1']","['src.negotiators.GeniusBOABaselineNegotiator', 'negmas.gb.negotiators.timebased.LinearTBNegotiator']","[0.006221625430043787, 0.02153670508414507]",50,inf,50,inf,0.0,0.0,inf,inf,"{'rep': 1, 'n_repetitions': 2}",S4_A,5LzF5Fc1YbM,negmas.sao.mechanism.SAOMechanism,5LzF5Fc1YbM,38,0.030627542,,1,2,0.9999999999999999,0.7953216374269007,0.7953216374269007,0.7953216374269007,0.9999999999999998,0.7953216374269007,0.7953216374269007,negmas.preferences.ops.OutcomeOptimality,0.7953216374269007
344,False,False,True,37,0.029160125,0.7450980392156863,False,False,"(9, 10, 8, 'standard')",,2,False,,,,{},,[],"[9, 10, 8, 'standard']",SmartAspirationNegotiator@0,,2,"[['SmartAspirationNegotiator@0', [9, 10, 8, 'standard']]]",[None],SmartAspirationNegotiator@0,,"[['SmartAspirationNegotiator@0', None]]","(0.7543859649122808, 0.7573099415204678)","[1.0, 1.0]","[0.09356725146198831, 0.046783625730994156]","(0.0009639366705748589, 0.0007811278057266481)","['SmartAspirationNegotiator', 'BoulwareTBNegotiator']",,dnbZWLYxwYc,0.03481754200765863,"['SmartAspirationNegotiator@0', 'BoulwareTBNegotiator@1']","['SmartAspirationNegotiator@0', 'BoulwareTBNegotiator@1']","['src.negotiators.SmartAspirationNegotiator', 'negmas.gb.negotiators.timebased.BoulwareTBNegotiator']","[0.014168499212246388, 0.017757741967216134]",50,inf,50,inf,0.0,0.0,inf,inf,"{'rep': 1, 'n_repetitions': 2}",S5_F,dnbZWLYxwYc,negmas.sao.mechanism.SAOMechanism,dnbZWLYxwYc,37,0.029160125,,1,2,1.0,0.9807999989329749,0.9807999989329749,1.0,0.9995877842364035,1.0,1.0,negmas.preferences.ops.OutcomeOptimality,1.0
345,False,False,True,39,0.028844416,0.7843137254901961,False,False,"(9, 9, 5, 'standard')",,2,False,,,,{},,[],"[9, 9, 5, 'standard']",BoulwareTBNegotiator@1,,2,[],"[None, None]",BoulwareTBNegotiator@1,,[],"(0.6933073424301495, 0.7063027940220923)","[1.0, 1.0]","[0.09356725146198831, 0.046783625730994156]","(0.0008771261662935939, 0.0007442816259952948)","['GeniusBOABaselineNegotiator', 'BoulwareTBNegotiator']",,lfON-8cDnEs,0.02904854202643037,"['GeniusBOABaselineNegotiator@0', 'BoulwareTBNegotiator@1']","['GeniusBOABaselineNegotiator@0', 'BoulwareTBNegotiator@1']","['src.negotiators.GeniusBOABaselineNegotiator', 'negmas.gb.negotiators.timebased.BoulwareTBNegotiator']","[0.007336710637900978, 0.018681495042983443]",50,inf,50,inf,0.0,0.0,inf,inf,"{'rep': 1, 'n_repetitions': 2}",S0_F,lfON-8cDnEs,negmas.sao.mechanism.SAOMechanism,lfON-8cDnEs,39,0.028844416,,1,2,0.9462663627744217,0.9346036197574028,0.9346036197574028,0.9395037748202615,0.9254726358242911,0.9395037748202615,0.9395037748202615,negmas.preferences.ops.OutcomeOptimality,0.9395037748202615
346,False,False,True,38,0.060488917,0.7647058823529411,False,False,"(1, 7, 2, 'standard')",,2,False,,,,{},,[],"[1, 7, 2, 'standard']",GeniusBOABaselineNegotiator@1,,2,[],"[None, None]",GeniusBOABaselineNegotiator@1,,[],"(0.26900584795321636, 0.7309941520467835)","[1.0, 1.0]","[0.0, 0.0]","(0.0034960628013070215, 0.004370114375307104)","['LinearTBNegotiator', 'GeniusBOABaselineNegotiator']",,wSxXNUD3Ne4,0.06079841696191579,"['LinearTBNegotiator@0', 'GeniusBOABaselineNegotiator@1']","['LinearTBNegotiator@0', 'GeniusBOABaselineNegotiator@1']","['negmas.gb.negotiators.timebased.LinearTBNegotiator', 'src.negotiators.GeniusBOABaselineNegotiator']","[0.020993045007344335, 0.03677128878189251]",50,inf,50,inf,0.0,0.0,inf,inf,"{'rep': 0, 'n_repetitions': 2}",S4_A-1,wSxXNUD3Ne4,negmas.sao.mechanism.SAOMechanism,wSxXNUD3Ne4,38,0.060488917,,0,2,0.9999999999999999,0.7719298245614036,0.7719298245614036,0.7719298245614036,0.9999999999999999,0.7719298245614036,0.7719298245614036,negmas.preferences.ops.OutcomeOptimality,0.7719298245614036
347,False,False,True,43,0.032904458,0.8627450980392157,False,False,"(9, 2, 0, 'premium')",,2,False,,,,{},,[],"[9, 2, 0, 'premium']",SmartAspirationNegotiator@1,,2,[],"[None, None]",SmartAspirationNegotiator@1,,[],"(0.6854838709677419, 0.541734860883797)","[0.9999999999999999, 0.9999999999999999]","[0.0, 0.016366612111292964]","(0.0012950634439420957, 0.0006426653306037134)","['BoulwareTBNegotiator', 'SmartAspirationNegotiator']",,pKsvPBncACs,0.039023749995976686,"['BoulwareTBNegotiator@0', 'SmartAspirationNegotiator@1']","['BoulwareTBNegotiator@0', 'SmartAspirationNegotiator@1']","['negmas.gb.negotiators.timebased.BoulwareTBNegotiator', 'src.negotiators.SmartAspirationNegotiator']","[0.020130377961322665, 0.015571661235298961]",50,inf,50,inf,0.0,0.0,inf,inf,"{'rep': 0, 'n_repetitions': 2}",S2_E,pKsvPBncACs,negmas.sao.mechanism.SAOMechanism,pKsvPBncACs,43,0.032904458,,0,2,1.0,0.9508547189471204,0.9143580762567265,0.9301480822807243,0.9990919435291352,0.9301480822807243,0.9301480822807243,negmas.preferences.ops.OutcomeOptimality,0.9508547189471204
348,False,False,True,3,0.013354166,0.0784313725490196,False,False,"(8, 9, 8, 'premium')",,2,False,,,,{},,[],"[8, 9, 8, 'premium']",ConcederTBNegotiator@1,,2,[],"[None, None]",ConcederTBNegotiator@1,,[],"(0.5838206627680312, 0.5968161143599741)","[1.0, 1.0]","[0.046783625730994156, 0.09356725146198831]","(0.0007811278057266481, 0.0009639366705748589)","['ConcederTBNegotiator', 'ConcederTBNegotiator']",,aPS6WeXkF1o,0.01355579198570922,"['ConcederTBNegotiator@0', 'ConcederTBNegotiator@1']","['ConcederTBNegotiator@0', 'ConcederTBNegotiator@1']","['negmas.gb.negotiators.timebased.ConcederTBNegotiator', 'negmas.gb.negotiators.timebased.ConcederTBNegotiator']","[0.0065962099470198154, 0.006719041091855615]",50,inf,50,inf,0.0,0.0,inf,inf,"{'rep': 1, 'n_repetitions': 2}",S5_F-1,aPS6WeXkF1o,negmas.sao.mechanism.SAOMechanism,aPS6WeXkF1o,3,0.013354166,,1,2,0.8338690225980921,0.8213816800521802,0.8213816800521802,0.8218283087855961,0.7806795632742511,0.8218283087855961,0.8218283087855961,negmas.preferences.ops.OutcomeOptimality,0.8218283087855961
349,False,False,True,35,0.038941208,0.7058823529411765,False,False,"(7, 10, 1, 'premium')",,2,False,,,,{},,[],"[7, 10, 1, 'premium']",BoulwareTBNegotiator@0,,2,"[['BoulwareTBNegotiator@0', [7, 10, 1, 'premium']]]",[None],BoulwareTBNegotiator@0,,"[['BoulwareTBNegotiator@0', None]]","(0.7994924177520258, 0.3667966211825861)","[1.0, 1.0]","[0.09356725146198831, 0.046783625730994156]","(0.0009639366705748589, 0.0007811278057266481)","['BoulwareTBNegotiator', 'LinearTBNegotiator']",,JCpaCKtgQ8o,0.03920562501298264,"['BoulwareTBNegotiator@0', 'LinearTBNegotiator@1']","['BoulwareTBNegotiator@0', 'LinearTBNegotiator@1']","['negmas.gb.negotiators.timebased.BoulwareTBNegotiator', 'negmas.gb.negotiators.timebased.LinearTBNegotiator']","[0.01749350008321926, 0.018947835837025195]",50,inf,50,inf,0.0,0.0,inf,inf,"{'rep': 0, 'n_repetitions': 2}",S5_F,JCpaCKtgQ8o,negmas.sao.mechanism.SAOMechanism,JCpaCKtgQ8o,35,0.038941208,,0,2,0.9391382745772429,0.7157177189149243,0.7157177189149243,0.701145103828247,0.7711923219788893,0.701145103828247,0.701145103828247,negmas.preferences.ops.OutcomeOptimality,0.7157177189149243
350,False,False,True,6,0.016219125,0.13725490196078433,False,False,"(9, 10, 2, 'standard')",,2,False,,,,{},,[],"[9, 10, 2, 'standard']",ConcederTBNegotiator@1,,2,[],"[None, None]",ConcederTBNegotiator@1,,[],"(0.5331541218637992, 0.44971813056919435)","[0.9999999999999999, 0.9999999999999999]","[0.0, 0.016366612111292964]","(0.0010624744725208587, 0.0007574209704742231)","['ConcederTBNegotiator', 'ConcederTBNegotiator']",,mqrTIo0M6Rw,0.016425999987404794,"['ConcederTBNegotiator@0', 'ConcederTBNegotiator@1']","['ConcederTBNegotiator@0', 'ConcederTBNegotiator@1']","['negmas.gb.negotiators.timebased.ConcederTBNegotiator', 'negmas.gb.negotiators.timebased.ConcederTBNegotiator']","[0.008047459181398153, 0.007912956003565341]",50,inf,50,inf,0.0,0.0,inf,inf,"{'rep': 0, 'n_repetitions': 2}",S3_E,mqrTIo0M6Rw,negmas.sao.mechanism.SAOMechanism,mqrTIo0M6Rw,6,0.016219125,,0,2,0.8829793189802546,0.8750503643735918,0.8735938136947262,0.8829793189802546,0.8001668516276624,0.8829793189802546,0.8829793189802546,negmas.preferences.ops.OutcomeOptimality,0.8829793189802546
351,False,False,True,32,0.033632625,0.6470588235294118,False,False,"(9, 3, 5, 'basic')",,2,False,,,,{},,[],"[9, 3, 5, 'basic']",SmartAspirationNegotiator@1,,2,[],"[None, None]",SmartAspirationNegotiator@1,,[],"(0.2059779077322937, 0.8778427550357375)","[1.0, 1.0]","[0.09356725146198831, 0.046783625730994156]","(0.0009639366705748589, 0.0007811278057266481)","['ConcederTBNegotiator', 'SmartAspirationNegotiator']",,xwsB842RTQc,0.03936200001044199,"['ConcederTBNegotiator@0', 'SmartAspirationNegotiator@1']","['ConcederTBNegotiator@0', 'SmartAspirationNegotiator@1']","['negmas.gb.negotiators.timebased.ConcederTBNegotiator', 'src.negotiators.SmartAspirationNegotiator']","[0.023772867920342833, 0.013086663035210222]",50,inf,50,inf,0.0,0.0,inf,inf,"{'rep': 0, 'n_repetitions': 2}",S5_F,xwsB842RTQc,negmas.sao.mechanism.SAOMechanism,xwsB842RTQc,32,0.033632625,,0,2,0.977991611797476,0.5566644835268639,0.5566644835268639,0.5731311073045606,0.7166612611675568,0.5731311073045606,0.5731311073045606,negmas.preferences.ops.OutcomeOptimality,0.5731311073045606
352,False,False,True,42,0.033007625,0.8431372549019608,False,False,"(3, 10, 5, 'basic')",,2,False,,,,{},,[],"[3, 10, 5, 'basic']",SmartAspirationNegotiator@0,,2,"[['SmartAspirationNegotiator@0', [3, 10, 5, 'basic']]]",[None],SmartAspirationNegotiator@0,,"[['SmartAspirationNegotiator@0', None]]","(0.5238095238095238, 0.6345827581547269)","[1.0, 1.0]","[0.0, 0.023809523809523808]","(0.002193248997500751, 0.0007754352238636291)","['SmartAspirationNegotiator', 'BoulwareTBNegotiator']",,4dsyCzk1vio,0.03786270797718316,"['SmartAspirationNegotiator@0', 'BoulwareTBNegotiator@1']","['SmartAspirationNegotiator@0', 'BoulwareTBNegotiator@1']","['src.negotiators.SmartAspirationNegotiator', 'negmas.gb.negotiators.timebased.BoulwareTBNegotiator']","[0.015142545977141708, 0.01940253854263574]",50,inf,50,inf,0.0,0.0,inf,inf,"{'rep': 0, 'n_repetitions': 2}",S1_B,4dsyCzk1vio,negmas.sao.mechanism.SAOMechanism,4dsyCzk1vio,42,0.033007625,,0,2,0.9823108132553978,0.9156542223097626,0.9371370162294771,0.9371370162294771,0.9322732668297498,0.9371370162294771,0.9371370162294771,negmas.preferences.ops.OutcomeOptimality,0.9371370162294771
353,False,False,True,30,0.031663458,0.6078431372549019,False,False,"(1, 4, 0, 'premium')",,2,False,,,,{},,[],"[1, 4, 0, 'premium']",ConcederTBNegotiator@0,,2,"[['ConcederTBNegotiator@0', [1, 4, 0, 'premium']]]",[None],ConcederTBNegotiator@0,,"[['ConcederTBNegotiator@0', None]]","(0.1387525004546281, 0.9144540713339779)","[0.9999999999999999, 0.9999999999999999]","[0.016366612111292964, 0.0]","(0.0006426653306037134, 0.0012950634439420957)","['ConcederTBNegotiator', 'SmartAspirationNegotiator']",,FUdppUGA1XA,0.037102875008713454,"['ConcederTBNegotiator@0', 'SmartAspirationNegotiator@1']","['ConcederTBNegotiator@0', 'SmartAspirationNegotiator@1']","['negmas.gb.negotiators.timebased.ConcederTBNegotiator', 'src.negotiators.SmartAspirationNegotiator']","[0.022018338029738516, 0.012567830679472536]",50,inf,50,inf,0.0,0.0,inf,inf,"{'rep': 1, 'n_repetitions': 2}",S2_E-1,FUdppUGA1XA,negmas.sao.mechanism.SAOMechanism,FUdppUGA1XA,30,0.031663458,,1,2,0.9875390245474492,0.6218815860491587,0.588727183871518,0.6055037501538055,0.857426776038838,0.6055037501538055,0.6055037501538055,negmas.preferences.ops.OutcomeOptimality,0.6218815860491587
354,False,False,True,39,0.033758125,0.7843137254901961,False,False,"(9, 7, 8, 'premium')",,2,False,,,,{},,[],"[9, 7, 8, 'premium']",SmartAspirationNegotiator@0,,2,"[['SmartAspirationNegotiator@0', [9, 7, 8, 'premium']]]",[None],SmartAspirationNegotiator@0,,"[['SmartAspirationNegotiator@0', None]]","(0.6995817421349336, 0.253828356729652)","[0.9999999999999999, 0.9999999999999999]","[0.016366612111292964, 0.0]","(0.0007574209704742231, 0.0010624744725208587)","['SmartAspirationNegotiator', 'LinearTBNegotiator']",,fI1d0E9zMxk,0.03952300001401454,"['SmartAspirationNegotiator@0', 'LinearTBNegotiator@1']","['SmartAspirationNegotiator@0', 'LinearTBNegotiator@1']","['src.negotiators.SmartAspirationNegotiator', 'negmas.gb.negotiators.timebased.LinearTBNegotiator']","[0.014291335071902722, 0.02215969783719629]",50,inf,50,inf,0.0,0.0,inf,inf,"{'rep': 0, 'n_repetitions': 2}",S3_E-1,fI1d0E9zMxk,negmas.sao.mechanism.SAOMechanism,fI1d0E9zMxk,39,0.033758125,,0,2,0.9845829745045027,0.7159757289221454,0.7519186022843661,0.7393675598672658,0.7761813961377478,0.7393675598672658,0.7393675598672658,negmas.preferences.ops.OutcomeOptimality,0.7519186022843661
355,False,False,True,43,0.028584292,0.8627450980392157,False,False,"(2, 5, 7, 'standard')",,2,False,,,,{},,[],"[2, 5, 7, 'standard']",GeniusBOABaselineNegotiator@0,,2,"[['GeniusBOABaselineNegotiator@0', [2, 5, 7, 'standard']]]",[None],GeniusBOABaselineNegotiator@0,,"[['GeniusBOABaselineNegotiator@0', None]]","(0.4970760233918128, 0.5029239766081871)","[1.0, 1.0]","[0.0, 0.0]","(0.004370114375307104, 0.0034960628013070215)","['GeniusBOABaselineNegotiator', 'BoulwareTBNegotiator']",,Vn4BLFGLDMY,0.02884804201312363,"['GeniusBOABaselineNegotiator@0', 'BoulwareTBNegotiator@1']","['GeniusBOABaselineNegotiator@0', 'BoulwareTBNegotiator@1']","['src.negotiators.GeniusBOABaselineNegotiator', 'negmas.gb.negotiators.timebased.BoulwareTBNegotiator']","[0.0064297079225070775, 0.019071238697506487]",50,inf,50,inf,0.0,0.0,inf,inf,"{'rep': 1, 'n_repetitions': 2}",S4_A,Vn4BLFGLDMY,negmas.sao.mechanism.SAOMechanism,Vn4BLFGLDMY,43,0.028584292,,1,2,0.9999999999999999,0.9941520467836257,0.9941520467836257,0.9999999999999999,0.9999999999999999,0.9941520467836257,0.9999999999999999,negmas.preferences.ops.OutcomeOptimality,0.9941520467836257
356,False,False,True,2,0.011474709,0.058823529411764705,False,False,"(4, 10, 3, 'basic')",,2,False,,,,{},,[],"[4, 10, 3, 'basic']",ConcederTBNegotiator@0,,2,"[['ConcederTBNegotiator@0', [4, 10, 3, 'basic']]]",[None],ConcederTBNegotiator@0,,"[['ConcederTBNegotiator@0', None]]","(0.5664529123725907, 0.5608465608465609)","[1.0, 1.0]","[0.023809523809523808, 0.0]","(0.0007754352238636291, 0.002193248997500751)","['ConcederTBNegotiator', 'ConcederTBNegotiator']",,qUbKeClESj0,0.011691417021211237,"['ConcederTBNegotiator@0', 'ConcederTBNegotiator@1']","['ConcederTBNegotiator@0', 'ConcederTBNegotiator@1']","['negmas.gb.negotiators.timebased.ConcederTBNegotiator', 'negmas.gb.negotiators.timebased.ConcederTBNegotiator']","[0.006170042033772916, 0.005348958948161453]",50,inf,50,inf,0.0,0.0,inf,inf,"{'rep': 1, 'n_repetitions': 2}",S1_B-1,qUbKeClESj0,negmas.sao.mechanism.SAOMechanism,qUbKeClESj0,2,0.011474709,,1,2,0.9609009237432099,0.9431329833373322,0.9532848494831877,0.9532848494831877,0.9072497969439234,0.9532848494831877,0.9532848494831877,negmas.preferences.ops.OutcomeOptimality,0.9532848494831877
357,False,False,True,37,0.03121875,0.7450980392156863,False,False,"(4, 5, 0, 'basic')",,2,False,,,,{},,[],"[4, 5, 0, 'basic']",SmartAspirationNegotiator@0,,2,"[['SmartAspirationNegotiator@0', [4, 5, 0, 'basic']]]",[None],SmartAspirationNegotiator@0,,"[['SmartAspirationNegotiator@0', None]]","(0.7258064516129032, 0.30187306783051465)","[0.9999999999999999, 0.9999999999999999]","[0.0, 0.016366612111292964]","(0.0010624744725208587, 0.0007574209704742231)","['SmartAspirationNegotiator', 'LinearTBNegotiator']",,rMxIx4mKDPA,0.03693625004962087,"['SmartAspirationNegotiator@0', 'LinearTBNegotiator@1']","['SmartAspirationNegotiator@0', 'LinearTBNegotiator@1']","['src.negotiators.SmartAspirationNegotiator', 'negmas.gb.negotiators.timebased.LinearTBNegotiator']","[0.01406746549764648, 0.019978994561824948]",50,inf,50,inf,0.0,0.0,inf,inf,"{'rep': 1, 'n_repetitions': 2}",S3_E,rMxIx4mKDPA,negmas.sao.mechanism.SAOMechanism,rMxIx4mKDPA,37,0.03121875,,1,2,0.9454102745825437,0.7845053897860967,0.7558778564162505,0.7723591634059338,0.8366449286972107,0.7723591634059338,0.7723591634059338,negmas.preferences.ops.OutcomeOptimality,0.7845053897860967
358,False,False,True,42,0.032562292,0.8431372549019608,False,False,"(9, 2, 0, 'premium')",,2,False,,,,{},,[],"[9, 2, 0, 'premium']",SmartAspirationNegotiator@0,,2,"[['SmartAspirationNegotiator@0', [9, 2, 0, 'premium']]]",[None],SmartAspirationNegotiator@0,,"[['SmartAspirationNegotiator@0', None]]","(0.541734860883797, 0.6854838709677419)","[0.9999999999999999, 0.9999999999999999]","[0.016366612111292964, 0.0]","(0.0007574209704742231, 0.0010624744725208587)","['SmartAspirationNegotiator', 'BoulwareTBNegotiator']",,RbpEFa0mt0k,0.0384146660217084,"['SmartAspirationNegotiator@0', 'BoulwareTBNegotiator@1']","['SmartAspirationNegotiator@0', 'BoulwareTBNegotiator@1']","['src.negotiators.SmartAspirationNegotiator', 'negmas.gb.negotiators.timebased.BoulwareTBNegotiator']","[0.015428840706590563, 0.019681867270264775]",50,inf,50,inf,0.0,0.0,inf,inf,"{'rep': 0, 'n_repetitions': 2}",S3_E-1,RbpEFa0mt0k,negmas.sao.mechanism.SAOMechanism,RbpEFa0mt0k,42,0.032562292,,0,2,1.0,0.9508547189471204,0.9143580762567265,0.9301480822807243,0.9990919435291352,0.9301480822807243,0.9301480822807243,negmas.preferences.ops.OutcomeOptimality,0.9508547189471204
359,False,False,True,37,0.029417792,0.7450980392156863,False,False,"(9, 10, 8, 'standard')",,2,False,,,,{},,[],"[9, 10, 8, 'standard']",SmartAspirationNegotiator@0,,2,"[['SmartAspirationNegotiator@0', [9, 10, 8, 'standard']]]",[None],SmartAspirationNegotiator@0,,"[['SmartAspirationNegotiator@0', None]]","(0.7543859649122808, 0.7573099415204678)","[1.0, 1.0]","[0.09356725146198831, 0.046783625730994156]","(0.0008771261662935939, 0.0007442816259952948)","['SmartAspirationNegotiator', 'BoulwareTBNegotiator']",,0bZMSf5dq-E,0.035280542040709406,"['SmartAspirationNegotiator@0', 'BoulwareTBNegotiator@1']","['SmartAspirationNegotiator@0', 'BoulwareTBNegotiator@1']","['src.negotiators.SmartAspirationNegotiator', 'negmas.gb.negotiators.timebased.BoulwareTBNegotiator']","[0.014448787842411548, 0.01783519791206345]",50,inf,50,inf,0.0,0.0,inf,inf,"{'rep': 1, 'n_repetitions': 2}",S0_F,0bZMSf5dq-E,negmas.sao.mechanism.SAOMechanism,0bZMSf5dq-E,37,0.029417792,,1,2,1.0,0.9807999989329749,0.9807999989329749,1.0,0.9995877842364035,1.0,1.0,negmas.preferences.ops.OutcomeOptimality,1.0
360,False,False,True,39,0.032999583,0.7843137254901961,False,False,"(6, 4, 9, 'standard')",,2,False,,,,{},,[],"[6, 4, 9, 'standard']",LinearTBNegotiator@0,,2,"[['LinearTBNegotiator@0', [6, 4, 9, 'standard']]]",[None],LinearTBNegotiator@0,,"[['LinearTBNegotiator@0', None]]","(0.23703471649526825, 0.6710310965630115)","[0.9999999999999999, 0.9999999999999999]","[0.0, 0.016366612111292964]","(0.0012950634439420957, 0.0006426653306037134)","['LinearTBNegotiator', 'GeniusBOABaselineNegotiator']",,6vZ3o4RKx-c,0.033254000009037554,"['LinearTBNegotiator@0', 'GeniusBOABaselineNegotiator@1']","['LinearTBNegotiator@0', 'GeniusBOABaselineNegotiator@1']","['negmas.gb.negotiators.timebased.LinearTBNegotiator', 'src.negotiators.GeniusBOABaselineNegotiator']","[0.023010958218947053, 0.007181493914686143]",50,inf,50,inf,0.0,0.0,inf,inf,"{'rep': 1, 'n_repetitions': 2}",S2_E,6vZ3o4RKx-c,negmas.sao.mechanism.SAOMechanism,6vZ3o4RKx-c,39,0.032999583,,1,2,0.9694735723246475,0.70911502398021,0.7441159507431945,0.7325810824533303,0.7392661263016912,0.7325810824533303,0.7325810824533303,negmas.preferences.ops.OutcomeOptimality,0.7441159507431945
361,False,False,True,26,0.030926833,0.5294117647058824,False,False,"(2, 3, 8, 'premium')",,2,False,,,,{},,[],"[2, 3, 8, 'premium']",LinearTBNegotiator@0,,2,"[['LinearTBNegotiator@0', [2, 3, 8, 'premium']]]",[None],LinearTBNegotiator@0,,"[['LinearTBNegotiator@0', None]]","(0.4970760233918128, 0.502923976608187)","[1.0, 1.0]","[0.0, 0.0]","(0.0034960628013070215, 0.004370114375307104)","['LinearTBNegotiator', 'LinearTBNegotiator']",,mRO1tb6KxXg,0.031204709026496857,"['LinearTBNegotiator@0', 'LinearTBNegotiator@1']","['LinearTBNegotiator@0', 'LinearTBNegotiator@1']","['negmas.gb.negotiators.timebased.LinearTBNegotiator', 'negmas.gb.negotiators.timebased.LinearTBNegotiator']","[0.014900919806677848, 0.014261953649111092]",50,inf,50,inf,0.0,0.0,inf,inf,"{'rep': 0, 'n_repetitions': 2}",S4_A-1,mRO1tb6KxXg,negmas.sao.mechanism.SAOMechanism,mRO1tb6KxXg,26,0.030926833,,0,2,0.9999999999999998,0.9999999999999998,0.9999999999999998,0.9999999999999998,0.9999999999999998,0.9999999999999998,0.9999999999999998,negmas.preferences.ops.OutcomeOptimality,0.9999999999999998
362,False,False,True,43,0.043718333,0.8627450980392157,False,False,"(9, 10, 1, 'basic')",,2,False,,,,{},,[],"[9, 10, 1, 'basic']",BoulwareTBNegotiator@0,,2,"[['BoulwareTBNegotiator@0', [9, 10, 1, 'basic']]]",[None],BoulwareTBNegotiator@0,,"[['BoulwareTBNegotiator@0', None]]","(0.503182396799418, 0.5465949820788529)","[0.9999999999999999, 0.9999999999999999]","[0.016366612111292964, 0.0]","(0.0006426653306037134, 0.0012950634439420957)","['BoulwareTBNegotiator', 'BoulwareTBNegotiator']",,sZDfIdHJADc,0.04399412503698841,"['BoulwareTBNegotiator@0', 'BoulwareTBNegotiator@1']","['BoulwareTBNegotiator@0', 'BoulwareTBNegotiator@1']","['negmas.gb.negotiators.timebased.BoulwareTBNegotiator', 'negmas.gb.negotiators.timebased.BoulwareTBNegotiator']","[0.02034633664879948, 0.020272872410714626]",50,inf,50,inf,0.0,0.0,inf,inf,"{'rep': 0, 'n_repetitions': 2}",S2_E-1,sZDfIdHJADc,negmas.sao.mechanism.SAOMechanism,sZDfIdHJADc,43,0.043718333,,0,2,0.9210437943802361,0.9101795645181664,0.9126584534033798,0.9210437943802361,0.8546350332788867,0.9210437943802361,0.9210437943802361,negmas.preferences.ops.OutcomeOptimality,0.9210437943802361
363,False,False,True,43,0.042977958,0.8627450980392157,False,False,"(9, 10, 1, 'basic')",,2,False,,,,{},,[],"[9, 10, 1, 'basic']",BoulwareTBNegotiator@0,,2,"[['BoulwareTBNegotiator@0', [9, 10, 1, 'basic']]]",[None],BoulwareTBNegotiator@0,,"[['BoulwareTBNegotiator@0', None]]","(0.503182396799418, 0.5465949820788529)","[0.9999999999999999, 0.9999999999999999]","[0.016366612111292964, 0.0]","(0.0007574209704742231, 0.0010624744725208587)","['BoulwareTBNegotiator', 'BoulwareTBNegotiator']",,p4TYjoo2IoU,0.04323875001864508,"['BoulwareTBNegotiator@0', 'BoulwareTBNegotiator@1']","['BoulwareTBNegotiator@0', 'BoulwareTBNegotiator@1']","['negmas.gb.negotiators.timebased.BoulwareTBNegotiator', 'negmas.gb.negotiators.timebased.BoulwareTBNegotiator']","[0.020111801917664707, 0.019796243344899267]",50,inf,50,inf,0.0,0.0,inf,inf,"{'rep': 0, 'n_repetitions': 2}",S3_E-1,p4TYjoo2IoU,negmas.sao.mechanism.SAOMechanism,p4TYjoo2IoU,43,0.042977958,,0,2,0.9210437943802361,0.9101795645181664,0.9126584534033798,0.9210437943802361,0.8546350332788867,0.9210437943802361,0.9210437943802361,negmas.preferences.ops.OutcomeOptimality,0.9210437943802361
364,False,False,True,40,0.044850667,0.803921568627451,False,False,"(6, 4, 9, 'standard')",,2,False,,,,{},,[],"[6, 4, 9, 'standard']",LinearTBNegotiator@1,,2,[],"[None, None]",LinearTBNegotiator@1,,[],"(0.6710310965630115, 0.23703471649526825)","[0.9999999999999999, 0.9999999999999999]","[0.016366612111292964, 0.0]","(0.0006426653306037134, 0.0012950634439420957)","['BoulwareTBNegotiator', 'LinearTBNegotiator']",,glV-qASqqD8,0.04511737497523427,"['BoulwareTBNegotiator@0', 'LinearTBNegotiator@1']","['BoulwareTBNegotiator@0', 'LinearTBNegotiator@1']","['negmas.gb.negotiators.timebased.BoulwareTBNegotiator', 'negmas.gb.negotiators.timebased.LinearTBNegotiator']","[0.0190616698237136, 0.02288399526150897]",50,inf,50,inf,0.0,0.0,inf,inf,"{'rep': 0, 'n_repetitions': 2}",S2_E-1,glV-qASqqD8,negmas.sao.mechanism.SAOMechanism,glV-qASqqD8,40,0.044850667,,0,2,0.9694735723246475,0.70911502398021,0.7441159507431945,0.7325810824533303,0.7392661263016912,0.7325810824533303,0.7325810824533303,negmas.preferences.ops.OutcomeOptimality,0.7441159507431945
365,False,False,True,14,0.021521417,0.29411764705882354,False,False,"(9, 10, 8, 'standard')",,2,False,,,,{},,[],"[9, 10, 8, 'standard']",LinearTBNegotiator@1,,2,[],"[None, None]",LinearTBNegotiator@1,,[],"(0.7543859649122808, 0.7573099415204678)","[1.0, 1.0]","[0.09356725146198831, 0.046783625730994156]","(0.0009639366705748589, 0.0007811278057266481)","['LinearTBNegotiator', 'LinearTBNegotiator']",,1XKp9pj641Y,0.021724833990447223,"['LinearTBNegotiator@0', 'LinearTBNegotiator@1']","['LinearTBNegotiator@0', 'LinearTBNegotiator@1']","['negmas.gb.negotiators.timebased.LinearTBNegotiator', 'negmas.gb.negotiators.timebased.LinearTBNegotiator']","[0.010443086153827608, 0.01019420672673732]",50,inf,50,inf,0.0,0.0,inf,inf,"{'rep': 0, 'n_repetitions': 2}",S5_F,1XKp9pj641Y,negmas.sao.mechanism.SAOMechanism,1XKp9pj641Y,14,0.021521417,,0,2,1.0,0.9807999989329749,0.9807999989329749,1.0,0.9995877842364035,1.0,1.0,negmas.preferences.ops.OutcomeOptimality,1.0
366,False,False,True,43,0.020280833,0.8627450980392157,False,False,"(9, 2, 0, 'premium')",,2,False,,,,{},,[],"[9, 2, 0, 'premium']",SmartAspirationNegotiator@1,,2,[],"[None, None]",SmartAspirationNegotiator@1,,[],"(0.6854838709677419, 0.541734860883797)","[0.9999999999999999, 0.9999999999999999]","[0.0, 0.016366612111292964]","(0.0010624744725208587, 0.0007574209704742231)","['GeniusBOABaselineNegotiator', 'SmartAspirationNegotiator']",,YAAg6XmZslw,0.026090541970916092,"['GeniusBOABaselineNegotiator@0', 'SmartAspirationNegotiator@1']","['GeniusBOABaselineNegotiator@0', 'SmartAspirationNegotiator@1']","['src.negotiators.GeniusBOABaselineNegotiator', 'src.negotiators.SmartAspirationNegotiator']","[0.007509498682338744, 0.015096497256308794]",50,inf,50,inf,0.0,0.0,inf,inf,"{'rep': 0, 'n_repetitions': 2}",S3_E,YAAg6XmZslw,negmas.sao.mechanism.SAOMechanism,YAAg6XmZslw,43,0.020280833,,0,2,1.0,0.9508547189471204,0.9143580762567265,0.9301480822807243,0.9990919435291352,0.9301480822807243,0.9301480822807243,negmas.preferences.ops.OutcomeOptimality,0.9508547189471204
367,False,False,True,36,0.030978083,0.7254901960784313,False,False,"(9, 4, 9, 'premium')",,2,False,,,,{},,[],"[9, 4, 9, 'premium']",SmartAspirationNegotiator@0,,2,"[['SmartAspirationNegotiator@0', [9, 4, 9, 'premium']]]",[None],SmartAspirationNegotiator@0,,"[['SmartAspirationNegotiator@0', None]]","(0.761904761904762, 0.31746031746031744)","[1.0, 1.0]","[0.023809523809523808, 0.0]","(0.0007754352238636291, 0.002193248997500751)","['SmartAspirationNegotiator', 'LinearTBNegotiator']",,8RRqV5F99AM,0.036089417000766844,"['SmartAspirationNegotiator@0', 'LinearTBNegotiator@1']","['SmartAspirationNegotiator@0', 'LinearTBNegotiator@1']","['src.negotiators.SmartAspirationNegotiator', 'negmas.gb.negotiators.timebased.LinearTBNegotiator']","[0.012960460328031331, 0.020222525345161557]",50,inf,50,inf,0.0,0.0,inf,inf,"{'rep': 1, 'n_repetitions': 2}",S1_B-1,8RRqV5F99AM,negmas.sao.mechanism.SAOMechanism,8RRqV5F99AM,36,0.030978083,,1,2,0.9747435113226108,0.743430141592613,0.7654675607333643,0.7654675607333643,0.8686722315995966,0.7654675607333643,0.7654675607333643,negmas.preferences.ops.OutcomeOptimality,0.7654675607333643
368,False,False,True,31,0.041454833,0.6274509803921569,False,False,"(9, 1, 8, 'standard')",,2,False,,,,{},,[],"[9, 1, 8, 'standard']",BoulwareTBNegotiator@1,,2,[],"[None, None]",BoulwareTBNegotiator@1,,[],"(0.25438596491228077, 0.8888888888888888)","[1.0, 1.0]","[0.09356725146198831, 0.046783625730994156]","(0.0008771261662935939, 0.0007442816259952948)","['ConcederTBNegotiator', 'BoulwareTBNegotiator']",,opu1pfcojUo,0.04166570899542421,"['ConcederTBNegotiator@0', 'BoulwareTBNegotiator@1']","['ConcederTBNegotiator@0', 'BoulwareTBNegotiator@1']","['negmas.gb.negotiators.timebased.ConcederTBNegotiator', 'negmas.gb.negotiators.timebased.BoulwareTBNegotiator']","[0.02291575149865821, 0.016097082232590765]",50,inf,50,inf,0.0,0.0,inf,inf,"{'rep': 1, 'n_repetitions': 2}",S0_F,opu1pfcojUo,negmas.sao.mechanism.SAOMechanism,opu1pfcojUo,31,0.041454833,,1,2,1.0,0.590083685965619,0.590083685965619,0.6069419837946906,0.755974513803547,0.6069419837946906,0.6069419837946906,negmas.preferences.ops.OutcomeOptimality,0.6069419837946906
369,False,False,True,4,0.0126285,0.09803921568627451,False,False,"(9, 8, 2, 'standard')",,2,False,,,,{},,[],"[9, 8, 2, 'standard']",ConcederTBNegotiator@1,,2,[],"[None, None]",ConcederTBNegotiator@1,,[],"(0.47368421052631576, 0.5263157894736841)","[1.0, 1.0]","[0.0, 0.0]","(0.0034960628013070215, 0.004370114375307104)","['ConcederTBNegotiator', 'ConcederTBNegotiator']",,fm5CiZqrCU8,0.012906500021927059,"['ConcederTBNegotiator@0', 'ConcederTBNegotiator@1']","['ConcederTBNegotiator@0', 'ConcederTBNegotiator@1']","['negmas.gb.negotiators.timebased.ConcederTBNegotiator', 'negmas.gb.negotiators.timebased.ConcederTBNegotiator']","[0.006314415950328112, 0.0062797918799333274]",50,inf,50,inf,0.0,0.0,inf,inf,"{'rep': 0, 'n_repetitions': 2}",S4_A-1,fm5CiZqrCU8,negmas.sao.mechanism.SAOMechanism,fm5CiZqrCU8,4,0.0126285,,0,2,0.9999999999999999,0.976608187134503,0.976608187134503,0.976608187134503,0.9999999999999998,0.976608187134503,0.976608187134503,negmas.preferences.ops.OutcomeOptimality,0.976608187134503
370,False,False,True,12,0.021536416,0.2549019607843137,False,False,"(9, 8, 0, 'premium')",,2,False,,,,{},,[],"[9, 8, 0, 'premium']",LinearTBNegotiator@0,,2,"[['LinearTBNegotiator@0', [9, 8, 0, 'premium']]]",[None],LinearTBNegotiator@0,,"[['LinearTBNegotiator@0', None]]","(0.7651169989224802, 0.4238952536824877)","[0.9999999999999999, 0.9999999999999999]","[0.0, 0.016366612111292964]","(0.0010624744725208587, 0.0007574209704742231)","['LinearTBNegotiator', 'ConcederTBNegotiator']",,yNUskN8Y8zM,0.021743708988651633,"['LinearTBNegotiator@0', 'ConcederTBNegotiator@1']","['LinearTBNegotiator@0', 'ConcederTBNegotiator@1']","['negmas.gb.negotiators.timebased.LinearTBNegotiator', 'negmas.gb.negotiators.timebased.ConcederTBNegotiator']","[0.009901209094095975, 0.010895997984334826]",50,inf,50,inf,0.0,0.0,inf,inf,"{'rep': 1, 'n_repetitions': 2}",S3_E,yNUskN8Y8zM,negmas.sao.mechanism.SAOMechanism,yNUskN8Y8zM,12,0.021536416,,1,2,1.0,0.8500196090556311,0.8150382970349164,0.8316149347784617,0.9679876386361752,0.8316149347784617,0.8316149347784617,negmas.preferences.ops.OutcomeOptimality,0.8500196090556311
371,False,False,True,31,0.033599334,0.6274509803921569,False,False,"(9, 3, 5, 'basic')",,2,False,,,,{},,[],"[9, 3, 5, 'basic']",SmartAspirationNegotiator@0,,2,"[['SmartAspirationNegotiator@0', [9, 3, 5, 'basic']]]",[None],SmartAspirationNegotiator@0,,"[['SmartAspirationNegotiator@0', None]]","(0.8778427550357375, 0.2059779077322937)","[1.0, 1.0]","[0.046783625730994156, 0.09356725146198831]","(0.0007811278057266481, 0.0009639366705748589)","['SmartAspirationNegotiator', 'ConcederTBNegotiator']",,kh4dsdvTPSE,0.03922183299437165,"['SmartAspirationNegotiator@0', 'ConcederTBNegotiator@1']","['SmartAspirationNegotiator@0', 'ConcederTBNegotiator@1']","['src.negotiators.SmartAspirationNegotiator', 'negmas.gb.negotiators.timebased.ConcederTBNegotiator']","[0.01310521422419697, 0.02362791443010792]",50,inf,50,inf,0.0,0.0,inf,inf,"{'rep': 1, 'n_repetitions': 2}",S5_F-1,kh4dsdvTPSE,negmas.sao.mechanism.SAOMechanism,kh4dsdvTPSE,31,0.033599334,,1,2,0.977991611797476,0.5566644835268639,0.5566644835268639,0.5731311073045606,0.7166612611675568,0.5731311073045606,0.5731311073045606,negmas.preferences.ops.OutcomeOptimality,0.5731311073045606
372,False,False,True,25,0.034609083,0.5098039215686274,False,False,"(0, 10, 1, 'premium')",,2,False,,,,{},,[],"[0, 10, 1, 'premium']",BoulwareTBNegotiator@1,,2,[],"[None, None]",BoulwareTBNegotiator@1,,[],"(0.19047619047619047, 0.9682539682539681)","[1.0, 1.0]","[0.023809523809523808, 0.0]","(0.0007754352238636291, 0.002193248997500751)","['ConcederTBNegotiator', 'BoulwareTBNegotiator']",,sdN1dP7D_eA,0.034836583014111966,"['ConcederTBNegotiator@0', 'BoulwareTBNegotiator@1']","['ConcederTBNegotiator@0', 'BoulwareTBNegotiator@1']","['negmas.gb.negotiators.timebased.ConcederTBNegotiator', 'negmas.gb.negotiators.timebased.BoulwareTBNegotiator']","[0.019759251386858523, 0.013081873941700906]",50,inf,50,inf,0.0,0.0,inf,inf,"{'rep': 1, 'n_repetitions': 2}",S1_B-1,sdN1dP7D_eA,negmas.sao.mechanism.SAOMechanism,sdN1dP7D_eA,25,0.034609083,,1,2,1.0,0.6247884002894775,0.6039172983238965,0.6039172983238965,0.9325451898054491,0.6039172983238965,0.6039172983238965,negmas.preferences.ops.OutcomeOptimality,0.6247884002894775
373,False,False,True,43,0.015616541,0.8627450980392157,False,False,"(2, 5, 7, 'standard')",,2,False,,,,{},,[],"[2, 5, 7, 'standard']",GeniusBOABaselineNegotiator@0,,2,"[['GeniusBOABaselineNegotiator@0', [2, 5, 7, 'standard']]]",[None],GeniusBOABaselineNegotiator@0,,"[['GeniusBOABaselineNegotiator@0', None]]","(0.4970760233918128, 0.5029239766081871)","[1.0, 1.0]","[0.0, 0.0]","(0.004370114375307104, 0.0034960628013070215)","['GeniusBOABaselineNegotiator', 'GeniusBOABaselineNegotiator']",,epvhy23Tpw8,0.015840541978832334,"['GeniusBOABaselineNegotiator@0', 'GeniusBOABaselineNegotiator@1']","['GeniusBOABaselineNegotiator@0', 'GeniusBOABaselineNegotiator@1']","['src.negotiators.GeniusBOABaselineNegotiator', 'src.negotiators.GeniusBOABaselineNegotiator']","[0.006459749129135162, 0.006154743081424385]",50,inf,50,inf,0.0,0.0,inf,inf,"{'rep': 0, 'n_repetitions': 2}",S4_A,epvhy23Tpw8,negmas.sao.mechanism.SAOMechanism,epvhy23Tpw8,43,0.015616541,,0,2,0.9999999999999999,0.9941520467836257,0.9941520467836257,0.9999999999999999,0.9999999999999999,0.9941520467836257,0.9999999999999999,negmas.preferences.ops.OutcomeOptimality,0.9941520467836257
374,False,False,True,39,0.043960625,0.7843137254901961,False,False,"(6, 4, 9, 'standard')",,2,False,,,,{},,[],"[6, 4, 9, 'standard']",LinearTBNegotiator@0,,2,"[['LinearTBNegotiator@0', [6, 4, 9, 'standard']]]",[None],LinearTBNegotiator@0,,"[['LinearTBNegotiator@0', None]]","(0.23703471649526825, 0.6710310965630115)","[0.9999999999999999, 0.9999999999999999]","[0.0, 0.016366612111292964]","(0.0012950634439420957, 0.0006426653306037134)","['LinearTBNegotiator', 'BoulwareTBNegotiator']",,GHHot5dDEjo,0.04425545799313113,"['LinearTBNegotiator@0', 'BoulwareTBNegotiator@1']","['LinearTBNegotiator@0', 'BoulwareTBNegotiator@1']","['negmas.gb.negotiators.timebased.LinearTBNegotiator', 'negmas.gb.negotiators.timebased.BoulwareTBNegotiator']","[0.0224838760914281, 0.01867103873519227]",50,inf,50,inf,0.0,0.0,inf,inf,"{'rep': 0, 'n_repetitions': 2}",S2_E,GHHot5dDEjo,negmas.sao.mechanism.SAOMechanism,GHHot5dDEjo,39,0.043960625,,0,2,0.9694735723246475,0.70911502398021,0.7441159507431945,0.7325810824533303,0.7392661263016912,0.7325810824533303,0.7325810824533303,negmas.preferences.ops.OutcomeOptimality,0.7441159507431945
375,False,False,True,38,0.031906709,0.7647058823529411,False,False,"(4, 5, 0, 'basic')",,2,False,,,,{},,[],"[4, 5, 0, 'basic']",SmartAspirationNegotiator@1,,2,[],"[None, None]",SmartAspirationNegotiator@1,,[],"(0.30187306783051465, 0.7258064516129032)","[0.9999999999999999, 0.9999999999999999]","[0.016366612111292964, 0.0]","(0.0006426653306037134, 0.0012950634439420957)","['LinearTBNegotiator', 'SmartAspirationNegotiator']",,mknG4i8cIr4,0.037584583973512053,"['LinearTBNegotiator@0', 'SmartAspirationNegotiator@1']","['LinearTBNegotiator@0', 'SmartAspirationNegotiator@1']","['negmas.gb.negotiators.timebased.LinearTBNegotiator', 'src.negotiators.SmartAspirationNegotiator']","[0.020473551063332707, 0.014107536291703582]",50,inf,50,inf,0.0,0.0,inf,inf,"{'rep': 0, 'n_repetitions': 2}",S2_E-1,mknG4i8cIr4,negmas.sao.mechanism.SAOMechanism,mknG4i8cIr4,38,0.031906709,,0,2,0.9454102745825437,0.7845053897860967,0.7558778564162505,0.7723591634059338,0.8366449286972107,0.7723591634059338,0.7723591634059338,negmas.preferences.ops.OutcomeOptimality,0.7845053897860967
376,False,False,True,31,0.041775917,0.6274509803921569,False,False,"(9, 2, 9, 'premium')",,2,False,,,,{},,[],"[9, 2, 9, 'premium']",BoulwareTBNegotiator@0,,2,"[['BoulwareTBNegotiator@0', [9, 2, 9, 'premium']]]",[None],BoulwareTBNegotiator@0,,"[['BoulwareTBNegotiator@0', None]]","(0.8657937806873975, 0.17741935483870966)","[0.9999999999999999, 0.9999999999999999]","[0.016366612111292964, 0.0]","(0.0006426653306037134, 0.0012950634439420957)","['BoulwareTBNegotiator', 'ConcederTBNegotiator']",,LrUqzLdUHQU,0.042033915990032256,"['BoulwareTBNegotiator@0', 'ConcederTBNegotiator@1']","['BoulwareTBNegotiator@0', 'ConcederTBNegotiator@1']","['negmas.gb.negotiators.timebased.BoulwareTBNegotiator', 'negmas.gb.negotiators.timebased.ConcederTBNegotiator']","[0.01635871035978198, 0.02321124414447695]",50,inf,50,inf,0.0,0.0,inf,inf,"{'rep': 1, 'n_repetitions': 2}",S2_E-1,LrUqzLdUHQU,negmas.sao.mechanism.SAOMechanism,LrUqzLdUHQU,31,0.041775917,,1,2,1.0,0.6181361991736312,0.6553875741567566,0.6401835445286903,0.8492910123001515,0.6401835445286903,0.6401835445286903,negmas.preferences.ops.OutcomeOptimality,0.6553875741567566
377,False,False,True,43,0.015770458,0.8627450980392157,False,False,"(2, 5, 7, 'standard')",,2,False,,,,{},,[],"[2, 5, 7, 'standard']",GeniusBOABaselineNegotiator@0,,2,"[['GeniusBOABaselineNegotiator@0', [2, 5, 7, 'standard']]]",[None],GeniusBOABaselineNegotiator@0,,"[['GeniusBOABaselineNegotiator@0', None]]","(0.4970760233918128, 0.5029239766081871)","[1.0, 1.0]","[0.0, 0.0]","(0.004370114375307104, 0.0034960628013070215)","['GeniusBOABaselineNegotiator', 'GeniusBOABaselineNegotiator']",,42LbpLO5eFw,0.01599487499333918,"['GeniusBOABaselineNegotiator@0', 'GeniusBOABaselineNegotiator@1']","['GeniusBOABaselineNegotiator@0', 'GeniusBOABaselineNegotiator@1']","['src.negotiators.GeniusBOABaselineNegotiator', 'src.negotiators.GeniusBOABaselineNegotiator']","[0.006542374205309898, 0.006243658950552344]",50,inf,50,inf,0.0,0.0,inf,inf,"{'rep': 1, 'n_repetitions': 2}",S4_A,42LbpLO5eFw,negmas.sao.mechanism.SAOMechanism,42LbpLO5eFw,43,0.015770458,,1,2,0.9999999999999999,0.9941520467836257,0.9941520467836257,0.9999999999999999,0.9999999999999999,0.9941520467836257,0.9999999999999999,negmas.preferences.ops.OutcomeOptimality,0.9941520467836257
378,False,False,True,43,0.017518833,0.8627450980392157,False,False,"(7, 10, 8, 'standard')",,2,False,,,,{},,[],"[7, 10, 8, 'standard']",GeniusBOABaselineNegotiator@1,,2,[],"[None, None]",GeniusBOABaselineNegotiator@1,,[],"(0.7894736842105263, 0.559779077322937)","[1.0, 1.0]","[0.09356725146198831, 0.046783625730994156]","(0.0008771261662935939, 0.0007442816259952948)","['GeniusBOABaselineNegotiator', 'GeniusBOABaselineNegotiator']",,UyqfNEmMX_8,0.017723625001963228,"['GeniusBOABaselineNegotiator@0', 'GeniusBOABaselineNegotiator@1']","['GeniusBOABaselineNegotiator@0', 'GeniusBOABaselineNegotiator@1']","['src.negotiators.GeniusBOABaselineNegotiator', 'src.negotiators.GeniusBOABaselineNegotiator']","[0.007272795948665589, 0.007229158247355372]",50,inf,50,inf,0.0,0.0,inf,inf,"{'rep': 0, 'n_repetitions': 2}",S0_F,UyqfNEmMX_8,negmas.sao.mechanism.SAOMechanism,UyqfNEmMX_8,43,0.017518833,,0,2,0.9573599675039428,0.8625646620321361,0.8625646620321361,0.8474798110912376,0.8921745256681245,0.8474798110912376,0.8474798110912376,negmas.preferences.ops.OutcomeOptimality,0.8625646620321361
379,False,False,True,22,0.027948125,0.45098039215686275,False,False,"(7, 10, 5, 'standard')",,2,False,,,,{},,[],"[7, 10, 5, 'standard']",LinearTBNegotiator@0,,2,"[['LinearTBNegotiator@0', [7, 10, 5, 'standard']]]",[None],LinearTBNegotiator@0,,"[['LinearTBNegotiator@0', None]]","(0.5790272025991713, 0.5767195767195767)","[1.0, 1.0]","[0.023809523809523808, 0.0]","(0.0007754352238636291, 0.002193248997500751)","['LinearTBNegotiator', 'LinearTBNegotiator']",,ED9OhfS71yg,0.028178708045743406,"['LinearTBNegotiator@0', 'LinearTBNegotiator@1']","['LinearTBNegotiator@0', 'LinearTBNegotiator@1']","['negmas.gb.negotiators.timebased.LinearTBNegotiator', 'negmas.gb.negotiators.timebased.LinearTBNegotiator']","[0.013769455661531538, 0.012693499389570206]",50,inf,50,inf,0.0,0.0,inf,inf,"{'rep': 1, 'n_repetitions': 2}",S1_B-1,ED9OhfS71yg,negmas.sao.mechanism.SAOMechanism,ED9OhfS71yg,22,0.027948125,,1,2,0.9736745881204828,0.9567674947426404,0.9677024037038318,0.9677024037038318,0.9301441682228879,0.9677024037038318,0.9677024037038318,negmas.preferences.ops.OutcomeOptimality,0.9677024037038318
380,False,False,True,31,0.040626667,0.6274509803921569,False,False,"(9, 7, 9, 'basic')",,2,False,,,,{},,[],"[9, 7, 9, 'basic']",BoulwareTBNegotiator@1,,2,[],"[None, None]",BoulwareTBNegotiator@1,,[],"(0.1185236972314441, 0.8821603927986906)","[0.9999999999999999, 0.9999999999999999]","[0.0, 0.016366612111292964]","(0.0010624744725208587, 0.0007574209704742231)","['ConcederTBNegotiator', 'BoulwareTBNegotiator']",,f_iRTGDupBw,0.04085408302489668,"['ConcederTBNegotiator@0', 'BoulwareTBNegotiator@1']","['ConcederTBNegotiator@0', 'BoulwareTBNegotiator@1']","['negmas.gb.negotiators.timebased.ConcederTBNegotiator', 'negmas.gb.negotiators.timebased.BoulwareTBNegotiator']","[0.02272883866680786, 0.015708371240179986]",50,inf,50,inf,0.0,0.0,inf,inf,"{'rep': 0, 'n_repetitions': 2}",S3_E,f_iRTGDupBw,negmas.sao.mechanism.SAOMechanism,f_iRTGDupBw,31,0.040626667,,0,2,0.9763036178091531,0.575956136137469,0.6132082015172416,0.598227682953997,0.8146676598217358,0.598227682953997,0.598227682953997,negmas.preferences.ops.OutcomeOptimality,0.6132082015172416
381,False,False,True,37,0.019271208,0.7450980392156863,False,False,"(9, 10, 7, 'standard')",,2,False,,,,{},,[],"[9, 10, 7, 'standard']",SmartAspirationNegotiator@0,,2,"[['SmartAspirationNegotiator@0', [9, 10, 7, 'standard']]]",[None],SmartAspirationNegotiator@0,,"[['SmartAspirationNegotiator@0', None]]","(0.7397660818713451, 0.7725532264198727)","[1.0, 1.0]","[0.046783625730994156, 0.09356725146198831]","(0.0007811278057266481, 0.0009639366705748589)","['SmartAspirationNegotiator', 'SmartAspirationNegotiator']",,kp-4McCWtDs,0.030465709045529366,"['SmartAspirationNegotiator@0', 'SmartAspirationNegotiator@1']","['SmartAspirationNegotiator@0', 'SmartAspirationNegotiator@1']","['src.negotiators.SmartAspirationNegotiator', 'src.negotiators.SmartAspirationNegotiator']","[0.013767002208624035, 0.013906708161812276]",50,inf,50,inf,0.0,0.0,inf,inf,"{'rep': 0, 'n_repetitions': 2}",S5_F-1,kp-4McCWtDs,negmas.sao.mechanism.SAOMechanism,kp-4McCWtDs,37,0.019271208,,0,2,1.0,1.0,1.0,0.9807999989329749,1.0,0.9807999989329749,0.9807999989329749,negmas.preferences.ops.OutcomeOptimality,1.0
382,False,False,True,40,0.033495417,0.803921568627451,False,False,"(6, 4, 9, 'standard')",,2,False,,,,{},,[],"[6, 4, 9, 'standard']",LinearTBNegotiator@1,,2,[],"[None, None]",LinearTBNegotiator@1,,[],"(0.6710310965630115, 0.23703471649526825)","[0.9999999999999999, 0.9999999999999999]","[0.016366612111292964, 0.0]","(0.0007574209704742231, 0.0010624744725208587)","['GeniusBOABaselineNegotiator', 'LinearTBNegotiator']",,bnTV_Z_1ghk,0.033706832968164235,"['GeniusBOABaselineNegotiator@0', 'LinearTBNegotiator@1']","['GeniusBOABaselineNegotiator@0', 'LinearTBNegotiator@1']","['src.negotiators.GeniusBOABaselineNegotiator', 'negmas.gb.negotiators.timebased.LinearTBNegotiator']","[0.0075496272766031325, 0.022988874232396483]",50,inf,50,inf,0.0,0.0,inf,inf,"{'rep': 0, 'n_repetitions': 2}",S3_E-1,bnTV_Z_1ghk,negmas.sao.mechanism.SAOMechanism,bnTV_Z_1ghk,40,0.033495417,,0,2,0.9694735723246475,0.70911502398021,0.7441159507431945,0.7325810824533303,0.7392661263016912,0.7325810824533303,0.7325810824533303,negmas.preferences.ops.OutcomeOptimality,0.7441159507431945
383,False,False,True,43,0.043797542,0.8627450980392157,False,False,"(7, 5, 2, 'standard')",,2,False,,,,{},,[],"[7, 5, 2, 'standard']",BoulwareTBNegotiator@0,,2,"[['BoulwareTBNegotiator@0', [7, 5, 2, 'standard']]]",[None],BoulwareTBNegotiator@0,,"[['BoulwareTBNegotiator@0', None]]","(0.4970760233918128, 0.5029239766081871)","[1.0, 1.0]","[0.0, 0.0]","(0.004370114375307104, 0.0034960628013070215)","['BoulwareTBNegotiator', 'BoulwareTBNegotiator']",,a_o9dSC85KI,0.04412779095582664,"['BoulwareTBNegotiator@0', 'BoulwareTBNegotiator@1']","['BoulwareTBNegotiator@0', 'BoulwareTBNegotiator@1']","['negmas.gb.negotiators.timebased.BoulwareTBNegotiator', 'negmas.gb.negotiators.timebased.BoulwareTBNegotiator']","[0.02078841597540304, 0.019931324932258576]",50,inf,50,inf,0.0,0.0,inf,inf,"{'rep': 0, 'n_repetitions': 2}",S4_A,a_o9dSC85KI,negmas.sao.mechanism.SAOMechanism,a_o9dSC85KI,43,0.043797542,,0,2,0.9999999999999999,0.9941520467836257,0.9941520467836257,0.9999999999999999,0.9999999999999999,0.9941520467836257,0.9999999999999999,negmas.preferences.ops.OutcomeOptimality,0.9941520467836257
384,False,False,True,38,0.030009291,0.7647058823529411,False,False,"(7, 8, 8, 'basic')",,2,False,,,,{},,[],"[7, 8, 8, 'basic']",LinearTBNegotiator@1,,2,[],"[None, None]",LinearTBNegotiator@1,,[],"(0.7076023391812865, 0.2923976608187134)","[1.0, 1.0]","[0.0, 0.0]","(0.0034960628013070215, 0.004370114375307104)","['GeniusBOABaselineNegotiator', 'LinearTBNegotiator']",,uhFlS1PYfRA,0.03028312500100583,"['GeniusBOABaselineNegotiator@0', 'LinearTBNegotiator@1']","['GeniusBOABaselineNegotiator@0', 'LinearTBNegotiator@1']","['src.negotiators.GeniusBOABaselineNegotiator', 'negmas.gb.negotiators.timebased.LinearTBNegotiator']","[0.006335837300866842, 0.02099086984526366]",50,inf,50,inf,0.0,0.0,inf,inf,"{'rep': 0, 'n_repetitions': 2}",S4_A-1,uhFlS1PYfRA,negmas.sao.mechanism.SAOMechanism,uhFlS1PYfRA,38,0.030009291,,0,2,0.9999999999999999,0.7894736842105263,0.7894736842105263,0.7953216374269007,0.9999999999999998,0.7894736842105263,0.7953216374269007,negmas.preferences.ops.OutcomeOptimality,0.7894736842105263
385,False,False,True,43,0.033872583,0.8627450980392157,False,False,"(9, 9, 6, 'premium')",,2,False,,,,{},,[],"[9, 9, 6, 'premium']",SmartAspirationNegotiator@0,,2,"[['SmartAspirationNegotiator@0', [9, 9, 6, 'premium']]]",[None],SmartAspirationNegotiator@0,,"[['SmartAspirationNegotiator@0', None]]","(0.4678362573099415, 0.5321637426900585)","[1.0, 1.0]","[0.0, 0.0]","(0.0034960628013070215, 0.004370114375307104)","['SmartAspirationNegotiator', 'BoulwareTBNegotiator']",,avZAtpYYeG4,0.03872875001979992,"['SmartAspirationNegotiator@0', 'BoulwareTBNegotiator@1']","['SmartAspirationNegotiator@0', 'BoulwareTBNegotiator@1']","['src.negotiators.SmartAspirationNegotiator', 'negmas.gb.negotiators.timebased.BoulwareTBNegotiator']","[0.01583350880537182, 0.019516982196364552]",50,inf,50,inf,0.0,0.0,inf,inf,"{'rep': 1, 'n_repetitions': 2}",S4_A-1,avZAtpYYeG4,negmas.sao.mechanism.SAOMechanism,avZAtpYYeG4,43,0.033872583,,1,2,1.0,0.9707602339181287,0.9707602339181287,0.9707602339181287,1.0,0.9707602339181287,0.9707602339181287,negmas.preferences.ops.OutcomeOptimality,0.9707602339181287
386,False,False,True,30,0.032854666,0.6078431372549019,False,False,"(1, 4, 0, 'premium')",,2,False,,,,{},,[],"[1, 4, 0, 'premium']",ConcederTBNegotiator@0,,2,"[['ConcederTBNegotiator@0', [1, 4, 0, 'premium']]]",[None],ConcederTBNegotiator@0,,"[['ConcederTBNegotiator@0', None]]","(0.1387525004546281, 0.9144540713339779)","[0.9999999999999999, 0.9999999999999999]","[0.016366612111292964, 0.0]","(0.0006426653306037134, 0.0012950634439420957)","['ConcederTBNegotiator', 'SmartAspirationNegotiator']",,r0BPKTvijAw,0.038513500010594726,"['ConcederTBNegotiator@0', 'SmartAspirationNegotiator@1']","['ConcederTBNegotiator@0', 'SmartAspirationNegotiator@1']","['negmas.gb.negotiators.timebased.ConcederTBNegotiator', 'src.negotiators.SmartAspirationNegotiator']","[0.02305737097049132, 0.013083920755889267]",50,inf,50,inf,0.0,0.0,inf,inf,"{'rep': 0, 'n_repetitions': 2}",S2_E-1,r0BPKTvijAw,negmas.sao.mechanism.SAOMechanism,r0BPKTvijAw,30,0.032854666,,0,2,0.9875390245474492,0.6218815860491587,0.588727183871518,0.6055037501538055,0.857426776038838,0.6055037501538055,0.6055037501538055,negmas.preferences.ops.OutcomeOptimality,0.6218815860491587
387,False,False,True,43,0.02099575,0.8627450980392157,False,False,"(0, 7, 8, 'basic')",,2,False,,,,{},,[],"[0, 7, 8, 'basic']",SmartAspirationNegotiator@0,,2,"[['SmartAspirationNegotiator@0', [0, 7, 8, 'basic']]]",[None],SmartAspirationNegotiator@0,,"[['SmartAspirationNegotiator@0', None]]","(0.4678362573099415, 0.5321637426900585)","[1.0, 1.0]","[0.0, 0.0]","(0.004370114375307104, 0.0034960628013070215)","['SmartAspirationNegotiator', 'GeniusBOABaselineNegotiator']",,R6bfSQOlbmw,0.026057041017338634,"['SmartAspirationNegotiator@0', 'GeniusBOABaselineNegotiator@1']","['SmartAspirationNegotiator@0', 'GeniusBOABaselineNegotiator@1']","['src.negotiators.SmartAspirationNegotiator', 'src.negotiators.GeniusBOABaselineNegotiator']","[0.016109042102470994, 0.0065799562144093215]",50,inf,50,inf,0.0,0.0,inf,inf,"{'rep': 0, 'n_repetitions': 2}",S4_A,R6bfSQOlbmw,negmas.sao.mechanism.SAOMechanism,R6bfSQOlbmw,43,0.02099575,,0,2,1.0,0.9649122807017543,0.9649122807017543,0.9707602339181287,1.0,0.9649122807017543,0.9707602339181287,negmas.preferences.ops.OutcomeOptimality,0.9649122807017543
388,False,False,True,30,0.031348,0.6078431372549019,False,False,"(1, 6, 0, 'standard')",,2,False,,,,{},,[],"[1, 6, 0, 'standard']",SmartAspirationNegotiator@0,,2,"[['SmartAspirationNegotiator@0', [1, 6, 0, 'standard']]]",[None],SmartAspirationNegotiator@0,,"[['SmartAspirationNegotiator@0', None]]","(0.8904549021370864, 0.1485724677214039)","[0.9999999999999999, 0.9999999999999999]","[0.0, 0.016366612111292964]","(0.0010624744725208587, 0.0007574209704742231)","['SmartAspirationNegotiator', 'ConcederTBNegotiator']",,QuhnpE0SYf0,0.03708466701209545,"['SmartAspirationNegotiator@0', 'ConcederTBNegotiator@1']","['SmartAspirationNegotiator@0', 'ConcederTBNegotiator@1']","['src.negotiators.SmartAspirationNegotiator', 'negmas.gb.negotiators.timebased.ConcederTBNegotiator']","[0.013003630272578448, 0.021613327495288104]",50,inf,50,inf,0.0,0.0,inf,inf,"{'rep': 0, 'n_repetitions': 2}",S3_E,QuhnpE0SYf0,negmas.sao.mechanism.SAOMechanism,QuhnpE0SYf0,30,0.031348,,0,2,0.9800410753248283,0.6366318463672536,0.6039651735915272,0.6207403505252886,0.8458833355368517,0.6207403505252886,0.6207403505252886,negmas.preferences.ops.OutcomeOptimality,0.6366318463672536
389,False,False,True,33,0.038347709,0.6666666666666666,False,False,"(0, 10, 3, 'standard')",,2,False,,,,{},,[],"[0, 10, 3, 'standard']",BoulwareTBNegotiator@0,,2,"[['BoulwareTBNegotiator@0', [0, 10, 3, 'standard']]]",[None],BoulwareTBNegotiator@0,,"[['BoulwareTBNegotiator@0', None]]","(0.8253968253968255, 0.3839132298329081)","[1.0, 1.0]","[0.0, 0.023809523809523808]","(0.002193248997500751, 0.0007754352238636291)","['BoulwareTBNegotiator', 'LinearTBNegotiator']",,Av2MlPctLJI,0.03863266599364579,"['BoulwareTBNegotiator@0', 'LinearTBNegotiator@1']","['BoulwareTBNegotiator@0', 'LinearTBNegotiator@1']","['negmas.gb.negotiators.timebased.BoulwareTBNegotiator', 'negmas.gb.negotiators.timebased.LinearTBNegotiator']","[0.016591961088124663, 0.01944469631416723]",50,inf,50,inf,0.0,0.0,inf,inf,"{'rep': 1, 'n_repetitions': 2}",S1_B,Av2MlPctLJI,negmas.sao.mechanism.SAOMechanism,Av2MlPctLJI,33,0.038347709,,1,2,0.9855095709579489,0.7964202352116565,0.7752162495989036,0.7752162495989036,0.9732518537566377,0.7752162495989036,0.7752162495989036,negmas.preferences.ops.OutcomeOptimality,0.7964202352116565
390,False,False,True,38,0.018310084,0.7647058823529411,False,False,"(9, 10, 7, 'standard')",,2,False,,,,{},,[],"[9, 10, 7, 'standard']",SmartAspirationNegotiator@1,,2,[],"[None, None]",SmartAspirationNegotiator@1,,[],"(0.7725532264198727, 0.7397660818713451)","[1.0, 1.0]","[0.09356725146198831, 0.046783625730994156]","(0.0008771261662935939, 0.0007442816259952948)","['GeniusBOABaselineNegotiator', 'SmartAspirationNegotiator']",,PWv9HjViNsI,0.023993459006305784,"['GeniusBOABaselineNegotiator@0', 'SmartAspirationNegotiator@1']","['GeniusBOABaselineNegotiator@0', 'SmartAspirationNegotiator@1']","['src.negotiators.GeniusBOABaselineNegotiator', 'src.negotiators.SmartAspirationNegotiator']","[0.007233874872326851, 0.013846160902176052]",50,inf,50,inf,0.0,0.0,inf,inf,"{'rep': 0, 'n_repetitions': 2}",S0_F,PWv9HjViNsI,negmas.sao.mechanism.SAOMechanism,PWv9HjViNsI,38,0.018310084,,0,2,1.0,1.0,1.0,0.9807999989329749,1.0,0.9807999989329749,0.9807999989329749,negmas.preferences.ops.OutcomeOptimality,1.0
391,False,False,True,17,0.026544292,0.35294117647058826,False,False,"(9, 1, 2, 'basic')",,2,False,,,,{},,[],"[9, 1, 2, 'basic']",LinearTBNegotiator@1,,2,[],"[None, None]",LinearTBNegotiator@1,,[],"(0.30734767025089604, 0.6919439898163302)","[0.9999999999999999, 0.9999999999999999]","[0.0, 0.016366612111292964]","(0.0012950634439420957, 0.0006426653306037134)","['ConcederTBNegotiator', 'LinearTBNegotiator']",,sw_EigCfd7Q,0.026763041969388723,"['ConcederTBNegotiator@0', 'LinearTBNegotiator@1']","['ConcederTBNegotiator@0', 'LinearTBNegotiator@1']","['negmas.gb.negotiators.timebased.ConcederTBNegotiator', 'negmas.gb.negotiators.timebased.LinearTBNegotiator']","[0.014044916199054569, 0.011394038971047848]",50,inf,50,inf,0.0,0.0,inf,inf,"{'rep': 0, 'n_repetitions': 2}",S2_E,sw_EigCfd7Q,negmas.sao.mechanism.SAOMechanism,sw_EigCfd7Q,17,0.026544292,,0,2,1.0,0.7541134173788117,0.7902421138444015,0.7774568873879285,0.8135340676414962,0.7774568873879285,0.7774568873879285,negmas.preferences.ops.OutcomeOptimality,0.7902421138444015
392,False,False,True,41,0.021815708,0.8235294117647058,False,False,"(9, 5, 0, 'basic')",,2,False,,,,{},,[],"[9, 5, 0, 'basic']",SmartAspirationNegotiator@0,,2,"[['SmartAspirationNegotiator@0', [9, 5, 0, 'basic']]]",[None],SmartAspirationNegotiator@0,,"[['SmartAspirationNegotiator@0', None]]","(0.5973813420621931, 0.6048387096774194)","[0.9999999999999999, 0.9999999999999999]","[0.016366612111292964, 0.0]","(0.0007574209704742231, 0.0010624744725208587)","['SmartAspirationNegotiator', 'SmartAspirationNegotiator']",,0QVhgj1oipk,0.03326395800104365,"['SmartAspirationNegotiator@0', 'SmartAspirationNegotiator@1']","['SmartAspirationNegotiator@0', 'SmartAspirationNegotiator@1']","['src.negotiators.SmartAspirationNegotiator', 'src.negotiators.SmartAspirationNegotiator']","[0.015025457192678005, 0.015111704589799047]",50,inf,50,inf,0.0,0.0,inf,inf,"{'rep': 1, 'n_repetitions': 2}",S3_E-1,0QVhgj1oipk,negmas.sao.mechanism.SAOMechanism,0QVhgj1oipk,41,0.021815708,,1,2,1.0,0.9765338686924485,0.9832225744061249,1.0,0.9787402496945685,1.0,1.0,negmas.preferences.ops.OutcomeOptimality,1.0
393,False,False,True,41,0.015925084,0.8235294117647058,False,False,"(0, 5, 9, 'premium')",,2,False,,,,{},,[],"[0, 5, 9, 'premium']",GeniusBOABaselineNegotiator@0,,2,"[['GeniusBOABaselineNegotiator@0', [0, 5, 9, 'premium']]]",[None],GeniusBOABaselineNegotiator@0,,"[['GeniusBOABaselineNegotiator@0', None]]","(0.582010582010582, 0.6031746031746031)","[1.0, 1.0]","[0.0, 0.023809523809523808]","(0.002193248997500751, 0.0007754352238636291)","['GeniusBOABaselineNegotiator', 'GeniusBOABaselineNegotiator']",,ipLqYJQmHhw,0.016176334000192583,"['GeniusBOABaselineNegotiator@0', 'GeniusBOABaselineNegotiator@1']","['GeniusBOABaselineNegotiator@0', 'GeniusBOABaselineNegotiator@1']","['src.negotiators.GeniusBOABaselineNegotiator', 'src.negotiators.GeniusBOABaselineNegotiator']","[0.006565793184563518, 0.006472591019701213]",50,inf,50,inf,0.0,0.0,inf,inf,"{'rep': 1, 'n_repetitions': 2}",S1_B,ipLqYJQmHhw,negmas.sao.mechanism.SAOMechanism,ipLqYJQmHhw,41,0.015925084,,1,2,0.9912092750886039,0.9617153631935871,0.9802359416950643,0.9802359416950643,0.9538361758740667,0.9802359416950643,0.9802359416950643,negmas.preferences.ops.OutcomeOptimality,0.9802359416950643
394,False,False,True,30,0.031017083,0.6078431372549019,False,False,"(3, 10, 0, 'standard')",,2,False,,,,{},,[],"[3, 10, 0, 'standard']",ConcederTBNegotiator@1,,2,[],"[None, None]",ConcederTBNegotiator@1,,[],"(0.9473684210526316, 0.17251461988304095)","[1.0, 1.0]","[0.09356725146198831, 0.046783625730994156]","(0.0008771261662935939, 0.0007442816259952948)","['SmartAspirationNegotiator', 'ConcederTBNegotiator']",,aeyJny8r7vI,0.03686937497695908,"['SmartAspirationNegotiator@0', 'ConcederTBNegotiator@1']","['SmartAspirationNegotiator@0', 'ConcederTBNegotiator@1']","['src.negotiators.SmartAspirationNegotiator', 'negmas.gb.negotiators.timebased.ConcederTBNegotiator']","[0.013113247405271977, 0.02139529085252434]",50,inf,50,inf,0.0,0.0,inf,inf,"{'rep': 0, 'n_repetitions': 2}",S0_F,aeyJny8r7vI,negmas.sao.mechanism.SAOMechanism,aeyJny8r7vI,30,0.031017083,,0,2,0.9816984826275842,0.5487427081223939,0.5487427081223939,0.5318374353927556,0.7405070045697147,0.5318374353927556,0.5318374353927556,negmas.preferences.ops.OutcomeOptimality,0.5487427081223939
395,False,False,True,36,0.030918167,0.7254901960784313,False,False,"(4, 10, 4, 'basic')",,2,False,,,,{},,[],"[4, 10, 4, 'basic']",SmartAspirationNegotiator@0,,2,"[['SmartAspirationNegotiator@0', [4, 10, 4, 'basic']]]",[None],SmartAspirationNegotiator@0,,"[['SmartAspirationNegotiator@0', None]]","(0.7793597066154879, 0.3794671864847304)","[1.0, 1.0]","[0.09356725146198831, 0.046783625730994156]","(0.0009639366705748589, 0.0007811278057266481)","['SmartAspirationNegotiator', 'LinearTBNegotiator']",,v_f17wM9KBo,0.03676749998703599,"['SmartAspirationNegotiator@0', 'LinearTBNegotiator@1']","['SmartAspirationNegotiator@0', 'LinearTBNegotiator@1']","['src.negotiators.SmartAspirationNegotiator', 'negmas.gb.negotiators.timebased.LinearTBNegotiator']","[0.014145713998004794, 0.01971329189836979]",50,inf,50,inf,0.0,0.0,inf,inf,"{'rep': 1, 'n_repetitions': 2}",S5_F,v_f17wM9KBo,negmas.sao.mechanism.SAOMechanism,v_f17wM9KBo,36,0.030918167,,1,2,0.9239956174677784,0.7260400905445881,0.7260400905445881,0.7121247880259337,0.7662580823685883,0.7121247880259337,0.7121247880259337,negmas.preferences.ops.OutcomeOptimality,0.7260400905445881
396,False,False,True,37,0.029222583,0.7450980392156863,False,False,"(9, 10, 7, 'standard')",,2,False,,,,{},,[],"[9, 10, 7, 'standard']",SmartAspirationNegotiator@0,,2,"[['SmartAspirationNegotiator@0', [9, 10, 7, 'standard']]]",[None],SmartAspirationNegotiator@0,,"[['SmartAspirationNegotiator@0', None]]","(0.7397660818713451, 0.7725532264198727)","[1.0, 1.0]","[0.046783625730994156, 0.09356725146198831]","(0.0007811278057266481, 0.0009639366705748589)","['SmartAspirationNegotiator', 'BoulwareTBNegotiator']",,YT_fDxpW1io,0.034919457975775,"['SmartAspirationNegotiator@0', 'BoulwareTBNegotiator@1']","['SmartAspirationNegotiator@0', 'BoulwareTBNegotiator@1']","['src.negotiators.SmartAspirationNegotiator', 'negmas.gb.negotiators.timebased.BoulwareTBNegotiator']","[0.014010882761795074, 0.017965161590836942]",50,inf,50,inf,0.0,0.0,inf,inf,"{'rep': 0, 'n_repetitions': 2}",S5_F-1,YT_fDxpW1io,negmas.sao.mechanism.SAOMechanism,YT_fDxpW1io,37,0.029222583,,0,2,1.0,1.0,1.0,0.9807999989329749,1.0,0.9807999989329749,0.9807999989329749,negmas.preferences.ops.OutcomeOptimality,1.0
397,False,False,True,37,0.031539541,0.7450980392156863,False,False,"(4, 10, 4, 'basic')",,2,False,,,,{},,[],"[4, 10, 4, 'basic']",SmartAspirationNegotiator@1,,2,[],"[None, None]",SmartAspirationNegotiator@1,,[],"(0.3794671864847304, 0.7793597066154879)","[1.0, 1.0]","[0.046783625730994156, 0.09356725146198831]","(0.0007442816259952948, 0.0008771261662935939)","['LinearTBNegotiator', 'SmartAspirationNegotiator']",,FYZh8H-XxWo,0.03732162498636171,"['LinearTBNegotiator@0', 'SmartAspirationNegotiator@1']","['LinearTBNegotiator@0', 'SmartAspirationNegotiator@1']","['negmas.gb.negotiators.timebased.LinearTBNegotiator', 'src.negotiators.SmartAspirationNegotiator']","[0.02035795961273834, 0.014064162620343268]",50,inf,50,inf,0.0,0.0,inf,inf,"{'rep': 1, 'n_repetitions': 2}",S0_F-1,FYZh8H-XxWo,negmas.sao.mechanism.SAOMechanism,FYZh8H-XxWo,37,0.031539541,,1,2,0.9239956174677784,0.7260400905445881,0.7260400905445881,0.7121247880259337,0.7662580823685883,0.7121247880259337,0.7121247880259337,negmas.preferences.ops.OutcomeOptimality,0.7260400905445881
398,False,False,True,35,0.039411459,0.7058823529411765,False,False,"(5, 3, 9, 'standard')",,2,False,,,,{},,[],"[5, 3, 9, 'standard']",BoulwareTBNegotiator@0,,2,"[['BoulwareTBNegotiator@0', [5, 3, 9, 'standard']]]",[None],BoulwareTBNegotiator@0,,"[['BoulwareTBNegotiator@0', None]]","(0.7857142857142857, 0.3174603174603175)","[1.0, 1.0]","[0.023809523809523808, 0.0]","(0.0007754352238636291, 0.002193248997500751)","['BoulwareTBNegotiator', 'LinearTBNegotiator']",,zSmbr896Gqo,0.03968241700204089,"['BoulwareTBNegotiator@0', 'LinearTBNegotiator@1']","['BoulwareTBNegotiator@0', 'LinearTBNegotiator@1']","['negmas.gb.negotiators.timebased.BoulwareTBNegotiator', 'negmas.gb.negotiators.timebased.LinearTBNegotiator']","[0.0172073349240236, 0.019681911391671747]",50,inf,50,inf,0.0,0.0,inf,inf,"{'rep': 0, 'n_repetitions': 2}",S1_B-1,zSmbr896Gqo,negmas.sao.mechanism.SAOMechanism,zSmbr896Gqo,35,0.039411459,,0,2,0.9912092750886039,0.7350807129090169,0.7571573201665989,0.7571573201665989,0.8878341190613523,0.7571573201665989,0.7571573201665989,negmas.preferences.ops.OutcomeOptimality,0.7571573201665989
399,False,False,True,25,0.027243583,0.5098039215686274,False,False,"(1, 10, 1, 'premium')",,2,False,,,,{},,[],"[1, 10, 1, 'premium']",GeniusBOABaselineNegotiator@0,,2,"[['GeniusBOABaselineNegotiator@0', [1, 10, 1, 'premium']]]",[None],GeniusBOABaselineNegotiator@0,,"[['GeniusBOABaselineNegotiator@0', None]]","(0.9417989417989419, 0.20634920634920634)","[1.0, 1.0]","[0.0, 0.023809523809523808]","(0.002193248997500751, 0.0007754352238636291)","['GeniusBOABaselineNegotiator', 'ConcederTBNegotiator']",,jd_W3WsW6vo,0.0275295419851318,"['GeniusBOABaselineNegotiator@0', 'ConcederTBNegotiator@1']","['GeniusBOABaselineNegotiator@0', 'ConcederTBNegotiator@1']","['src.negotiators.GeniusBOABaselineNegotiator', 'negmas.gb.negotiators.timebased.ConcederTBNegotiator']","[0.005989037803374231, 0.019588621333241463]",50,inf,50,inf,0.0,0.0,inf,inf,"{'rep': 1, 'n_repetitions': 2}",S1_B,jd_W3WsW6vo,negmas.sao.mechanism.SAOMechanism,jd_W3WsW6vo,25,0.027243583,,1,2,1.0,0.6455134195436605,0.6247884002894772,0.6247884002894772,0.9240287953780021,0.6247884002894772,0.6247884002894772,negmas.preferences.ops.OutcomeOptimality,0.6455134195436605
400,False,False,True,33,0.036981041,0.6666666666666666,False,False,"(0, 9, 4, 'premium')",,2,False,,,,{},,[],"[0, 9, 4, 'premium']",BoulwareTBNegotiator@1,,2,[],"[None, None]",BoulwareTBNegotiator@1,,[],"(0.373015873015873, 0.8465608465608465)","[1.0, 1.0]","[0.023809523809523808, 0.0]","(0.0007754352238636291, 0.002193248997500751)","['LinearTBNegotiator', 'BoulwareTBNegotiator']",,cwsWNqkwP2c,0.0372602500137873,"['LinearTBNegotiator@0', 'BoulwareTBNegotiator@1']","['LinearTBNegotiator@0', 'BoulwareTBNegotiator@1']","['negmas.gb.negotiators.timebased.LinearTBNegotiator', 'negmas.gb.negotiators.timebased.BoulwareTBNegotiator']","[0.01926925592124462, 0.015379036776721478]",50,inf,50,inf,0.0,0.0,inf,inf,"{'rep': 1, 'n_repetitions': 2}",S1_B-1,cwsWNqkwP2c,negmas.sao.mechanism.SAOMechanism,cwsWNqkwP2c,33,0.036981041,,1,2,1.0,0.7804057992535158,0.7590536317045327,0.7590536317045327,0.9815144577632695,0.7590536317045327,0.7590536317045327,negmas.preferences.ops.OutcomeOptimality,0.7804057992535158
401,False,False,True,31,0.031652625,0.6274509803921569,False,False,"(1, 4, 0, 'premium')",,2,False,,,,{},,[],"[1, 4, 0, 'premium']",ConcederTBNegotiator@1,,2,[],"[None, None]",ConcederTBNegotiator@1,,[],"(0.9144540713339779, 0.1387525004546281)","[0.9999999999999999, 0.9999999999999999]","[0.0, 0.016366612111292964]","(0.0012950634439420957, 0.0006426653306037134)","['GeniusBOABaselineNegotiator', 'ConcederTBNegotiator']",,GRFurXCXbII,0.03192149999085814,"['GeniusBOABaselineNegotiator@0', 'ConcederTBNegotiator@1']","['GeniusBOABaselineNegotiator@0', 'ConcederTBNegotiator@1']","['src.negotiators.GeniusBOABaselineNegotiator', 'negmas.gb.negotiators.timebased.ConcederTBNegotiator']","[0.007019751938059926, 0.022443538822699338]",50,inf,50,inf,0.0,0.0,inf,inf,"{'rep': 1, 'n_repetitions': 2}",S2_E,GRFurXCXbII,negmas.sao.mechanism.SAOMechanism,GRFurXCXbII,31,0.031652625,,1,2,0.9875390245474492,0.6218815860491587,0.588727183871518,0.6055037501538055,0.857426776038838,0.6055037501538055,0.6055037501538055,negmas.preferences.ops.OutcomeOptimality,0.6218815860491587
402,False,False,True,37,0.019226667,0.7450980392156863,False,False,"(9, 10, 8, 'standard')",,2,False,,,,{},,[],"[9, 10, 8, 'standard']",SmartAspirationNegotiator@0,,2,"[['SmartAspirationNegotiator@0', [9, 10, 8, 'standard']]]",[None],SmartAspirationNegotiator@0,,"[['SmartAspirationNegotiator@0', None]]","(0.7543859649122808, 0.7573099415204678)","[1.0, 1.0]","[0.09356725146198831, 0.046783625730994156]","(0.0008771261662935939, 0.0007442816259952948)","['SmartAspirationNegotiator', 'SmartAspirationNegotiator']",,4GQGMsdijNc,0.03045820799889043,"['SmartAspirationNegotiator@0', 'SmartAspirationNegotiator@1']","['SmartAspirationNegotiator@0', 'SmartAspirationNegotiator@1']","['src.negotiators.SmartAspirationNegotiator', 'src.negotiators.SmartAspirationNegotiator']","[0.014167758170515299, 0.01347583782626316]",50,inf,50,inf,0.0,0.0,inf,inf,"{'rep': 0, 'n_repetitions': 2}",S0_F,4GQGMsdijNc,negmas.sao.mechanism.SAOMechanism,4GQGMsdijNc,37,0.019226667,,0,2,1.0,0.9807999989329749,0.9807999989329749,1.0,0.9995877842364035,1.0,1.0,negmas.preferences.ops.OutcomeOptimality,1.0
403,False,False,True,21,0.027469833,0.43137254901960786,False,False,"(9, 1, 0, 'standard')",,2,False,,,,{},,[],"[9, 1, 0, 'standard']",LinearTBNegotiator@0,,2,"[['LinearTBNegotiator@0', [9, 1, 0, 'standard']]]",[None],LinearTBNegotiator@0,,"[['LinearTBNegotiator@0', None]]","(0.5887096774193548, 0.6104746317512275)","[0.9999999999999999, 0.9999999999999999]","[0.0, 0.016366612111292964]","(0.0012950634439420957, 0.0006426653306037134)","['LinearTBNegotiator', 'LinearTBNegotiator']",,OiusFzMo62g,0.02772616600850597,"['LinearTBNegotiator@0', 'LinearTBNegotiator@1']","['LinearTBNegotiator@0', 'LinearTBNegotiator@1']","['negmas.gb.negotiators.timebased.LinearTBNegotiator', 'negmas.gb.negotiators.timebased.LinearTBNegotiator']","[0.013390125648584217, 0.012674337136559188]",50,inf,50,inf,0.0,0.0,inf,inf,"{'rep': 0, 'n_repetitions': 2}",S2_E,OiusFzMo62g,negmas.sao.mechanism.SAOMechanism,OiusFzMo62g,21,0.027469833,,0,2,0.9948163616773602,0.962770739134347,0.9948163616773602,0.9851895102634617,0.9762688190810784,0.9851895102634617,0.9851895102634617,negmas.preferences.ops.OutcomeOptimality,0.9948163616773602
404,False,False,True,43,0.019926792,0.8627450980392157,False,False,"(9, 2, 0, 'premium')",,2,False,,,,{},,[],"[9, 2, 0, 'premium']",SmartAspirationNegotiator@1,,2,[],"[None, None]",SmartAspirationNegotiator@1,,[],"(0.6854838709677419, 0.541734860883797)","[0.9999999999999999, 0.9999999999999999]","[0.0, 0.016366612111292964]","(0.0010624744725208587, 0.0007574209704742231)","['GeniusBOABaselineNegotiator', 'SmartAspirationNegotiator']",,pUe7Aw9zytk,0.025588291988242418,"['GeniusBOABaselineNegotiator@0', 'SmartAspirationNegotiator@1']","['GeniusBOABaselineNegotiator@0', 'SmartAspirationNegotiator@1']","['src.negotiators.GeniusBOABaselineNegotiator', 'src.negotiators.SmartAspirationNegotiator']","[0.0072533280472271144, 0.015041369653772563]",50,inf,50,inf,0.0,0.0,inf,inf,"{'rep': 1, 'n_repetitions': 2}",S3_E,pUe7Aw9zytk,negmas.sao.mechanism.SAOMechanism,pUe7Aw9zytk,43,0.019926792,,1,2,1.0,0.9508547189471204,0.9143580762567265,0.9301480822807243,0.9990919435291352,0.9301480822807243,0.9301480822807243,negmas.preferences.ops.OutcomeOptimality,0.9508547189471204
405,False,False,True,35,0.030310417,0.7058823529411765,False,False,"(1, 9, 5, 'premium')",,2,False,,,,{},,[],"[1, 9, 5, 'premium']",SmartAspirationNegotiator@0,,2,"[['SmartAspirationNegotiator@0', [1, 9, 5, 'premium']]]",[None],SmartAspirationNegotiator@0,,"[['SmartAspirationNegotiator@0', None]]","(0.7883597883597884, 0.4282335518055205)","[1.0, 1.0]","[0.0, 0.023809523809523808]","(0.002193248997500751, 0.0007754352238636291)","['SmartAspirationNegotiator', 'LinearTBNegotiator']",,YZBNuOiwyr8,0.03529212501598522,"['SmartAspirationNegotiator@0', 'LinearTBNegotiator@1']","['SmartAspirationNegotiator@0', 'LinearTBNegotiator@1']","['src.negotiators.SmartAspirationNegotiator', 'negmas.gb.negotiators.timebased.LinearTBNegotiator']","[0.012231926375534385, 0.02027666085632518]",50,inf,50,inf,0.0,0.0,inf,inf,"{'rep': 0, 'n_repetitions': 2}",S1_B,YZBNuOiwyr8,negmas.sao.mechanism.SAOMechanism,YZBNuOiwyr8,35,0.030310417,,0,2,0.9854054871490555,0.8377143149416592,0.8164358734721721,0.8164358734721721,0.9791134361807083,0.8164358734721721,0.8164358734721721,negmas.preferences.ops.OutcomeOptimality,0.8377143149416592
406,False,False,True,27,0.032678416,0.5490196078431373,False,False,"(8, 7, 5, 'standard')",,2,False,,,,{},,[],"[8, 7, 5, 'standard']",LinearTBNegotiator@1,,2,[],"[None, None]",LinearTBNegotiator@1,,[],"(0.6143599740090968, 0.5380116959064328)","[1.0, 1.0]","[0.046783625730994156, 0.09356725146198831]","(0.0007442816259952948, 0.0008771261662935939)","['LinearTBNegotiator', 'LinearTBNegotiator']",,2GnRbIUcvdM,0.03288387501379475,"['LinearTBNegotiator@0', 'LinearTBNegotiator@1']","['LinearTBNegotiator@0', 'LinearTBNegotiator@1']","['negmas.gb.negotiators.timebased.LinearTBNegotiator', 'negmas.gb.negotiators.timebased.LinearTBNegotiator']","[0.01537050522165373, 0.015425124205648899]",50,inf,50,inf,0.0,0.0,inf,inf,"{'rep': 1, 'n_repetitions': 2}",S0_F-1,2GnRbIUcvdM,negmas.sao.mechanism.SAOMechanism,2GnRbIUcvdM,27,0.032678416,,1,2,0.8278591037218082,0.7978060555542934,0.7978060555542934,0.8028481415680127,0.7619896562833707,0.8028481415680127,0.8028481415680127,negmas.preferences.ops.OutcomeOptimality,0.8028481415680127
407,False,False,True,42,0.032691,0.8431372549019608,False,False,"(2, 10, 4, 'basic')",,2,False,,,,{},,[],"[2, 10, 4, 'basic']",SmartAspirationNegotiator@1,,2,[],"[None, None]",SmartAspirationNegotiator@1,,[],"(0.5793650793650793, 0.582010582010582)","[1.0, 1.0]","[0.023809523809523808, 0.0]","(0.0007754352238636291, 0.002193248997500751)","['BoulwareTBNegotiator', 'SmartAspirationNegotiator']",,fHhS2i1uaL0,0.03778591600712389,"['BoulwareTBNegotiator@0', 'SmartAspirationNegotiator@1']","['BoulwareTBNegotiator@0', 'SmartAspirationNegotiator@1']","['negmas.gb.negotiators.timebased.BoulwareTBNegotiator', 'src.negotiators.SmartAspirationNegotiator']","[0.019775634864345193, 0.014697154751047492]",50,inf,50,inf,0.0,0.0,inf,inf,"{'rep': 1, 'n_repetitions': 2}",S1_B-1,fHhS2i1uaL0,negmas.sao.mechanism.SAOMechanism,fHhS2i1uaL0,42,0.032691,,1,2,0.9747435113226108,0.9604718833901288,0.9704295597377377,0.9704295597377377,0.9346742884123109,0.9704295597377377,0.9704295597377377,negmas.preferences.ops.OutcomeOptimality,0.9704295597377377
408,False,False,True,41,0.032533792,0.8235294117647058,False,False,"(4, 8, 8, 'premium')",,2,False,,,,{},,[],"[4, 8, 8, 'premium']",BoulwareTBNegotiator@0,,2,"[['BoulwareTBNegotiator@0', [4, 8, 8, 'premium']]]",[None],BoulwareTBNegotiator@0,,"[['BoulwareTBNegotiator@0', None]]","(0.5873015873015872, 0.5904521398386507)","[1.0, 1.0]","[0.0, 0.023809523809523808]","(0.002193248997500751, 0.0007754352238636291)","['BoulwareTBNegotiator', 'SmartAspirationNegotiator']",,c5PMfvZG0I0,0.037668083037715405,"['BoulwareTBNegotiator@0', 'SmartAspirationNegotiator@1']","['BoulwareTBNegotiator@0', 'SmartAspirationNegotiator@1']","['negmas.gb.negotiators.timebased.BoulwareTBNegotiator', 'src.negotiators.SmartAspirationNegotiator']","[0.01926530199125409, 0.015237283718306571]",50,inf,50,inf,0.0,0.0,inf,inf,"{'rep': 0, 'n_repetitions': 2}",S1_B,c5PMfvZG0I0,negmas.sao.mechanism.SAOMechanism,c5PMfvZG0I0,41,0.032533792,,0,2,0.9829625189076004,0.9657533700827802,0.9788365509746099,0.9788365509746099,0.947855343839237,0.9788365509746099,0.9788365509746099,negmas.preferences.ops.OutcomeOptimality,0.9788365509746099
409,False,False,True,43,0.029137959,0.8627450980392157,False,False,"(2, 3, 8, 'premium')",,2,False,,,,{},,[],"[2, 3, 8, 'premium']",GeniusBOABaselineNegotiator@0,,2,"[['GeniusBOABaselineNegotiator@0', [2, 3, 8, 'premium']]]",[None],GeniusBOABaselineNegotiator@0,,"[['GeniusBOABaselineNegotiator@0', None]]","(0.4970760233918128, 0.502923976608187)","[1.0, 1.0]","[0.0, 0.0]","(0.0034960628013070215, 0.004370114375307104)","['GeniusBOABaselineNegotiator', 'BoulwareTBNegotiator']",,a3vuzG4UqyI,0.02936570899328217,"['GeniusBOABaselineNegotiator@0', 'BoulwareTBNegotiator@1']","['GeniusBOABaselineNegotiator@0', 'BoulwareTBNegotiator@1']","['src.negotiators.GeniusBOABaselineNegotiator', 'negmas.gb.negotiators.timebased.BoulwareTBNegotiator']","[0.0064379198011010885, 0.019562078814487904]",50,inf,50,inf,0.0,0.0,inf,inf,"{'rep': 0, 'n_repetitions': 2}",S4_A-1,a3vuzG4UqyI,negmas.sao.mechanism.SAOMechanism,a3vuzG4UqyI,43,0.029137959,,0,2,0.9999999999999998,0.9999999999999998,0.9999999999999998,0.9999999999999998,0.9999999999999998,0.9999999999999998,0.9999999999999998,negmas.preferences.ops.OutcomeOptimality,0.9999999999999998
410,False,False,True,16,0.026438625,0.3333333333333333,False,False,"(9, 1, 2, 'basic')",,2,False,,,,{},,[],"[9, 1, 2, 'basic']",LinearTBNegotiator@0,,2,"[['LinearTBNegotiator@0', [9, 1, 2, 'basic']]]",[None],LinearTBNegotiator@0,,"[['LinearTBNegotiator@0', None]]","(0.6919439898163302, 0.30734767025089604)","[0.9999999999999999, 0.9999999999999999]","[0.016366612111292964, 0.0]","(0.0007574209704742231, 0.0010624744725208587)","['LinearTBNegotiator', 'ConcederTBNegotiator']",,2pWU6ugMnLc,0.026651999971363693,"['LinearTBNegotiator@0', 'ConcederTBNegotiator@1']","['LinearTBNegotiator@0', 'ConcederTBNegotiator@1']","['negmas.gb.negotiators.timebased.LinearTBNegotiator', 'negmas.gb.negotiators.timebased.ConcederTBNegotiator']","[0.011638333788141608, 0.013726537174079567]",50,inf,50,inf,0.0,0.0,inf,inf,"{'rep': 1, 'n_repetitions': 2}",S3_E-1,2pWU6ugMnLc,negmas.sao.mechanism.SAOMechanism,2pWU6ugMnLc,16,0.026438625,,1,2,1.0,0.7541134173788117,0.7902421138444015,0.7774568873879285,0.8135340676414962,0.7774568873879285,0.7774568873879285,negmas.preferences.ops.OutcomeOptimality,0.7902421138444015
411,False,False,True,31,0.04099125,0.6274509803921569,False,False,"(1, 10, 0, 'standard')",,2,False,,,,{},,[],"[1, 10, 0, 'standard']",BoulwareTBNegotiator@0,,2,"[['BoulwareTBNegotiator@0', [1, 10, 0, 'standard']]]",[None],BoulwareTBNegotiator@0,,"[['BoulwareTBNegotiator@0', None]]","(0.8771929824561403, 0.12280701754385964)","[1.0, 1.0]","[0.0, 0.0]","(0.004370114375307104, 0.0034960628013070215)","['BoulwareTBNegotiator', 'ConcederTBNegotiator']",,b4aeC2sXFYk,0.04123720800271258,"['BoulwareTBNegotiator@0', 'ConcederTBNegotiator@1']","['BoulwareTBNegotiator@0', 'ConcederTBNegotiator@1']","['negmas.gb.negotiators.timebased.BoulwareTBNegotiator', 'negmas.gb.negotiators.timebased.ConcederTBNegotiator']","[0.015279658022336662, 0.023492696112953126]",50,inf,50,inf,0.0,0.0,inf,inf,"{'rep': 0, 'n_repetitions': 2}",S4_A,b4aeC2sXFYk,negmas.sao.mechanism.SAOMechanism,b4aeC2sXFYk,31,0.04099125,,0,2,1.0,0.6257309941520469,0.6257309941520469,0.6257309941520469,1.0,0.6257309941520469,0.6257309941520469,negmas.preferences.ops.OutcomeOptimality,0.6257309941520469
412,False,False,True,44,0.043782375,0.8823529411764706,False,False,"(9, 10, 1, 'basic')",,2,False,,,,{},,[],"[9, 10, 1, 'basic']",BoulwareTBNegotiator@1,,2,[],"[None, None]",BoulwareTBNegotiator@1,,[],"(0.5465949820788529, 0.503182396799418)","[0.9999999999999999, 0.9999999999999999]","[0.0, 0.016366612111292964]","(0.0012950634439420957, 0.0006426653306037134)","['BoulwareTBNegotiator', 'BoulwareTBNegotiator']",,nGbfLtRBLkc,0.044014417042490095,"['BoulwareTBNegotiator@0', 'BoulwareTBNegotiator@1']","['BoulwareTBNegotiator@0', 'BoulwareTBNegotiator@1']","['negmas.gb.negotiators.timebased.BoulwareTBNegotiator', 'negmas.gb.negotiators.timebased.BoulwareTBNegotiator']","[0.020644790260121226, 0.019901785883121192]",50,inf,50,inf,0.0,0.0,inf,inf,"{'rep': 1, 'n_repetitions': 2}",S2_E,nGbfLtRBLkc,negmas.sao.mechanism.SAOMechanism,nGbfLtRBLkc,44,0.043782375,,1,2,0.9210437943802361,0.9101795645181664,0.9126584534033798,0.9210437943802361,0.8546350332788867,0.9210437943802361,0.9210437943802361,negmas.preferences.ops.OutcomeOptimality,0.9210437943802361
413,False,False,True,37,0.031085666,0.7450980392156863,False,False,"(4, 5, 0, 'basic')",,2,False,,,,{},,[],"[4, 5, 0, 'basic']",SmartAspirationNegotiator@0,,2,"[['SmartAspirationNegotiator@0', [4, 5, 0, 'basic']]]",[None],SmartAspirationNegotiator@0,,"[['SmartAspirationNegotiator@0', None]]","(0.7258064516129032, 0.30187306783051465)","[0.9999999999999999, 0.9999999999999999]","[0.0, 0.016366612111292964]","(0.0012950634439420957, 0.0006426653306037134)","['SmartAspirationNegotiator', 'LinearTBNegotiator']",,B2zz8fw0-tU,0.036752166983205825,"['SmartAspirationNegotiator@0', 'LinearTBNegotiator@1']","['SmartAspirationNegotiator@0', 'LinearTBNegotiator@1']","['src.negotiators.SmartAspirationNegotiator', 'negmas.gb.negotiators.timebased.LinearTBNegotiator']","[0.01409413100918755, 0.019735537352971733]",50,inf,50,inf,0.0,0.0,inf,inf,"{'rep': 0, 'n_repetitions': 2}",S2_E,B2zz8fw0-tU,negmas.sao.mechanism.SAOMechanism,B2zz8fw0-tU,37,0.031085666,,0,2,0.9454102745825437,0.7845053897860967,0.7558778564162505,0.7723591634059338,0.8366449286972107,0.7723591634059338,0.7723591634059338,negmas.preferences.ops.OutcomeOptimality,0.7845053897860967
414,False,False,True,41,0.022698125,0.8235294117647058,False,False,"(0, 5, 9, 'premium')",,2,False,,,,{},,[],"[0, 5, 9, 'premium']",SmartAspirationNegotiator@0,,2,"[['SmartAspirationNegotiator@0', [0, 5, 9, 'premium']]]",[None],SmartAspirationNegotiator@0,,"[['SmartAspirationNegotiator@0', None]]","(0.582010582010582, 0.6031746031746031)","[1.0, 1.0]","[0.0, 0.023809523809523808]","(0.002193248997500751, 0.0007754352238636291)","['SmartAspirationNegotiator', 'SmartAspirationNegotiator']",,zwt6WUk74VE,0.03242654196219519,"['SmartAspirationNegotiator@0', 'SmartAspirationNegotiator@1']","['SmartAspirationNegotiator@0', 'SmartAspirationNegotiator@1']","['src.negotiators.SmartAspirationNegotiator', 'src.negotiators.SmartAspirationNegotiator']","[0.014335213345475495, 0.014957212784793228]",50,inf,50,inf,0.0,0.0,inf,inf,"{'rep': 1, 'n_repetitions': 2}",S1_B,zwt6WUk74VE,negmas.sao.mechanism.SAOMechanism,zwt6WUk74VE,41,0.022698125,,1,2,0.9912092750886039,0.9617153631935871,0.9802359416950643,0.9802359416950643,0.9538361758740667,0.9802359416950643,0.9802359416950643,negmas.preferences.ops.OutcomeOptimality,0.9802359416950643
415,False,False,True,39,0.040190291,0.7843137254901961,False,False,"(9, 9, 5, 'standard')",,2,False,,,,{},,[],"[9, 9, 5, 'standard']",BoulwareTBNegotiator@1,,2,[],"[None, None]",BoulwareTBNegotiator@1,,[],"(0.6933073424301495, 0.7063027940220923)","[1.0, 1.0]","[0.09356725146198831, 0.046783625730994156]","(0.0009639366705748589, 0.0007811278057266481)","['BoulwareTBNegotiator', 'BoulwareTBNegotiator']",,DLyFvi6r4RY,0.04041799996048212,"['BoulwareTBNegotiator@0', 'BoulwareTBNegotiator@1']","['BoulwareTBNegotiator@0', 'BoulwareTBNegotiator@1']","['negmas.gb.negotiators.timebased.BoulwareTBNegotiator', 'negmas.gb.negotiators.timebased.BoulwareTBNegotiator']","[0.01883379794890061, 0.01854591292794794]",50,inf,50,inf,0.0,0.0,inf,inf,"{'rep': 0, 'n_repetitions': 2}",S5_F,DLyFvi6r4RY,negmas.sao.mechanism.SAOMechanism,DLyFvi6r4RY,39,0.040190291,,0,2,0.9462663627744217,0.9346036197574028,0.9346036197574028,0.9395037748202615,0.9254726358242911,0.9395037748202615,0.9395037748202615,negmas.preferences.ops.OutcomeOptimality,0.9395037748202615
416,False,False,True,42,0.032043833,0.8431372549019608,False,False,"(2, 10, 4, 'basic')",,2,False,,,,{},,[],"[2, 10, 4, 'basic']",SmartAspirationNegotiator@1,,2,[],"[None, None]",SmartAspirationNegotiator@1,,[],"(0.5793650793650793, 0.582010582010582)","[1.0, 1.0]","[0.023809523809523808, 0.0]","(0.0007754352238636291, 0.002193248997500751)","['BoulwareTBNegotiator', 'SmartAspirationNegotiator']",,_DR4S8Cv1cY,0.036965792009141296,"['BoulwareTBNegotiator@0', 'SmartAspirationNegotiator@1']","['BoulwareTBNegotiator@0', 'SmartAspirationNegotiator@1']","['negmas.gb.negotiators.timebased.BoulwareTBNegotiator', 'src.negotiators.SmartAspirationNegotiator']","[0.019367584958672523, 0.014305583492387086]",50,inf,50,inf,0.0,0.0,inf,inf,"{'rep': 0, 'n_repetitions': 2}",S1_B-1,_DR4S8Cv1cY,negmas.sao.mechanism.SAOMechanism,_DR4S8Cv1cY,42,0.032043833,,0,2,0.9747435113226108,0.9604718833901288,0.9704295597377377,0.9704295597377377,0.9346742884123109,0.9704295597377377,0.9704295597377377,negmas.preferences.ops.OutcomeOptimality,0.9704295597377377
417,False,False,True,32,0.0280095,0.6470588235294118,False,False,"(9, 9, 9, 'basic')",,2,False,,,,{},,[],"[9, 9, 9, 'basic']",SmartAspirationNegotiator@1,,2,[],"[None, None]",SmartAspirationNegotiator@1,,[],"(0.48862897985705, 0.8700454840805718)","[1.0, 1.0]","[0.09356725146198831, 0.046783625730994156]","(0.0008771261662935939, 0.0007442816259952948)","['LinearTBNegotiator', 'SmartAspirationNegotiator']",,mRxZbvh7sgQ,0.03365670796483755,"['LinearTBNegotiator@0', 'SmartAspirationNegotiator@1']","['LinearTBNegotiator@0', 'SmartAspirationNegotiator@1']","['negmas.gb.negotiators.timebased.LinearTBNegotiator', 'src.negotiators.SmartAspirationNegotiator']","[0.018133174686226994, 0.012998541293200105]",50,inf,50,inf,0.0,0.0,inf,inf,"{'rep': 1, 'n_repetitions': 2}",S0_F,mRxZbvh7sgQ,negmas.sao.mechanism.SAOMechanism,mRxZbvh7sgQ,32,0.0280095,,1,2,1.0,0.7625130806021299,0.7625130806021299,0.7805360810361862,0.8984044946650847,0.7805360810361862,0.7805360810361862,negmas.preferences.ops.OutcomeOptimality,0.7805360810361862
418,False,False,True,42,0.017731625,0.8431372549019608,False,False,"(7, 10, 8, 'standard')",,2,False,,,,{},,[],"[7, 10, 8, 'standard']",GeniusBOABaselineNegotiator@0,,2,"[['GeniusBOABaselineNegotiator@0', [7, 10, 8, 'standard']]]",[None],GeniusBOABaselineNegotiator@0,,"[['GeniusBOABaselineNegotiator@0', None]]","(0.559779077322937, 0.7894736842105263)","[1.0, 1.0]","[0.046783625730994156, 0.09356725146198831]","(0.0007811278057266481, 0.0009639366705748589)","['GeniusBOABaselineNegotiator', 'GeniusBOABaselineNegotiator']",,JBwYEiyE2y0,0.01792658300837502,"['GeniusBOABaselineNegotiator@0', 'GeniusBOABaselineNegotiator@1']","['GeniusBOABaselineNegotiator@0', 'GeniusBOABaselineNegotiator@1']","['src.negotiators.GeniusBOABaselineNegotiator', 'src.negotiators.GeniusBOABaselineNegotiator']","[0.00734757911413908, 0.007259989972226322]",50,inf,50,inf,0.0,0.0,inf,inf,"{'rep': 0, 'n_repetitions': 2}",S5_F-1,JBwYEiyE2y0,negmas.sao.mechanism.SAOMechanism,JBwYEiyE2y0,42,0.017731625,,0,2,0.9573599675039428,0.8625646620321361,0.8625646620321361,0.8474798110912376,0.8921745256681245,0.8474798110912376,0.8474798110912376,negmas.preferences.ops.OutcomeOptimality,0.8625646620321361
419,False,False,True,32,0.032708167,0.6470588235294118,False,False,"(0, 10, 1, 'standard')",,2,False,,,,{},,[],"[0, 10, 1, 'standard']",ConcederTBNegotiator@1,,2,[],"[None, None]",ConcederTBNegotiator@1,,[],"(0.8771929824561403, 0.12280701754385964)","[1.0, 1.0]","[0.0, 0.0]","(0.004370114375307104, 0.0034960628013070215)","['SmartAspirationNegotiator', 'ConcederTBNegotiator']",,_tvWeAIb51c,0.03747233300236985,"['SmartAspirationNegotiator@0', 'ConcederTBNegotiator@1']","['SmartAspirationNegotiator@0', 'ConcederTBNegotiator@1']","['src.negotiators.SmartAspirationNegotiator', 'negmas.gb.negotiators.timebased.ConcederTBNegotiator']","[0.011352116824127734, 0.023609542869962752]",50,inf,50,inf,0.0,0.0,inf,inf,"{'rep': 1, 'n_repetitions': 2}",S4_A,_tvWeAIb51c,negmas.sao.mechanism.SAOMechanism,_tvWeAIb51c,32,0.032708167,,1,2,1.0,0.6257309941520469,0.6257309941520469,0.6257309941520469,1.0,0.6257309941520469,0.6257309941520469,negmas.preferences.ops.OutcomeOptimality,0.6257309941520469
420,False,False,True,31,0.032042667,0.6274509803921569,False,False,"(0, 10, 1, 'standard')",,2,False,,,,{},,[],"[0, 10, 1, 'standard']",ConcederTBNegotiator@0,,2,"[['ConcederTBNegotiator@0', [0, 10, 1, 'standard']]]",[None],ConcederTBNegotiator@0,,"[['ConcederTBNegotiator@0', None]]","(0.12280701754385964, 0.8771929824561403)","[1.0, 1.0]","[0.0, 0.0]","(0.0034960628013070215, 0.004370114375307104)","['ConcederTBNegotiator', 'SmartAspirationNegotiator']",,Vovb7uGsHE4,0.03675925004063174,"['ConcederTBNegotiator@0', 'SmartAspirationNegotiator@1']","['ConcederTBNegotiator@0', 'SmartAspirationNegotiator@1']","['negmas.gb.negotiators.timebased.ConcederTBNegotiator', 'src.negotiators.SmartAspirationNegotiator']","[0.023246045864652842, 0.011067333747632802]",50,inf,50,inf,0.0,0.0,inf,inf,"{'rep': 0, 'n_repetitions': 2}",S4_A-1,Vovb7uGsHE4,negmas.sao.mechanism.SAOMechanism,Vovb7uGsHE4,31,0.032042667,,0,2,1.0,0.6257309941520469,0.6257309941520469,0.6257309941520469,1.0,0.6257309941520469,0.6257309941520469,negmas.preferences.ops.OutcomeOptimality,0.6257309941520469
421,False,False,True,27,0.029024958,0.5490196078431373,False,False,"(2, 10, 3, 'standard')",,2,False,,,,{},,[],"[2, 10, 3, 'standard']",SmartAspirationNegotiator@1,,2,[],"[None, None]",SmartAspirationNegotiator@1,,[],"(0.19428200129954518, 0.9407670939817185)","[1.0, 1.0]","[0.046783625730994156, 0.09356725146198831]","(0.0007811278057266481, 0.0009639366705748589)","['ConcederTBNegotiator', 'SmartAspirationNegotiator']",,v0kVLwCbYSM,0.034807957999873906,"['ConcederTBNegotiator@0', 'SmartAspirationNegotiator@1']","['ConcederTBNegotiator@0', 'SmartAspirationNegotiator@1']","['negmas.gb.negotiators.timebased.ConcederTBNegotiator', 'src.negotiators.SmartAspirationNegotiator']","[0.019664748979266733, 0.013028784771449864]",50,inf,50,inf,0.0,0.0,inf,inf,"{'rep': 0, 'n_repetitions': 2}",S5_F-1,v0kVLwCbYSM,negmas.sao.mechanism.SAOMechanism,v0kVLwCbYSM,27,0.029024958,,0,2,0.9858911492972834,0.5660350475489319,0.5660350475489319,0.5491246568472992,0.7505353459804499,0.5491246568472992,0.5491246568472992,negmas.preferences.ops.OutcomeOptimality,0.5660350475489319
422,False,False,True,38,0.041386042,0.7647058823529411,False,False,"(1, 6, 1, 'standard')",,2,False,,,,{},,[],"[1, 6, 1, 'standard']",BoulwareTBNegotiator@1,,2,[],"[None, None]",BoulwareTBNegotiator@1,,[],"(0.26900584795321636, 0.7309941520467835)","[1.0, 1.0]","[0.0, 0.0]","(0.0034960628013070215, 0.004370114375307104)","['LinearTBNegotiator', 'BoulwareTBNegotiator']",,S3ea429yKmA,0.041647791978903115,"['LinearTBNegotiator@0', 'BoulwareTBNegotiator@1']","['LinearTBNegotiator@0', 'BoulwareTBNegotiator@1']","['negmas.gb.negotiators.timebased.LinearTBNegotiator', 'negmas.gb.negotiators.timebased.BoulwareTBNegotiator']","[0.021360876562539488, 0.017271872842684388]",50,inf,50,inf,0.0,0.0,inf,inf,"{'rep': 1, 'n_repetitions': 2}",S4_A-1,S3ea429yKmA,negmas.sao.mechanism.SAOMechanism,S3ea429yKmA,38,0.041386042,,1,2,0.9999999999999999,0.7719298245614036,0.7719298245614036,0.7719298245614036,0.9999999999999999,0.7719298245614036,0.7719298245614036,negmas.preferences.ops.OutcomeOptimality,0.7719298245614036
423,False,False,True,25,0.028060042,0.5098039215686274,False,False,"(0, 10, 1, 'premium')",,2,False,,,,{},,[],"[0, 10, 1, 'premium']",SmartAspirationNegotiator@1,,2,[],"[None, None]",SmartAspirationNegotiator@1,,[],"(0.19047619047619047, 0.9682539682539681)","[1.0, 1.0]","[0.023809523809523808, 0.0]","(0.0007754352238636291, 0.002193248997500751)","['ConcederTBNegotiator', 'SmartAspirationNegotiator']",,M3YoAcmBJ8k,0.033282749995123595,"['ConcederTBNegotiator@0', 'SmartAspirationNegotiator@1']","['ConcederTBNegotiator@0', 'SmartAspirationNegotiator@1']","['negmas.gb.negotiators.timebased.ConcederTBNegotiator', 'src.negotiators.SmartAspirationNegotiator']","[0.020036544068716466, 0.011256122030317783]",50,inf,50,inf,0.0,0.0,inf,inf,"{'rep': 0, 'n_repetitions': 2}",S1_B-1,M3YoAcmBJ8k,negmas.sao.mechanism.SAOMechanism,M3YoAcmBJ8k,25,0.028060042,,0,2,1.0,0.6247884002894775,0.6039172983238965,0.6039172983238965,0.9325451898054491,0.6039172983238965,0.6039172983238965,negmas.preferences.ops.OutcomeOptimality,0.6247884002894775
424,False,False,True,32,0.033106125,0.6470588235294118,False,False,"(9, 7, 9, 'basic')",,2,False,,,,{},,[],"[9, 7, 9, 'basic']",ConcederTBNegotiator@1,,2,[],"[None, None]",ConcederTBNegotiator@1,,[],"(0.8821603927986906, 0.1185236972314441)","[0.9999999999999999, 0.9999999999999999]","[0.016366612111292964, 0.0]","(0.0006426653306037134, 0.0012950634439420957)","['SmartAspirationNegotiator', 'ConcederTBNegotiator']",,2zuMXLIKvWM,0.038948292029090226,"['SmartAspirationNegotiator@0', 'ConcederTBNegotiator@1']","['SmartAspirationNegotiator@0', 'ConcederTBNegotiator@1']","['src.negotiators.SmartAspirationNegotiator', 'negmas.gb.negotiators.timebased.ConcederTBNegotiator']","[0.013429002079647034, 0.023032493074424565]",50,inf,50,inf,0.0,0.0,inf,inf,"{'rep': 0, 'n_repetitions': 2}",S2_E-1,2zuMXLIKvWM,negmas.sao.mechanism.SAOMechanism,2zuMXLIKvWM,32,0.033106125,,0,2,0.9763036178091531,0.575956136137469,0.6132082015172416,0.598227682953997,0.8146676598217358,0.598227682953997,0.598227682953997,negmas.preferences.ops.OutcomeOptimality,0.6132082015172416
425,False,False,True,2,0.012983291,0.058823529411764705,False,False,"(8, 9, 8, 'premium')",,2,False,,,,{},,[],"[8, 9, 8, 'premium']",ConcederTBNegotiator@0,,2,"[['ConcederTBNegotiator@0', [8, 9, 8, 'premium']]]",[None],ConcederTBNegotiator@0,,"[['ConcederTBNegotiator@0', None]]","(0.5968161143599741, 0.5838206627680312)","[1.0, 1.0]","[0.09356725146198831, 0.046783625730994156]","(0.0008771261662935939, 0.0007442816259952948)","['ConcederTBNegotiator', 'ConcederTBNegotiator']",,b-jBVN5I2qA,0.013167916040401906,"['ConcederTBNegotiator@0', 'ConcederTBNegotiator@1']","['ConcederTBNegotiator@0', 'ConcederTBNegotiator@1']","['negmas.gb.negotiators.timebased.ConcederTBNegotiator', 'negmas.gb.negotiators.timebased.ConcederTBNegotiator']","[0.006807999045122415, 0.006194625981152058]",50,inf,50,inf,0.0,0.0,inf,inf,"{'rep': 1, 'n_repetitions': 2}",S0_F,b-jBVN5I2qA,negmas.sao.mechanism.SAOMechanism,b-jBVN5I2qA,2,0.012983291,,1,2,0.8338690225980921,0.8213816800521802,0.8213816800521802,0.8218283087855961,0.7806795632742511,0.8218283087855961,0.8218283087855961,negmas.preferences.ops.OutcomeOptimality,0.8218283087855961
426,False,False,True,8,0.017529375,0.17647058823529413,False,False,"(9, 9, 9, 'basic')",,2,False,,,,{},,[],"[9, 9, 9, 'basic']",LinearTBNegotiator@1,,2,[],"[None, None]",LinearTBNegotiator@1,,[],"(0.48862897985705, 0.8700454840805718)","[1.0, 1.0]","[0.09356725146198831, 0.046783625730994156]","(0.0009639366705748589, 0.0007811278057266481)","['ConcederTBNegotiator', 'LinearTBNegotiator']",,V0zqOYviDUY,0.01773295900784433,"['ConcederTBNegotiator@0', 'LinearTBNegotiator@1']","['ConcederTBNegotiator@0', 'LinearTBNegotiator@1']","['negmas.gb.negotiators.timebased.ConcederTBNegotiator', 'negmas.gb.negotiators.timebased.LinearTBNegotiator']","[0.008897709951270372, 0.0082076660473831]",50,inf,50,inf,0.0,0.0,inf,inf,"{'rep': 1, 'n_repetitions': 2}",S5_F,V0zqOYviDUY,negmas.sao.mechanism.SAOMechanism,V0zqOYviDUY,8,0.017529375,,1,2,1.0,0.7625130806021299,0.7625130806021299,0.7805360810361862,0.8984044946650847,0.7805360810361862,0.7805360810361862,negmas.preferences.ops.OutcomeOptimality,0.7805360810361862
427,False,False,True,36,0.030199375,0.7254901960784313,False,False,"(7, 10, 4, 'premium')",,2,False,,,,{},,[],"[7, 10, 4, 'premium']",GeniusBOABaselineNegotiator@0,,2,"[['GeniusBOABaselineNegotiator@0', [7, 10, 4, 'premium']]]",[None],GeniusBOABaselineNegotiator@0,,"[['GeniusBOABaselineNegotiator@0', None]]","(0.7735117533991136, 0.4194282001299545)","[1.0, 1.0]","[0.09356725146198831, 0.046783625730994156]","(0.0009639366705748589, 0.0007811278057266481)","['GeniusBOABaselineNegotiator', 'LinearTBNegotiator']",,CcLxU7mxoB8,0.030419957998674363,"['GeniusBOABaselineNegotiator@0', 'LinearTBNegotiator@1']","['GeniusBOABaselineNegotiator@0', 'LinearTBNegotiator@1']","['src.negotiators.GeniusBOABaselineNegotiator', 'negmas.gb.negotiators.timebased.LinearTBNegotiator']","[0.00738553999690339, 0.02005328598897904]",50,inf,50,inf,0.0,0.0,inf,inf,"{'rep': 1, 'n_repetitions': 2}",S5_F,CcLxU7mxoB8,negmas.sao.mechanism.SAOMechanism,CcLxU7mxoB8,36,0.030199375,,1,2,0.9278759254536693,0.7564675455445156,0.7564675455445156,0.7427200277162486,0.7888148666679268,0.7427200277162486,0.7427200277162486,negmas.preferences.ops.OutcomeOptimality,0.7564675455445156
428,False,False,True,43,0.02951,0.8627450980392157,False,False,"(7, 5, 2, 'standard')",,2,False,,,,{},,[],"[7, 5, 2, 'standard']",BoulwareTBNegotiator@0,,2,"[['BoulwareTBNegotiator@0', [7, 5, 2, 'standard']]]",[None],BoulwareTBNegotiator@0,,"[['BoulwareTBNegotiator@0', None]]","(0.4970760233918128, 0.5029239766081871)","[1.0, 1.0]","[0.0, 0.0]","(0.004370114375307104, 0.0034960628013070215)","['BoulwareTBNegotiator', 'GeniusBOABaselineNegotiator']",,WoInqK3RJJ4,0.029754499963019043,"['BoulwareTBNegotiator@0', 'GeniusBOABaselineNegotiator@1']","['BoulwareTBNegotiator@0', 'GeniusBOABaselineNegotiator@1']","['negmas.gb.negotiators.timebased.BoulwareTBNegotiator', 'src.negotiators.GeniusBOABaselineNegotiator']","[0.020122294838074595, 0.006324080575723201]",50,inf,50,inf,0.0,0.0,inf,inf,"{'rep': 0, 'n_repetitions': 2}",S4_A,WoInqK3RJJ4,negmas.sao.mechanism.SAOMechanism,WoInqK3RJJ4,43,0.02951,,0,2,0.9999999999999999,0.9941520467836257,0.9941520467836257,0.9999999999999999,0.9999999999999999,0.9941520467836257,0.9999999999999999,negmas.preferences.ops.OutcomeOptimality,0.9941520467836257
429,False,False,True,41,0.0196485,0.8235294117647058,False,False,"(0, 5, 9, 'premium')",,2,False,,,,{},,[],"[0, 5, 9, 'premium']",GeniusBOABaselineNegotiator@0,,2,"[['GeniusBOABaselineNegotiator@0', [0, 5, 9, 'premium']]]",[None],GeniusBOABaselineNegotiator@0,,"[['GeniusBOABaselineNegotiator@0', None]]","(0.582010582010582, 0.6031746031746031)","[1.0, 1.0]","[0.0, 0.023809523809523808]","(0.002193248997500751, 0.0007754352238636291)","['GeniusBOABaselineNegotiator', 'SmartAspirationNegotiator']",,JojsN9jw5S8,0.024611542001366615,"['GeniusBOABaselineNegotiator@0', 'SmartAspirationNegotiator@1']","['GeniusBOABaselineNegotiator@0', 'SmartAspirationNegotiator@1']","['src.negotiators.GeniusBOABaselineNegotiator', 'src.negotiators.SmartAspirationNegotiator']","[0.00641253701178357, 0.015052159200422466]",50,inf,50,inf,0.0,0.0,inf,inf,"{'rep': 0, 'n_repetitions': 2}",S1_B,JojsN9jw5S8,negmas.sao.mechanism.SAOMechanism,JojsN9jw5S8,41,0.0196485,,0,2,0.9912092750886039,0.9617153631935871,0.9802359416950643,0.9802359416950643,0.9538361758740667,0.9802359416950643,0.9802359416950643,negmas.preferences.ops.OutcomeOptimality,0.9802359416950643
430,False,False,True,2,0.012975542,0.058823529411764705,False,False,"(8, 9, 8, 'premium')",,2,False,,,,{},,[],"[8, 9, 8, 'premium']",ConcederTBNegotiator@0,,2,"[['ConcederTBNegotiator@0', [8, 9, 8, 'premium']]]",[None],ConcederTBNegotiator@0,,"[['ConcederTBNegotiator@0', None]]","(0.5968161143599741, 0.5838206627680312)","[1.0, 1.0]","[0.09356725146198831, 0.046783625730994156]","(0.0009639366705748589, 0.0007811278057266481)","['ConcederTBNegotiator', 'ConcederTBNegotiator']",,hZvaTMOsQ90,0.013165750016923994,"['ConcederTBNegotiator@0', 'ConcederTBNegotiator@1']","['ConcederTBNegotiator@0', 'ConcederTBNegotiator@1']","['negmas.gb.negotiators.timebased.ConcederTBNegotiator', 'negmas.gb.negotiators.timebased.ConcederTBNegotiator']","[0.0067400840343907475, 0.006257040950004011]",50,inf,50,inf,0.0,0.0,inf,inf,"{'rep': 1, 'n_repetitions': 2}",S5_F,hZvaTMOsQ90,negmas.sao.mechanism.SAOMechanism,hZvaTMOsQ90,2,0.012975542,,1,2,0.8338690225980921,0.8213816800521802,0.8213816800521802,0.8218283087855961,0.7806795632742511,0.8218283087855961,0.8218283087855961,negmas.preferences.ops.OutcomeOptimality,0.8218283087855961
431,False,False,True,36,0.0294095,0.7254901960784313,False,False,"(4, 10, 2, 'basic')",,2,False,,,,{},,[],"[4, 10, 2, 'basic']",GeniusBOABaselineNegotiator@1,,2,[],"[None, None]",GeniusBOABaselineNegotiator@1,,[],"(0.34437946718648477, 0.797328273877102)","[1.0, 1.0]","[0.046783625730994156, 0.09356725146198831]","(0.0007442816259952948, 0.0008771261662935939)","['LinearTBNegotiator', 'GeniusBOABaselineNegotiator']",,QaRkBPR68v0,0.029638041043654084,"['LinearTBNegotiator@0', 'GeniusBOABaselineNegotiator@1']","['LinearTBNegotiator@0', 'GeniusBOABaselineNegotiator@1']","['negmas.gb.negotiators.timebased.LinearTBNegotiator', 'src.negotiators.GeniusBOABaselineNegotiator']","[0.019765627279412, 0.007053530716802925]",50,inf,50,inf,0.0,0.0,inf,inf,"{'rep': 1, 'n_repetitions': 2}",S0_F-1,QaRkBPR68v0,negmas.sao.mechanism.SAOMechanism,QaRkBPR68v0,36,0.0294095,,1,2,0.9337405687728075,0.6988246083002407,0.6988246083002407,0.6843837722421124,0.7549382824144538,0.6843837722421124,0.6843837722421124,negmas.preferences.ops.OutcomeOptimality,0.6988246083002407
432,False,False,True,29,0.038360125,0.5882352941176471,False,False,"(1, 3, 0, 'premium')",,2,False,,,,{},,[],"[1, 3, 0, 'premium']",BoulwareTBNegotiator@0,,2,"[['BoulwareTBNegotiator@0', [1, 3, 0, 'premium']]]",[None],BoulwareTBNegotiator@0,,"[['BoulwareTBNegotiator@0', None]]","(0.8990748497922465, 0.15839243498817968)","[0.9999999999999999, 0.9999999999999999]","[0.0, 0.016366612111292964]","(0.0010624744725208587, 0.0007574209704742231)","['BoulwareTBNegotiator', 'ConcederTBNegotiator']",,QQdcPEugaqA,0.03860066598281264,"['BoulwareTBNegotiator@0', 'ConcederTBNegotiator@1']","['BoulwareTBNegotiator@0', 'ConcederTBNegotiator@1']","['negmas.gb.negotiators.timebased.BoulwareTBNegotiator', 'negmas.gb.negotiators.timebased.ConcederTBNegotiator']","[0.015471959311980754, 0.020824536914005876]",50,inf,50,inf,0.0,0.0,inf,inf,"{'rep': 0, 'n_repetitions': 2}",S3_E,QQdcPEugaqA,negmas.sao.mechanism.SAOMechanism,QQdcPEugaqA,29,0.038360125,,0,2,0.9888399765136822,0.6395440404757784,0.6064640701267894,0.6232411012448391,0.8608954682233152,0.6232411012448391,0.6232411012448391,negmas.preferences.ops.OutcomeOptimality,0.6395440404757784
433,False,False,True,31,0.033716875,0.6274509803921569,False,False,"(9, 7, 9, 'basic')",,2,False,,,,{},,[],"[9, 7, 9, 'basic']",ConcederTBNegotiator@0,,2,"[['ConcederTBNegotiator@0', [9, 7, 9, 'basic']]]",[None],ConcederTBNegotiator@0,,"[['ConcederTBNegotiator@0', None]]","(0.1185236972314441, 0.8821603927986906)","[0.9999999999999999, 0.9999999999999999]","[0.0, 0.016366612111292964]","(0.0010624744725208587, 0.0007574209704742231)","['ConcederTBNegotiator', 'SmartAspirationNegotiator']",,4B6OqOdjELU,0.03962483402574435,"['ConcederTBNegotiator@0', 'SmartAspirationNegotiator@1']","['ConcederTBNegotiator@0', 'SmartAspirationNegotiator@1']","['negmas.gb.negotiators.timebased.ConcederTBNegotiator', 'src.negotiators.SmartAspirationNegotiator']","[0.02392841927940026, 0.013233119272626936]",50,inf,50,inf,0.0,0.0,inf,inf,"{'rep': 1, 'n_repetitions': 2}",S3_E,4B6OqOdjELU,negmas.sao.mechanism.SAOMechanism,4B6OqOdjELU,31,0.033716875,,1,2,0.9763036178091531,0.575956136137469,0.6132082015172416,0.598227682953997,0.8146676598217358,0.598227682953997,0.598227682953997,negmas.preferences.ops.OutcomeOptimality,0.6132082015172416
434,False,False,True,36,0.030367458,0.7254901960784313,False,False,"(4, 10, 4, 'basic')",,2,False,,,,{},,[],"[4, 10, 4, 'basic']",SmartAspirationNegotiator@0,,2,"[['SmartAspirationNegotiator@0', [4, 10, 4, 'basic']]]",[None],SmartAspirationNegotiator@0,,"[['SmartAspirationNegotiator@0', None]]","(0.7793597066154879, 0.3794671864847304)","[1.0, 1.0]","[0.09356725146198831, 0.046783625730994156]","(0.0008771261662935939, 0.0007442816259952948)","['SmartAspirationNegotiator', 'LinearTBNegotiator']",,PjxA_KlsQM0,0.036104624974541366,"['SmartAspirationNegotiator@0', 'LinearTBNegotiator@1']","['SmartAspirationNegotiator@0', 'LinearTBNegotiator@1']","['src.negotiators.SmartAspirationNegotiator', 'negmas.gb.negotiators.timebased.LinearTBNegotiator']","[0.013860462699085474, 0.01938332786085084]",50,inf,50,inf,0.0,0.0,inf,inf,"{'rep': 1, 'n_repetitions': 2}",S0_F,PjxA_KlsQM0,negmas.sao.mechanism.SAOMechanism,PjxA_KlsQM0,36,0.030367458,,1,2,0.9239956174677784,0.7260400905445881,0.7260400905445881,0.7121247880259337,0.7662580823685883,0.7121247880259337,0.7121247880259337,negmas.preferences.ops.OutcomeOptimality,0.7260400905445881
435,False,False,True,39,0.03123175,0.7843137254901961,False,False,"(3, 2, 1, 'standard')",,2,False,,,,{},,[],"[3, 2, 1, 'standard']",LinearTBNegotiator@1,,2,[],"[None, None]",LinearTBNegotiator@1,,[],"(0.6756272401433692, 0.2675031823967994)","[0.9999999999999999, 0.9999999999999999]","[0.0, 0.016366612111292964]","(0.0012950634439420957, 0.0006426653306037134)","['GeniusBOABaselineNegotiator', 'LinearTBNegotiator']",,NOOS4zVa9Lc,0.03148320899344981,"['GeniusBOABaselineNegotiator@0', 'LinearTBNegotiator@1']","['GeniusBOABaselineNegotiator@0', 'LinearTBNegotiator@1']","['src.negotiators.GeniusBOABaselineNegotiator', 'negmas.gb.negotiators.timebased.LinearTBNegotiator']","[0.007272754097357392, 0.021118784905411303]",50,inf,50,inf,0.0,0.0,inf,inf,"{'rep': 0, 'n_repetitions': 2}",S2_E,NOOS4zVa9Lc,negmas.sao.mechanism.SAOMechanism,NOOS4zVa9Lc,39,0.03123175,,0,2,0.902907436915248,0.7678606227682558,0.7437685636192172,0.7594704993015259,0.7678126012919283,0.7594704993015259,0.7594704993015259,negmas.preferences.ops.OutcomeOptimality,0.7678606227682558
436,False,False,True,32,0.032444542,0.6470588235294118,False,False,"(8, 1, 5, 'basic')",,2,False,,,,{},,[],"[8, 1, 5, 'basic']",ConcederTBNegotiator@1,,2,[],"[None, None]",ConcederTBNegotiator@1,,[],"(0.8538011695906432, 0.14619883040935672)","[1.0, 1.0]","[0.0, 0.0]","(0.0034960628013070215, 0.004370114375307104)","['SmartAspirationNegotiator', 'ConcederTBNegotiator']",,4VMw46ifbCc,0.03734066698234528,"['SmartAspirationNegotiator@0', 'ConcederTBNegotiator@1']","['SmartAspirationNegotiator@0', 'ConcederTBNegotiator@1']","['src.negotiators.SmartAspirationNegotiator', 'negmas.gb.negotiators.timebased.ConcederTBNegotiator']","[0.0113227887195535, 0.023502458701841533]",50,inf,50,inf,0.0,0.0,inf,inf,"{'rep': 1, 'n_repetitions': 2}",S4_A-1,4VMw46ifbCc,negmas.sao.mechanism.SAOMechanism,4VMw46ifbCc,32,0.032444542,,1,2,1.0,0.6432748538011697,0.6432748538011697,0.6491228070175439,1.0,0.6432748538011697,0.6491228070175439,negmas.preferences.ops.OutcomeOptimality,0.6432748538011697
437,False,False,True,42,0.029968583,0.8431372549019608,False,False,"(7, 9, 4, 'basic')",,2,False,,,,{},,[],"[7, 9, 4, 'basic']",BoulwareTBNegotiator@1,,2,[],"[None, None]",BoulwareTBNegotiator@1,,[],"(0.584795321637427, 0.6217898560631812)","[1.0, 1.0]","[0.046783625730994156, 0.09356725146198831]","(0.0007442816259952948, 0.0008771261662935939)","['GeniusBOABaselineNegotiator', 'BoulwareTBNegotiator']",,TWrP36O83rQ,0.030199166969396174,"['GeniusBOABaselineNegotiator@0', 'BoulwareTBNegotiator@1']","['GeniusBOABaselineNegotiator@0', 'BoulwareTBNegotiator@1']","['src.negotiators.GeniusBOABaselineNegotiator', 'negmas.gb.negotiators.timebased.BoulwareTBNegotiator']","[0.007240210194140673, 0.019706702674739063]",50,inf,50,inf,0.0,0.0,inf,inf,"{'rep': 1, 'n_repetitions': 2}",S0_F-1,TWrP36O83rQ,negmas.sao.mechanism.SAOMechanism,TWrP36O83rQ,42,0.029968583,,1,2,0.8418817572733157,0.8356322357077108,0.8356322357077108,0.834585113574342,0.7978375803876622,0.834585113574342,0.834585113574342,negmas.preferences.ops.OutcomeOptimality,0.8356322357077108
438,False,False,True,41,0.019130375,0.8235294117647058,False,False,"(9, 5, 0, 'basic')",,2,False,,,,{},,[],"[9, 5, 0, 'basic']",SmartAspirationNegotiator@0,,2,"[['SmartAspirationNegotiator@0', [9, 5, 0, 'basic']]]",[None],SmartAspirationNegotiator@0,,"[['SmartAspirationNegotiator@0', None]]","(0.5973813420621931, 0.6048387096774194)","[0.9999999999999999, 0.9999999999999999]","[0.016366612111292964, 0.0]","(0.0007574209704742231, 0.0010624744725208587)","['SmartAspirationNegotiator', 'GeniusBOABaselineNegotiator']",,x3fDBruOD5g,0.024830708047375083,"['SmartAspirationNegotiator@0', 'GeniusBOABaselineNegotiator@1']","['SmartAspirationNegotiator@0', 'GeniusBOABaselineNegotiator@1']","['src.negotiators.SmartAspirationNegotiator', 'src.negotiators.GeniusBOABaselineNegotiator']","[0.014663380803540349, 0.0070117850555107]",50,inf,50,inf,0.0,0.0,inf,inf,"{'rep': 1, 'n_repetitions': 2}",S3_E-1,x3fDBruOD5g,negmas.sao.mechanism.SAOMechanism,x3fDBruOD5g,41,0.019130375,,1,2,1.0,0.9765338686924485,0.9832225744061249,1.0,0.9787402496945685,1.0,1.0,negmas.preferences.ops.OutcomeOptimality,1.0
439,False,False,True,32,0.036899959,0.6470588235294118,False,False,"(9, 9, 9, 'basic')",,2,False,,,,{},,[],"[9, 9, 9, 'basic']",BoulwareTBNegotiator@1,,2,[],"[None, None]",BoulwareTBNegotiator@1,,[],"(0.48862897985705, 0.8700454840805718)","[1.0, 1.0]","[0.09356725146198831, 0.046783625730994156]","(0.0009639366705748589, 0.0007811278057266481)","['LinearTBNegotiator', 'BoulwareTBNegotiator']",,Nu6T_YRTC_g,0.0371662910329178,"['LinearTBNegotiator@0', 'BoulwareTBNegotiator@1']","['LinearTBNegotiator@0', 'BoulwareTBNegotiator@1']","['negmas.gb.negotiators.timebased.LinearTBNegotiator', 'negmas.gb.negotiators.timebased.BoulwareTBNegotiator']","[0.01838266768027097, 0.016239368298556656]",50,inf,50,inf,0.0,0.0,inf,inf,"{'rep': 1, 'n_repetitions': 2}",S5_F,Nu6T_YRTC_g,negmas.sao.mechanism.SAOMechanism,Nu6T_YRTC_g,32,0.036899959,,1,2,1.0,0.7625130806021299,0.7625130806021299,0.7805360810361862,0.8984044946650847,0.7805360810361862,0.7805360810361862,negmas.preferences.ops.OutcomeOptimality,0.7805360810361862
440,False,False,True,38,0.018546041,0.7647058823529411,False,False,"(9, 10, 8, 'standard')",,2,False,,,,{},,[],"[9, 10, 8, 'standard']",SmartAspirationNegotiator@1,,2,[],"[None, None]",SmartAspirationNegotiator@1,,[],"(0.7573099415204678, 0.7543859649122808)","[1.0, 1.0]","[0.046783625730994156, 0.09356725146198831]","(0.0007442816259952948, 0.0008771261662935939)","['GeniusBOABaselineNegotiator', 'SmartAspirationNegotiator']",,UmE5NkLLCu8,0.02427583298413083,"['GeniusBOABaselineNegotiator@0', 'SmartAspirationNegotiator@1']","['GeniusBOABaselineNegotiator@0', 'SmartAspirationNegotiator@1']","['src.negotiators.GeniusBOABaselineNegotiator', 'src.negotiators.SmartAspirationNegotiator']","[0.007105706143192947, 0.014241076889447868]",50,inf,50,inf,0.0,0.0,inf,inf,"{'rep': 1, 'n_repetitions': 2}",S0_F-1,UmE5NkLLCu8,negmas.sao.mechanism.SAOMechanism,UmE5NkLLCu8,38,0.018546041,,1,2,1.0,0.9807999989329749,0.9807999989329749,1.0,0.9995877842364035,1.0,1.0,negmas.preferences.ops.OutcomeOptimality,1.0
441,False,False,True,29,0.030603083,0.5882352941176471,False,False,"(7, 3, 8, 'basic')",,2,False,,,,{},,[],"[7, 3, 8, 'basic']",SmartAspirationNegotiator@0,,2,"[['SmartAspirationNegotiator@0', [7, 3, 8, 'basic']]]",[None],SmartAspirationNegotiator@0,,"[['SmartAspirationNegotiator@0', None]]","(0.9079124572989681, 0.1375661375661376)","[1.0, 1.0]","[0.023809523809523808, 0.0]","(0.0007754352238636291, 0.002193248997500751)","['SmartAspirationNegotiator', 'ConcederTBNegotiator']",,igJ_T2pYLsg,0.03561587503645569,"['SmartAspirationNegotiator@0', 'ConcederTBNegotiator@1']","['SmartAspirationNegotiator@0', 'ConcederTBNegotiator@1']","['src.negotiators.SmartAspirationNegotiator', 'negmas.gb.negotiators.timebased.ConcederTBNegotiator']","[0.011673211120069027, 0.021662959014065564]",50,inf,50,inf,0.0,0.0,inf,inf,"{'rep': 1, 'n_repetitions': 2}",S1_B-1,igJ_T2pYLsg,negmas.sao.mechanism.SAOMechanism,igJ_T2pYLsg,29,0.030603083,,1,2,0.9999999999999999,0.5796181182470082,0.601689676597047,0.601689676597047,0.8414004134961494,0.601689676597047,0.601689676597047,negmas.preferences.ops.OutcomeOptimality,0.601689676597047
442,False,False,True,43,0.030767292,0.8627450980392157,False,False,"(8, 3, 1, 'basic')",,2,False,,,,{},,[],"[8, 3, 1, 'basic']",GeniusBOABaselineNegotiator@0,,2,"[['GeniusBOABaselineNegotiator@0', [8, 3, 1, 'basic']]]",[None],GeniusBOABaselineNegotiator@0,,"[['GeniusBOABaselineNegotiator@0', None]]","(0.49405692864529305, 0.5633751591198399)","[0.9999999999999999, 0.9999999999999999]","[0.0, 0.016366612111292964]","(0.0012950634439420957, 0.0006426653306037134)","['GeniusBOABaselineNegotiator', 'BoulwareTBNegotiator']",,OR6q8o4Gn-s,0.030980207957327366,"['GeniusBOABaselineNegotiator@0', 'BoulwareTBNegotiator@1']","['GeniusBOABaselineNegotiator@0', 'BoulwareTBNegotiator@1']","['src.negotiators.GeniusBOABaselineNegotiator', 'negmas.gb.negotiators.timebased.BoulwareTBNegotiator']","[0.0074354298994876444, 0.020149379735812545]",50,inf,50,inf,0.0,0.0,inf,inf,"{'rep': 1, 'n_repetitions': 2}",S2_E,OR6q8o4Gn-s,negmas.sao.mechanism.SAOMechanism,OR6q8o4Gn-s,43,0.030767292,,1,2,0.9213631521657724,0.8961624518430267,0.9204659248418944,0.9173845975320372,0.8608668139553324,0.9173845975320372,0.9173845975320372,negmas.preferences.ops.OutcomeOptimality,0.9204659248418944
443,False,False,True,41,0.032780334,0.8235294117647058,False,False,"(9, 4, 0, 'basic')",,2,False,,,,{},,[],"[9, 4, 0, 'basic']",SmartAspirationNegotiator@0,,2,"[['SmartAspirationNegotiator@0', [9, 4, 0, 'basic']]]",[None],SmartAspirationNegotiator@0,,"[['SmartAspirationNegotiator@0', None]]","(0.5918734261726876, 0.6170212765957446)","[0.9999999999999999, 0.9999999999999999]","[0.0, 0.016366612111292964]","(0.0010624744725208587, 0.0007574209704742231)","['SmartAspirationNegotiator', 'BoulwareTBNegotiator']",,dlF5fkVLn1w,0.038229041965678334,"['SmartAspirationNegotiator@0', 'BoulwareTBNegotiator@1']","['SmartAspirationNegotiator@0', 'BoulwareTBNegotiator@1']","['src.negotiators.SmartAspirationNegotiator', 'negmas.gb.negotiators.timebased.BoulwareTBNegotiator']","[0.015448703023139387, 0.019584407040383667]",50,inf,50,inf,0.0,0.0,inf,inf,"{'rep': 1, 'n_repetitions': 2}",S3_E,dlF5fkVLn1w,negmas.sao.mechanism.SAOMechanism,dlF5fkVLn1w,41,0.032780334,,1,2,1.0,0.962744468605478,1.0,0.9832225744061249,0.9841741547480721,0.9832225744061249,0.9832225744061249,negmas.preferences.ops.OutcomeOptimality,1.0
444,False,False,True,25,0.034416,0.5098039215686274,False,False,"(0, 10, 5, 'standard')",,2,False,,,,{},,[],"[0, 10, 5, 'standard']",BoulwareTBNegotiator@1,,2,[],"[None, None]",BoulwareTBNegotiator@1,,[],"(0.20467836257309946, 0.9561403508771931)","[1.0, 1.0]","[0.046783625730994156, 0.09356725146198831]","(0.0007811278057266481, 0.0009639366705748589)","['ConcederTBNegotiator', 'BoulwareTBNegotiator']",,oKg4korRRsM,0.03461066598538309,"['ConcederTBNegotiator@0', 'BoulwareTBNegotiator@1']","['ConcederTBNegotiator@0', 'BoulwareTBNegotiator@1']","['negmas.gb.negotiators.timebased.ConcederTBNegotiator', 'negmas.gb.negotiators.timebased.BoulwareTBNegotiator']","[0.01864033902529627, 0.013980626012198627]",50,inf,50,inf,0.0,0.0,inf,inf,"{'rep': 1, 'n_repetitions': 2}",S5_F-1,oKg4korRRsM,negmas.sao.mechanism.SAOMechanism,oKg4korRRsM,25,0.034416,,1,2,1.0,0.5699318647760668,0.5699318647760668,0.5527488392164512,0.767575145728921,0.5527488392164512,0.5527488392164512,negmas.preferences.ops.OutcomeOptimality,0.5699318647760668
445,False,False,True,29,0.030590208,0.5882352941176471,False,False,"(9, 5, 8, 'basic')",,2,False,,,,{},,[],"[9, 5, 8, 'basic']",ConcederTBNegotiator@0,,2,"[['ConcederTBNegotiator@0', [9, 5, 8, 'basic']]]",[None],ConcederTBNegotiator@0,,"[['ConcederTBNegotiator@0', None]]","(0.1375661375661376, 0.9079124572989682)","[1.0, 1.0]","[0.0, 0.023809523809523808]","(0.002193248997500751, 0.0007754352238636291)","['ConcederTBNegotiator', 'GeniusBOABaselineNegotiator']",,l_gO5Tb5heA,0.030823000008240342,"['ConcederTBNegotiator@0', 'GeniusBOABaselineNegotiator@1']","['ConcederTBNegotiator@0', 'GeniusBOABaselineNegotiator@1']","['negmas.gb.negotiators.timebased.ConcederTBNegotiator', 'src.negotiators.GeniusBOABaselineNegotiator']","[0.022149925178382546, 0.006279413588345051]",50,inf,50,inf,0.0,0.0,inf,inf,"{'rep': 0, 'n_repetitions': 2}",S1_B,l_gO5Tb5heA,negmas.sao.mechanism.SAOMechanism,l_gO5Tb5heA,29,0.030590208,,0,2,1.0,0.5796181182470082,0.601689676597047,0.601689676597047,0.8414004134961494,0.601689676597047,0.601689676597047,negmas.preferences.ops.OutcomeOptimality,0.601689676597047
446,False,False,True,42,0.015882291,0.8431372549019608,False,False,"(0, 5, 9, 'premium')",,2,False,,,,{},,[],"[0, 5, 9, 'premium']",GeniusBOABaselineNegotiator@1,,2,[],"[None, None]",GeniusBOABaselineNegotiator@1,,[],"(0.6031746031746031, 0.582010582010582)","[1.0, 1.0]","[0.023809523809523808, 0.0]","(0.0007754352238636291, 0.002193248997500751)","['GeniusBOABaselineNegotiator', 'GeniusBOABaselineNegotiator']",,GvNeaJ3GpOs,0.016115874983370304,"['GeniusBOABaselineNegotiator@0', 'GeniusBOABaselineNegotiator@1']","['GeniusBOABaselineNegotiator@0', 'GeniusBOABaselineNegotiator@1']","['src.negotiators.GeniusBOABaselineNegotiator', 'src.negotiators.GeniusBOABaselineNegotiator']","[0.006645048619247973, 0.00624699704349041]",50,inf,50,inf,0.0,0.0,inf,inf,"{'rep': 1, 'n_repetitions': 2}",S1_B-1,GvNeaJ3GpOs,negmas.sao.mechanism.SAOMechanism,GvNeaJ3GpOs,42,0.015882291,,1,2,0.9912092750886039,0.9617153631935871,0.9802359416950643,0.9802359416950643,0.9538361758740667,0.9802359416950643,0.9802359416950643,negmas.preferences.ops.OutcomeOptimality,0.9802359416950643
447,False,False,True,36,0.0403565,0.7254901960784313,False,False,"(7, 10, 1, 'premium')",,2,False,,,,{},,[],"[7, 10, 1, 'premium']",BoulwareTBNegotiator@1,,2,[],"[None, None]",BoulwareTBNegotiator@1,,[],"(0.3667966211825861, 0.7994924177520258)","[1.0, 1.0]","[0.046783625730994156, 0.09356725146198831]","(0.0007442816259952948, 0.0008771261662935939)","['LinearTBNegotiator', 'BoulwareTBNegotiator']",,gFGB36tEeaA,0.04058874998008832,"['LinearTBNegotiator@0', 'BoulwareTBNegotiator@1']","['LinearTBNegotiator@0', 'BoulwareTBNegotiator@1']","['negmas.gb.negotiators.timebased.LinearTBNegotiator', 'negmas.gb.negotiators.timebased.BoulwareTBNegotiator']","[0.019757549976930022, 0.01798149704700336]",50,inf,50,inf,0.0,0.0,inf,inf,"{'rep': 1, 'n_repetitions': 2}",S0_F-1,gFGB36tEeaA,negmas.sao.mechanism.SAOMechanism,gFGB36tEeaA,36,0.0403565,,1,2,0.9391382745772429,0.7157177189149243,0.7157177189149243,0.701145103828247,0.7711923219788893,0.701145103828247,0.701145103828247,negmas.preferences.ops.OutcomeOptimality,0.7157177189149243
448,False,False,True,43,0.017367958,0.8627450980392157,False,False,"(9, 2, 1, 'premium')",,2,False,,,,{},,[],"[9, 2, 1, 'premium']",GeniusBOABaselineNegotiator@1,,2,[],"[None, None]",GeniusBOABaselineNegotiator@1,,[],"(0.578853046594982, 0.5457355882887797)","[0.9999999999999999, 0.9999999999999999]","[0.0, 0.016366612111292964]","(0.0010624744725208587, 0.0007574209704742231)","['GeniusBOABaselineNegotiator', 'GeniusBOABaselineNegotiator']",,x0T4ARMI8TQ,0.01757383404765278,"['GeniusBOABaselineNegotiator@0', 'GeniusBOABaselineNegotiator@1']","['GeniusBOABaselineNegotiator@0', 'GeniusBOABaselineNegotiator@1']","['src.negotiators.GeniusBOABaselineNegotiator', 'src.negotiators.GeniusBOABaselineNegotiator']","[0.007102844829205424, 0.00719024334102869]",50,inf,50,inf,0.0,0.0,inf,inf,"{'rep': 1, 'n_repetitions': 2}",S3_E,x0T4ARMI8TQ,negmas.sao.mechanism.SAOMechanism,x0T4ARMI8TQ,43,0.017367958,,1,2,0.9587829391141542,0.9474842994747478,0.9483384723776958,0.9587829391141542,0.915539679875679,0.9587829391141542,0.9587829391141542,negmas.preferences.ops.OutcomeOptimality,0.9587829391141542
449,False,False,True,26,0.06113075,0.5294117647058824,False,False,"(1, 10, 5, 'standard')",,2,False,,,,{},,[],"[1, 10, 5, 'standard']",GeniusBOABaselineNegotiator@0,,2,"[['GeniusBOABaselineNegotiator@0', [1, 10, 5, 'standard']]]",[None],GeniusBOABaselineNegotiator@0,,"[['GeniusBOABaselineNegotiator@0', None]]","(0.9385964912280702, 0.2108512020792723)","[1.0, 1.0]","[0.09356725146198831, 0.046783625730994156]","(0.0009639366705748589, 0.0007811278057266481)","['GeniusBOABaselineNegotiator', 'ConcederTBNegotiator']",,FYB0TNIX5EM,0.061369291972368956,"['GeniusBOABaselineNegotiator@0', 'ConcederTBNegotiator@1']","['GeniusBOABaselineNegotiator@0', 'ConcederTBNegotiator@1']","['src.negotiators.GeniusBOABaselineNegotiator', 'negmas.gb.negotiators.timebased.ConcederTBNegotiator']","[0.006910792319104075, 0.05241828825091943]",50,inf,50,inf,0.0,0.0,inf,inf,"{'rep': 1, 'n_repetitions': 2}",S5_F,FYB0TNIX5EM,negmas.sao.mechanism.SAOMechanism,FYB0TNIX5EM,26,0.06113075,,1,2,0.9902986456949824,0.5785530218644237,0.5785530218644237,0.5615949814358568,0.7600562176291416,0.5615949814358568,0.5615949814358568,negmas.preferences.ops.OutcomeOptimality,0.5785530218644237
450,False,False,True,4,0.01242875,0.09803921568627451,False,False,"(9, 8, 2, 'standard')",,2,False,,,,{},,[],"[9, 8, 2, 'standard']",ConcederTBNegotiator@1,,2,[],"[None, None]",ConcederTBNegotiator@1,,[],"(0.47368421052631576, 0.5263157894736841)","[1.0, 1.0]","[0.0, 0.0]","(0.0034960628013070215, 0.004370114375307104)","['ConcederTBNegotiator', 'ConcederTBNegotiator']",,8AegDIiEPdA,0.012645417009480298,"['ConcederTBNegotiator@0', 'ConcederTBNegotiator@1']","['ConcederTBNegotiator@0', 'ConcederTBNegotiator@1']","['negmas.gb.negotiators.timebased.ConcederTBNegotiator', 'negmas.gb.negotiators.timebased.ConcederTBNegotiator']","[0.006192080967593938, 0.006147502979729325]",50,inf,50,inf,0.0,0.0,inf,inf,"{'rep': 1, 'n_repetitions': 2}",S4_A-1,8AegDIiEPdA,negmas.sao.mechanism.SAOMechanism,8AegDIiEPdA,4,0.01242875,,1,2,0.9999999999999999,0.976608187134503,0.976608187134503,0.976608187134503,0.9999999999999998,0.976608187134503,0.976608187134503,negmas.preferences.ops.OutcomeOptimality,0.976608187134503
451,False,False,True,15,0.023197375,0.3137254901960784,False,False,"(1, 6, 1, 'standard')",,2,False,,,,{},,[],"[1, 6, 1, 'standard']",LinearTBNegotiator@1,,2,[],"[None, None]",LinearTBNegotiator@1,,[],"(0.26900584795321636, 0.7309941520467835)","[1.0, 1.0]","[0.0, 0.0]","(0.0034960628013070215, 0.004370114375307104)","['ConcederTBNegotiator', 'LinearTBNegotiator']",,oJno3FUyBnk,0.02342291601235047,"['ConcederTBNegotiator@0', 'LinearTBNegotiator@1']","['ConcederTBNegotiator@0', 'LinearTBNegotiator@1']","['negmas.gb.negotiators.timebased.ConcederTBNegotiator', 'negmas.gb.negotiators.timebased.LinearTBNegotiator']","[0.012556254980154335, 0.00969087693374604]",50,inf,50,inf,0.0,0.0,inf,inf,"{'rep': 1, 'n_repetitions': 2}",S4_A-1,oJno3FUyBnk,negmas.sao.mechanism.SAOMechanism,oJno3FUyBnk,15,0.023197375,,1,2,0.9999999999999999,0.7719298245614036,0.7719298245614036,0.7719298245614036,0.9999999999999999,0.7719298245614036,0.7719298245614036,negmas.preferences.ops.OutcomeOptimality,0.7719298245614036
452,False,False,True,27,0.02906575,0.5490196078431373,False,False,"(2, 10, 3, 'standard')",,2,False,,,,{},,[],"[2, 10, 3, 'standard']",SmartAspirationNegotiator@1,,2,[],"[None, None]",SmartAspirationNegotiator@1,,[],"(0.19428200129954518, 0.9407670939817185)","[1.0, 1.0]","[0.046783625730994156, 0.09356725146198831]","(0.0007442816259952948, 0.0008771261662935939)","['ConcederTBNegotiator', 'SmartAspirationNegotiator']",,aCOXdmeksoA,0.03495166701031849,"['ConcederTBNegotiator@0', 'SmartAspirationNegotiator@1']","['ConcederTBNegotiator@0', 'SmartAspirationNegotiator@1']","['negmas.gb.negotiators.timebased.ConcederTBNegotiator', 'src.negotiators.SmartAspirationNegotiator']","[0.019791245984379202, 0.012993877055123448]",50,inf,50,inf,0.0,0.0,inf,inf,"{'rep': 0, 'n_repetitions': 2}",S0_F-1,aCOXdmeksoA,negmas.sao.mechanism.SAOMechanism,aCOXdmeksoA,27,0.02906575,,0,2,0.9858911492972834,0.5660350475489319,0.5660350475489319,0.5491246568472992,0.7505353459804499,0.5491246568472992,0.5491246568472992,negmas.preferences.ops.OutcomeOptimality,0.5660350475489319
453,False,False,True,37,0.01946175,0.7450980392156863,False,False,"(9, 10, 7, 'standard')",,2,False,,,,{},,[],"[9, 10, 7, 'standard']",SmartAspirationNegotiator@0,,2,"[['SmartAspirationNegotiator@0', [9, 10, 7, 'standard']]]",[None],SmartAspirationNegotiator@0,,"[['SmartAspirationNegotiator@0', None]]","(0.7397660818713451, 0.7725532264198727)","[1.0, 1.0]","[0.046783625730994156, 0.09356725146198831]","(0.0007442816259952948, 0.0008771261662935939)","['SmartAspirationNegotiator', 'SmartAspirationNegotiator']",,MviWaS_JDm4,0.030651082983240485,"['SmartAspirationNegotiator@0', 'SmartAspirationNegotiator@1']","['SmartAspirationNegotiator@0', 'SmartAspirationNegotiator@1']","['src.negotiators.SmartAspirationNegotiator', 'src.negotiators.SmartAspirationNegotiator']","[0.013745584816206247, 0.01406375109218061]",50,inf,50,inf,0.0,0.0,inf,inf,"{'rep': 1, 'n_repetitions': 2}",S0_F-1,MviWaS_JDm4,negmas.sao.mechanism.SAOMechanism,MviWaS_JDm4,37,0.01946175,,1,2,1.0,1.0,1.0,0.9807999989329749,1.0,0.9807999989329749,0.9807999989329749,negmas.preferences.ops.OutcomeOptimality,1.0
454,False,False,True,32,0.02745925,0.6470588235294118,False,False,"(9, 10, 9, 'basic')",,2,False,,,,{},,[],"[9, 10, 9, 'basic']",GeniusBOABaselineNegotiator@1,,2,[],"[None, None]",GeniusBOABaselineNegotiator@1,,[],"(0.5935672514619883, 0.868421052631579)","[1.0, 1.0]","[0.09356725146198831, 0.046783625730994156]","(0.0009639366705748589, 0.0007811278057266481)","['LinearTBNegotiator', 'GeniusBOABaselineNegotiator']",,gboibADzgZg,0.02766299998620525,"['LinearTBNegotiator@0', 'GeniusBOABaselineNegotiator@1']","['LinearTBNegotiator@0', 'GeniusBOABaselineNegotiator@1']","['negmas.gb.negotiators.timebased.LinearTBNegotiator', 'src.negotiators.GeniusBOABaselineNegotiator']","[0.01809387485263869, 0.007002994068898261]",50,inf,50,inf,0.0,0.0,inf,inf,"{'rep': 1, 'n_repetitions': 2}",S5_F,gboibADzgZg,negmas.sao.mechanism.SAOMechanism,gboibADzgZg,32,0.02745925,,1,2,1.0,0.8324241332371594,0.8324241332371594,0.8513976513554027,0.9667193271145101,0.8513976513554027,0.8513976513554027,negmas.preferences.ops.OutcomeOptimality,0.8513976513554027
455,False,False,True,31,0.030767166,0.6274509803921569,False,False,"(1, 10, 0, 'standard')",,2,False,,,,{},,[],"[1, 10, 0, 'standard']",GeniusBOABaselineNegotiator@0,,2,"[['GeniusBOABaselineNegotiator@0', [1, 10, 0, 'standard']]]",[None],GeniusBOABaselineNegotiator@0,,"[['GeniusBOABaselineNegotiator@0', None]]","(0.8771929824561403, 0.12280701754385964)","[1.0, 1.0]","[0.0, 0.0]","(0.004370114375307104, 0.0034960628013070215)","['GeniusBOABaselineNegotiator', 'ConcederTBNegotiator']",,oqT1FaTQ9PI,0.031015042040962726,"['GeniusBOABaselineNegotiator@0', 'ConcederTBNegotiator@1']","['GeniusBOABaselineNegotiator@0', 'ConcederTBNegotiator@1']","['src.negotiators.GeniusBOABaselineNegotiator', 'negmas.gb.negotiators.timebased.ConcederTBNegotiator']","[0.0059842890477739275, 0.022542157908901572]",50,inf,50,inf,0.0,0.0,inf,inf,"{'rep': 1, 'n_repetitions': 2}",S4_A,oqT1FaTQ9PI,negmas.sao.mechanism.SAOMechanism,oqT1FaTQ9PI,31,0.030767166,,1,2,1.0,0.6257309941520469,0.6257309941520469,0.6257309941520469,1.0,0.6257309941520469,0.6257309941520469,negmas.preferences.ops.OutcomeOptimality,0.6257309941520469
456,False,False,True,43,0.042199542,0.8627450980392157,False,False,"(7, 5, 2, 'standard')",,2,False,,,,{},,[],"[7, 5, 2, 'standard']",BoulwareTBNegotiator@0,,2,"[['BoulwareTBNegotiator@0', [7, 5, 2, 'standard']]]",[None],BoulwareTBNegotiator@0,,"[['BoulwareTBNegotiator@0', None]]","(0.4970760233918128, 0.5029239766081871)","[1.0, 1.0]","[0.0, 0.0]","(0.004370114375307104, 0.0034960628013070215)","['BoulwareTBNegotiator', 'BoulwareTBNegotiator']",,YCgbFDAbJIg,0.04245458304649219,"['BoulwareTBNegotiator@0', 'BoulwareTBNegotiator@1']","['BoulwareTBNegotiator@0', 'BoulwareTBNegotiator@1']","['negmas.gb.negotiators.timebased.BoulwareTBNegotiator', 'negmas.gb.negotiators.timebased.BoulwareTBNegotiator']","[0.019931415969040245, 0.019200194044969976]",50,inf,50,inf,0.0,0.0,inf,inf,"{'rep': 1, 'n_repetitions': 2}",S4_A,YCgbFDAbJIg,negmas.sao.mechanism.SAOMechanism,YCgbFDAbJIg,43,0.042199542,,1,2,0.9999999999999999,0.9941520467836257,0.9941520467836257,0.9999999999999999,0.9999999999999999,0.9941520467836257,0.9999999999999999,negmas.preferences.ops.OutcomeOptimality,0.9941520467836257
457,False,False,True,38,0.040348792,0.7647058823529411,False,False,"(7, 8, 1, 'premium')",,2,False,,,,{},,[],"[7, 8, 1, 'premium']",LinearTBNegotiator@1,,2,[],"[None, None]",LinearTBNegotiator@1,,[],"(0.7076023391812865, 0.2923976608187134)","[1.0, 1.0]","[0.0, 0.0]","(0.004370114375307104, 0.0034960628013070215)","['BoulwareTBNegotiator', 'LinearTBNegotiator']",,JYf3400uMKk,0.04057850001845509,"['BoulwareTBNegotiator@0', 'LinearTBNegotiator@1']","['BoulwareTBNegotiator@0', 'LinearTBNegotiator@1']","['negmas.gb.negotiators.timebased.BoulwareTBNegotiator', 'negmas.gb.negotiators.timebased.LinearTBNegotiator']","[0.016790414636489004, 0.020846414496190846]",50,inf,50,inf,0.0,0.0,inf,inf,"{'rep': 0, 'n_repetitions': 2}",S4_A,JYf3400uMKk,negmas.sao.mechanism.SAOMechanism,JYf3400uMKk,38,0.040348792,,0,2,0.9999999999999999,0.7953216374269007,0.7953216374269007,0.7953216374269007,0.9999999999999998,0.7953216374269007,0.7953216374269007,negmas.preferences.ops.OutcomeOptimality,0.7953216374269007
458,False,False,True,25,0.027336458,0.5098039215686274,False,False,"(0, 10, 1, 'premium')",,2,False,,,,{},,[],"[0, 10, 1, 'premium']",GeniusBOABaselineNegotiator@1,,2,[],"[None, None]",GeniusBOABaselineNegotiator@1,,[],"(0.19047619047619047, 0.9682539682539681)","[1.0, 1.0]","[0.023809523809523808, 0.0]","(0.0007754352238636291, 0.002193248997500751)","['ConcederTBNegotiator', 'GeniusBOABaselineNegotiator']",,97XX81b1SSQ,0.027588874974753708,"['ConcederTBNegotiator@0', 'GeniusBOABaselineNegotiator@1']","['ConcederTBNegotiator@0', 'GeniusBOABaselineNegotiator@1']","['negmas.gb.negotiators.timebased.ConcederTBNegotiator', 'src.negotiators.GeniusBOABaselineNegotiator']","[0.019854375917930156, 0.005748917057644576]",50,inf,50,inf,0.0,0.0,inf,inf,"{'rep': 0, 'n_repetitions': 2}",S1_B-1,97XX81b1SSQ,negmas.sao.mechanism.SAOMechanism,97XX81b1SSQ,25,0.027336458,,0,2,1.0,0.6247884002894775,0.6039172983238965,0.6039172983238965,0.9325451898054491,0.6039172983238965,0.6039172983238965,negmas.preferences.ops.OutcomeOptimality,0.6247884002894775
459,False,False,True,32,0.0334105,0.6470588235294118,False,False,"(9, 7, 9, 'basic')",,2,False,,,,{},,[],"[9, 7, 9, 'basic']",ConcederTBNegotiator@1,,2,[],"[None, None]",ConcederTBNegotiator@1,,[],"(0.8821603927986906, 0.1185236972314441)","[0.9999999999999999, 0.9999999999999999]","[0.016366612111292964, 0.0]","(0.0006426653306037134, 0.0012950634439420957)","['SmartAspirationNegotiator', 'ConcederTBNegotiator']",,HsBp7kLGNmU,0.03920079203089699,"['SmartAspirationNegotiator@0', 'ConcederTBNegotiator@1']","['SmartAspirationNegotiator@0', 'ConcederTBNegotiator@1']","['src.negotiators.SmartAspirationNegotiator', 'negmas.gb.negotiators.timebased.ConcederTBNegotiator']","[0.01337687170598656, 0.023318165680393577]",50,inf,50,inf,0.0,0.0,inf,inf,"{'rep': 1, 'n_repetitions': 2}",S2_E-1,HsBp7kLGNmU,negmas.sao.mechanism.SAOMechanism,HsBp7kLGNmU,32,0.0334105,,1,2,0.9763036178091531,0.575956136137469,0.6132082015172416,0.598227682953997,0.8146676598217358,0.598227682953997,0.598227682953997,negmas.preferences.ops.OutcomeOptimality,0.6132082015172416
460,False,False,True,41,0.022042833,0.8235294117647058,False,False,"(9, 4, 0, 'basic')",,2,False,,,,{},,[],"[9, 4, 0, 'basic']",SmartAspirationNegotiator@0,,2,"[['SmartAspirationNegotiator@0', [9, 4, 0, 'basic']]]",[None],SmartAspirationNegotiator@0,,"[['SmartAspirationNegotiator@0', None]]","(0.5918734261726876, 0.6170212765957446)","[0.9999999999999999, 0.9999999999999999]","[0.0, 0.016366612111292964]","(0.0012950634439420957, 0.0006426653306037134)","['SmartAspirationNegotiator', 'SmartAspirationNegotiator']",,3OoqEPpx6GY,0.033325416035950184,"['SmartAspirationNegotiator@0', 'SmartAspirationNegotiator@1']","['SmartAspirationNegotiator@0', 'SmartAspirationNegotiator@1']","['src.negotiators.SmartAspirationNegotiator', 'src.negotiators.SmartAspirationNegotiator']","[0.015648499596863985, 0.014525205304380506]",50,inf,50,inf,0.0,0.0,inf,inf,"{'rep': 1, 'n_repetitions': 2}",S2_E,3OoqEPpx6GY,negmas.sao.mechanism.SAOMechanism,3OoqEPpx6GY,41,0.022042833,,1,2,1.0,0.962744468605478,1.0,0.9832225744061249,0.9841741547480721,0.9832225744061249,0.9832225744061249,negmas.preferences.ops.OutcomeOptimality,1.0
461,False,False,True,9,0.018172334,0.19607843137254902,False,False,"(0, 10, 3, 'standard')",,2,False,,,,{},,[],"[0, 10, 3, 'standard']",LinearTBNegotiator@0,,2,"[['LinearTBNegotiator@0', [0, 10, 3, 'standard']]]",[None],LinearTBNegotiator@0,,"[['LinearTBNegotiator@0', None]]","(0.8253968253968255, 0.3839132298329081)","[1.0, 1.0]","[0.0, 0.023809523809523808]","(0.002193248997500751, 0.0007754352238636291)","['LinearTBNegotiator', 'ConcederTBNegotiator']",,hyvBbK6khq0,0.01842591696185991,"['LinearTBNegotiator@0', 'ConcederTBNegotiator@1']","['LinearTBNegotiator@0', 'ConcederTBNegotiator@1']","['negmas.gb.negotiators.timebased.LinearTBNegotiator', 'negmas.gb.negotiators.timebased.ConcederTBNegotiator']","[0.007924085017293692, 0.009775579965207726]",50,inf,50,inf,0.0,0.0,inf,inf,"{'rep': 1, 'n_repetitions': 2}",S1_B,hyvBbK6khq0,negmas.sao.mechanism.SAOMechanism,hyvBbK6khq0,9,0.018172334,,1,2,0.9855095709579489,0.7964202352116565,0.7752162495989036,0.7752162495989036,0.9732518537566377,0.7752162495989036,0.7752162495989036,negmas.preferences.ops.OutcomeOptimality,0.7964202352116565
462,False,False,True,32,0.031219167,0.6470588235294118,False,False,"(8, 1, 5, 'basic')",,2,False,,,,{},,[],"[8, 1, 5, 'basic']",ConcederTBNegotiator@1,,2,[],"[None, None]",ConcederTBNegotiator@1,,[],"(0.8538011695906432, 0.14619883040935672)","[1.0, 1.0]","[0.0, 0.0]","(0.0034960628013070215, 0.004370114375307104)","['GeniusBOABaselineNegotiator', 'ConcederTBNegotiator']",,brIs4H-8dJ8,0.03147983399685472,"['GeniusBOABaselineNegotiator@0', 'ConcederTBNegotiator@1']","['GeniusBOABaselineNegotiator@0', 'ConcederTBNegotiator@1']","['src.negotiators.GeniusBOABaselineNegotiator', 'negmas.gb.negotiators.timebased.ConcederTBNegotiator']","[0.0059575020568445325, 0.022975740139372647]",50,inf,50,inf,0.0,0.0,inf,inf,"{'rep': 0, 'n_repetitions': 2}",S4_A-1,brIs4H-8dJ8,negmas.sao.mechanism.SAOMechanism,brIs4H-8dJ8,32,0.031219167,,0,2,1.0,0.6432748538011697,0.6432748538011697,0.6491228070175439,1.0,0.6432748538011697,0.6491228070175439,negmas.preferences.ops.OutcomeOptimality,0.6432748538011697
463,False,False,True,37,0.019399667,0.7450980392156863,False,False,"(9, 10, 8, 'standard')",,2,False,,,,{},,[],"[9, 10, 8, 'standard']",SmartAspirationNegotiator@0,,2,"[['SmartAspirationNegotiator@0', [9, 10, 8, 'standard']]]",[None],SmartAspirationNegotiator@0,,"[['SmartAspirationNegotiator@0', None]]","(0.7543859649122808, 0.7573099415204678)","[1.0, 1.0]","[0.09356725146198831, 0.046783625730994156]","(0.0009639366705748589, 0.0007811278057266481)","['SmartAspirationNegotiator', 'SmartAspirationNegotiator']",,nM5RrzsUtho,0.030669499945361167,"['SmartAspirationNegotiator@0', 'SmartAspirationNegotiator@1']","['SmartAspirationNegotiator@0', 'SmartAspirationNegotiator@1']","['src.negotiators.SmartAspirationNegotiator', 'src.negotiators.SmartAspirationNegotiator']","[0.014175755844917148, 0.013660412281751633]",50,inf,50,inf,0.0,0.0,inf,inf,"{'rep': 0, 'n_repetitions': 2}",S5_F,nM5RrzsUtho,negmas.sao.mechanism.SAOMechanism,nM5RrzsUtho,37,0.019399667,,0,2,1.0,0.9807999989329749,0.9807999989329749,1.0,0.9995877842364035,1.0,1.0,negmas.preferences.ops.OutcomeOptimality,1.0
464,False,False,True,28,0.028883875,0.5686274509803921,False,False,"(0, 3, 0, 'premium')",,2,False,,,,{},,[],"[0, 3, 0, 'premium']",GeniusBOABaselineNegotiator@1,,2,[],"[None, None]",GeniusBOABaselineNegotiator@1,,[],"(0.15384615384615385, 0.9232683981793433)","[0.9999999999999999, 0.9999999999999999]","[0.016366612111292964, 0.0]","(0.0006426653306037134, 0.0012950634439420957)","['ConcederTBNegotiator', 'GeniusBOABaselineNegotiator']",,5wuJ_1mgk-8,0.029101625026669353,"['ConcederTBNegotiator@0', 'GeniusBOABaselineNegotiator@1']","['ConcederTBNegotiator@0', 'GeniusBOABaselineNegotiator@1']","['negmas.gb.negotiators.timebased.ConcederTBNegotiator', 'src.negotiators.GeniusBOABaselineNegotiator']","[0.020423706620931625, 0.006513663101941347]",50,inf,50,inf,0.0,0.0,inf,inf,"{'rep': 0, 'n_repetitions': 2}",S2_E-1,5wuJ_1mgk-8,negmas.sao.mechanism.SAOMechanism,5wuJ_1mgk-8,28,0.028883875,,0,2,1.0,0.6276054466489961,0.5939791687865419,0.6107442472375311,0.8768905193967101,0.6107442472375311,0.6107442472375311,negmas.preferences.ops.OutcomeOptimality,0.6276054466489961
465,False,False,True,32,0.04083175,0.6470588235294118,False,False,"(7, 2, 8, 'basic')",,2,False,,,,{},,[],"[7, 2, 8, 'basic']",BoulwareTBNegotiator@1,,2,[],"[None, None]",BoulwareTBNegotiator@1,,[],"(0.11695906432748539, 0.8830409356725145)","[1.0, 1.0]","[0.0, 0.0]","(0.004370114375307104, 0.0034960628013070215)","['ConcederTBNegotiator', 'BoulwareTBNegotiator']",,Ijnl-s_UgTc,0.04111741698579863,"['ConcederTBNegotiator@0', 'BoulwareTBNegotiator@1']","['ConcederTBNegotiator@0', 'BoulwareTBNegotiator@1']","['negmas.gb.negotiators.timebased.ConcederTBNegotiator', 'negmas.gb.negotiators.timebased.BoulwareTBNegotiator']","[0.02351737895514816, 0.014982125896494836]",50,inf,50,inf,0.0,0.0,inf,inf,"{'rep': 1, 'n_repetitions': 2}",S4_A,Ijnl-s_UgTc,negmas.sao.mechanism.SAOMechanism,Ijnl-s_UgTc,32,0.04083175,,1,2,0.9999999999999999,0.6140350877192983,0.6140350877192983,0.6198830409356726,0.9999999999999999,0.6140350877192983,0.6198830409356726,negmas.preferences.ops.OutcomeOptimality,0.6140350877192983
466,False,False,True,38,0.029970459,0.7647058823529411,False,False,"(9, 10, 8, 'standard')",,2,False,,,,{},,[],"[9, 10, 8, 'standard']",SmartAspirationNegotiator@1,,2,[],"[None, None]",SmartAspirationNegotiator@1,,[],"(0.7573099415204678, 0.7543859649122808)","[1.0, 1.0]","[0.046783625730994156, 0.09356725146198831]","(0.0007442816259952948, 0.0008771261662935939)","['BoulwareTBNegotiator', 'SmartAspirationNegotiator']",,lPoNeJJA8aA,0.03573429101379588,"['BoulwareTBNegotiator@0', 'SmartAspirationNegotiator@1']","['BoulwareTBNegotiator@0', 'SmartAspirationNegotiator@1']","['negmas.gb.negotiators.timebased.BoulwareTBNegotiator', 'src.negotiators.SmartAspirationNegotiator']","[0.01847100240411237, 0.014273952052462846]",50,inf,50,inf,0.0,0.0,inf,inf,"{'rep': 0, 'n_repetitions': 2}",S0_F-1,lPoNeJJA8aA,negmas.sao.mechanism.SAOMechanism,lPoNeJJA8aA,38,0.029970459,,0,2,1.0,0.9807999989329749,0.9807999989329749,1.0,0.9995877842364035,1.0,1.0,negmas.preferences.ops.OutcomeOptimality,1.0
467,False,False,True,41,0.021606958,0.8235294117647058,False,False,"(9, 5, 0, 'basic')",,2,False,,,,{},,[],"[9, 5, 0, 'basic']",SmartAspirationNegotiator@0,,2,"[['SmartAspirationNegotiator@0', [9, 5, 0, 'basic']]]",[None],SmartAspirationNegotiator@0,,"[['SmartAspirationNegotiator@0', None]]","(0.5973813420621931, 0.6048387096774194)","[0.9999999999999999, 0.9999999999999999]","[0.016366612111292964, 0.0]","(0.0006426653306037134, 0.0012950634439420957)","['SmartAspirationNegotiator', 'SmartAspirationNegotiator']",,nyMUDIhXZuM,0.03283337503671646,"['SmartAspirationNegotiator@0', 'SmartAspirationNegotiator@1']","['SmartAspirationNegotiator@0', 'SmartAspirationNegotiator@1']","['src.negotiators.SmartAspirationNegotiator', 'src.negotiators.SmartAspirationNegotiator']","[0.014713123848196119, 0.01499995298217982]",50,inf,50,inf,0.0,0.0,inf,inf,"{'rep': 1, 'n_repetitions': 2}",S2_E-1,nyMUDIhXZuM,negmas.sao.mechanism.SAOMechanism,nyMUDIhXZuM,41,0.021606958,,1,2,1.0,0.9765338686924485,0.9832225744061249,1.0,0.9787402496945685,1.0,1.0,negmas.preferences.ops.OutcomeOptimality,1.0
468,False,False,True,4,0.014331667,0.09803921568627451,False,False,"(9, 1, 0, 'basic')",,2,False,,,,{},,[],"[9, 1, 0, 'basic']",ConcederTBNegotiator@1,,2,[],"[None, None]",ConcederTBNegotiator@1,,[],"(0.6759410801963993, 0.5080645161290323)","[0.9999999999999999, 0.9999999999999999]","[0.016366612111292964, 0.0]","(0.0006426653306037134, 0.0012950634439420957)","['ConcederTBNegotiator', 'ConcederTBNegotiator']",,rqWZhBHX9fY,0.014552167034707963,"['ConcederTBNegotiator@0', 'ConcederTBNegotiator@1']","['ConcederTBNegotiator@0', 'ConcederTBNegotiator@1']","['negmas.gb.negotiators.timebased.ConcederTBNegotiator', 'negmas.gb.negotiators.timebased.ConcederTBNegotiator']","[0.007135750085581094, 0.007090207072906196]",50,inf,50,inf,0.0,0.0,inf,inf,"{'rep': 1, 'n_repetitions': 2}",S2_E-1,rqWZhBHX9fY,negmas.sao.mechanism.SAOMechanism,rqWZhBHX9fY,4,0.014331667,,1,2,1.0,0.8898032269892446,0.9269635106480826,0.9111370615807703,0.9639116660136278,0.9111370615807703,0.9111370615807703,negmas.preferences.ops.OutcomeOptimality,0.9269635106480826
469,False,False,True,29,0.038112875,0.5882352941176471,False,False,"(3, 1, 9, 'basic')",,2,False,,,,{},,[],"[3, 1, 9, 'basic']",BoulwareTBNegotiator@0,,2,"[['BoulwareTBNegotiator@0', [3, 1, 9, 'basic']]]",[None],BoulwareTBNegotiator@0,,"[['BoulwareTBNegotiator@0', None]]","(0.9047619047619048, 0.15873015873015878)","[1.0, 1.0]","[0.023809523809523808, 0.0]","(0.0007754352238636291, 0.002193248997500751)","['BoulwareTBNegotiator', 'ConcederTBNegotiator']",,cp5T5AasGec,0.03837979200761765,"['BoulwareTBNegotiator@0', 'ConcederTBNegotiator@1']","['BoulwareTBNegotiator@0', 'ConcederTBNegotiator@1']","['negmas.gb.negotiators.timebased.BoulwareTBNegotiator', 'negmas.gb.negotiators.timebased.ConcederTBNegotiator']","[0.014650000142864883, 0.02143427898408845]",50,inf,50,inf,0.0,0.0,inf,inf,"{'rep': 1, 'n_repetitions': 2}",S1_B-1,cp5T5AasGec,negmas.sao.mechanism.SAOMechanism,cp5T5AasGec,29,0.038112875,,1,2,1.0,0.5935926814596778,0.6156542004475094,0.6156542004475094,0.8558976399584259,0.6156542004475094,0.6156542004475094,negmas.preferences.ops.OutcomeOptimality,0.6156542004475094
470,False,False,True,3,0.01897125,0.0784313725490196,False,False,"(8, 9, 8, 'premium')",,2,False,,,,{},,[],"[8, 9, 8, 'premium']",ConcederTBNegotiator@1,,2,[],"[None, None]",ConcederTBNegotiator@1,,[],"(0.5838206627680312, 0.5968161143599741)","[1.0, 1.0]","[0.046783625730994156, 0.09356725146198831]","(0.0007811278057266481, 0.0009639366705748589)","['ConcederTBNegotiator', 'ConcederTBNegotiator']",,V_PgU4RmbmA,0.019191125000361353,"['ConcederTBNegotiator@0', 'ConcederTBNegotiator@1']","['ConcederTBNegotiator@0', 'ConcederTBNegotiator@1']","['negmas.gb.negotiators.timebased.ConcederTBNegotiator', 'negmas.gb.negotiators.timebased.ConcederTBNegotiator']","[0.006621791981160641, 0.012298499990720302]",50,inf,50,inf,0.0,0.0,inf,inf,"{'rep': 0, 'n_repetitions': 2}",S5_F-1,V_PgU4RmbmA,negmas.sao.mechanism.SAOMechanism,V_PgU4RmbmA,3,0.01897125,,0,2,0.8338690225980921,0.8213816800521802,0.8213816800521802,0.8218283087855961,0.7806795632742511,0.8218283087855961,0.8218283087855961,negmas.preferences.ops.OutcomeOptimality,0.8218283087855961
471,False,False,True,42,0.0329205,0.8431372549019608,False,False,"(3, 10, 5, 'basic')",,2,False,,,,{},,[],"[3, 10, 5, 'basic']",SmartAspirationNegotiator@0,,2,"[['SmartAspirationNegotiator@0', [3, 10, 5, 'basic']]]",[None],SmartAspirationNegotiator@0,,"[['SmartAspirationNegotiator@0', None]]","(0.5238095238095238, 0.6345827581547269)","[1.0, 1.0]","[0.0, 0.023809523809523808]","(0.002193248997500751, 0.0007754352238636291)","['SmartAspirationNegotiator', 'BoulwareTBNegotiator']",,xlhllFolMBs,0.03789716603932902,"['SmartAspirationNegotiator@0', 'BoulwareTBNegotiator@1']","['SmartAspirationNegotiator@0', 'BoulwareTBNegotiator@1']","['src.negotiators.SmartAspirationNegotiator', 'negmas.gb.negotiators.timebased.BoulwareTBNegotiator']","[0.015271747775841504, 0.019332241732627153]",50,inf,50,inf,0.0,0.0,inf,inf,"{'rep': 1, 'n_repetitions': 2}",S1_B,xlhllFolMBs,negmas.sao.mechanism.SAOMechanism,xlhllFolMBs,42,0.0329205,,1,2,0.9823108132553978,0.9156542223097626,0.9371370162294771,0.9371370162294771,0.9322732668297498,0.9371370162294771,0.9371370162294771,negmas.preferences.ops.OutcomeOptimality,0.9371370162294771
472,False,False,True,2,0.011586417,0.058823529411764705,False,False,"(4, 10, 3, 'basic')",,2,False,,,,{},,[],"[4, 10, 3, 'basic']",ConcederTBNegotiator@0,,2,"[['ConcederTBNegotiator@0', [4, 10, 3, 'basic']]]",[None],ConcederTBNegotiator@0,,"[['ConcederTBNegotiator@0', None]]","(0.5664529123725907, 0.5608465608465609)","[1.0, 1.0]","[0.023809523809523808, 0.0]","(0.0007754352238636291, 0.002193248997500751)","['ConcederTBNegotiator', 'ConcederTBNegotiator']",,CbY2bo10GrM,0.011806584021542221,"['ConcederTBNegotiator@0', 'ConcederTBNegotiator@1']","['ConcederTBNegotiator@0', 'ConcederTBNegotiator@1']","['negmas.gb.negotiators.timebased.ConcederTBNegotiator', 'negmas.gb.negotiators.timebased.ConcederTBNegotiator']","[0.006150204979348928, 0.005490208161063492]",50,inf,50,inf,0.0,0.0,inf,inf,"{'rep': 0, 'n_repetitions': 2}",S1_B-1,CbY2bo10GrM,negmas.sao.mechanism.SAOMechanism,CbY2bo10GrM,2,0.011586417,,0,2,0.9609009237432099,0.9431329833373322,0.9532848494831877,0.9532848494831877,0.9072497969439234,0.9532848494831877,0.9532848494831877,negmas.preferences.ops.OutcomeOptimality,0.9532848494831877
473,False,False,True,42,0.01827125,0.8431372549019608,False,False,"(7, 10, 8, 'standard')",,2,False,,,,{},,[],"[7, 10, 8, 'standard']",GeniusBOABaselineNegotiator@0,,2,"[['GeniusBOABaselineNegotiator@0', [7, 10, 8, 'standard']]]",[None],GeniusBOABaselineNegotiator@0,,"[['GeniusBOABaselineNegotiator@0', None]]","(0.559779077322937, 0.7894736842105263)","[1.0, 1.0]","[0.046783625730994156, 0.09356725146198831]","(0.0007442816259952948, 0.0008771261662935939)","['GeniusBOABaselineNegotiator', 'GeniusBOABaselineNegotiator']",,VGVOkSd7iEg,0.018476166995242238,"['GeniusBOABaselineNegotiator@0', 'GeniusBOABaselineNegotiator@1']","['GeniusBOABaselineNegotiator@0', 'GeniusBOABaselineNegotiator@1']","['src.negotiators.GeniusBOABaselineNegotiator', 'src.negotiators.GeniusBOABaselineNegotiator']","[0.007514215132687241, 0.007477828010451049]",50,inf,50,inf,0.0,0.0,inf,inf,"{'rep': 1, 'n_repetitions': 2}",S0_F-1,VGVOkSd7iEg,negmas.sao.mechanism.SAOMechanism,VGVOkSd7iEg,42,0.01827125,,1,2,0.9573599675039428,0.8625646620321361,0.8625646620321361,0.8474798110912376,0.8921745256681245,0.8474798110912376,0.8474798110912376,negmas.preferences.ops.OutcomeOptimality,0.8625646620321361
474,False,False,True,23,0.028471041,0.47058823529411764,False,False,"(7, 10, 5, 'standard')",,2,False,,,,{},,[],"[7, 10, 5, 'standard']",LinearTBNegotiator@1,,2,[],"[None, None]",LinearTBNegotiator@1,,[],"(0.5767195767195767, 0.5790272025991713)","[1.0, 1.0]","[0.0, 0.023809523809523808]","(0.002193248997500751, 0.0007754352238636291)","['LinearTBNegotiator', 'LinearTBNegotiator']",,yh21i_Fit4U,0.02875712502282113,"['LinearTBNegotiator@0', 'LinearTBNegotiator@1']","['LinearTBNegotiator@0', 'LinearTBNegotiator@1']","['negmas.gb.negotiators.timebased.LinearTBNegotiator', 'negmas.gb.negotiators.timebased.LinearTBNegotiator']","[0.01323599903844297, 0.013722706236876547]",50,inf,50,inf,0.0,0.0,inf,inf,"{'rep': 0, 'n_repetitions': 2}",S1_B,yh21i_Fit4U,negmas.sao.mechanism.SAOMechanism,yh21i_Fit4U,23,0.028471041,,0,2,0.9736745881204828,0.9567674947426404,0.9677024037038318,0.9677024037038318,0.9301441682228879,0.9677024037038318,0.9677024037038318,negmas.preferences.ops.OutcomeOptimality,0.9677024037038318
475,False,False,True,38,0.032867667,0.7647058823529411,False,False,"(8, 6, 9, 'premium')",,2,False,,,,{},,[],"[8, 6, 9, 'premium']",SmartAspirationNegotiator@0,,2,"[['SmartAspirationNegotiator@0', [8, 6, 9, 'premium']]]",[None],SmartAspirationNegotiator@0,,"[['SmartAspirationNegotiator@0', None]]","(0.7099472631387526, 0.2614226440725705)","[0.9999999999999999, 0.9999999999999999]","[0.016366612111292964, 0.0]","(0.0006426653306037134, 0.0012950634439420957)","['SmartAspirationNegotiator', 'LinearTBNegotiator']",,DTssuBsywhk,0.03887012496124953,"['SmartAspirationNegotiator@0', 'LinearTBNegotiator@1']","['SmartAspirationNegotiator@0', 'LinearTBNegotiator@1']","['src.negotiators.SmartAspirationNegotiator', 'negmas.gb.negotiators.timebased.LinearTBNegotiator']","[0.014232546556741, 0.021654663258232176]",50,inf,50,inf,0.0,0.0,inf,inf,"{'rep': 0, 'n_repetitions': 2}",S2_E-1,DTssuBsywhk,negmas.sao.mechanism.SAOMechanism,DTssuBsywhk,38,0.032867667,,0,2,0.9908502915717833,0.7190358578484184,0.7552784600187009,0.7423561147168696,0.7908026689075016,0.7423561147168696,0.7423561147168696,negmas.preferences.ops.OutcomeOptimality,0.7552784600187009
476,False,False,True,41,0.029267709,0.8235294117647058,False,False,"(0, 5, 9, 'premium')",,2,False,,,,{},,[],"[0, 5, 9, 'premium']",GeniusBOABaselineNegotiator@0,,2,"[['GeniusBOABaselineNegotiator@0', [0, 5, 9, 'premium']]]",[None],GeniusBOABaselineNegotiator@0,,"[['GeniusBOABaselineNegotiator@0', None]]","(0.582010582010582, 0.6031746031746031)","[1.0, 1.0]","[0.0, 0.023809523809523808]","(0.002193248997500751, 0.0007754352238636291)","['GeniusBOABaselineNegotiator', 'BoulwareTBNegotiator']",,u8VjtwR2-oU,0.029498707968741655,"['GeniusBOABaselineNegotiator@0', 'BoulwareTBNegotiator@1']","['GeniusBOABaselineNegotiator@0', 'BoulwareTBNegotiator@1']","['src.negotiators.GeniusBOABaselineNegotiator', 'negmas.gb.negotiators.timebased.BoulwareTBNegotiator']","[0.006738291936926544, 0.01934932079166174]",50,inf,50,inf,0.0,0.0,inf,inf,"{'rep': 1, 'n_repetitions': 2}",S1_B,u8VjtwR2-oU,negmas.sao.mechanism.SAOMechanism,u8VjtwR2-oU,41,0.029267709,,1,2,0.9912092750886039,0.9617153631935871,0.9802359416950643,0.9802359416950643,0.9538361758740667,0.9802359416950643,0.9802359416950643,negmas.preferences.ops.OutcomeOptimality,0.9802359416950643
477,False,False,True,38,0.018007083,0.7647058823529411,False,False,"(9, 10, 7, 'standard')",,2,False,,,,{},,[],"[9, 10, 7, 'standard']",SmartAspirationNegotiator@1,,2,[],"[None, None]",SmartAspirationNegotiator@1,,[],"(0.7725532264198727, 0.7397660818713451)","[1.0, 1.0]","[0.09356725146198831, 0.046783625730994156]","(0.0008771261662935939, 0.0007442816259952948)","['GeniusBOABaselineNegotiator', 'SmartAspirationNegotiator']",,1xj1fMg7Xxc,0.023534459003712982,"['GeniusBOABaselineNegotiator@0', 'SmartAspirationNegotiator@1']","['GeniusBOABaselineNegotiator@0', 'SmartAspirationNegotiator@1']","['src.negotiators.GeniusBOABaselineNegotiator', 'src.negotiators.SmartAspirationNegotiator']","[0.007056666712742299, 0.013550782110542059]",50,inf,50,inf,0.0,0.0,inf,inf,"{'rep': 1, 'n_repetitions': 2}",S0_F,1xj1fMg7Xxc,negmas.sao.mechanism.SAOMechanism,1xj1fMg7Xxc,38,0.018007083,,1,2,1.0,1.0,1.0,0.9807999989329749,1.0,0.9807999989329749,0.9807999989329749,negmas.preferences.ops.OutcomeOptimality,1.0
478,False,False,True,39,0.043640167,0.7843137254901961,False,False,"(3, 2, 1, 'standard')",,2,False,,,,{},,[],"[3, 2, 1, 'standard']",LinearTBNegotiator@1,,2,[],"[None, None]",LinearTBNegotiator@1,,[],"(0.6756272401433692, 0.2675031823967994)","[0.9999999999999999, 0.9999999999999999]","[0.0, 0.016366612111292964]","(0.0010624744725208587, 0.0007574209704742231)","['GeniusBOABaselineNegotiator', 'LinearTBNegotiator']",,mjPScklIakw,0.043973457999527454,"['GeniusBOABaselineNegotiator@0', 'LinearTBNegotiator@1']","['GeniusBOABaselineNegotiator@0', 'LinearTBNegotiator@1']","['src.negotiators.GeniusBOABaselineNegotiator', 'negmas.gb.negotiators.timebased.LinearTBNegotiator']","[0.016747038811445236, 0.02393982687499374]",50,inf,50,inf,0.0,0.0,inf,inf,"{'rep': 1, 'n_repetitions': 2}",S3_E,mjPScklIakw,negmas.sao.mechanism.SAOMechanism,mjPScklIakw,39,0.043640167,,1,2,0.902907436915248,0.7678606227682558,0.7437685636192172,0.7594704993015259,0.7678126012919283,0.7594704993015259,0.7594704993015259,negmas.preferences.ops.OutcomeOptimality,0.7678606227682558
479,False,False,True,29,0.031053917,0.5882352941176471,False,False,"(9, 3, 9, 'standard')",,2,False,,,,{},,[],"[9, 3, 9, 'standard']",GeniusBOABaselineNegotiator@0,,2,"[['GeniusBOABaselineNegotiator@0', [9, 3, 9, 'standard']]]",[None],GeniusBOABaselineNegotiator@0,,"[['GeniusBOABaselineNegotiator@0', None]]","(0.8952536824877251, 0.1490748497922465)","[0.9999999999999999, 0.9999999999999999]","[0.016366612111292964, 0.0]","(0.0006426653306037134, 0.0012950634439420957)","['GeniusBOABaselineNegotiator', 'ConcederTBNegotiator']",,NMoGKP14_eY,0.031415583041962236,"['GeniusBOABaselineNegotiator@0', 'ConcederTBNegotiator@1']","['GeniusBOABaselineNegotiator@0', 'ConcederTBNegotiator@1']","['src.negotiators.GeniusBOABaselineNegotiator', 'negmas.gb.negotiators.timebased.ConcederTBNegotiator']","[0.00711241940734908, 0.02188633708283305]",50,inf,50,inf,0.0,0.0,inf,inf,"{'rep': 1, 'n_repetitions': 2}",S2_E-1,NMoGKP14_eY,negmas.sao.mechanism.SAOMechanism,NMoGKP14_eY,29,0.031053917,,1,2,1.0,0.5899418999499724,0.627175323667607,0.6118375432198896,0.8501990687710164,0.6118375432198896,0.6118375432198896,negmas.preferences.ops.OutcomeOptimality,0.627175323667607
480,False,False,True,41,0.023390458,0.8235294117647058,False,False,"(0, 5, 9, 'premium')",,2,False,,,,{},,[],"[0, 5, 9, 'premium']",SmartAspirationNegotiator@0,,2,"[['SmartAspirationNegotiator@0', [0, 5, 9, 'premium']]]",[None],SmartAspirationNegotiator@0,,"[['SmartAspirationNegotiator@0', None]]","(0.6031746031746031, 0.582010582010582)","[1.0, 1.0]","[0.023809523809523808, 0.0]","(0.0007754352238636291, 0.002193248997500751)","['SmartAspirationNegotiator', 'SmartAspirationNegotiator']",,g5blE9mduE8,0.03324983303900808,"['SmartAspirationNegotiator@0', 'SmartAspirationNegotiator@1']","['SmartAspirationNegotiator@0', 'SmartAspirationNegotiator@1']","['src.negotiators.SmartAspirationNegotiator', 'src.negotiators.SmartAspirationNegotiator']","[0.016517127864062786, 0.013640290184412152]",50,inf,50,inf,0.0,0.0,inf,inf,"{'rep': 1, 'n_repetitions': 2}",S1_B-1,g5blE9mduE8,negmas.sao.mechanism.SAOMechanism,g5blE9mduE8,41,0.023390458,,1,2,0.9912092750886039,0.9617153631935871,0.9802359416950643,0.9802359416950643,0.9538361758740667,0.9802359416950643,0.9802359416950643,negmas.preferences.ops.OutcomeOptimality,0.9802359416950643
481,False,False,True,27,0.036994542,0.5490196078431373,False,False,"(4, 10, 0, 'standard')",,2,False,,,,{},,[],"[4, 10, 0, 'standard']",BoulwareTBNegotiator@0,,2,"[['BoulwareTBNegotiator@0', [4, 10, 0, 'standard']]]",[None],BoulwareTBNegotiator@0,,"[['BoulwareTBNegotiator@0', None]]","(0.9298245614035088, 0.21572449642625083)","[1.0, 1.0]","[0.09356725146198831, 0.046783625730994156]","(0.0008771261662935939, 0.0007442816259952948)","['BoulwareTBNegotiator', 'ConcederTBNegotiator']",,k-TN4yFbDrg,0.03724341600900516,"['BoulwareTBNegotiator@0', 'ConcederTBNegotiator@1']","['BoulwareTBNegotiator@0', 'ConcederTBNegotiator@1']","['negmas.gb.negotiators.timebased.BoulwareTBNegotiator', 'negmas.gb.negotiators.timebased.ConcederTBNegotiator']","[0.015289621835108846, 0.01980149873998016]",50,inf,50,inf,0.0,0.0,inf,inf,"{'rep': 1, 'n_repetitions': 2}",S0_F,k-TN4yFbDrg,negmas.sao.mechanism.SAOMechanism,k-TN4yFbDrg,27,0.036994542,,1,2,0.9878762575568232,0.5840520094147557,0.5840520094147557,0.5672054735427323,0.7574782994235028,0.5672054735427323,0.5672054735427323,negmas.preferences.ops.OutcomeOptimality,0.5840520094147557
482,False,False,True,43,0.020773708,0.8627450980392157,False,False,"(0, 7, 8, 'basic')",,2,False,,,,{},,[],"[0, 7, 8, 'basic']",SmartAspirationNegotiator@0,,2,"[['SmartAspirationNegotiator@0', [0, 7, 8, 'basic']]]",[None],SmartAspirationNegotiator@0,,"[['SmartAspirationNegotiator@0', None]]","(0.4678362573099415, 0.5321637426900585)","[1.0, 1.0]","[0.0, 0.0]","(0.004370114375307104, 0.0034960628013070215)","['SmartAspirationNegotiator', 'GeniusBOABaselineNegotiator']",,bh_XM3fnpTk,0.02571454201824963,"['SmartAspirationNegotiator@0', 'GeniusBOABaselineNegotiator@1']","['SmartAspirationNegotiator@0', 'GeniusBOABaselineNegotiator@1']","['src.negotiators.SmartAspirationNegotiator', 'src.negotiators.GeniusBOABaselineNegotiator']","[0.01587454095715657, 0.00641154422191903]",50,inf,50,inf,0.0,0.0,inf,inf,"{'rep': 1, 'n_repetitions': 2}",S4_A,bh_XM3fnpTk,negmas.sao.mechanism.SAOMechanism,bh_XM3fnpTk,43,0.020773708,,1,2,1.0,0.9649122807017543,0.9649122807017543,0.9707602339181287,1.0,0.9649122807017543,0.9707602339181287,negmas.preferences.ops.OutcomeOptimality,0.9649122807017543
483,False,False,True,37,0.018355542,0.7450980392156863,False,False,"(9, 10, 8, 'standard')",,2,False,,,,{},,[],"[9, 10, 8, 'standard']",SmartAspirationNegotiator@0,,2,"[['SmartAspirationNegotiator@0', [9, 10, 8, 'standard']]]",[None],SmartAspirationNegotiator@0,,"[['SmartAspirationNegotiator@0', None]]","(0.7543859649122808, 0.7573099415204678)","[1.0, 1.0]","[0.09356725146198831, 0.046783625730994156]","(0.0008771261662935939, 0.0007442816259952948)","['SmartAspirationNegotiator', 'GeniusBOABaselineNegotiator']",,L7_WsnLRW4Q,0.023985999985598028,"['SmartAspirationNegotiator@0', 'GeniusBOABaselineNegotiator@1']","['SmartAspirationNegotiator@0', 'GeniusBOABaselineNegotiator@1']","['src.negotiators.SmartAspirationNegotiator', 'src.negotiators.GeniusBOABaselineNegotiator']","[0.01402887684525922, 0.007134246872738004]",50,inf,50,inf,0.0,0.0,inf,inf,"{'rep': 0, 'n_repetitions': 2}",S0_F,L7_WsnLRW4Q,negmas.sao.mechanism.SAOMechanism,L7_WsnLRW4Q,37,0.018355542,,0,2,1.0,0.9807999989329749,0.9807999989329749,1.0,0.9995877842364035,1.0,1.0,negmas.preferences.ops.OutcomeOptimality,1.0
484,False,False,True,44,0.043523458,0.8823529411764706,False,False,"(9, 10, 1, 'basic')",,2,False,,,,{},,[],"[9, 10, 1, 'basic']",BoulwareTBNegotiator@1,,2,[],"[None, None]",BoulwareTBNegotiator@1,,[],"(0.5465949820788529, 0.503182396799418)","[0.9999999999999999, 0.9999999999999999]","[0.0, 0.016366612111292964]","(0.0012950634439420957, 0.0006426653306037134)","['BoulwareTBNegotiator', 'BoulwareTBNegotiator']",,WOkyXwfy53M,0.04375199996866286,"['BoulwareTBNegotiator@0', 'BoulwareTBNegotiator@1']","['BoulwareTBNegotiator@0', 'BoulwareTBNegotiator@1']","['negmas.gb.negotiators.timebased.BoulwareTBNegotiator', 'negmas.gb.negotiators.timebased.BoulwareTBNegotiator']","[0.020414754806552082, 0.0199506570934318]",50,inf,50,inf,0.0,0.0,inf,inf,"{'rep': 0, 'n_repetitions': 2}",S2_E,WOkyXwfy53M,negmas.sao.mechanism.SAOMechanism,WOkyXwfy53M,44,0.043523458,,0,2,0.9210437943802361,0.9101795645181664,0.9126584534033798,0.9210437943802361,0.8546350332788867,0.9210437943802361,0.9210437943802361,negmas.preferences.ops.OutcomeOptimality,0.9210437943802361
485,False,False,True,29,0.030247958,0.5882352941176471,False,False,"(7, 3, 8, 'basic')",,2,False,,,,{},,[],"[7, 3, 8, 'basic']",SmartAspirationNegotiator@0,,2,"[['SmartAspirationNegotiator@0', [7, 3, 8, 'basic']]]",[None],SmartAspirationNegotiator@0,,"[['SmartAspirationNegotiator@0', None]]","(0.9079124572989681, 0.1375661375661376)","[1.0, 1.0]","[0.023809523809523808, 0.0]","(0.0007754352238636291, 0.002193248997500751)","['SmartAspirationNegotiator', 'ConcederTBNegotiator']",,6H_7TLJ7gLg,0.035394957987591624,"['SmartAspirationNegotiator@0', 'ConcederTBNegotiator@1']","['SmartAspirationNegotiator@0', 'ConcederTBNegotiator@1']","['src.negotiators.SmartAspirationNegotiator', 'negmas.gb.negotiators.timebased.ConcederTBNegotiator']","[0.011711456521879882, 0.021291160548571497]",50,inf,50,inf,0.0,0.0,inf,inf,"{'rep': 0, 'n_repetitions': 2}",S1_B-1,6H_7TLJ7gLg,negmas.sao.mechanism.SAOMechanism,6H_7TLJ7gLg,29,0.030247958,,0,2,0.9999999999999999,0.5796181182470082,0.601689676597047,0.601689676597047,0.8414004134961494,0.601689676597047,0.601689676597047,negmas.preferences.ops.OutcomeOptimality,0.601689676597047
486,False,False,True,37,0.018518208,0.7450980392156863,False,False,"(9, 10, 8, 'standard')",,2,False,,,,{},,[],"[9, 10, 8, 'standard']",SmartAspirationNegotiator@0,,2,"[['SmartAspirationNegotiator@0', [9, 10, 8, 'standard']]]",[None],SmartAspirationNegotiator@0,,"[['SmartAspirationNegotiator@0', None]]","(0.7543859649122808, 0.7573099415204678)","[1.0, 1.0]","[0.09356725146198831, 0.046783625730994156]","(0.0008771261662935939, 0.0007442816259952948)","['SmartAspirationNegotiator', 'GeniusBOABaselineNegotiator']",,Q_lNgrzUPcE,0.024277458956930786,"['SmartAspirationNegotiator@0', 'GeniusBOABaselineNegotiator@1']","['SmartAspirationNegotiator@0', 'GeniusBOABaselineNegotiator@1']","['src.negotiators.SmartAspirationNegotiator', 'src.negotiators.GeniusBOABaselineNegotiator']","[0.01433675509179011, 0.007034290058072656]",50,inf,50,inf,0.0,0.0,inf,inf,"{'rep': 1, 'n_repetitions': 2}",S0_F,Q_lNgrzUPcE,negmas.sao.mechanism.SAOMechanism,Q_lNgrzUPcE,37,0.018518208,,1,2,1.0,0.9807999989329749,0.9807999989329749,1.0,0.9995877842364035,1.0,1.0,negmas.preferences.ops.OutcomeOptimality,1.0
487,False,False,True,42,0.019352667,0.8431372549019608,False,False,"(2, 10, 4, 'basic')",,2,False,,,,{},,[],"[2, 10, 4, 'basic']",SmartAspirationNegotiator@1,,2,[],"[None, None]",SmartAspirationNegotiator@1,,[],"(0.5793650793650793, 0.582010582010582)","[1.0, 1.0]","[0.023809523809523808, 0.0]","(0.0007754352238636291, 0.002193248997500751)","['GeniusBOABaselineNegotiator', 'SmartAspirationNegotiator']",,ckRk_W5ER7w,0.024190291005652398,"['GeniusBOABaselineNegotiator@0', 'SmartAspirationNegotiator@1']","['GeniusBOABaselineNegotiator@0', 'SmartAspirationNegotiator@1']","['src.negotiators.GeniusBOABaselineNegotiator', 'src.negotiators.SmartAspirationNegotiator']","[0.0066678342409431934, 0.014305831748060882]",50,inf,50,inf,0.0,0.0,inf,inf,"{'rep': 1, 'n_repetitions': 2}",S1_B-1,ckRk_W5ER7w,negmas.sao.mechanism.SAOMechanism,ckRk_W5ER7w,42,0.019352667,,1,2,0.9747435113226108,0.9604718833901288,0.9704295597377377,0.9704295597377377,0.9346742884123109,0.9704295597377377,0.9704295597377377,negmas.preferences.ops.OutcomeOptimality,0.9704295597377377
488,False,False,True,42,0.021274292,0.8431372549019608,False,False,"(9, 2, 0, 'basic')",,2,False,,,,{},,[],"[9, 2, 0, 'basic']",SmartAspirationNegotiator@0,,2,"[['SmartAspirationNegotiator@0', [9, 2, 0, 'basic']]]",[None],SmartAspirationNegotiator@0,,"[['SmartAspirationNegotiator@0', None]]","(0.5564516129032258, 0.6563011456628477)","[0.9999999999999999, 0.9999999999999999]","[0.0, 0.016366612111292964]","(0.0012950634439420957, 0.0006426653306037134)","['SmartAspirationNegotiator', 'GeniusBOABaselineNegotiator']",,nboiTeGvcSE,0.026838624966330826,"['SmartAspirationNegotiator@0', 'GeniusBOABaselineNegotiator@1']","['SmartAspirationNegotiator@0', 'GeniusBOABaselineNegotiator@1']","['src.negotiators.SmartAspirationNegotiator', 'src.negotiators.GeniusBOABaselineNegotiator']","[0.016103170171845704, 0.007405832759104669]",50,inf,50,inf,0.0,0.0,inf,inf,"{'rep': 0, 'n_repetitions': 2}",S2_E,nboiTeGvcSE,negmas.sao.mechanism.SAOMechanism,nboiTeGvcSE,42,0.021274292,,0,2,1.0,0.9259475513173088,0.9622920760502182,0.9456457474034602,0.9873150393883301,0.9456457474034602,0.9456457474034602,negmas.preferences.ops.OutcomeOptimality,0.9622920760502182
489,False,False,True,38,0.029549,0.7647058823529411,False,False,"(9, 10, 7, 'standard')",,2,False,,,,{},,[],"[9, 10, 7, 'standard']",SmartAspirationNegotiator@1,,2,[],"[None, None]",SmartAspirationNegotiator@1,,[],"(0.7725532264198727, 0.7397660818713451)","[1.0, 1.0]","[0.09356725146198831, 0.046783625730994156]","(0.0009639366705748589, 0.0007811278057266481)","['BoulwareTBNegotiator', 'SmartAspirationNegotiator']",,QzEnKn43Pcc,0.03534133295761421,"['BoulwareTBNegotiator@0', 'SmartAspirationNegotiator@1']","['BoulwareTBNegotiator@0', 'SmartAspirationNegotiator@1']","['negmas.gb.negotiators.timebased.BoulwareTBNegotiator', 'src.negotiators.SmartAspirationNegotiator']","[0.01837292016716674, 0.014009376289322972]",50,inf,50,inf,0.0,0.0,inf,inf,"{'rep': 1, 'n_repetitions': 2}",S5_F,QzEnKn43Pcc,negmas.sao.mechanism.SAOMechanism,QzEnKn43Pcc,38,0.029549,,1,2,1.0,1.0,1.0,0.9807999989329749,1.0,0.9807999989329749,0.9807999989329749,negmas.preferences.ops.OutcomeOptimality,1.0
490,False,False,True,32,0.033489958,0.6470588235294118,False,False,"(9, 3, 5, 'basic')",,2,False,,,,{},,[],"[9, 3, 5, 'basic']",SmartAspirationNegotiator@1,,2,[],"[None, None]",SmartAspirationNegotiator@1,,[],"(0.2059779077322937, 0.8778427550357375)","[1.0, 1.0]","[0.09356725146198831, 0.046783625730994156]","(0.0009639366705748589, 0.0007811278057266481)","['ConcederTBNegotiator', 'SmartAspirationNegotiator']",,6dCcvFYY_Bo,0.039261249999981374,"['ConcederTBNegotiator@0', 'SmartAspirationNegotiator@1']","['ConcederTBNegotiator@0', 'SmartAspirationNegotiator@1']","['negmas.gb.negotiators.timebased.ConcederTBNegotiator', 'src.negotiators.SmartAspirationNegotiator']","[0.023619671643245965, 0.013111626903992146]",50,inf,50,inf,0.0,0.0,inf,inf,"{'rep': 1, 'n_repetitions': 2}",S5_F,6dCcvFYY_Bo,negmas.sao.mechanism.SAOMechanism,6dCcvFYY_Bo,32,0.033489958,,1,2,0.977991611797476,0.5566644835268639,0.5566644835268639,0.5731311073045606,0.7166612611675568,0.5731311073045606,0.5731311073045606,negmas.preferences.ops.OutcomeOptimality,0.5731311073045606
491,False,False,True,38,0.041691666,0.7647058823529411,False,False,"(7, 8, 8, 'basic')",,2,False,,,,{},,[],"[7, 8, 8, 'basic']",LinearTBNegotiator@1,,2,[],"[None, None]",LinearTBNegotiator@1,,[],"(0.7076023391812865, 0.2923976608187134)","[1.0, 1.0]","[0.0, 0.0]","(0.0034960628013070215, 0.004370114375307104)","['BoulwareTBNegotiator', 'LinearTBNegotiator']",,jOc-_rfjFn8,0.0419998750439845,"['BoulwareTBNegotiator@0', 'LinearTBNegotiator@1']","['BoulwareTBNegotiator@0', 'LinearTBNegotiator@1']","['negmas.gb.negotiators.timebased.BoulwareTBNegotiator', 'negmas.gb.negotiators.timebased.LinearTBNegotiator']","[0.017617788747884333, 0.02142519486369565]",50,inf,50,inf,0.0,0.0,inf,inf,"{'rep': 1, 'n_repetitions': 2}",S4_A-1,jOc-_rfjFn8,negmas.sao.mechanism.SAOMechanism,jOc-_rfjFn8,38,0.041691666,,1,2,0.9999999999999999,0.7894736842105263,0.7894736842105263,0.7953216374269007,0.9999999999999998,0.7894736842105263,0.7953216374269007,negmas.preferences.ops.OutcomeOptimality,0.7894736842105263
492,False,False,True,13,0.022440417,0.27450980392156865,False,False,"(6, 10, 6, 'premium')",,2,False,,,,{},,[],"[6, 10, 6, 'premium']",LinearTBNegotiator@0,,2,"[['LinearTBNegotiator@0', [6, 10, 6, 'premium']]]",[None],LinearTBNegotiator@0,,"[['LinearTBNegotiator@0', None]]","(0.7689495968231964, 0.37426900584795325)","[1.0, 1.0]","[0.09356725146198831, 0.046783625730994156]","(0.0008771261662935939, 0.0007442816259952948)","['LinearTBNegotiator', 'ConcederTBNegotiator']",,q-TD0qPzzVU,0.022655832988675684,"['LinearTBNegotiator@0', 'ConcederTBNegotiator@1']","['LinearTBNegotiator@0', 'ConcederTBNegotiator@1']","['negmas.gb.negotiators.timebased.LinearTBNegotiator', 'negmas.gb.negotiators.timebased.ConcederTBNegotiator']","[0.010189708264078945, 0.011439247115049511]",50,inf,50,inf,0.0,0.0,inf,inf,"{'rep': 1, 'n_repetitions': 2}",S0_F,q-TD0qPzzVU,negmas.sao.mechanism.SAOMechanism,q-TD0qPzzVU,13,0.022440417,,1,2,0.9161843172014918,0.7221236298881974,0.7221236298881974,0.7085893136460552,0.7559373185302263,0.7085893136460552,0.7085893136460552,negmas.preferences.ops.OutcomeOptimality,0.7221236298881974
493,False,False,True,42,0.041274208,0.8431372549019608,False,False,"(4, 8, 8, 'premium')",,2,False,,,,{},,[],"[4, 8, 8, 'premium']",BoulwareTBNegotiator@1,,2,[],"[None, None]",BoulwareTBNegotiator@1,,[],"(0.5904521398386507, 0.5873015873015872)","[1.0, 1.0]","[0.023809523809523808, 0.0]","(0.0007754352238636291, 0.002193248997500751)","['BoulwareTBNegotiator', 'BoulwareTBNegotiator']",,W36aRZ5JiO0,0.041560000041499734,"['BoulwareTBNegotiator@0', 'BoulwareTBNegotiator@1']","['BoulwareTBNegotiator@0', 'BoulwareTBNegotiator@1']","['negmas.gb.negotiators.timebased.BoulwareTBNegotiator', 'negmas.gb.negotiators.timebased.BoulwareTBNegotiator']","[0.01942295127082616, 0.018846200313419104]",50,inf,50,inf,0.0,0.0,inf,inf,"{'rep': 1, 'n_repetitions': 2}",S1_B-1,W36aRZ5JiO0,negmas.sao.mechanism.SAOMechanism,W36aRZ5JiO0,42,0.041274208,,1,2,0.9829625189076004,0.9657533700827802,0.9788365509746099,0.9788365509746099,0.947855343839237,0.9788365509746099,0.9788365509746099,negmas.preferences.ops.OutcomeOptimality,0.9788365509746099
494,False,False,True,40,0.04401775,0.803921568627451,False,False,"(6, 4, 9, 'standard')",,2,False,,,,{},,[],"[6, 4, 9, 'standard']",LinearTBNegotiator@1,,2,[],"[None, None]",LinearTBNegotiator@1,,[],"(0.6710310965630115, 0.23703471649526825)","[0.9999999999999999, 0.9999999999999999]","[0.016366612111292964, 0.0]","(0.0007574209704742231, 0.0010624744725208587)","['BoulwareTBNegotiator', 'LinearTBNegotiator']",,3y_erqElUbI,0.04431233397917822,"['BoulwareTBNegotiator@0', 'LinearTBNegotiator@1']","['BoulwareTBNegotiator@0', 'LinearTBNegotiator@1']","['negmas.gb.negotiators.timebased.BoulwareTBNegotiator', 'negmas.gb.negotiators.timebased.LinearTBNegotiator']","[0.01889458583900705, 0.02224307769211009]",50,inf,50,inf,0.0,0.0,inf,inf,"{'rep': 1, 'n_repetitions': 2}",S3_E-1,3y_erqElUbI,negmas.sao.mechanism.SAOMechanism,3y_erqElUbI,40,0.04401775,,1,2,0.9694735723246475,0.70911502398021,0.7441159507431945,0.7325810824533303,0.7392661263016912,0.7325810824533303,0.7325810824533303,negmas.preferences.ops.OutcomeOptimality,0.7441159507431945
495,False,False,True,38,0.041779875,0.7647058823529411,False,False,"(9, 2, 8, 'premium')",,2,False,,,,{},,[],"[9, 2, 8, 'premium']",BoulwareTBNegotiator@1,,2,[],"[None, None]",BoulwareTBNegotiator@1,,[],"(0.26900584795321636, 0.7309941520467835)","[1.0, 1.0]","[0.0, 0.0]","(0.004370114375307104, 0.0034960628013070215)","['LinearTBNegotiator', 'BoulwareTBNegotiator']",,jJeB37Xy8kA,0.04202904098201543,"['LinearTBNegotiator@0', 'BoulwareTBNegotiator@1']","['LinearTBNegotiator@0', 'BoulwareTBNegotiator@1']","['negmas.gb.negotiators.timebased.LinearTBNegotiator', 'negmas.gb.negotiators.timebased.BoulwareTBNegotiator']","[0.021652916097082198, 0.017279497056733817]",50,inf,50,inf,0.0,0.0,inf,inf,"{'rep': 0, 'n_repetitions': 2}",S4_A,jJeB37Xy8kA,negmas.sao.mechanism.SAOMechanism,jJeB37Xy8kA,38,0.041779875,,0,2,1.0,0.7660818713450293,0.7660818713450293,0.7719298245614036,0.9999999999999999,0.7660818713450293,0.7719298245614036,negmas.preferences.ops.OutcomeOptimality,0.7660818713450293
496,False,False,True,42,0.029770833,0.8431372549019608,False,False,"(9, 2, 1, 'premium')",,2,False,,,,{},,[],"[9, 2, 1, 'premium']",GeniusBOABaselineNegotiator@0,,2,"[['GeniusBOABaselineNegotiator@0', [9, 2, 1, 'premium']]]",[None],GeniusBOABaselineNegotiator@0,,"[['GeniusBOABaselineNegotiator@0', None]]","(0.5457355882887797, 0.578853046594982)","[0.9999999999999999, 0.9999999999999999]","[0.016366612111292964, 0.0]","(0.0007574209704742231, 0.0010624744725208587)","['GeniusBOABaselineNegotiator', 'BoulwareTBNegotiator']",,SUJFzOpxiO4,0.029996708035469055,"['GeniusBOABaselineNegotiator@0', 'BoulwareTBNegotiator@1']","['GeniusBOABaselineNegotiator@0', 'BoulwareTBNegotiator@1']","['src.negotiators.GeniusBOABaselineNegotiator', 'negmas.gb.negotiators.timebased.BoulwareTBNegotiator']","[0.00744196557207033, 0.01930916216224432]",50,inf,50,inf,0.0,0.0,inf,inf,"{'rep': 0, 'n_repetitions': 2}",S3_E-1,SUJFzOpxiO4,negmas.sao.mechanism.SAOMechanism,SUJFzOpxiO4,42,0.029770833,,0,2,0.9587829391141542,0.9474842994747478,0.9483384723776958,0.9587829391141542,0.915539679875679,0.9587829391141542,0.9587829391141542,negmas.preferences.ops.OutcomeOptimality,0.9587829391141542
497,False,False,True,37,0.029187334,0.7450980392156863,False,False,"(9, 10, 7, 'standard')",,2,False,,,,{},,[],"[9, 10, 7, 'standard']",SmartAspirationNegotiator@0,,2,"[['SmartAspirationNegotiator@0', [9, 10, 7, 'standard']]]",[None],SmartAspirationNegotiator@0,,"[['SmartAspirationNegotiator@0', None]]","(0.7397660818713451, 0.7725532264198727)","[1.0, 1.0]","[0.046783625730994156, 0.09356725146198831]","(0.0007442816259952948, 0.0008771261662935939)","['SmartAspirationNegotiator', 'BoulwareTBNegotiator']",,M4BFqMV_LpE,0.03481954097514972,"['SmartAspirationNegotiator@0', 'BoulwareTBNegotiator@1']","['SmartAspirationNegotiator@0', 'BoulwareTBNegotiator@1']","['src.negotiators.SmartAspirationNegotiator', 'negmas.gb.negotiators.timebased.BoulwareTBNegotiator']","[0.01398799876915291, 0.017930663016159087]",50,inf,50,inf,0.0,0.0,inf,inf,"{'rep': 1, 'n_repetitions': 2}",S0_F-1,M4BFqMV_LpE,negmas.sao.mechanism.SAOMechanism,M4BFqMV_LpE,37,0.029187334,,1,2,1.0,1.0,1.0,0.9807999989329749,1.0,0.9807999989329749,0.9807999989329749,negmas.preferences.ops.OutcomeOptimality,1.0
498,False,False,True,12,0.02070475,0.2549019607843137,False,False,"(5, 8, 8, 'basic')",,2,False,,,,{},,[],"[5, 8, 8, 'basic']",ConcederTBNegotiator@1,,2,[],"[None, None]",ConcederTBNegotiator@1,,[],"(0.796801346187857, 0.32275132275132273)","[1.0, 1.0]","[0.023809523809523808, 0.0]","(0.0007754352238636291, 0.002193248997500751)","['LinearTBNegotiator', 'ConcederTBNegotiator']",,h5D19NfIf40,0.020946041971910745,"['LinearTBNegotiator@0', 'ConcederTBNegotiator@1']","['LinearTBNegotiator@0', 'ConcederTBNegotiator@1']","['negmas.gb.negotiators.timebased.LinearTBNegotiator', 'negmas.gb.negotiators.timebased.ConcederTBNegotiator']","[0.009054334019310772, 0.010936831764411181]",50,inf,50,inf,0.0,0.0,inf,inf,"{'rep': 0, 'n_repetitions': 2}",S1_B-1,h5D19NfIf40,negmas.sao.mechanism.SAOMechanism,h5D19NfIf40,12,0.02070475,,0,2,1.0,0.7341014220333839,0.756164987707006,0.756164987707006,0.9010151744882784,0.756164987707006,0.756164987707006,negmas.preferences.ops.OutcomeOptimality,0.756164987707006
499,False,False,True,42,0.042622,0.8431372549019608,False,False,"(7, 9, 4, 'basic')",,2,False,,,,{},,[],"[7, 9, 4, 'basic']",BoulwareTBNegotiator@1,,2,[],"[None, None]",BoulwareTBNegotiator@1,,[],"(0.584795321637427, 0.6217898560631812)","[1.0, 1.0]","[0.046783625730994156, 0.09356725146198831]","(0.0007811278057266481, 0.0009639366705748589)","['BoulwareTBNegotiator', 'BoulwareTBNegotiator']",,5AH4ZB_Lu0s,0.04288491699844599,"['BoulwareTBNegotiator@0', 'BoulwareTBNegotiator@1']","['BoulwareTBNegotiator@0', 'BoulwareTBNegotiator@1']","['negmas.gb.negotiators.timebased.BoulwareTBNegotiator', 'negmas.gb.negotiators.timebased.BoulwareTBNegotiator']","[0.019608587317634374, 0.020008499850519]",50,inf,50,inf,0.0,0.0,inf,inf,"{'rep': 0, 'n_repetitions': 2}",S5_F-1,5AH4ZB_Lu0s,negmas.sao.mechanism.SAOMechanism,5AH4ZB_Lu0s,42,0.042622,,0,2,0.8418817572733157,0.8356322357077108,0.8356322357077108,0.834585113574342,0.7978375803876622,0.834585113574342,0.834585113574342,negmas.preferences.ops.OutcomeOptimality,0.8356322357077108
500,False,False,True,27,0.029350333,0.5490196078431373,False,False,"(2, 10, 3, 'standard')",,2,False,,,,{},,[],"[2, 10, 3, 'standard']",SmartAspirationNegotiator@1,,2,[],"[None, None]",SmartAspirationNegotiator@1,,[],"(0.19428200129954518, 0.9407670939817185)","[1.0, 1.0]","[0.046783625730994156, 0.09356725146198831]","(0.0007442816259952948, 0.0008771261662935939)","['ConcederTBNegotiator', 'SmartAspirationNegotiator']",,n4dF1NgBwh0,0.03510287497192621,"['ConcederTBNegotiator@0', 'SmartAspirationNegotiator@1']","['ConcederTBNegotiator@0', 'SmartAspirationNegotiator@1']","['negmas.gb.negotiators.timebased.ConcederTBNegotiator', 'src.negotiators.SmartAspirationNegotiator']","[0.0199842918664217, 0.013004450709559023]",50,inf,50,inf,0.0,0.0,inf,inf,"{'rep': 1, 'n_repetitions': 2}",S0_F-1,n4dF1NgBwh0,negmas.sao.mechanism.SAOMechanism,n4dF1NgBwh0,27,0.029350333,,1,2,0.9858911492972834,0.5660350475489319,0.5660350475489319,0.5491246568472992,0.7505353459804499,0.5491246568472992,0.5491246568472992,negmas.preferences.ops.OutcomeOptimality,0.5660350475489319
501,False,False,True,39,0.033307625,0.7843137254901961,False,False,"(6, 4, 9, 'standard')",,2,False,,,,{},,[],"[6, 4, 9, 'standard']",LinearTBNegotiator@0,,2,"[['LinearTBNegotiator@0', [6, 4, 9, 'standard']]]",[None],LinearTBNegotiator@0,,"[['LinearTBNegotiator@0', None]]","(0.23703471649526825, 0.6710310965630115)","[0.9999999999999999, 0.9999999999999999]","[0.0, 0.016366612111292964]","(0.0010624744725208587, 0.0007574209704742231)","['LinearTBNegotiator', 'GeniusBOABaselineNegotiator']",,eF9LYY9ACUo,0.033579999988432974,"['LinearTBNegotiator@0', 'GeniusBOABaselineNegotiator@1']","['LinearTBNegotiator@0', 'GeniusBOABaselineNegotiator@1']","['negmas.gb.negotiators.timebased.LinearTBNegotiator', 'src.negotiators.GeniusBOABaselineNegotiator']","[0.022802999999839813, 0.007540619117207825]",50,inf,50,inf,0.0,0.0,inf,inf,"{'rep': 0, 'n_repetitions': 2}",S3_E,eF9LYY9ACUo,negmas.sao.mechanism.SAOMechanism,eF9LYY9ACUo,39,0.033307625,,0,2,0.9694735723246475,0.70911502398021,0.7441159507431945,0.7325810824533303,0.7392661263016912,0.7325810824533303,0.7325810824533303,negmas.preferences.ops.OutcomeOptimality,0.7441159507431945
502,False,False,True,39,0.031990333,0.7843137254901961,False,False,"(3, 3, 1, 'standard')",,2,False,,,,{},,[],"[3, 3, 1, 'standard']",LinearTBNegotiator@0,,2,"[['LinearTBNegotiator@0', [3, 3, 1, 'standard']]]",[None],LinearTBNegotiator@0,,"[['LinearTBNegotiator@0', None]]","(0.24786324786324784, 0.6956698318710994)","[0.9999999999999999, 0.9999999999999999]","[0.016366612111292964, 0.0]","(0.0006426653306037134, 0.0012950634439420957)","['LinearTBNegotiator', 'GeniusBOABaselineNegotiator']",,5Z29XxIDBMU,0.032229417003691196,"['LinearTBNegotiator@0', 'GeniusBOABaselineNegotiator@1']","['LinearTBNegotiator@0', 'GeniusBOABaselineNegotiator@1']","['negmas.gb.negotiators.timebased.LinearTBNegotiator', 'src.negotiators.GeniusBOABaselineNegotiator']","[0.021802454255521297, 0.007331037719268352]",50,inf,50,inf,0.0,0.0,inf,inf,"{'rep': 0, 'n_repetitions': 2}",S2_E-1,5Z29XxIDBMU,negmas.sao.mechanism.SAOMechanism,5Z29XxIDBMU,39,0.031990333,,0,2,0.91321639759814,0.7519498281184096,0.726615866712041,0.7425460455799742,0.7681404088361475,0.7425460455799742,0.7425460455799742,negmas.preferences.ops.OutcomeOptimality,0.7519498281184096
503,False,False,True,41,0.021973333,0.8235294117647058,False,False,"(9, 4, 0, 'basic')",,2,False,,,,{},,[],"[9, 4, 0, 'basic']",SmartAspirationNegotiator@0,,2,"[['SmartAspirationNegotiator@0', [9, 4, 0, 'basic']]]",[None],SmartAspirationNegotiator@0,,"[['SmartAspirationNegotiator@0', None]]","(0.5918734261726876, 0.6170212765957446)","[0.9999999999999999, 0.9999999999999999]","[0.0, 0.016366612111292964]","(0.0012950634439420957, 0.0006426653306037134)","['SmartAspirationNegotiator', 'SmartAspirationNegotiator']",,ueXEZoDVbrk,0.03320879198145121,"['SmartAspirationNegotiator@0', 'SmartAspirationNegotiator@1']","['SmartAspirationNegotiator@0', 'SmartAspirationNegotiator@1']","['src.negotiators.SmartAspirationNegotiator', 'src.negotiators.SmartAspirationNegotiator']","[0.015581419283989817, 0.014383537694811821]",50,inf,50,inf,0.0,0.0,inf,inf,"{'rep': 0, 'n_repetitions': 2}",S2_E,ueXEZoDVbrk,negmas.sao.mechanism.SAOMechanism,ueXEZoDVbrk,41,0.021973333,,0,2,1.0,0.962744468605478,1.0,0.9832225744061249,0.9841741547480721,0.9832225744061249,0.9832225744061249,negmas.preferences.ops.OutcomeOptimality,1.0
504,False,False,True,37,0.029481875,0.7450980392156863,False,False,"(9, 10, 8, 'standard')",,2,False,,,,{},,[],"[9, 10, 8, 'standard']",SmartAspirationNegotiator@0,,2,"[['SmartAspirationNegotiator@0', [9, 10, 8, 'standard']]]",[None],SmartAspirationNegotiator@0,,"[['SmartAspirationNegotiator@0', None]]","(0.7543859649122808, 0.7573099415204678)","[1.0, 1.0]","[0.09356725146198831, 0.046783625730994156]","(0.0009639366705748589, 0.0007811278057266481)","['SmartAspirationNegotiator', 'BoulwareTBNegotiator']",,jUl0MRGTYZU,0.035323375021107495,"['SmartAspirationNegotiator@0', 'BoulwareTBNegotiator@1']","['SmartAspirationNegotiator@0', 'BoulwareTBNegotiator@1']","['src.negotiators.SmartAspirationNegotiator', 'negmas.gb.negotiators.timebased.BoulwareTBNegotiator']","[0.014334293955471367, 0.01807137409923598]",50,inf,50,inf,0.0,0.0,inf,inf,"{'rep': 0, 'n_repetitions': 2}",S5_F,jUl0MRGTYZU,negmas.sao.mechanism.SAOMechanism,jUl0MRGTYZU,37,0.029481875,,0,2,1.0,0.9807999989329749,0.9807999989329749,1.0,0.9995877842364035,1.0,1.0,negmas.preferences.ops.OutcomeOptimality,1.0
505,False,False,True,38,0.030502541,0.7647058823529411,False,False,"(7, 8, 8, 'basic')",,2,False,,,,{},,[],"[7, 8, 8, 'basic']",LinearTBNegotiator@1,,2,[],"[None, None]",LinearTBNegotiator@1,,[],"(0.7076023391812865, 0.2923976608187134)","[1.0, 1.0]","[0.0, 0.0]","(0.0034960628013070215, 0.004370114375307104)","['GeniusBOABaselineNegotiator', 'LinearTBNegotiator']",,y_Wg-iDpZ6k,0.03077145799761638,"['GeniusBOABaselineNegotiator@0', 'LinearTBNegotiator@1']","['GeniusBOABaselineNegotiator@0', 'LinearTBNegotiator@1']","['src.negotiators.GeniusBOABaselineNegotiator', 'negmas.gb.negotiators.timebased.LinearTBNegotiator']","[0.006288791133556515, 0.021407619351521134]",50,inf,50,inf,0.0,0.0,inf,inf,"{'rep': 1, 'n_repetitions': 2}",S4_A-1,y_Wg-iDpZ6k,negmas.sao.mechanism.SAOMechanism,y_Wg-iDpZ6k,38,0.030502541,,1,2,0.9999999999999999,0.7894736842105263,0.7894736842105263,0.7953216374269007,0.9999999999999998,0.7894736842105263,0.7953216374269007,negmas.preferences.ops.OutcomeOptimality,0.7894736842105263
506,False,False,True,43,0.020406667,0.8627450980392157,False,False,"(2, 9, 3, 'basic')",,2,False,,,,{},,[],"[2, 9, 3, 'basic']",GeniusBOABaselineNegotiator@1,,2,[],"[None, None]",GeniusBOABaselineNegotiator@1,,[],"(0.5873015873015874, 0.5505798964995747)","[1.0, 1.0]","[0.0, 0.023809523809523808]","(0.002193248997500751, 0.0007754352238636291)","['SmartAspirationNegotiator', 'GeniusBOABaselineNegotiator']",,Qx1AaRuEeeU,0.02532037504715845,"['SmartAspirationNegotiator@0', 'GeniusBOABaselineNegotiator@1']","['SmartAspirationNegotiator@0', 'GeniusBOABaselineNegotiator@1']","['src.negotiators.SmartAspirationNegotiator', 'src.negotiators.GeniusBOABaselineNegotiator']","[0.015320921083912253, 0.006639619474299252]",50,inf,50,inf,0.0,0.0,inf,inf,"{'rep': 0, 'n_repetitions': 2}",S1_B,Qx1AaRuEeeU,negmas.sao.mechanism.SAOMechanism,Qx1AaRuEeeU,43,0.020406667,,0,2,0.9609009237432099,0.9532848494831877,0.9541142051663507,0.9541142051663507,0.9157661913713704,0.9541142051663507,0.9541142051663507,negmas.preferences.ops.OutcomeOptimality,0.9541142051663507
507,False,False,True,42,0.017381875,0.8431372549019608,False,False,"(7, 10, 8, 'standard')",,2,False,,,,{},,[],"[7, 10, 8, 'standard']",GeniusBOABaselineNegotiator@0,,2,"[['GeniusBOABaselineNegotiator@0', [7, 10, 8, 'standard']]]",[None],GeniusBOABaselineNegotiator@0,,"[['GeniusBOABaselineNegotiator@0', None]]","(0.559779077322937, 0.7894736842105263)","[1.0, 1.0]","[0.046783625730994156, 0.09356725146198831]","(0.0007442816259952948, 0.0008771261662935939)","['GeniusBOABaselineNegotiator', 'GeniusBOABaselineNegotiator']",,BTMd-OZgB6Y,0.017581791966222227,"['GeniusBOABaselineNegotiator@0', 'GeniusBOABaselineNegotiator@1']","['GeniusBOABaselineNegotiator@0', 'GeniusBOABaselineNegotiator@1']","['src.negotiators.GeniusBOABaselineNegotiator', 'src.negotiators.GeniusBOABaselineNegotiator']","[0.007198831124696881, 0.007211957068648189]",50,inf,50,inf,0.0,0.0,inf,inf,"{'rep': 0, 'n_repetitions': 2}",S0_F-1,BTMd-OZgB6Y,negmas.sao.mechanism.SAOMechanism,BTMd-OZgB6Y,42,0.017381875,,0,2,0.9573599675039428,0.8625646620321361,0.8625646620321361,0.8474798110912376,0.8921745256681245,0.8474798110912376,0.8474798110912376,negmas.preferences.ops.OutcomeOptimality,0.8625646620321361
508,False,False,True,31,0.040596333,0.6274509803921569,False,False,"(9, 7, 9, 'basic')",,2,False,,,,{},,[],"[9, 7, 9, 'basic']",BoulwareTBNegotiator@1,,2,[],"[None, None]",BoulwareTBNegotiator@1,,[],"(0.1185236972314441, 0.8821603927986906)","[0.9999999999999999, 0.9999999999999999]","[0.0, 0.016366612111292964]","(0.0012950634439420957, 0.0006426653306037134)","['ConcederTBNegotiator', 'BoulwareTBNegotiator']",,o8db-zi3STk,0.040829041972756386,"['ConcederTBNegotiator@0', 'BoulwareTBNegotiator@1']","['ConcederTBNegotiator@0', 'BoulwareTBNegotiator@1']","['negmas.gb.negotiators.timebased.ConcederTBNegotiator', 'negmas.gb.negotiators.timebased.BoulwareTBNegotiator']","[0.022618627757765353, 0.01575303275603801]",50,inf,50,inf,0.0,0.0,inf,inf,"{'rep': 0, 'n_repetitions': 2}",S2_E,o8db-zi3STk,negmas.sao.mechanism.SAOMechanism,o8db-zi3STk,31,0.040596333,,0,2,0.9763036178091531,0.575956136137469,0.6132082015172416,0.598227682953997,0.8146676598217358,0.598227682953997,0.598227682953997,negmas.preferences.ops.OutcomeOptimality,0.6132082015172416
509,False,False,True,7,0.016934875,0.1568627450980392,False,False,"(9, 9, 9, 'basic')",,2,False,,,,{},,[],"[9, 9, 9, 'basic']",LinearTBNegotiator@0,,2,"[['LinearTBNegotiator@0', [9, 9, 9, 'basic']]]",[None],LinearTBNegotiator@0,,"[['LinearTBNegotiator@0', None]]","(0.8700454840805718, 0.48862897985705)","[1.0, 1.0]","[0.046783625730994156, 0.09356725146198831]","(0.0007442816259952948, 0.0008771261662935939)","['LinearTBNegotiator', 'ConcederTBNegotiator']",,8XvX-cDgigo,0.017135625006631017,"['LinearTBNegotiator@0', 'ConcederTBNegotiator@1']","['LinearTBNegotiator@0', 'ConcederTBNegotiator@1']","['negmas.gb.negotiators.timebased.LinearTBNegotiator', 'negmas.gb.negotiators.timebased.ConcederTBNegotiator']","[0.008171874971594661, 0.008392165997065604]",50,inf,50,inf,0.0,0.0,inf,inf,"{'rep': 1, 'n_repetitions': 2}",S0_F-1,8XvX-cDgigo,negmas.sao.mechanism.SAOMechanism,8XvX-cDgigo,7,0.016934875,,1,2,1.0,0.7625130806021299,0.7625130806021299,0.7805360810361862,0.8984044946650847,0.7805360810361862,0.7805360810361862,negmas.preferences.ops.OutcomeOptimality,0.7805360810361862
510,False,False,True,43,0.033373209,0.8627450980392157,False,False,"(7, 5, 2, 'standard')",,2,False,,,,{},,[],"[7, 5, 2, 'standard']",BoulwareTBNegotiator@0,,2,"[['BoulwareTBNegotiator@0', [7, 5, 2, 'standard']]]",[None],BoulwareTBNegotiator@0,,"[['BoulwareTBNegotiator@0', None]]","(0.4970760233918128, 0.5029239766081871)","[1.0, 1.0]","[0.0, 0.0]","(0.004370114375307104, 0.0034960628013070215)","['BoulwareTBNegotiator', 'SmartAspirationNegotiator']",,pgT_dQIxFQ0,0.038302875007502735,"['BoulwareTBNegotiator@0', 'SmartAspirationNegotiator@1']","['BoulwareTBNegotiator@0', 'SmartAspirationNegotiator@1']","['negmas.gb.negotiators.timebased.BoulwareTBNegotiator', 'src.negotiators.SmartAspirationNegotiator']","[0.020075006876140833, 0.014788005501031876]",50,inf,50,inf,0.0,0.0,inf,inf,"{'rep': 1, 'n_repetitions': 2}",S4_A,pgT_dQIxFQ0,negmas.sao.mechanism.SAOMechanism,pgT_dQIxFQ0,43,0.033373209,,1,2,0.9999999999999999,0.9941520467836257,0.9941520467836257,0.9999999999999999,0.9999999999999999,0.9941520467836257,0.9999999999999999,negmas.preferences.ops.OutcomeOptimality,0.9941520467836257
511,False,False,True,38,0.018860666,0.7647058823529411,False,False,"(9, 10, 8, 'standard')",,2,False,,,,{},,[],"[9, 10, 8, 'standard']",SmartAspirationNegotiator@1,,2,[],"[None, None]",SmartAspirationNegotiator@1,,[],"(0.7573099415204678, 0.7543859649122808)","[1.0, 1.0]","[0.046783625730994156, 0.09356725146198831]","(0.0007442816259952948, 0.0008771261662935939)","['GeniusBOABaselineNegotiator', 'SmartAspirationNegotiator']",,CCBjHPxJ69g,0.024627875012811273,"['GeniusBOABaselineNegotiator@0', 'SmartAspirationNegotiator@1']","['GeniusBOABaselineNegotiator@0', 'SmartAspirationNegotiator@1']","['src.negotiators.GeniusBOABaselineNegotiator', 'src.negotiators.SmartAspirationNegotiator']","[0.007352169835940003, 0.014302329975180328]",50,inf,50,inf,0.0,0.0,inf,inf,"{'rep': 0, 'n_repetitions': 2}",S0_F-1,CCBjHPxJ69g,negmas.sao.mechanism.SAOMechanism,CCBjHPxJ69g,38,0.018860666,,0,2,1.0,0.9807999989329749,0.9807999989329749,1.0,0.9995877842364035,1.0,1.0,negmas.preferences.ops.OutcomeOptimality,1.0
512,False,False,True,29,0.030663375,0.5882352941176471,False,False,"(9, 3, 9, 'standard')",,2,False,,,,{},,[],"[9, 3, 9, 'standard']",GeniusBOABaselineNegotiator@0,,2,"[['GeniusBOABaselineNegotiator@0', [9, 3, 9, 'standard']]]",[None],GeniusBOABaselineNegotiator@0,,"[['GeniusBOABaselineNegotiator@0', None]]","(0.8952536824877251, 0.1490748497922465)","[0.9999999999999999, 0.9999999999999999]","[0.016366612111292964, 0.0]","(0.0006426653306037134, 0.0012950634439420957)","['GeniusBOABaselineNegotiator', 'ConcederTBNegotiator']",,AwHaC237jNI,0.03094958298606798,"['GeniusBOABaselineNegotiator@0', 'ConcederTBNegotiator@1']","['GeniusBOABaselineNegotiator@0', 'ConcederTBNegotiator@1']","['src.negotiators.GeniusBOABaselineNegotiator', 'negmas.gb.negotiators.timebased.ConcederTBNegotiator']","[0.007015491079073399, 0.021659031917806715]",50,inf,50,inf,0.0,0.0,inf,inf,"{'rep': 0, 'n_repetitions': 2}",S2_E-1,AwHaC237jNI,negmas.sao.mechanism.SAOMechanism,AwHaC237jNI,29,0.030663375,,0,2,1.0,0.5899418999499724,0.627175323667607,0.6118375432198896,0.8501990687710164,0.6118375432198896,0.6118375432198896,negmas.preferences.ops.OutcomeOptimality,0.627175323667607
513,False,False,True,39,0.040661541,0.7843137254901961,False,False,"(9, 9, 5, 'standard')",,2,False,,,,{},,[],"[9, 9, 5, 'standard']",BoulwareTBNegotiator@1,,2,[],"[None, None]",BoulwareTBNegotiator@1,,[],"(0.6933073424301495, 0.7063027940220923)","[1.0, 1.0]","[0.09356725146198831, 0.046783625730994156]","(0.0008771261662935939, 0.0007442816259952948)","['BoulwareTBNegotiator', 'BoulwareTBNegotiator']",,_0vug-QHExc,0.04092608398059383,"['BoulwareTBNegotiator@0', 'BoulwareTBNegotiator@1']","['BoulwareTBNegotiator@0', 'BoulwareTBNegotiator@1']","['negmas.gb.negotiators.timebased.BoulwareTBNegotiator', 'negmas.gb.negotiators.timebased.BoulwareTBNegotiator']","[0.01894650491885841, 0.01889391540316865]",50,inf,50,inf,0.0,0.0,inf,inf,"{'rep': 0, 'n_repetitions': 2}",S0_F,_0vug-QHExc,negmas.sao.mechanism.SAOMechanism,_0vug-QHExc,39,0.040661541,,0,2,0.9462663627744217,0.9346036197574028,0.9346036197574028,0.9395037748202615,0.9254726358242911,0.9395037748202615,0.9395037748202615,negmas.preferences.ops.OutcomeOptimality,0.9395037748202615
514,False,False,True,42,0.041891375,0.8431372549019608,False,False,"(4, 8, 8, 'premium')",,2,False,,,,{},,[],"[4, 8, 8, 'premium']",BoulwareTBNegotiator@1,,2,[],"[None, None]",BoulwareTBNegotiator@1,,[],"(0.5904521398386507, 0.5873015873015872)","[1.0, 1.0]","[0.023809523809523808, 0.0]","(0.0007754352238636291, 0.002193248997500751)","['BoulwareTBNegotiator', 'BoulwareTBNegotiator']",,ufHecLcKXn8,0.042173833993729204,"['BoulwareTBNegotiator@0', 'BoulwareTBNegotiator@1']","['BoulwareTBNegotiator@0', 'BoulwareTBNegotiator@1']","['negmas.gb.negotiators.timebased.BoulwareTBNegotiator', 'negmas.gb.negotiators.timebased.BoulwareTBNegotiator']","[0.01977432781131938, 0.019110375200398266]",50,inf,50,inf,0.0,0.0,inf,inf,"{'rep': 0, 'n_repetitions': 2}",S1_B-1,ufHecLcKXn8,negmas.sao.mechanism.SAOMechanism,ufHecLcKXn8,42,0.041891375,,0,2,0.9829625189076004,0.9657533700827802,0.9788365509746099,0.9788365509746099,0.947855343839237,0.9788365509746099,0.9788365509746099,negmas.preferences.ops.OutcomeOptimality,0.9788365509746099
515,False,False,True,32,0.033531833,0.6470588235294118,False,False,"(9, 10, 9, 'basic')",,2,False,,,,{},,[],"[9, 10, 9, 'basic']",GeniusBOABaselineNegotiator@1,,2,[],"[None, None]",GeniusBOABaselineNegotiator@1,,[],"(0.5935672514619883, 0.868421052631579)","[1.0, 1.0]","[0.09356725146198831, 0.046783625730994156]","(0.0009639366705748589, 0.0007811278057266481)","['ConcederTBNegotiator', 'GeniusBOABaselineNegotiator']",,0JN0hnbJcsI,0.033864792028907686,"['ConcederTBNegotiator@0', 'GeniusBOABaselineNegotiator@1']","['ConcederTBNegotiator@0', 'GeniusBOABaselineNegotiator@1']","['negmas.gb.negotiators.timebased.ConcederTBNegotiator', 'src.negotiators.GeniusBOABaselineNegotiator']","[0.023848496901337057, 0.0073164961650036275]",50,inf,50,inf,0.0,0.0,inf,inf,"{'rep': 1, 'n_repetitions': 2}",S5_F,0JN0hnbJcsI,negmas.sao.mechanism.SAOMechanism,0JN0hnbJcsI,32,0.033531833,,1,2,1.0,0.8324241332371594,0.8324241332371594,0.8513976513554027,0.9667193271145101,0.8513976513554027,0.8513976513554027,negmas.preferences.ops.OutcomeOptimality,0.8513976513554027
516,False,False,True,43,0.021429875,0.8627450980392157,False,False,"(1, 3, 1, 'basic')",,2,False,,,,{},,[],"[1, 3, 1, 'basic']",SmartAspirationNegotiator@0,,2,"[['SmartAspirationNegotiator@0', [1, 3, 1, 'basic']]]",[None],SmartAspirationNegotiator@0,,"[['SmartAspirationNegotiator@0', None]]","(0.4736842105263157, 0.5263157894736842)","[1.0, 1.0]","[0.0, 0.0]","(0.0034960628013070215, 0.004370114375307104)","['SmartAspirationNegotiator', 'GeniusBOABaselineNegotiator']",,XpWsFyC6Nbk,0.0266283749951981,"['SmartAspirationNegotiator@0', 'GeniusBOABaselineNegotiator@1']","['SmartAspirationNegotiator@0', 'GeniusBOABaselineNegotiator@1']","['src.negotiators.SmartAspirationNegotiator', 'src.negotiators.GeniusBOABaselineNegotiator']","[0.01631225598976016, 0.006898543797433376]",50,inf,50,inf,0.0,0.0,inf,inf,"{'rep': 1, 'n_repetitions': 2}",S4_A-1,XpWsFyC6Nbk,negmas.sao.mechanism.SAOMechanism,XpWsFyC6Nbk,43,0.021429875,,1,2,0.9999999999999999,0.9766081871345029,0.9766081871345029,0.9766081871345029,0.9999999999999999,0.9766081871345029,0.9766081871345029,negmas.preferences.ops.OutcomeOptimality,0.9766081871345029
517,False,False,True,15,0.023635541,0.3137254901960784,False,False,"(9, 2, 8, 'premium')",,2,False,,,,{},,[],"[9, 2, 8, 'premium']",LinearTBNegotiator@1,,2,[],"[None, None]",LinearTBNegotiator@1,,[],"(0.26900584795321636, 0.7309941520467835)","[1.0, 1.0]","[0.0, 0.0]","(0.004370114375307104, 0.0034960628013070215)","['ConcederTBNegotiator', 'LinearTBNegotiator']",,j2tupl2d9g4,0.023974041978362948,"['ConcederTBNegotiator@0', 'LinearTBNegotiator@1']","['ConcederTBNegotiator@0', 'LinearTBNegotiator@1']","['negmas.gb.negotiators.timebased.ConcederTBNegotiator', 'negmas.gb.negotiators.timebased.LinearTBNegotiator']","[0.012893375882413238, 0.009841041290201247]",50,inf,50,inf,0.0,0.0,inf,inf,"{'rep': 0, 'n_repetitions': 2}",S4_A,j2tupl2d9g4,negmas.sao.mechanism.SAOMechanism,j2tupl2d9g4,15,0.023635541,,0,2,1.0,0.7660818713450293,0.7660818713450293,0.7719298245614036,0.9999999999999999,0.7660818713450293,0.7719298245614036,negmas.preferences.ops.OutcomeOptimality,0.7660818713450293
518,False,False,True,15,0.023513125,0.3137254901960784,False,False,"(7, 8, 8, 'basic')",,2,False,,,,{},,[],"[7, 8, 8, 'basic']",ConcederTBNegotiator@1,,2,[],"[None, None]",ConcederTBNegotiator@1,,[],"(0.7076023391812865, 0.2923976608187134)","[1.0, 1.0]","[0.0, 0.0]","(0.0034960628013070215, 0.004370114375307104)","['LinearTBNegotiator', 'ConcederTBNegotiator']",,ySk9r-DqWMY,0.023816875007469207,"['LinearTBNegotiator@0', 'ConcederTBNegotiator@1']","['LinearTBNegotiator@0', 'ConcederTBNegotiator@1']","['negmas.gb.negotiators.timebased.LinearTBNegotiator', 'negmas.gb.negotiators.timebased.ConcederTBNegotiator']","[0.009936249116435647, 0.012695874145720154]",50,inf,50,inf,0.0,0.0,inf,inf,"{'rep': 0, 'n_repetitions': 2}",S4_A-1,ySk9r-DqWMY,negmas.sao.mechanism.SAOMechanism,ySk9r-DqWMY,15,0.023513125,,0,2,0.9999999999999999,0.7894736842105263,0.7894736842105263,0.7953216374269007,0.9999999999999998,0.7894736842105263,0.7953216374269007,negmas.preferences.ops.OutcomeOptimality,0.7894736842105263
519,False,False,True,25,0.034617666,0.5098039215686274,False,False,"(0, 10, 5, 'standard')",,2,False,,,,{},,[],"[0, 10, 5, 'standard']",BoulwareTBNegotiator@1,,2,[],"[None, None]",BoulwareTBNegotiator@1,,[],"(0.20467836257309946, 0.9561403508771931)","[1.0, 1.0]","[0.046783625730994156, 0.09356725146198831]","(0.0007442816259952948, 0.0008771261662935939)","['ConcederTBNegotiator', 'BoulwareTBNegotiator']",,TE1gMxosGiI,0.03484758397098631,"['ConcederTBNegotiator@0', 'BoulwareTBNegotiator@1']","['ConcederTBNegotiator@0', 'BoulwareTBNegotiator@1']","['negmas.gb.negotiators.timebased.ConcederTBNegotiator', 'negmas.gb.negotiators.timebased.BoulwareTBNegotiator']","[0.018796332529745996, 0.014046581869479269]",50,inf,50,inf,0.0,0.0,inf,inf,"{'rep': 0, 'n_repetitions': 2}",S0_F-1,TE1gMxosGiI,negmas.sao.mechanism.SAOMechanism,TE1gMxosGiI,25,0.034617666,,0,2,1.0,0.5699318647760668,0.5699318647760668,0.5527488392164512,0.767575145728921,0.5527488392164512,0.5527488392164512,negmas.preferences.ops.OutcomeOptimality,0.5699318647760668
520,False,False,True,43,0.017574375,0.8627450980392157,False,False,"(7, 10, 8, 'standard')",,2,False,,,,{},,[],"[7, 10, 8, 'standard']",GeniusBOABaselineNegotiator@1,,2,[],"[None, None]",GeniusBOABaselineNegotiator@1,,[],"(0.7894736842105263, 0.559779077322937)","[1.0, 1.0]","[0.09356725146198831, 0.046783625730994156]","(0.0008771261662935939, 0.0007442816259952948)","['GeniusBOABaselineNegotiator', 'GeniusBOABaselineNegotiator']",,BM9iheiUYhQ,0.017772416002117097,"['GeniusBOABaselineNegotiator@0', 'GeniusBOABaselineNegotiator@1']","['GeniusBOABaselineNegotiator@0', 'GeniusBOABaselineNegotiator@1']","['src.negotiators.GeniusBOABaselineNegotiator', 'src.negotiators.GeniusBOABaselineNegotiator']","[0.007327165978495032, 0.007221154461149126]",50,inf,50,inf,0.0,0.0,inf,inf,"{'rep': 1, 'n_repetitions': 2}",S0_F,BM9iheiUYhQ,negmas.sao.mechanism.SAOMechanism,BM9iheiUYhQ,43,0.017574375,,1,2,0.9573599675039428,0.8625646620321361,0.8625646620321361,0.8474798110912376,0.8921745256681245,0.8474798110912376,0.8474798110912376,negmas.preferences.ops.OutcomeOptimality,0.8625646620321361
521,False,False,True,43,0.032973875,0.8627450980392157,False,False,"(7, 5, 2, 'standard')",,2,False,,,,{},,[],"[7, 5, 2, 'standard']",BoulwareTBNegotiator@0,,2,"[['BoulwareTBNegotiator@0', [7, 5, 2, 'standard']]]",[None],BoulwareTBNegotiator@0,,"[['BoulwareTBNegotiator@0', None]]","(0.4970760233918128, 0.5029239766081871)","[1.0, 1.0]","[0.0, 0.0]","(0.004370114375307104, 0.0034960628013070215)","['BoulwareTBNegotiator', 'SmartAspirationNegotiator']",,DVjerRkpLrY,0.03780870803166181,"['BoulwareTBNegotiator@0', 'SmartAspirationNegotiator@1']","['BoulwareTBNegotiator@0', 'SmartAspirationNegotiator@1']","['negmas.gb.negotiators.timebased.BoulwareTBNegotiator', 'src.negotiators.SmartAspirationNegotiator']","[0.019949958368670195, 0.014517946867272258]",50,inf,50,inf,0.0,0.0,inf,inf,"{'rep': 0, 'n_repetitions': 2}",S4_A,DVjerRkpLrY,negmas.sao.mechanism.SAOMechanism,DVjerRkpLrY,43,0.032973875,,0,2,0.9999999999999999,0.9941520467836257,0.9941520467836257,0.9999999999999999,0.9999999999999999,0.9941520467836257,0.9999999999999999,negmas.preferences.ops.OutcomeOptimality,0.9941520467836257
522,False,False,True,33,0.027864625,0.6666666666666666,False,False,"(0, 9, 4, 'premium')",,2,False,,,,{},,[],"[0, 9, 4, 'premium']",GeniusBOABaselineNegotiator@1,,2,[],"[None, None]",GeniusBOABaselineNegotiator@1,,[],"(0.373015873015873, 0.8465608465608465)","[1.0, 1.0]","[0.023809523809523808, 0.0]","(0.0007754352238636291, 0.002193248997500751)","['LinearTBNegotiator', 'GeniusBOABaselineNegotiator']",,N9U8BajTyj8,0.02813845797209069,"['LinearTBNegotiator@0', 'GeniusBOABaselineNegotiator@1']","['LinearTBNegotiator@0', 'GeniusBOABaselineNegotiator@1']","['negmas.gb.negotiators.timebased.LinearTBNegotiator', 'src.negotiators.GeniusBOABaselineNegotiator']","[0.019485001568682492, 0.0060789951821789145]",50,inf,50,inf,0.0,0.0,inf,inf,"{'rep': 0, 'n_repetitions': 2}",S1_B-1,N9U8BajTyj8,negmas.sao.mechanism.SAOMechanism,N9U8BajTyj8,33,0.027864625,,0,2,1.0,0.7804057992535158,0.7590536317045327,0.7590536317045327,0.9815144577632695,0.7590536317045327,0.7590536317045327,negmas.preferences.ops.OutcomeOptimality,0.7804057992535158
523,False,False,True,13,0.022326416,0.27450980392156865,False,False,"(9, 8, 0, 'premium')",,2,False,,,,{},,[],"[9, 8, 0, 'premium']",LinearTBNegotiator@1,,2,[],"[None, None]",LinearTBNegotiator@1,,[],"(0.4238952536824877, 0.7651169989224802)","[0.9999999999999999, 0.9999999999999999]","[0.016366612111292964, 0.0]","(0.0006426653306037134, 0.0012950634439420957)","['ConcederTBNegotiator', 'LinearTBNegotiator']",,DaNks7tPcHs,0.022598084004130214,"['ConcederTBNegotiator@0', 'LinearTBNegotiator@1']","['ConcederTBNegotiator@0', 'LinearTBNegotiator@1']","['negmas.gb.negotiators.timebased.ConcederTBNegotiator', 'negmas.gb.negotiators.timebased.LinearTBNegotiator']","[0.011644835292827338, 0.009865877160336822]",50,inf,50,inf,0.0,0.0,inf,inf,"{'rep': 1, 'n_repetitions': 2}",S2_E-1,DaNks7tPcHs,negmas.sao.mechanism.SAOMechanism,DaNks7tPcHs,13,0.022326416,,1,2,1.0,0.8500196090556311,0.8150382970349164,0.8316149347784617,0.9679876386361752,0.8316149347784617,0.8316149347784617,negmas.preferences.ops.OutcomeOptimality,0.8500196090556311
524,False,False,True,35,0.050097834,0.7058823529411765,False,False,"(5, 3, 9, 'standard')",,2,False,,,,{},,[],"[5, 3, 9, 'standard']",BoulwareTBNegotiator@0,,2,"[['BoulwareTBNegotiator@0', [5, 3, 9, 'standard']]]",[None],BoulwareTBNegotiator@0,,"[['BoulwareTBNegotiator@0', None]]","(0.7857142857142857, 0.3174603174603175)","[1.0, 1.0]","[0.023809523809523808, 0.0]","(0.0007754352238636291, 0.002193248997500751)","['BoulwareTBNegotiator', 'LinearTBNegotiator']",,xeZYCvK1C0A,0.05044449999695644,"['BoulwareTBNegotiator@0', 'LinearTBNegotiator@1']","['BoulwareTBNegotiator@0', 'LinearTBNegotiator@1']","['negmas.gb.negotiators.timebased.BoulwareTBNegotiator', 'negmas.gb.negotiators.timebased.LinearTBNegotiator']","[0.02039512386545539, 0.024974653555545956]",50,inf,50,inf,0.0,0.0,inf,inf,"{'rep': 1, 'n_repetitions': 2}",S1_B-1,xeZYCvK1C0A,negmas.sao.mechanism.SAOMechanism,xeZYCvK1C0A,35,0.050097834,,1,2,0.9912092750886039,0.7350807129090169,0.7571573201665989,0.7571573201665989,0.8878341190613523,0.7571573201665989,0.7571573201665989,negmas.preferences.ops.OutcomeOptimality,0.7571573201665989
525,False,False,True,39,0.033289334,0.7843137254901961,False,False,"(6, 4, 9, 'standard')",,2,False,,,,{},,[],"[6, 4, 9, 'standard']",LinearTBNegotiator@0,,2,"[['LinearTBNegotiator@0', [6, 4, 9, 'standard']]]",[None],LinearTBNegotiator@0,,"[['LinearTBNegotiator@0', None]]","(0.23703471649526825, 0.6710310965630115)","[0.9999999999999999, 0.9999999999999999]","[0.0, 0.016366612111292964]","(0.0010624744725208587, 0.0007574209704742231)","['LinearTBNegotiator', 'GeniusBOABaselineNegotiator']",,bzyEiNjx9Y4,0.033558957977220416,"['LinearTBNegotiator@0', 'GeniusBOABaselineNegotiator@1']","['LinearTBNegotiator@0', 'GeniusBOABaselineNegotiator@1']","['negmas.gb.negotiators.timebased.LinearTBNegotiator', 'src.negotiators.GeniusBOABaselineNegotiator']","[0.022814207652118057, 0.0075567030580714345]",50,inf,50,inf,0.0,0.0,inf,inf,"{'rep': 1, 'n_repetitions': 2}",S3_E,bzyEiNjx9Y4,negmas.sao.mechanism.SAOMechanism,bzyEiNjx9Y4,39,0.033289334,,1,2,0.9694735723246475,0.70911502398021,0.7441159507431945,0.7325810824533303,0.7392661263016912,0.7325810824533303,0.7325810824533303,negmas.preferences.ops.OutcomeOptimality,0.7441159507431945
526,False,False,True,4,0.012672333,0.09803921568627451,False,False,"(7, 6, 7, 'premium')",,2,False,,,,{},,[],"[7, 6, 7, 'premium']",ConcederTBNegotiator@1,,2,[],"[None, None]",ConcederTBNegotiator@1,,[],"(0.47368421052631576, 0.5263157894736841)","[1.0, 1.0]","[0.0, 0.0]","(0.004370114375307104, 0.0034960628013070215)","['ConcederTBNegotiator', 'ConcederTBNegotiator']",,eD_ac6rk4cQ,0.012953500030562282,"['ConcederTBNegotiator@0', 'ConcederTBNegotiator@1']","['ConcederTBNegotiator@0', 'ConcederTBNegotiator@1']","['negmas.gb.negotiators.timebased.ConcederTBNegotiator', 'negmas.gb.negotiators.timebased.ConcederTBNegotiator']","[0.006360292085446417, 0.006265374948270619]",50,inf,50,inf,0.0,0.0,inf,inf,"{'rep': 0, 'n_repetitions': 2}",S4_A,eD_ac6rk4cQ,negmas.sao.mechanism.SAOMechanism,eD_ac6rk4cQ,4,0.012672333,,0,2,0.9999999999999999,0.9707602339181287,0.9707602339181287,0.976608187134503,0.9999999999999998,0.9707602339181287,0.976608187134503,negmas.preferences.ops.OutcomeOptimality,0.9707602339181287
527,False,False,True,31,0.037179125,0.6274509803921569,False,False,"(9, 9, 9, 'basic')",,2,False,,,,{},,[],"[9, 9, 9, 'basic']",BoulwareTBNegotiator@0,,2,"[['BoulwareTBNegotiator@0', [9, 9, 9, 'basic']]]",[None],BoulwareTBNegotiator@0,,"[['BoulwareTBNegotiator@0', None]]","(0.8700454840805718, 0.48862897985705)","[1.0, 1.0]","[0.046783625730994156, 0.09356725146198831]","(0.0007442816259952948, 0.0008771261662935939)","['BoulwareTBNegotiator', 'LinearTBNegotiator']",,woyxUSsLnHA,0.03748929098946974,"['BoulwareTBNegotiator@0', 'LinearTBNegotiator@1']","['BoulwareTBNegotiator@0', 'LinearTBNegotiator@1']","['negmas.gb.negotiators.timebased.BoulwareTBNegotiator', 'negmas.gb.negotiators.timebased.LinearTBNegotiator']","[0.016603582655079663, 0.018261120305396616]",50,inf,50,inf,0.0,0.0,inf,inf,"{'rep': 0, 'n_repetitions': 2}",S0_F-1,woyxUSsLnHA,negmas.sao.mechanism.SAOMechanism,woyxUSsLnHA,31,0.037179125,,0,2,1.0,0.7625130806021299,0.7625130806021299,0.7805360810361862,0.8984044946650847,0.7805360810361862,0.7805360810361862,negmas.preferences.ops.OutcomeOptimality,0.7805360810361862
528,False,False,True,29,0.03073675,0.5882352941176471,False,False,"(3, 1, 9, 'basic')",,2,False,,,,{},,[],"[3, 1, 9, 'basic']",GeniusBOABaselineNegotiator@0,,2,"[['GeniusBOABaselineNegotiator@0', [3, 1, 9, 'basic']]]",[None],GeniusBOABaselineNegotiator@0,,"[['GeniusBOABaselineNegotiator@0', None]]","(0.9047619047619048, 0.15873015873015878)","[1.0, 1.0]","[0.023809523809523808, 0.0]","(0.0007754352238636291, 0.002193248997500751)","['GeniusBOABaselineNegotiator', 'ConcederTBNegotiator']",,9gDaXjX_ZIM,0.031075790990144014,"['GeniusBOABaselineNegotiator@0', 'ConcederTBNegotiator@1']","['GeniusBOABaselineNegotiator@0', 'ConcederTBNegotiator@1']","['src.negotiators.GeniusBOABaselineNegotiator', 'negmas.gb.negotiators.timebased.ConcederTBNegotiator']","[0.006484707701019943, 0.022222249710466713]",50,inf,50,inf,0.0,0.0,inf,inf,"{'rep': 0, 'n_repetitions': 2}",S1_B-1,9gDaXjX_ZIM,negmas.sao.mechanism.SAOMechanism,9gDaXjX_ZIM,29,0.03073675,,0,2,1.0,0.5935926814596778,0.6156542004475094,0.6156542004475094,0.8558976399584259,0.6156542004475094,0.6156542004475094,negmas.preferences.ops.OutcomeOptimality,0.6156542004475094
529,False,False,True,30,0.032236791,0.6078431372549019,False,False,"(3, 10, 0, 'standard')",,2,False,,,,{},,[],"[3, 10, 0, 'standard']",ConcederTBNegotiator@1,,2,[],"[None, None]",ConcederTBNegotiator@1,,[],"(0.9473684210526316, 0.17251461988304095)","[1.0, 1.0]","[0.09356725146198831, 0.046783625730994156]","(0.0009639366705748589, 0.0007811278057266481)","['SmartAspirationNegotiator', 'ConcederTBNegotiator']",,7T3PmyS60w,0.03836679202504456,"['SmartAspirationNegotiator@0', 'ConcederTBNegotiator@1']","['SmartAspirationNegotiator@0', 'ConcederTBNegotiator@1']","['src.negotiators.SmartAspirationNegotiator', 'negmas.gb.negotiators.timebased.ConcederTBNegotiator']","[0.013688050035852939, 0.022154121194034815]",50,inf,50,inf,0.0,0.0,inf,inf,"{'rep': 0, 'n_repetitions': 2}",S5_F,7T3PmyS60w,negmas.sao.mechanism.SAOMechanism,7T3PmyS60w,30,0.032236791,,0,2,0.9816984826275842,0.5487427081223939,0.5487427081223939,0.5318374353927556,0.7405070045697147,0.5318374353927556,0.5318374353927556,negmas.preferences.ops.OutcomeOptimality,0.5487427081223939
530,False,False,True,28,0.02950525,0.5686274509803921,False,False,"(0, 3, 0, 'premium')",,2,False,,,,{},,[],"[0, 3, 0, 'premium']",GeniusBOABaselineNegotiator@1,,2,[],"[None, None]",GeniusBOABaselineNegotiator@1,,[],"(0.15384615384615385, 0.9232683981793433)","[0.9999999999999999, 0.9999999999999999]","[0.016366612111292964, 0.0]","(0.0007574209704742231, 0.0010624744725208587)","['ConcederTBNegotiator', 'GeniusBOABaselineNegotiator']",,sor7Yh-ckKk,0.02982441696804017,"['ConcederTBNegotiator@0', 'GeniusBOABaselineNegotiator@1']","['ConcederTBNegotiator@0', 'GeniusBOABaselineNegotiator@1']","['negmas.gb.negotiators.timebased.ConcederTBNegotiator', 'src.negotiators.GeniusBOABaselineNegotiator']","[0.020807163033168763, 0.006743950012605637]",50,inf,50,inf,0.0,0.0,inf,inf,"{'rep': 1, 'n_repetitions': 2}",S3_E-1,sor7Yh-ckKk,negmas.sao.mechanism.SAOMechanism,sor7Yh-ckKk,28,0.02950525,,1,2,1.0,0.6276054466489961,0.5939791687865419,0.6107442472375311,0.8768905193967101,0.6107442472375311,0.6107442472375311,negmas.preferences.ops.OutcomeOptimality,0.6276054466489961
531,False,False,True,38,0.030413125,0.7647058823529411,False,False,"(8, 1, 8, 'premium')",,2,False,,,,{},,[],"[8, 1, 8, 'premium']",GeniusBOABaselineNegotiator@1,,2,[],"[None, None]",GeniusBOABaselineNegotiator@1,,[],"(0.26900584795321636, 0.7309941520467835)","[1.0, 1.0]","[0.0, 0.0]","(0.004370114375307104, 0.0034960628013070215)","['LinearTBNegotiator', 'GeniusBOABaselineNegotiator']",,eu6LM6BcxWo,0.030663499957881868,"['LinearTBNegotiator@0', 'GeniusBOABaselineNegotiator@1']","['LinearTBNegotiator@0', 'GeniusBOABaselineNegotiator@1']","['negmas.gb.negotiators.timebased.LinearTBNegotiator', 'src.negotiators.GeniusBOABaselineNegotiator']","[0.021377874829340726, 0.006198741029947996]",50,inf,50,inf,0.0,0.0,inf,inf,"{'rep': 0, 'n_repetitions': 2}",S4_A,eu6LM6BcxWo,negmas.sao.mechanism.SAOMechanism,eu6LM6BcxWo,38,0.030413125,,0,2,1.0,0.7660818713450293,0.7660818713450293,0.7719298245614036,0.9999999999999999,0.7660818713450293,0.7719298245614036,negmas.preferences.ops.OutcomeOptimality,0.7660818713450293
532,False,False,True,40,0.032224958,0.803921568627451,False,False,"(6, 4, 9, 'standard')",,2,False,,,,{},,[],"[6, 4, 9, 'standard']",LinearTBNegotiator@1,,2,[],"[None, None]",LinearTBNegotiator@1,,[],"(0.6710310965630115, 0.23703471649526825)","[0.9999999999999999, 0.9999999999999999]","[0.016366612111292964, 0.0]","(0.0006426653306037134, 0.0012950634439420957)","['GeniusBOABaselineNegotiator', 'LinearTBNegotiator']",,nhpZAyFIgNk,0.03245537501061335,"['GeniusBOABaselineNegotiator@0', 'LinearTBNegotiator@1']","['GeniusBOABaselineNegotiator@0', 'LinearTBNegotiator@1']","['src.negotiators.GeniusBOABaselineNegotiator', 'negmas.gb.negotiators.timebased.LinearTBNegotiator']","[0.0073389612953178585, 0.022023287892807275]",50,inf,50,inf,0.0,0.0,inf,inf,"{'rep': 1, 'n_repetitions': 2}",S2_E-1,nhpZAyFIgNk,negmas.sao.mechanism.SAOMechanism,nhpZAyFIgNk,40,0.032224958,,1,2,0.9694735723246475,0.70911502398021,0.7441159507431945,0.7325810824533303,0.7392661263016912,0.7325810824533303,0.7325810824533303,negmas.preferences.ops.OutcomeOptimality,0.7441159507431945
533,False,False,True,2,0.012828209,0.058823529411764705,False,False,"(8, 9, 8, 'premium')",,2,False,,,,{},,[],"[8, 9, 8, 'premium']",ConcederTBNegotiator@0,,2,"[['ConcederTBNegotiator@0', [8, 9, 8, 'premium']]]",[None],ConcederTBNegotiator@0,,"[['ConcederTBNegotiator@0', None]]","(0.5968161143599741, 0.5838206627680312)","[1.0, 1.0]","[0.09356725146198831, 0.046783625730994156]","(0.0008771261662935939, 0.0007442816259952948)","['ConcederTBNegotiator', 'ConcederTBNegotiator']",,QTkeIdxUuRQ,0.013024957966990769,"['ConcederTBNegotiator@0', 'ConcederTBNegotiator@1']","['ConcederTBNegotiator@0', 'ConcederTBNegotiator@1']","['negmas.gb.negotiators.timebased.ConcederTBNegotiator', 'negmas.gb.negotiators.timebased.ConcederTBNegotiator']","[0.006659291044343263, 0.006201207987032831]",50,inf,50,inf,0.0,0.0,inf,inf,"{'rep': 0, 'n_repetitions': 2}",S0_F,QTkeIdxUuRQ,negmas.sao.mechanism.SAOMechanism,QTkeIdxUuRQ,2,0.012828209,,0,2,0.8338690225980921,0.8213816800521802,0.8213816800521802,0.8218283087855961,0.7806795632742511,0.8218283087855961,0.8218283087855961,negmas.preferences.ops.OutcomeOptimality,0.8218283087855961
534,False,False,True,43,0.042140333,0.8627450980392157,False,False,"(2, 3, 8, 'premium')",,2,False,,,,{},,[],"[2, 3, 8, 'premium']",BoulwareTBNegotiator@0,,2,"[['BoulwareTBNegotiator@0', [2, 3, 8, 'premium']]]",[None],BoulwareTBNegotiator@0,,"[['BoulwareTBNegotiator@0', None]]","(0.4970760233918128, 0.502923976608187)","[1.0, 1.0]","[0.0, 0.0]","(0.0034960628013070215, 0.004370114375307104)","['BoulwareTBNegotiator', 'BoulwareTBNegotiator']",,TWo7HJNY7G0,0.0424583749845624,"['BoulwareTBNegotiator@0', 'BoulwareTBNegotiator@1']","['BoulwareTBNegotiator@0', 'BoulwareTBNegotiator@1']","['negmas.gb.negotiators.timebased.BoulwareTBNegotiator', 'negmas.gb.negotiators.timebased.BoulwareTBNegotiator']","[0.019962883146945387, 0.019107542699202895]",50,inf,50,inf,0.0,0.0,inf,inf,"{'rep': 1, 'n_repetitions': 2}",S4_A-1,TWo7HJNY7G0,negmas.sao.mechanism.SAOMechanism,TWo7HJNY7G0,43,0.042140333,,1,2,0.9999999999999998,0.9999999999999998,0.9999999999999998,0.9999999999999998,0.9999999999999998,0.9999999999999998,0.9999999999999998,negmas.preferences.ops.OutcomeOptimality,0.9999999999999998
535,False,False,True,41,0.028096625,0.8235294117647058,False,False,"(0, 5, 9, 'premium')",,2,False,,,,{},,[],"[0, 5, 9, 'premium']",GeniusBOABaselineNegotiator@0,,2,"[['GeniusBOABaselineNegotiator@0', [0, 5, 9, 'premium']]]",[None],GeniusBOABaselineNegotiator@0,,"[['GeniusBOABaselineNegotiator@0', None]]","(0.582010582010582, 0.6031746031746031)","[1.0, 1.0]","[0.0, 0.023809523809523808]","(0.002193248997500751, 0.0007754352238636291)","['GeniusBOABaselineNegotiator', 'BoulwareTBNegotiator']",,MHAeuClPgzY,0.028397457965184003,"['GeniusBOABaselineNegotiator@0', 'BoulwareTBNegotiator@1']","['GeniusBOABaselineNegotiator@0', 'BoulwareTBNegotiator@1']","['src.negotiators.GeniusBOABaselineNegotiator', 'negmas.gb.negotiators.timebased.BoulwareTBNegotiator']","[0.006497587775811553, 0.018671075988095254]",50,inf,50,inf,0.0,0.0,inf,inf,"{'rep': 0, 'n_repetitions': 2}",S1_B,MHAeuClPgzY,negmas.sao.mechanism.SAOMechanism,MHAeuClPgzY,41,0.028096625,,0,2,0.9912092750886039,0.9617153631935871,0.9802359416950643,0.9802359416950643,0.9538361758740667,0.9802359416950643,0.9802359416950643,negmas.preferences.ops.OutcomeOptimality,0.9802359416950643
536,False,False,True,37,0.019336208,0.7450980392156863,False,False,"(9, 10, 8, 'standard')",,2,False,,,,{},,[],"[9, 10, 8, 'standard']",SmartAspirationNegotiator@0,,2,"[['SmartAspirationNegotiator@0', [9, 10, 8, 'standard']]]",[None],SmartAspirationNegotiator@0,,"[['SmartAspirationNegotiator@0', None]]","(0.7543859649122808, 0.7573099415204678)","[1.0, 1.0]","[0.09356725146198831, 0.046783625730994156]","(0.0008771261662935939, 0.0007442816259952948)","['SmartAspirationNegotiator', 'SmartAspirationNegotiator']",,B_OMPS5awfw,0.030513249977957457,"['SmartAspirationNegotiator@0', 'SmartAspirationNegotiator@1']","['SmartAspirationNegotiator@0', 'SmartAspirationNegotiator@1']","['src.negotiators.SmartAspirationNegotiator', 'src.negotiators.SmartAspirationNegotiator']","[0.014165755012072623, 0.013508247444406152]",50,inf,50,inf,0.0,0.0,inf,inf,"{'rep': 1, 'n_repetitions': 2}",S0_F,B_OMPS5awfw,negmas.sao.mechanism.SAOMechanism,B_OMPS5awfw,37,0.019336208,,1,2,1.0,0.9807999989329749,0.9807999989329749,1.0,0.9995877842364035,1.0,1.0,negmas.preferences.ops.OutcomeOptimality,1.0
537,False,False,True,42,0.020696125,0.8431372549019608,False,False,"(9, 4, 0, 'basic')",,2,False,,,,{},,[],"[9, 4, 0, 'basic']",SmartAspirationNegotiator@1,,2,[],"[None, None]",SmartAspirationNegotiator@1,,[],"(0.6170212765957446, 0.5918734261726876)","[0.9999999999999999, 0.9999999999999999]","[0.016366612111292964, 0.0]","(0.0007574209704742231, 0.0010624744725208587)","['GeniusBOABaselineNegotiator', 'SmartAspirationNegotiator']",,MW615jn5Ysc,0.02648800000315532,"['GeniusBOABaselineNegotiator@0', 'SmartAspirationNegotiator@1']","['GeniusBOABaselineNegotiator@0', 'SmartAspirationNegotiator@1']","['src.negotiators.GeniusBOABaselineNegotiator', 'src.negotiators.SmartAspirationNegotiator']","[0.0074542934307828546, 0.015720286522991955]",50,inf,50,inf,0.0,0.0,inf,inf,"{'rep': 1, 'n_repetitions': 2}",S3_E-1,MW615jn5Ysc,negmas.sao.mechanism.SAOMechanism,MW615jn5Ysc,42,0.020696125,,1,2,1.0,0.962744468605478,1.0,0.9832225744061249,0.9841741547480721,0.9832225744061249,0.9832225744061249,negmas.preferences.ops.OutcomeOptimality,1.0
538,False,False,True,14,0.023376459,0.29411764705882354,False,False,"(6, 10, 6, 'premium')",,2,False,,,,{},,[],"[6, 10, 6, 'premium']",LinearTBNegotiator@1,,2,[],"[None, None]",LinearTBNegotiator@1,,[],"(0.37426900584795325, 0.7689495968231964)","[1.0, 1.0]","[0.046783625730994156, 0.09356725146198831]","(0.0007442816259952948, 0.0008771261662935939)","['ConcederTBNegotiator', 'LinearTBNegotiator']",,WtmQpHZzR44,0.02357554098125547,"['ConcederTBNegotiator@0', 'LinearTBNegotiator@1']","['ConcederTBNegotiator@0', 'LinearTBNegotiator@1']","['negmas.gb.negotiators.timebased.ConcederTBNegotiator', 'negmas.gb.negotiators.timebased.LinearTBNegotiator']","[0.012000751914456487, 0.010477373842149973]",50,inf,50,inf,0.0,0.0,inf,inf,"{'rep': 1, 'n_repetitions': 2}",S0_F-1,WtmQpHZzR44,negmas.sao.mechanism.SAOMechanism,WtmQpHZzR44,14,0.023376459,,1,2,0.9161843172014918,0.7221236298881974,0.7221236298881974,0.7085893136460552,0.7559373185302263,0.7085893136460552,0.7085893136460552,negmas.preferences.ops.OutcomeOptimality,0.7221236298881974
539,False,False,True,41,0.032482959,0.8235294117647058,False,False,"(4, 8, 8, 'premium')",,2,False,,,,{},,[],"[4, 8, 8, 'premium']",BoulwareTBNegotiator@0,,2,"[['BoulwareTBNegotiator@0', [4, 8, 8, 'premium']]]",[None],BoulwareTBNegotiator@0,,"[['BoulwareTBNegotiator@0', None]]","(0.5873015873015872, 0.5904521398386507)","[1.0, 1.0]","[0.0, 0.023809523809523808]","(0.002193248997500751, 0.0007754352238636291)","['BoulwareTBNegotiator', 'SmartAspirationNegotiator']",,0ErAvuMCp44,0.037517416989430785,"['BoulwareTBNegotiator@0', 'SmartAspirationNegotiator@1']","['BoulwareTBNegotiator@0', 'SmartAspirationNegotiator@1']","['negmas.gb.negotiators.timebased.BoulwareTBNegotiator', 'src.negotiators.SmartAspirationNegotiator']","[0.019128834013827145, 0.015196869266219437]",50,inf,50,inf,0.0,0.0,inf,inf,"{'rep': 1, 'n_repetitions': 2}",S1_B,0ErAvuMCp44,negmas.sao.mechanism.SAOMechanism,0ErAvuMCp44,41,0.032482959,,1,2,0.9829625189076004,0.9657533700827802,0.9788365509746099,0.9788365509746099,0.947855343839237,0.9788365509746099,0.9788365509746099,negmas.preferences.ops.OutcomeOptimality,0.9788365509746099
540,False,False,True,36,0.029822458,0.7254901960784313,False,False,"(4, 10, 2, 'basic')",,2,False,,,,{},,[],"[4, 10, 2, 'basic']",GeniusBOABaselineNegotiator@1,,2,[],"[None, None]",GeniusBOABaselineNegotiator@1,,[],"(0.34437946718648477, 0.797328273877102)","[1.0, 1.0]","[0.046783625730994156, 0.09356725146198831]","(0.0007442816259952948, 0.0008771261662935939)","['LinearTBNegotiator', 'GeniusBOABaselineNegotiator']",,nSoxlZ4gtRg,0.03002570802345872,"['LinearTBNegotiator@0', 'GeniusBOABaselineNegotiator@1']","['LinearTBNegotiator@0', 'GeniusBOABaselineNegotiator@1']","['negmas.gb.negotiators.timebased.LinearTBNegotiator', 'src.negotiators.GeniusBOABaselineNegotiator']","[0.02006800170056522, 0.0070802910486236215]",50,inf,50,inf,0.0,0.0,inf,inf,"{'rep': 0, 'n_repetitions': 2}",S0_F-1,nSoxlZ4gtRg,negmas.sao.mechanism.SAOMechanism,nSoxlZ4gtRg,36,0.029822458,,0,2,0.9337405687728075,0.6988246083002407,0.6988246083002407,0.6843837722421124,0.7549382824144538,0.6843837722421124,0.6843837722421124,negmas.preferences.ops.OutcomeOptimality,0.6988246083002407
541,False,False,True,36,0.029180792,0.7254901960784313,False,False,"(8, 10, 7, 'basic')",,2,False,,,,{},,[],"[8, 10, 7, 'basic']",GeniusBOABaselineNegotiator@1,,2,[],"[None, None]",GeniusBOABaselineNegotiator@1,,[],"(0.328042328042328, 0.7822283931139397)","[1.0, 1.0]","[0.0, 0.023809523809523808]","(0.002193248997500751, 0.0007754352238636291)","['LinearTBNegotiator', 'GeniusBOABaselineNegotiator']",,iTlRnsSLxyM,0.02941312501206994,"['LinearTBNegotiator@0', 'GeniusBOABaselineNegotiator@1']","['LinearTBNegotiator@0', 'GeniusBOABaselineNegotiator@1']","['negmas.gb.negotiators.timebased.LinearTBNegotiator', 'src.negotiators.GeniusBOABaselineNegotiator']","[0.020260761899407953, 0.006375679804477841]",50,inf,50,inf,0.0,0.0,inf,inf,"{'rep': 1, 'n_repetitions': 2}",S1_B,iTlRnsSLxyM,negmas.sao.mechanism.SAOMechanism,iTlRnsSLxyM,36,0.029180792,,1,2,0.9889059294623107,0.7428511964925584,0.7649272400742826,0.7649272400742826,0.8935450696569122,0.7649272400742826,0.7649272400742826,negmas.preferences.ops.OutcomeOptimality,0.7649272400742826
542,False,False,True,30,0.040287042,0.6078431372549019,False,False,"(9, 1, 8, 'standard')",,2,False,,,,{},,[],"[9, 1, 8, 'standard']",BoulwareTBNegotiator@0,,2,"[['BoulwareTBNegotiator@0', [9, 1, 8, 'standard']]]",[None],BoulwareTBNegotiator@0,,"[['BoulwareTBNegotiator@0', None]]","(0.8888888888888888, 0.25438596491228077)","[1.0, 1.0]","[0.046783625730994156, 0.09356725146198831]","(0.0007811278057266481, 0.0009639366705748589)","['BoulwareTBNegotiator', 'ConcederTBNegotiator']",,nj8pgwRdjng,0.040523250005207956,"['BoulwareTBNegotiator@0', 'ConcederTBNegotiator@1']","['BoulwareTBNegotiator@0', 'ConcederTBNegotiator@1']","['negmas.gb.negotiators.timebased.BoulwareTBNegotiator', 'negmas.gb.negotiators.timebased.ConcederTBNegotiator']","[0.015712583088316023, 0.022470496071036905]",50,inf,50,inf,0.0,0.0,inf,inf,"{'rep': 1, 'n_repetitions': 2}",S5_F-1,nj8pgwRdjng,negmas.sao.mechanism.SAOMechanism,nj8pgwRdjng,30,0.040287042,,1,2,1.0,0.590083685965619,0.590083685965619,0.6069419837946906,0.755974513803547,0.6069419837946906,0.6069419837946906,negmas.preferences.ops.OutcomeOptimality,0.6069419837946906
543,False,False,True,32,0.032309709,0.6470588235294118,False,False,"(9, 3, 7, 'basic')",,2,False,,,,{},,[],"[9, 3, 7, 'basic']",GeniusBOABaselineNegotiator@1,,2,[],"[None, None]",GeniusBOABaselineNegotiator@1,,[],"(0.11695906432748537, 0.8830409356725145)","[1.0, 1.0]","[0.0, 0.0]","(0.004370114375307104, 0.0034960628013070215)","['ConcederTBNegotiator', 'GeniusBOABaselineNegotiator']",,CH8rA1biATs,0.032547916052863,"['ConcederTBNegotiator@0', 'GeniusBOABaselineNegotiator@1']","['ConcederTBNegotiator@0', 'GeniusBOABaselineNegotiator@1']","['negmas.gb.negotiators.timebased.ConcederTBNegotiator', 'src.negotiators.GeniusBOABaselineNegotiator']","[0.023873375146649778, 0.006049121031537652]",50,inf,50,inf,0.0,0.0,inf,inf,"{'rep': 0, 'n_repetitions': 2}",S4_A,CH8rA1biATs,negmas.sao.mechanism.SAOMechanism,CH8rA1biATs,32,0.032309709,,0,2,0.9999999999999999,0.6140350877192983,0.6140350877192983,0.6198830409356726,0.9999999999999999,0.6140350877192983,0.6198830409356726,negmas.preferences.ops.OutcomeOptimality,0.6140350877192983
544,False,False,True,36,0.040776041,0.7254901960784313,False,False,"(5, 3, 9, 'standard')",,2,False,,,,{},,[],"[5, 3, 9, 'standard']",BoulwareTBNegotiator@1,,2,[],"[None, None]",BoulwareTBNegotiator@1,,[],"(0.3174603174603175, 0.7857142857142857)","[1.0, 1.0]","[0.0, 0.023809523809523808]","(0.002193248997500751, 0.0007754352238636291)","['LinearTBNegotiator', 'BoulwareTBNegotiator']",,Wfab6DaQfws,0.04108691698638722,"['LinearTBNegotiator@0', 'BoulwareTBNegotiator@1']","['LinearTBNegotiator@0', 'BoulwareTBNegotiator@1']","['negmas.gb.negotiators.timebased.LinearTBNegotiator', 'negmas.gb.negotiators.timebased.BoulwareTBNegotiator']","[0.02067154599353671, 0.01749611389823258]",50,inf,50,inf,0.0,0.0,inf,inf,"{'rep': 0, 'n_repetitions': 2}",S1_B,Wfab6DaQfws,negmas.sao.mechanism.SAOMechanism,Wfab6DaQfws,36,0.040776041,,0,2,0.9912092750886039,0.7350807129090169,0.7571573201665989,0.7571573201665989,0.8878341190613523,0.7571573201665989,0.7571573201665989,negmas.preferences.ops.OutcomeOptimality,0.7571573201665989
545,False,False,True,29,0.033380333,0.5882352941176471,False,False,"(9, 5, 8, 'basic')",,2,False,,,,{},,[],"[9, 5, 8, 'basic']",ConcederTBNegotiator@0,,2,"[['ConcederTBNegotiator@0', [9, 5, 8, 'basic']]]",[None],ConcederTBNegotiator@0,,"[['ConcederTBNegotiator@0', None]]","(0.1375661375661376, 0.9079124572989682)","[1.0, 1.0]","[0.0, 0.023809523809523808]","(0.002193248997500751, 0.0007754352238636291)","['ConcederTBNegotiator', 'GeniusBOABaselineNegotiator']",,o5KdZXc_iFE,0.03371554199839011,"['ConcederTBNegotiator@0', 'GeniusBOABaselineNegotiator@1']","['ConcederTBNegotiator@0', 'GeniusBOABaselineNegotiator@1']","['negmas.gb.negotiators.timebased.ConcederTBNegotiator', 'src.negotiators.GeniusBOABaselineNegotiator']","[0.024030620988924056, 0.0071159988874569535]",50,inf,50,inf,0.0,0.0,inf,inf,"{'rep': 1, 'n_repetitions': 2}",S1_B,o5KdZXc_iFE,negmas.sao.mechanism.SAOMechanism,o5KdZXc_iFE,29,0.033380333,,1,2,1.0,0.5796181182470082,0.601689676597047,0.601689676597047,0.8414004134961494,0.601689676597047,0.601689676597047,negmas.preferences.ops.OutcomeOptimality,0.601689676597047
546,False,False,True,42,0.023259458,0.8431372549019608,False,False,"(9, 4, 0, 'basic')",,2,False,,,,{},,[],"[9, 4, 0, 'basic']",SmartAspirationNegotiator@1,,2,[],"[None, None]",SmartAspirationNegotiator@1,,[],"(0.6170212765957446, 0.5918734261726876)","[0.9999999999999999, 0.9999999999999999]","[0.016366612111292964, 0.0]","(0.0006426653306037134, 0.0012950634439420957)","['GeniusBOABaselineNegotiator', 'SmartAspirationNegotiator']",,-oimK4yKJog,0.029370292031671852,"['GeniusBOABaselineNegotiator@0', 'SmartAspirationNegotiator@1']","['GeniusBOABaselineNegotiator@0', 'SmartAspirationNegotiator@1']","['src.negotiators.GeniusBOABaselineNegotiator', 'src.negotiators.SmartAspirationNegotiator']","[0.008632413519080728, 0.017135288449935615]",50,inf,50,inf,0.0,0.0,inf,inf,"{'rep': 0, 'n_repetitions': 2}",S2_E-1,-oimK4yKJog,negmas.sao.mechanism.SAOMechanism,-oimK4yKJog,42,0.023259458,,0,2,1.0,0.962744468605478,1.0,0.9832225744061249,0.9841741547480721,0.9832225744061249,0.9832225744061249,negmas.preferences.ops.OutcomeOptimality,1.0
547,False,False,True,36,0.070169833,0.7254901960784313,False,False,"(4, 10, 2, 'basic')",,2,False,,,,{},,[],"[4, 10, 2, 'basic']",GeniusBOABaselineNegotiator@1,,2,[],"[None, None]",GeniusBOABaselineNegotiator@1,,[],"(0.34437946718648477, 0.797328273877102)","[1.0, 1.0]","[0.046783625730994156, 0.09356725146198831]","(0.0007811278057266481, 0.0009639366705748589)","['LinearTBNegotiator', 'GeniusBOABaselineNegotiator']",,GXqLw7y9Vz4,0.07047933299327269,"['LinearTBNegotiator@0', 'GeniusBOABaselineNegotiator@1']","['LinearTBNegotiator@0', 'GeniusBOABaselineNegotiator@1']","['negmas.gb.negotiators.timebased.LinearTBNegotiator', 'src.negotiators.GeniusBOABaselineNegotiator']","[0.05946637719171122, 0.007976286229677498]",50,inf,50,inf,0.0,0.0,inf,inf,"{'rep': 0, 'n_repetitions': 2}",S5_F-1,GXqLw7y9Vz4,negmas.sao.mechanism.SAOMechanism,GXqLw7y9Vz4,36,0.070169833,,0,2,0.9337405687728075,0.6988246083002407,0.6988246083002407,0.6843837722421124,0.7549382824144538,0.6843837722421124,0.6843837722421124,negmas.preferences.ops.OutcomeOptimality,0.6988246083002407
548,False,False,True,32,0.035086917,0.6470588235294118,False,False,"(9, 10, 9, 'basic')",,2,False,,,,{},,[],"[9, 10, 9, 'basic']",GeniusBOABaselineNegotiator@1,,2,[],"[None, None]",GeniusBOABaselineNegotiator@1,,[],"(0.5935672514619883, 0.868421052631579)","[1.0, 1.0]","[0.09356725146198831, 0.046783625730994156]","(0.0009639366705748589, 0.0007811278057266481)","['ConcederTBNegotiator', 'GeniusBOABaselineNegotiator']",,XloFFMgJAN4,0.03538633300922811,"['ConcederTBNegotiator@0', 'GeniusBOABaselineNegotiator@1']","['ConcederTBNegotiator@0', 'GeniusBOABaselineNegotiator@1']","['negmas.gb.negotiators.timebased.ConcederTBNegotiator', 'src.negotiators.GeniusBOABaselineNegotiator']","[0.024730963225010782, 0.00797208136646077]",50,inf,50,inf,0.0,0.0,inf,inf,"{'rep': 0, 'n_repetitions': 2}",S5_F,XloFFMgJAN4,negmas.sao.mechanism.SAOMechanism,XloFFMgJAN4,32,0.035086917,,0,2,1.0,0.8324241332371594,0.8324241332371594,0.8513976513554027,0.9667193271145101,0.8513976513554027,0.8513976513554027,negmas.preferences.ops.OutcomeOptimality,0.8513976513554027
549,False,False,True,43,0.018680834,0.8627450980392157,False,False,"(7, 10, 8, 'standard')",,2,False,,,,{},,[],"[7, 10, 8, 'standard']",GeniusBOABaselineNegotiator@1,,2,[],"[None, None]",GeniusBOABaselineNegotiator@1,,[],"(0.7894736842105263, 0.559779077322937)","[1.0, 1.0]","[0.09356725146198831, 0.046783625730994156]","(0.0009639366705748589, 0.0007811278057266481)","['GeniusBOABaselineNegotiator', 'GeniusBOABaselineNegotiator']",,k2raWGRilvs,0.018948292010463774,"['GeniusBOABaselineNegotiator@0', 'GeniusBOABaselineNegotiator@1']","['GeniusBOABaselineNegotiator@0', 'GeniusBOABaselineNegotiator@1']","['src.negotiators.GeniusBOABaselineNegotiator', 'src.negotiators.GeniusBOABaselineNegotiator']","[0.007821209554094821, 0.007783865905366838]",50,inf,50,inf,0.0,0.0,inf,inf,"{'rep': 1, 'n_repetitions': 2}",S5_F,k2raWGRilvs,negmas.sao.mechanism.SAOMechanism,k2raWGRilvs,43,0.018680834,,1,2,0.9573599675039428,0.8625646620321361,0.8625646620321361,0.8474798110912376,0.8921745256681245,0.8474798110912376,0.8474798110912376,negmas.preferences.ops.OutcomeOptimality,0.8625646620321361
550,False,False,True,26,0.037468125,0.5294117647058824,False,False,"(0, 10, 2, 'premium')",,2,False,,,,{},,[],"[0, 10, 2, 'premium']",BoulwareTBNegotiator@0,,2,"[['BoulwareTBNegotiator@0', [0, 10, 2, 'premium']]]",[None],BoulwareTBNegotiator@0,,"[['BoulwareTBNegotiator@0', None]]","(0.9365079365079365, 0.2595117842050396)","[1.0, 1.0]","[0.0, 0.023809523809523808]","(0.002193248997500751, 0.0007754352238636291)","['BoulwareTBNegotiator', 'ConcederTBNegotiator']",,-V-IXO2xcIk,0.03817020897986367,"['BoulwareTBNegotiator@0', 'ConcederTBNegotiator@1']","['BoulwareTBNegotiator@0', 'ConcederTBNegotiator@1']","['negmas.gb.negotiators.timebased.BoulwareTBNegotiator', 'negmas.gb.negotiators.timebased.ConcederTBNegotiator']","[0.014844169723801315, 0.020938001689501107]",50,inf,50,inf,0.0,0.0,inf,inf,"{'rep': 1, 'n_repetitions': 2}",S1_B,-V-IXO2xcIk,negmas.sao.mechanism.SAOMechanism,-V-IXO2xcIk,26,0.037468125,,1,2,1.0,0.67706503438979,0.6559033950247126,0.6559033950247126,0.9625558021943916,0.6559033950247126,0.6559033950247126,negmas.preferences.ops.OutcomeOptimality,0.67706503438979
551,False,False,True,38,0.033167792,0.7647058823529411,False,False,"(2, 5, 2, 'premium')",,2,False,,,,{},,[],"[2, 5, 2, 'premium']",SmartAspirationNegotiator@1,,2,[],"[None, None]",SmartAspirationNegotiator@1,,[],"(0.2631578947368421, 0.7368421052631577)","[1.0, 1.0]","[0.0, 0.0]","(0.0034960628013070215, 0.004370114375307104)","['LinearTBNegotiator', 'SmartAspirationNegotiator']",,zLnQ8s7Ueic,0.03816724999342114,"['LinearTBNegotiator@0', 'SmartAspirationNegotiator@1']","['LinearTBNegotiator@0', 'SmartAspirationNegotiator@1']","['negmas.gb.negotiators.timebased.LinearTBNegotiator', 'src.negotiators.SmartAspirationNegotiator']","[0.02238430018769577, 0.012617619417142123]",50,inf,50,inf,0.0,0.0,inf,inf,"{'rep': 1, 'n_repetitions': 2}",S4_A-1,zLnQ8s7Ueic,negmas.sao.mechanism.SAOMechanism,zLnQ8s7Ueic,38,0.033167792,,1,2,0.9999999999999999,0.7660818713450294,0.7660818713450294,0.7660818713450294,0.9999999999999998,0.7660818713450294,0.7660818713450294,negmas.preferences.ops.OutcomeOptimality,0.7660818713450294
552,False,False,True,5,0.016587792,0.11764705882352941,False,False,"(9, 10, 2, 'standard')",,2,False,,,,{},,[],"[9, 10, 2, 'standard']",ConcederTBNegotiator@0,,2,"[['ConcederTBNegotiator@0', [9, 10, 2, 'standard']]]",[None],ConcederTBNegotiator@0,,"[['ConcederTBNegotiator@0', None]]","(0.44971813056919435, 0.5331541218637992)","[0.9999999999999999, 0.9999999999999999]","[0.016366612111292964, 0.0]","(0.0007574209704742231, 0.0010624744725208587)","['ConcederTBNegotiator', 'ConcederTBNegotiator']",,IkPs0rzy-5E,0.016916666005272418,"['ConcederTBNegotiator@0', 'ConcederTBNegotiator@1']","['ConcederTBNegotiator@0', 'ConcederTBNegotiator@1']","['negmas.gb.negotiators.timebased.ConcederTBNegotiator', 'negmas.gb.negotiators.timebased.ConcederTBNegotiator']","[0.0086497109150514, 0.007806084875483066]",50,inf,50,inf,0.0,0.0,inf,inf,"{'rep': 1, 'n_repetitions': 2}",S3_E-1,IkPs0rzy-5E,negmas.sao.mechanism.SAOMechanism,IkPs0rzy-5E,5,0.016587792,,1,2,0.8829793189802546,0.8750503643735918,0.8735938136947262,0.8829793189802546,0.8001668516276624,0.8829793189802546,0.8829793189802546,negmas.preferences.ops.OutcomeOptimality,0.8829793189802546
553,False,False,True,42,0.044575208,0.8431372549019608,False,False,"(7, 9, 4, 'basic')",,2,False,,,,{},,[],"[7, 9, 4, 'basic']",BoulwareTBNegotiator@1,,2,[],"[None, None]",BoulwareTBNegotiator@1,,[],"(0.584795321637427, 0.6217898560631812)","[1.0, 1.0]","[0.046783625730994156, 0.09356725146198831]","(0.0007442816259952948, 0.0008771261662935939)","['BoulwareTBNegotiator', 'BoulwareTBNegotiator']",,viUHHwZI3YM,0.04488166602095589,"['BoulwareTBNegotiator@0', 'BoulwareTBNegotiator@1']","['BoulwareTBNegotiator@0', 'BoulwareTBNegotiator@1']","['negmas.gb.negotiators.timebased.BoulwareTBNegotiator', 'negmas.gb.negotiators.timebased.BoulwareTBNegotiator']","[0.02053816494299099, 0.020802376908250153]",50,inf,50,inf,0.0,0.0,inf,inf,"{'rep': 0, 'n_repetitions': 2}",S0_F-1,viUHHwZI3YM,negmas.sao.mechanism.SAOMechanism,viUHHwZI3YM,42,0.044575208,,0,2,0.8418817572733157,0.8356322357077108,0.8356322357077108,0.834585113574342,0.7978375803876622,0.834585113574342,0.834585113574342,negmas.preferences.ops.OutcomeOptimality,0.8356322357077108
554,False,False,True,42,0.034145041,0.8431372549019608,False,False,"(4, 8, 8, 'premium')",,2,False,,,,{},,[],"[4, 8, 8, 'premium']",BoulwareTBNegotiator@1,,2,[],"[None, None]",BoulwareTBNegotiator@1,,[],"(0.5904521398386507, 0.5873015873015872)","[1.0, 1.0]","[0.023809523809523808, 0.0]","(0.0007754352238636291, 0.002193248997500751)","['SmartAspirationNegotiator', 'BoulwareTBNegotiator']",,6mQC_FE4Es4,0.03942950000055134,"['SmartAspirationNegotiator@0', 'BoulwareTBNegotiator@1']","['SmartAspirationNegotiator@0', 'BoulwareTBNegotiator@1']","['src.negotiators.SmartAspirationNegotiator', 'negmas.gb.negotiators.timebased.BoulwareTBNegotiator']","[0.016722173371817917, 0.01937099517090246]",50,inf,50,inf,0.0,0.0,inf,inf,"{'rep': 0, 'n_repetitions': 2}",S1_B-1,6mQC_FE4Es4,negmas.sao.mechanism.SAOMechanism,6mQC_FE4Es4,42,0.034145041,,0,2,0.9829625189076004,0.9657533700827802,0.9788365509746099,0.9788365509746099,0.947855343839237,0.9788365509746099,0.9788365509746099,negmas.preferences.ops.OutcomeOptimality,0.9788365509746099
555,False,False,True,30,0.031480125,0.6078431372549019,False,False,"(1, 6, 0, 'standard')",,2,False,,,,{},,[],"[1, 6, 0, 'standard']",SmartAspirationNegotiator@0,,2,"[['SmartAspirationNegotiator@0', [1, 6, 0, 'standard']]]",[None],SmartAspirationNegotiator@0,,"[['SmartAspirationNegotiator@0', None]]","(0.8904549021370864, 0.1485724677214039)","[0.9999999999999999, 0.9999999999999999]","[0.0, 0.016366612111292964]","(0.0012950634439420957, 0.0006426653306037134)","['SmartAspirationNegotiator', 'ConcederTBNegotiator']",,jlEpuD9P1sk,0.03734187502413988,"['SmartAspirationNegotiator@0', 'ConcederTBNegotiator@1']","['SmartAspirationNegotiator@0', 'ConcederTBNegotiator@1']","['src.negotiators.SmartAspirationNegotiator', 'negmas.gb.negotiators.timebased.ConcederTBNegotiator']","[0.013179004774428904, 0.021760744391940534]",50,inf,50,inf,0.0,0.0,inf,inf,"{'rep': 0, 'n_repetitions': 2}",S2_E,jlEpuD9P1sk,negmas.sao.mechanism.SAOMechanism,jlEpuD9P1sk,30,0.031480125,,0,2,0.9800410753248283,0.6366318463672536,0.6039651735915272,0.6207403505252886,0.8458833355368517,0.6207403505252886,0.6207403505252886,negmas.preferences.ops.OutcomeOptimality,0.6366318463672536
556,False,False,True,25,0.027332958,0.5098039215686274,False,False,"(0, 10, 5, 'standard')",,2,False,,,,{},,[],"[0, 10, 5, 'standard']",GeniusBOABaselineNegotiator@1,,2,[],"[None, None]",GeniusBOABaselineNegotiator@1,,[],"(0.20467836257309946, 0.9561403508771931)","[1.0, 1.0]","[0.046783625730994156, 0.09356725146198831]","(0.0007442816259952948, 0.0008771261662935939)","['ConcederTBNegotiator', 'GeniusBOABaselineNegotiator']",,ItEy7b13UD0,0.027603750000707805,"['ConcederTBNegotiator@0', 'GeniusBOABaselineNegotiator@1']","['ConcederTBNegotiator@0', 'GeniusBOABaselineNegotiator@1']","['negmas.gb.negotiators.timebased.ConcederTBNegotiator', 'src.negotiators.GeniusBOABaselineNegotiator']","[0.018860253097955137, 0.00677537388401106]",50,inf,50,inf,0.0,0.0,inf,inf,"{'rep': 1, 'n_repetitions': 2}",S0_F-1,ItEy7b13UD0,negmas.sao.mechanism.SAOMechanism,ItEy7b13UD0,25,0.027332958,,1,2,1.0,0.5699318647760668,0.5699318647760668,0.5527488392164512,0.767575145728921,0.5527488392164512,0.5527488392164512,negmas.preferences.ops.OutcomeOptimality,0.5699318647760668
557,False,False,True,43,0.032495125,0.8627450980392157,False,False,"(8, 8, 4, 'premium')",,2,False,,,,{},,[],"[8, 8, 4, 'premium']",BoulwareTBNegotiator@0,,2,"[['BoulwareTBNegotiator@0', [8, 8, 4, 'premium']]]",[None],BoulwareTBNegotiator@0,,"[['BoulwareTBNegotiator@0', None]]","(0.5185185185185185, 0.55843702955246)","[1.0, 1.0]","[0.046783625730994156, 0.09356725146198831]","(0.0007442816259952948, 0.0008771261662935939)","['BoulwareTBNegotiator', 'GeniusBOABaselineNegotiator']",,IpWximtmOw,0.03278862498700619,"['BoulwareTBNegotiator@0', 'GeniusBOABaselineNegotiator@1']","['BoulwareTBNegotiator@0', 'GeniusBOABaselineNegotiator@1']","['negmas.gb.negotiators.timebased.BoulwareTBNegotiator', 'src.negotiators.GeniusBOABaselineNegotiator']","[0.02120179357007146, 0.008008496079128236]",50,inf,50,inf,0.0,0.0,inf,inf,"{'rep': 1, 'n_repetitions': 2}",S0_F-1,IpWximtmOw,negmas.sao.mechanism.SAOMechanism,IpWximtmOw,43,0.032495125,,1,2,0.7817356951733825,0.7659319509600617,0.7659319509600617,0.7651664033242354,0.7121218000501757,0.7651664033242354,0.7651664033242354,negmas.preferences.ops.OutcomeOptimality,0.7659319509600617
558,False,False,True,17,0.026637875,0.35294117647058826,False,False,"(9, 1, 2, 'basic')",,2,False,,,,{},,[],"[9, 1, 2, 'basic']",LinearTBNegotiator@1,,2,[],"[None, None]",LinearTBNegotiator@1,,[],"(0.30734767025089604, 0.6919439898163302)","[0.9999999999999999, 0.9999999999999999]","[0.0, 0.016366612111292964]","(0.0012950634439420957, 0.0006426653306037134)","['ConcederTBNegotiator', 'LinearTBNegotiator']",,6Q_VMMUnUos,0.026955667010042816,"['ConcederTBNegotiator@0', 'LinearTBNegotiator@1']","['ConcederTBNegotiator@0', 'LinearTBNegotiator@1']","['negmas.gb.negotiators.timebased.ConcederTBNegotiator', 'negmas.gb.negotiators.timebased.LinearTBNegotiator']","[0.014238249859772623, 0.011316083138808608]",50,inf,50,inf,0.0,0.0,inf,inf,"{'rep': 1, 'n_repetitions': 2}",S2_E,6Q_VMMUnUos,negmas.sao.mechanism.SAOMechanism,6Q_VMMUnUos,17,0.026637875,,1,2,1.0,0.7541134173788117,0.7902421138444015,0.7774568873879285,0.8135340676414962,0.7774568873879285,0.7774568873879285,negmas.preferences.ops.OutcomeOptimality,0.7902421138444015
559,False,False,True,39,0.044253417,0.7843137254901961,False,False,"(6, 4, 9, 'standard')",,2,False,,,,{},,[],"[6, 4, 9, 'standard']",LinearTBNegotiator@0,,2,"[['LinearTBNegotiator@0', [6, 4, 9, 'standard']]]",[None],LinearTBNegotiator@0,,"[['LinearTBNegotiator@0', None]]","(0.23703471649526825, 0.6710310965630115)","[0.9999999999999999, 0.9999999999999999]","[0.0, 0.016366612111292964]","(0.0012950634439420957, 0.0006426653306037134)","['LinearTBNegotiator', 'BoulwareTBNegotiator']",,phdqjUv-4dU,0.04455350001808256,"['LinearTBNegotiator@0', 'BoulwareTBNegotiator@1']","['LinearTBNegotiator@0', 'BoulwareTBNegotiator@1']","['negmas.gb.negotiators.timebased.LinearTBNegotiator', 'negmas.gb.negotiators.timebased.BoulwareTBNegotiator']","[0.022798835299909115, 0.018585992278531194]",50,inf,50,inf,0.0,0.0,inf,inf,"{'rep': 1, 'n_repetitions': 2}",S2_E,phdqjUv-4dU,negmas.sao.mechanism.SAOMechanism,phdqjUv-4dU,39,0.044253417,,1,2,0.9694735723246475,0.70911502398021,0.7441159507431945,0.7325810824533303,0.7392661263016912,0.7325810824533303,0.7325810824533303,negmas.preferences.ops.OutcomeOptimality,0.7441159507431945
560,False,False,True,35,0.039665208,0.7058823529411765,False,False,"(7, 10, 1, 'premium')",,2,False,,,,{},,[],"[7, 10, 1, 'premium']",BoulwareTBNegotiator@0,,2,"[['BoulwareTBNegotiator@0', [7, 10, 1, 'premium']]]",[None],BoulwareTBNegotiator@0,,"[['BoulwareTBNegotiator@0', None]]","(0.7994924177520258, 0.3667966211825861)","[1.0, 1.0]","[0.09356725146198831, 0.046783625730994156]","(0.0008771261662935939, 0.0007442816259952948)","['BoulwareTBNegotiator', 'LinearTBNegotiator']",,-1E6EIo7Xo0,0.039930166967678815,"['BoulwareTBNegotiator@0', 'LinearTBNegotiator@1']","['BoulwareTBNegotiator@0', 'LinearTBNegotiator@1']","['negmas.gb.negotiators.timebased.BoulwareTBNegotiator', 'negmas.gb.negotiators.timebased.LinearTBNegotiator']","[0.017809461045544595, 0.01933453348465264]",50,inf,50,inf,0.0,0.0,inf,inf,"{'rep': 0, 'n_repetitions': 2}",S0_F,-1E6EIo7Xo0,negmas.sao.mechanism.SAOMechanism,-1E6EIo7Xo0,35,0.039665208,,0,2,0.9391382745772429,0.7157177189149243,0.7157177189149243,0.701145103828247,0.7711923219788893,0.701145103828247,0.701145103828247,negmas.preferences.ops.OutcomeOptimality,0.7157177189149243
561,False,False,True,22,0.0281625,0.45098039215686275,False,False,"(9, 1, 0, 'standard')",,2,False,,,,{},,[],"[9, 1, 0, 'standard']",LinearTBNegotiator@1,,2,[],"[None, None]",LinearTBNegotiator@1,,[],"(0.6104746317512275, 0.5887096774193548)","[0.9999999999999999, 0.9999999999999999]","[0.016366612111292964, 0.0]","(0.0006426653306037134, 0.0012950634439420957)","['LinearTBNegotiator', 'LinearTBNegotiator']",,ZhgBwfvoFP8,0.028445999952964485,"['LinearTBNegotiator@0', 'LinearTBNegotiator@1']","['LinearTBNegotiator@0', 'LinearTBNegotiator@1']","['negmas.gb.negotiators.timebased.LinearTBNegotiator', 'negmas.gb.negotiators.timebased.LinearTBNegotiator']","[0.013218459323979914, 0.013398041657637805]",50,inf,50,inf,0.0,0.0,inf,inf,"{'rep': 1, 'n_repetitions': 2}",S2_E-1,ZhgBwfvoFP8,negmas.sao.mechanism.SAOMechanism,ZhgBwfvoFP8,22,0.0281625,,1,2,0.9948163616773602,0.962770739134347,0.9948163616773602,0.9851895102634617,0.9762688190810784,0.9851895102634617,0.9851895102634617,negmas.preferences.ops.OutcomeOptimality,0.9948163616773602
562,False,False,True,43,0.033995292,0.8627450980392157,False,False,"(9, 2, 0, 'premium')",,2,False,,,,{},,[],"[9, 2, 0, 'premium']",SmartAspirationNegotiator@1,,2,[],"[None, None]",SmartAspirationNegotiator@1,,[],"(0.6854838709677419, 0.541734860883797)","[0.9999999999999999, 0.9999999999999999]","[0.0, 0.016366612111292964]","(0.0010624744725208587, 0.0007574209704742231)","['BoulwareTBNegotiator', 'SmartAspirationNegotiator']",,bEloA7pqBEQ,0.040148000000044703,"['BoulwareTBNegotiator@0', 'SmartAspirationNegotiator@1']","['BoulwareTBNegotiator@0', 'SmartAspirationNegotiator@1']","['negmas.gb.negotiators.timebased.BoulwareTBNegotiator', 'src.negotiators.SmartAspirationNegotiator']","[0.021000956476200372, 0.015687247971072793]",50,inf,50,inf,0.0,0.0,inf,inf,"{'rep': 1, 'n_repetitions': 2}",S3_E,bEloA7pqBEQ,negmas.sao.mechanism.SAOMechanism,bEloA7pqBEQ,43,0.033995292,,1,2,1.0,0.9508547189471204,0.9143580762567265,0.9301480822807243,0.9990919435291352,0.9301480822807243,0.9301480822807243,negmas.preferences.ops.OutcomeOptimality,0.9508547189471204
563,False,False,True,40,0.035872291,0.803921568627451,False,False,"(6, 4, 9, 'standard')",,2,False,,,,{},,[],"[6, 4, 9, 'standard']",LinearTBNegotiator@1,,2,[],"[None, None]",LinearTBNegotiator@1,,[],"(0.6710310965630115, 0.23703471649526825)","[0.9999999999999999, 0.9999999999999999]","[0.016366612111292964, 0.0]","(0.0007574209704742231, 0.0010624744725208587)","['GeniusBOABaselineNegotiator', 'LinearTBNegotiator']",,t3aFVGXT1Fc,0.036200332979205996,"['GeniusBOABaselineNegotiator@0', 'LinearTBNegotiator@1']","['GeniusBOABaselineNegotiator@0', 'LinearTBNegotiator@1']","['src.negotiators.GeniusBOABaselineNegotiator', 'negmas.gb.negotiators.timebased.LinearTBNegotiator']","[0.008119037258438766, 0.02435662818606943]",50,inf,50,inf,0.0,0.0,inf,inf,"{'rep': 1, 'n_repetitions': 2}",S3_E-1,t3aFVGXT1Fc,negmas.sao.mechanism.SAOMechanism,t3aFVGXT1Fc,40,0.035872291,,1,2,0.9694735723246475,0.70911502398021,0.7441159507431945,0.7325810824533303,0.7392661263016912,0.7325810824533303,0.7325810824533303,negmas.preferences.ops.OutcomeOptimality,0.7441159507431945
564,False,False,True,38,0.03551075,0.7647058823529411,False,False,"(4, 5, 0, 'basic')",,2,False,,,,{},,[],"[4, 5, 0, 'basic']",SmartAspirationNegotiator@1,,2,[],"[None, None]",SmartAspirationNegotiator@1,,[],"(0.30187306783051465, 0.7258064516129032)","[0.9999999999999999, 0.9999999999999999]","[0.016366612111292964, 0.0]","(0.0006426653306037134, 0.0012950634439420957)","['LinearTBNegotiator', 'SmartAspirationNegotiator']",,3U2SObCkleE,0.041911832988262177,"['LinearTBNegotiator@0', 'SmartAspirationNegotiator@1']","['LinearTBNegotiator@0', 'SmartAspirationNegotiator@1']","['negmas.gb.negotiators.timebased.LinearTBNegotiator', 'src.negotiators.SmartAspirationNegotiator']","[0.02256641077110544, 0.015890165930613875]",50,inf,50,inf,0.0,0.0,inf,inf,"{'rep': 1, 'n_repetitions': 2}",S2_E-1,3U2SObCkleE,negmas.sao.mechanism.SAOMechanism,3U2SObCkleE,38,0.03551075,,1,2,0.9454102745825437,0.7845053897860967,0.7558778564162505,0.7723591634059338,0.8366449286972107,0.7723591634059338,0.7723591634059338,negmas.preferences.ops.OutcomeOptimality,0.7845053897860967
565,False,False,True,38,0.033173291,0.7647058823529411,False,False,"(7, 8, 1, 'premium')",,2,False,,,,{},,[],"[7, 8, 1, 'premium']",LinearTBNegotiator@1,,2,[],"[None, None]",LinearTBNegotiator@1,,[],"(0.7076023391812865, 0.2923976608187134)","[1.0, 1.0]","[0.0, 0.0]","(0.004370114375307104, 0.0034960628013070215)","['GeniusBOABaselineNegotiator', 'LinearTBNegotiator']",,zy1lJFlEPaQ,0.03353137499652803,"['GeniusBOABaselineNegotiator@0', 'LinearTBNegotiator@1']","['GeniusBOABaselineNegotiator@0', 'LinearTBNegotiator@1']","['src.negotiators.GeniusBOABaselineNegotiator', 'negmas.gb.negotiators.timebased.LinearTBNegotiator']","[0.006817123910877854, 0.02338060998590663]",50,inf,50,inf,0.0,0.0,inf,inf,"{'rep': 0, 'n_repetitions': 2}",S4_A,zy1lJFlEPaQ,negmas.sao.mechanism.SAOMechanism,zy1lJFlEPaQ,38,0.033173291,,0,2,0.9999999999999999,0.7953216374269007,0.7953216374269007,0.7953216374269007,0.9999999999999998,0.7953216374269007,0.7953216374269007,negmas.preferences.ops.OutcomeOptimality,0.7953216374269007
566,False,False,True,42,0.022542292,0.8431372549019608,False,False,"(9, 2, 0, 'basic')",,2,False,,,,{},,[],"[9, 2, 0, 'basic']",SmartAspirationNegotiator@0,,2,"[['SmartAspirationNegotiator@0', [9, 2, 0, 'basic']]]",[None],SmartAspirationNegotiator@0,,"[['SmartAspirationNegotiator@0', None]]","(0.5564516129032258, 0.6563011456628477)","[0.9999999999999999, 0.9999999999999999]","[0.0, 0.016366612111292964]","(0.0010624744725208587, 0.0007574209704742231)","['SmartAspirationNegotiator', 'GeniusBOABaselineNegotiator']",,ihrpFc4aVFg,0.02851287496741861,"['SmartAspirationNegotiator@0', 'GeniusBOABaselineNegotiator@1']","['SmartAspirationNegotiator@0', 'GeniusBOABaselineNegotiator@1']","['src.negotiators.SmartAspirationNegotiator', 'src.negotiators.GeniusBOABaselineNegotiator']","[0.017061078106053174, 0.008015492116101086]",50,inf,50,inf,0.0,0.0,inf,inf,"{'rep': 0, 'n_repetitions': 2}",S3_E,ihrpFc4aVFg,negmas.sao.mechanism.SAOMechanism,ihrpFc4aVFg,42,0.022542292,,0,2,1.0,0.9259475513173088,0.9622920760502182,0.9456457474034602,0.9873150393883301,0.9456457474034602,0.9456457474034602,negmas.preferences.ops.OutcomeOptimality,0.9622920760502182
567,False,False,True,36,0.031042625,0.7254901960784313,False,False,"(8, 10, 7, 'basic')",,2,False,,,,{},,[],"[8, 10, 7, 'basic']",GeniusBOABaselineNegotiator@1,,2,[],"[None, None]",GeniusBOABaselineNegotiator@1,,[],"(0.328042328042328, 0.7822283931139397)","[1.0, 1.0]","[0.0, 0.023809523809523808]","(0.002193248997500751, 0.0007754352238636291)","['LinearTBNegotiator', 'GeniusBOABaselineNegotiator']",,pkiWelczHPk,0.03138429200043902,"['LinearTBNegotiator@0', 'GeniusBOABaselineNegotiator@1']","['LinearTBNegotiator@0', 'GeniusBOABaselineNegotiator@1']","['negmas.gb.negotiators.timebased.LinearTBNegotiator', 'src.negotiators.GeniusBOABaselineNegotiator']","[0.02155791420955211, 0.006781196687370539]",50,inf,50,inf,0.0,0.0,inf,inf,"{'rep': 0, 'n_repetitions': 2}",S1_B,pkiWelczHPk,negmas.sao.mechanism.SAOMechanism,pkiWelczHPk,36,0.031042625,,0,2,0.9889059294623107,0.7428511964925584,0.7649272400742826,0.7649272400742826,0.8935450696569122,0.7649272400742826,0.7649272400742826,negmas.preferences.ops.OutcomeOptimality,0.7649272400742826
568,False,False,True,30,0.041756125,0.6078431372549019,False,False,"(9, 1, 8, 'standard')",,2,False,,,,{},,[],"[9, 1, 8, 'standard']",BoulwareTBNegotiator@0,,2,"[['BoulwareTBNegotiator@0', [9, 1, 8, 'standard']]]",[None],BoulwareTBNegotiator@0,,"[['BoulwareTBNegotiator@0', None]]","(0.8888888888888888, 0.25438596491228077)","[1.0, 1.0]","[0.046783625730994156, 0.09356725146198831]","(0.0007442816259952948, 0.0008771261662935939)","['BoulwareTBNegotiator', 'ConcederTBNegotiator']",,OAgGtBYFY3g,0.042101875005755574,"['BoulwareTBNegotiator@0', 'ConcederTBNegotiator@1']","['BoulwareTBNegotiator@0', 'ConcederTBNegotiator@1']","['negmas.gb.negotiators.timebased.BoulwareTBNegotiator', 'negmas.gb.negotiators.timebased.ConcederTBNegotiator']","[0.016507208056282252, 0.02304495411226526]",50,inf,50,inf,0.0,0.0,inf,inf,"{'rep': 1, 'n_repetitions': 2}",S0_F-1,OAgGtBYFY3g,negmas.sao.mechanism.SAOMechanism,OAgGtBYFY3g,30,0.041756125,,1,2,1.0,0.590083685965619,0.590083685965619,0.6069419837946906,0.755974513803547,0.6069419837946906,0.6069419837946906,negmas.preferences.ops.OutcomeOptimality,0.6069419837946906
569,False,False,True,38,0.031355042,0.7647058823529411,False,False,"(9, 10, 8, 'standard')",,2,False,,,,{},,[],"[9, 10, 8, 'standard']",SmartAspirationNegotiator@1,,2,[],"[None, None]",SmartAspirationNegotiator@1,,[],"(0.7573099415204678, 0.7543859649122808)","[1.0, 1.0]","[0.046783625730994156, 0.09356725146198831]","(0.0007811278057266481, 0.0009639366705748589)","['BoulwareTBNegotiator', 'SmartAspirationNegotiator']",,GCJVpKyV53M,0.03747845801990479,"['BoulwareTBNegotiator@0', 'SmartAspirationNegotiator@1']","['BoulwareTBNegotiator@0', 'SmartAspirationNegotiator@1']","['negmas.gb.negotiators.timebased.BoulwareTBNegotiator', 'src.negotiators.SmartAspirationNegotiator']","[0.01924999989569187, 0.015125284844543785]",50,inf,50,inf,0.0,0.0,inf,inf,"{'rep': 1, 'n_repetitions': 2}",S5_F-1,GCJVpKyV53M,negmas.sao.mechanism.SAOMechanism,GCJVpKyV53M,38,0.031355042,,1,2,1.0,0.9807999989329749,0.9807999989329749,1.0,0.9995877842364035,1.0,1.0,negmas.preferences.ops.OutcomeOptimality,1.0
570,False,False,True,31,0.037835041,0.6274509803921569,False,False,"(9, 9, 9, 'basic')",,2,False,,,,{},,[],"[9, 9, 9, 'basic']",BoulwareTBNegotiator@0,,2,"[['BoulwareTBNegotiator@0', [9, 9, 9, 'basic']]]",[None],BoulwareTBNegotiator@0,,"[['BoulwareTBNegotiator@0', None]]","(0.8700454840805718, 0.48862897985705)","[1.0, 1.0]","[0.046783625730994156, 0.09356725146198831]","(0.0007811278057266481, 0.0009639366705748589)","['BoulwareTBNegotiator', 'LinearTBNegotiator']",,jaodAIta5Y4,0.03817887499462813,"['BoulwareTBNegotiator@0', 'LinearTBNegotiator@1']","['BoulwareTBNegotiator@0', 'LinearTBNegotiator@1']","['negmas.gb.negotiators.timebased.BoulwareTBNegotiator', 'negmas.gb.negotiators.timebased.LinearTBNegotiator']","[0.01696287892991677, 0.018583661876618862]",50,inf,50,inf,0.0,0.0,inf,inf,"{'rep': 1, 'n_repetitions': 2}",S5_F-1,jaodAIta5Y4,negmas.sao.mechanism.SAOMechanism,jaodAIta5Y4,31,0.037835041,,1,2,1.0,0.7625130806021299,0.7625130806021299,0.7805360810361862,0.8984044946650847,0.7805360810361862,0.7805360810361862,negmas.preferences.ops.OutcomeOptimality,0.7805360810361862
571,False,False,True,44,0.046582375,0.8823529411764706,False,False,"(9, 10, 1, 'basic')",,2,False,,,,{},,[],"[9, 10, 1, 'basic']",BoulwareTBNegotiator@1,,2,[],"[None, None]",BoulwareTBNegotiator@1,,[],"(0.5465949820788529, 0.503182396799418)","[0.9999999999999999, 0.9999999999999999]","[0.0, 0.016366612111292964]","(0.0010624744725208587, 0.0007574209704742231)","['BoulwareTBNegotiator', 'BoulwareTBNegotiator']",,gQ-xx9Dc8no,0.04692862502997741,"['BoulwareTBNegotiator@0', 'BoulwareTBNegotiator@1']","['BoulwareTBNegotiator@0', 'BoulwareTBNegotiator@1']","['negmas.gb.negotiators.timebased.BoulwareTBNegotiator', 'negmas.gb.negotiators.timebased.BoulwareTBNegotiator']","[0.021772924112156034, 0.021394996903836727]",50,inf,50,inf,0.0,0.0,inf,inf,"{'rep': 1, 'n_repetitions': 2}",S3_E,gQ-xx9Dc8no,negmas.sao.mechanism.SAOMechanism,gQ-xx9Dc8no,44,0.046582375,,1,2,0.9210437943802361,0.9101795645181664,0.9126584534033798,0.9210437943802361,0.8546350332788867,0.9210437943802361,0.9210437943802361,negmas.preferences.ops.OutcomeOptimality,0.9210437943802361
572,False,False,True,8,0.0186395,0.17647058823529413,False,False,"(9, 9, 9, 'basic')",,2,False,,,,{},,[],"[9, 9, 9, 'basic']",LinearTBNegotiator@1,,2,[],"[None, None]",LinearTBNegotiator@1,,[],"(0.48862897985705, 0.8700454840805718)","[1.0, 1.0]","[0.09356725146198831, 0.046783625730994156]","(0.0008771261662935939, 0.0007442816259952948)","['ConcederTBNegotiator', 'LinearTBNegotiator']",,7285mEMKGXY,0.018971749988850206,"['ConcederTBNegotiator@0', 'LinearTBNegotiator@1']","['ConcederTBNegotiator@0', 'LinearTBNegotiator@1']","['negmas.gb.negotiators.timebased.ConcederTBNegotiator', 'negmas.gb.negotiators.timebased.LinearTBNegotiator']","[0.00960570783354342, 0.008694623073097318]",50,inf,50,inf,0.0,0.0,inf,inf,"{'rep': 1, 'n_repetitions': 2}",S0_F,7285mEMKGXY,negmas.sao.mechanism.SAOMechanism,7285mEMKGXY,8,0.0186395,,1,2,1.0,0.7625130806021299,0.7625130806021299,0.7805360810361862,0.8984044946650847,0.7805360810361862,0.7805360810361862,negmas.preferences.ops.OutcomeOptimality,0.7805360810361862
573,False,False,True,26,0.02951775,0.5294117647058824,False,False,"(1, 10, 5, 'standard')",,2,False,,,,{},,[],"[1, 10, 5, 'standard']",GeniusBOABaselineNegotiator@0,,2,"[['GeniusBOABaselineNegotiator@0', [1, 10, 5, 'standard']]]",[None],GeniusBOABaselineNegotiator@0,,"[['GeniusBOABaselineNegotiator@0', None]]","(0.9385964912280702, 0.2108512020792723)","[1.0, 1.0]","[0.09356725146198831, 0.046783625730994156]","(0.0008771261662935939, 0.0007442816259952948)","['GeniusBOABaselineNegotiator', 'ConcederTBNegotiator']",,iPaquieJYOk,0.02987066697096452,"['GeniusBOABaselineNegotiator@0', 'ConcederTBNegotiator@1']","['GeniusBOABaselineNegotiator@0', 'ConcederTBNegotiator@1']","['src.negotiators.GeniusBOABaselineNegotiator', 'negmas.gb.negotiators.timebased.ConcederTBNegotiator']","[0.007292169029824436, 0.02038594981422648]",50,inf,50,inf,0.0,0.0,inf,inf,"{'rep': 1, 'n_repetitions': 2}",S0_F,iPaquieJYOk,negmas.sao.mechanism.SAOMechanism,iPaquieJYOk,26,0.02951775,,1,2,0.9902986456949824,0.5785530218644237,0.5785530218644237,0.5615949814358568,0.7600562176291416,0.5615949814358568,0.5615949814358568,negmas.preferences.ops.OutcomeOptimality,0.5785530218644237
574,False,False,True,31,0.034398042,0.6274509803921569,False,False,"(0, 10, 1, 'standard')",,2,False,,,,{},,[],"[0, 10, 1, 'standard']",ConcederTBNegotiator@0,,2,"[['ConcederTBNegotiator@0', [0, 10, 1, 'standard']]]",[None],ConcederTBNegotiator@0,,"[['ConcederTBNegotiator@0', None]]","(0.12280701754385964, 0.8771929824561403)","[1.0, 1.0]","[0.0, 0.0]","(0.0034960628013070215, 0.004370114375307104)","['ConcederTBNegotiator', 'SmartAspirationNegotiator']",,IhVLnoIVItQ,0.03958829102339223,"['ConcederTBNegotiator@0', 'SmartAspirationNegotiator@1']","['ConcederTBNegotiator@0', 'SmartAspirationNegotiator@1']","['negmas.gb.negotiators.timebased.ConcederTBNegotiator', 'src.negotiators.SmartAspirationNegotiator']","[0.024897919851355255, 0.011967793863732368]",50,inf,50,inf,0.0,0.0,inf,inf,"{'rep': 1, 'n_repetitions': 2}",S4_A-1,IhVLnoIVItQ,negmas.sao.mechanism.SAOMechanism,IhVLnoIVItQ,31,0.034398042,,1,2,1.0,0.6257309941520469,0.6257309941520469,0.6257309941520469,1.0,0.6257309941520469,0.6257309941520469,negmas.preferences.ops.OutcomeOptimality,0.6257309941520469
575,False,False,True,15,0.024568833,0.3137254901960784,False,False,"(9, 2, 8, 'premium')",,2,False,,,,{},,[],"[9, 2, 8, 'premium']",LinearTBNegotiator@1,,2,[],"[None, None]",LinearTBNegotiator@1,,[],"(0.26900584795321636, 0.7309941520467835)","[1.0, 1.0]","[0.0, 0.0]","(0.004370114375307104, 0.0034960628013070215)","['ConcederTBNegotiator', 'LinearTBNegotiator']",,8gk4kdQmOWA,0.024947208003140986,"['ConcederTBNegotiator@0', 'LinearTBNegotiator@1']","['ConcederTBNegotiator@0', 'LinearTBNegotiator@1']","['negmas.gb.negotiators.timebased.ConcederTBNegotiator', 'negmas.gb.negotiators.timebased.LinearTBNegotiator']","[0.01339766598539427, 0.01029633218422532]",50,inf,50,inf,0.0,0.0,inf,inf,"{'rep': 1, 'n_repetitions': 2}",S4_A,8gk4kdQmOWA,negmas.sao.mechanism.SAOMechanism,8gk4kdQmOWA,15,0.024568833,,1,2,1.0,0.7660818713450293,0.7660818713450293,0.7719298245614036,0.9999999999999999,0.7660818713450293,0.7719298245614036,negmas.preferences.ops.OutcomeOptimality,0.7660818713450293
576,False,False,True,39,0.033251708,0.7843137254901961,False,False,"(3, 3, 1, 'standard')",,2,False,,,,{},,[],"[3, 3, 1, 'standard']",LinearTBNegotiator@0,,2,"[['LinearTBNegotiator@0', [3, 3, 1, 'standard']]]",[None],LinearTBNegotiator@0,,"[['LinearTBNegotiator@0', None]]","(0.24786324786324784, 0.6956698318710994)","[0.9999999999999999, 0.9999999999999999]","[0.016366612111292964, 0.0]","(0.0007574209704742231, 0.0010624744725208587)","['LinearTBNegotiator', 'GeniusBOABaselineNegotiator']",,5C6oWFLYcgs,0.03358979197219014,"['LinearTBNegotiator@0', 'GeniusBOABaselineNegotiator@1']","['LinearTBNegotiator@0', 'GeniusBOABaselineNegotiator@1']","['negmas.gb.negotiators.timebased.LinearTBNegotiator', 'src.negotiators.GeniusBOABaselineNegotiator']","[0.022583450831007212, 0.007708952005486935]",50,inf,50,inf,0.0,0.0,inf,inf,"{'rep': 0, 'n_repetitions': 2}",S3_E-1,5C6oWFLYcgs,negmas.sao.mechanism.SAOMechanism,5C6oWFLYcgs,39,0.033251708,,0,2,0.91321639759814,0.7519498281184096,0.726615866712041,0.7425460455799742,0.7681404088361475,0.7425460455799742,0.7425460455799742,negmas.preferences.ops.OutcomeOptimality,0.7519498281184096
577,False,False,True,32,0.038115208,0.6470588235294118,False,False,"(9, 9, 9, 'basic')",,2,False,,,,{},,[],"[9, 9, 9, 'basic']",BoulwareTBNegotiator@1,,2,[],"[None, None]",BoulwareTBNegotiator@1,,[],"(0.48862897985705, 0.8700454840805718)","[1.0, 1.0]","[0.09356725146198831, 0.046783625730994156]","(0.0008771261662935939, 0.0007442816259952948)","['LinearTBNegotiator', 'BoulwareTBNegotiator']",,PSH91DujmtM,0.038452040986157954,"['LinearTBNegotiator@0', 'BoulwareTBNegotiator@1']","['LinearTBNegotiator@0', 'BoulwareTBNegotiator@1']","['negmas.gb.negotiators.timebased.LinearTBNegotiator', 'negmas.gb.negotiators.timebased.BoulwareTBNegotiator']","[0.018898747686762363, 0.016847371065523475]",50,inf,50,inf,0.0,0.0,inf,inf,"{'rep': 0, 'n_repetitions': 2}",S0_F,PSH91DujmtM,negmas.sao.mechanism.SAOMechanism,PSH91DujmtM,32,0.038115208,,0,2,1.0,0.7625130806021299,0.7625130806021299,0.7805360810361862,0.8984044946650847,0.7805360810361862,0.7805360810361862,negmas.preferences.ops.OutcomeOptimality,0.7805360810361862
578,False,False,True,43,0.030560791,0.8627450980392157,False,False,"(2, 3, 8, 'premium')",,2,False,,,,{},,[],"[2, 3, 8, 'premium']",GeniusBOABaselineNegotiator@0,,2,"[['GeniusBOABaselineNegotiator@0', [2, 3, 8, 'premium']]]",[None],GeniusBOABaselineNegotiator@0,,"[['GeniusBOABaselineNegotiator@0', None]]","(0.4970760233918128, 0.502923976608187)","[1.0, 1.0]","[0.0, 0.0]","(0.0034960628013070215, 0.004370114375307104)","['GeniusBOABaselineNegotiator', 'BoulwareTBNegotiator']",,bKL75rzx_ro,0.030885957996360958,"['GeniusBOABaselineNegotiator@0', 'BoulwareTBNegotiator@1']","['GeniusBOABaselineNegotiator@0', 'BoulwareTBNegotiator@1']","['src.negotiators.GeniusBOABaselineNegotiator', 'negmas.gb.negotiators.timebased.BoulwareTBNegotiator']","[0.007186587783508003, 0.020239159814082086]",50,inf,50,inf,0.0,0.0,inf,inf,"{'rep': 1, 'n_repetitions': 2}",S4_A-1,bKL75rzx_ro,negmas.sao.mechanism.SAOMechanism,bKL75rzx_ro,43,0.030560791,,1,2,0.9999999999999998,0.9999999999999998,0.9999999999999998,0.9999999999999998,0.9999999999999998,0.9999999999999998,0.9999999999999998,negmas.preferences.ops.OutcomeOptimality,0.9999999999999998
579,False,False,True,42,0.033915166,0.8431372549019608,False,False,"(8, 2, 0, 'basic')",,2,False,,,,{},,[],"[8, 2, 0, 'basic']",SmartAspirationNegotiator@1,,2,[],"[None, None]",SmartAspirationNegotiator@1,,[],"(0.5790143662484089, 0.5806451612903226)","[0.9999999999999999, 0.9999999999999999]","[0.016366612111292964, 0.0]","(0.0006426653306037134, 0.0012950634439420957)","['BoulwareTBNegotiator', 'SmartAspirationNegotiator']",,2q-43UlFB4o,0.03987974999472499,"['BoulwareTBNegotiator@0', 'SmartAspirationNegotiator@1']","['BoulwareTBNegotiator@0', 'SmartAspirationNegotiator@1']","['negmas.gb.negotiators.timebased.BoulwareTBNegotiator', 'src.negotiators.SmartAspirationNegotiator']","[0.020416583109181374, 0.016131701122503728]",50,inf,50,inf,0.0,0.0,inf,inf,"{'rep': 1, 'n_repetitions': 2}",S2_E-1,2q-43UlFB4o,negmas.sao.mechanism.SAOMechanism,2q-43UlFB4o,42,0.033915166,,1,2,0.9783447675564003,0.9588819145275801,0.9717465499436655,0.9783447675564003,0.9440912700645696,0.9783447675564003,0.9783447675564003,negmas.preferences.ops.OutcomeOptimality,0.9783447675564003
580,False,False,True,43,0.031913917,0.8627450980392157,False,False,"(9, 10, 1, 'basic')",,2,False,,,,{},,[],"[9, 10, 1, 'basic']",BoulwareTBNegotiator@0,,2,"[['BoulwareTBNegotiator@0', [9, 10, 1, 'basic']]]",[None],BoulwareTBNegotiator@0,,"[['BoulwareTBNegotiator@0', None]]","(0.503182396799418, 0.5465949820788529)","[0.9999999999999999, 0.9999999999999999]","[0.016366612111292964, 0.0]","(0.0007574209704742231, 0.0010624744725208587)","['BoulwareTBNegotiator', 'GeniusBOABaselineNegotiator']",,-7tToNfuh6A,0.0322190000442788,"['BoulwareTBNegotiator@0', 'GeniusBOABaselineNegotiator@1']","['BoulwareTBNegotiator@0', 'GeniusBOABaselineNegotiator@1']","['negmas.gb.negotiators.timebased.BoulwareTBNegotiator', 'src.negotiators.GeniusBOABaselineNegotiator']","[0.021293876983691007, 0.007475289108697325]",50,inf,50,inf,0.0,0.0,inf,inf,"{'rep': 1, 'n_repetitions': 2}",S3_E-1,-7tToNfuh6A,negmas.sao.mechanism.SAOMechanism,-7tToNfuh6A,43,0.031913917,,1,2,0.9210437943802361,0.9101795645181664,0.9126584534033798,0.9210437943802361,0.8546350332788867,0.9210437943802361,0.9210437943802361,negmas.preferences.ops.OutcomeOptimality,0.9210437943802361
581,False,False,True,29,0.031043709,0.5882352941176471,False,False,"(9, 3, 9, 'standard')",,2,False,,,,{},,[],"[9, 3, 9, 'standard']",GeniusBOABaselineNegotiator@0,,2,"[['GeniusBOABaselineNegotiator@0', [9, 3, 9, 'standard']]]",[None],GeniusBOABaselineNegotiator@0,,"[['GeniusBOABaselineNegotiator@0', None]]","(0.8952536824877251, 0.1490748497922465)","[0.9999999999999999, 0.9999999999999999]","[0.016366612111292964, 0.0]","(0.0007574209704742231, 0.0010624744725208587)","['GeniusBOABaselineNegotiator', 'ConcederTBNegotiator']",,8HWnZemcDc4,0.0313872920232825,"['GeniusBOABaselineNegotiator@0', 'ConcederTBNegotiator@1']","['GeniusBOABaselineNegotiator@0', 'ConcederTBNegotiator@1']","['src.negotiators.GeniusBOABaselineNegotiator', 'negmas.gb.negotiators.timebased.ConcederTBNegotiator']","[0.007162841851823032, 0.02186325064394623]",50,inf,50,inf,0.0,0.0,inf,inf,"{'rep': 1, 'n_repetitions': 2}",S3_E-1,8HWnZemcDc4,negmas.sao.mechanism.SAOMechanism,8HWnZemcDc4,29,0.031043709,,1,2,1.0,0.5899418999499724,0.627175323667607,0.6118375432198896,0.8501990687710164,0.6118375432198896,0.6118375432198896,negmas.preferences.ops.OutcomeOptimality,0.627175323667607
582,False,False,True,16,0.027360333,0.3333333333333333,False,False,"(9, 1, 2, 'basic')",,2,False,,,,{},,[],"[9, 1, 2, 'basic']",LinearTBNegotiator@0,,2,"[['LinearTBNegotiator@0', [9, 1, 2, 'basic']]]",[None],LinearTBNegotiator@0,,"[['LinearTBNegotiator@0', None]]","(0.6919439898163302, 0.30734767025089604)","[0.9999999999999999, 0.9999999999999999]","[0.016366612111292964, 0.0]","(0.0007574209704742231, 0.0010624744725208587)","['LinearTBNegotiator', 'ConcederTBNegotiator']",,W00v9xTysCs,0.027714665979146957,"['LinearTBNegotiator@0', 'ConcederTBNegotiator@1']","['LinearTBNegotiator@0', 'ConcederTBNegotiator@1']","['negmas.gb.negotiators.timebased.LinearTBNegotiator', 'negmas.gb.negotiators.timebased.ConcederTBNegotiator']","[0.012211749912239611, 0.014140998013317585]",50,inf,50,inf,0.0,0.0,inf,inf,"{'rep': 0, 'n_repetitions': 2}",S3_E-1,W00v9xTysCs,negmas.sao.mechanism.SAOMechanism,W00v9xTysCs,16,0.027360333,,0,2,1.0,0.7541134173788117,0.7902421138444015,0.7774568873879285,0.8135340676414962,0.7774568873879285,0.7774568873879285,negmas.preferences.ops.OutcomeOptimality,0.7902421138444015
583,False,False,True,13,0.023328,0.27450980392156865,False,False,"(6, 10, 6, 'premium')",,2,False,,,,{},,[],"[6, 10, 6, 'premium']",LinearTBNegotiator@0,,2,"[['LinearTBNegotiator@0', [6, 10, 6, 'premium']]]",[None],LinearTBNegotiator@0,,"[['LinearTBNegotiator@0', None]]","(0.7689495968231964, 0.37426900584795325)","[1.0, 1.0]","[0.09356725146198831, 0.046783625730994156]","(0.0008771261662935939, 0.0007442816259952948)","['LinearTBNegotiator', 'ConcederTBNegotiator']",,ksn4ifYkrjM,0.023664125008508563,"['LinearTBNegotiator@0', 'ConcederTBNegotiator@1']","['LinearTBNegotiator@0', 'ConcederTBNegotiator@1']","['negmas.gb.negotiators.timebased.LinearTBNegotiator', 'negmas.gb.negotiators.timebased.ConcederTBNegotiator']","[0.010686834924854338, 0.011877543001901358]",50,inf,50,inf,0.0,0.0,inf,inf,"{'rep': 0, 'n_repetitions': 2}",S0_F,ksn4ifYkrjM,negmas.sao.mechanism.SAOMechanism,ksn4ifYkrjM,13,0.023328,,0,2,0.9161843172014918,0.7221236298881974,0.7221236298881974,0.7085893136460552,0.7559373185302263,0.7085893136460552,0.7085893136460552,negmas.preferences.ops.OutcomeOptimality,0.7221236298881974
584,False,False,True,38,0.033031458,0.7647058823529411,False,False,"(4, 5, 0, 'basic')",,2,False,,,,{},,[],"[4, 5, 0, 'basic']",SmartAspirationNegotiator@1,,2,[],"[None, None]",SmartAspirationNegotiator@1,,[],"(0.30187306783051465, 0.7258064516129032)","[0.9999999999999999, 0.9999999999999999]","[0.016366612111292964, 0.0]","(0.0007574209704742231, 0.0010624744725208587)","['LinearTBNegotiator', 'SmartAspirationNegotiator']",,WyOJIgYnjWk,0.03889120800886303,"['LinearTBNegotiator@0', 'SmartAspirationNegotiator@1']","['LinearTBNegotiator@0', 'SmartAspirationNegotiator@1']","['negmas.gb.negotiators.timebased.LinearTBNegotiator', 'src.negotiators.SmartAspirationNegotiator']","[0.021230249316431582, 0.014590577280614525]",50,inf,50,inf,0.0,0.0,inf,inf,"{'rep': 0, 'n_repetitions': 2}",S3_E-1,WyOJIgYnjWk,negmas.sao.mechanism.SAOMechanism,WyOJIgYnjWk,38,0.033031458,,0,2,0.9454102745825437,0.7845053897860967,0.7558778564162505,0.7723591634059338,0.8366449286972107,0.7723591634059338,0.7723591634059338,negmas.preferences.ops.OutcomeOptimality,0.7845053897860967
585,False,False,True,41,0.022176792,0.8235294117647058,False,False,"(9, 5, 0, 'basic')",,2,False,,,,{},,[],"[9, 5, 0, 'basic']",SmartAspirationNegotiator@0,,2,"[['SmartAspirationNegotiator@0', [9, 5, 0, 'basic']]]",[None],SmartAspirationNegotiator@0,,"[['SmartAspirationNegotiator@0', None]]","(0.5973813420621931, 0.6048387096774194)","[0.9999999999999999, 0.9999999999999999]","[0.016366612111292964, 0.0]","(0.0007574209704742231, 0.0010624744725208587)","['SmartAspirationNegotiator', 'SmartAspirationNegotiator']",,fBFMD7rRtaw,0.03392429102677852,"['SmartAspirationNegotiator@0', 'SmartAspirationNegotiator@1']","['SmartAspirationNegotiator@0', 'SmartAspirationNegotiator@1']","['src.negotiators.SmartAspirationNegotiator', 'src.negotiators.SmartAspirationNegotiator']","[0.015283456014003605, 0.015431622683536261]",50,inf,50,inf,0.0,0.0,inf,inf,"{'rep': 0, 'n_repetitions': 2}",S3_E-1,fBFMD7rRtaw,negmas.sao.mechanism.SAOMechanism,fBFMD7rRtaw,41,0.022176792,,0,2,1.0,0.9765338686924485,0.9832225744061249,1.0,0.9787402496945685,1.0,1.0,negmas.preferences.ops.OutcomeOptimality,1.0
586,False,False,True,31,0.027388792,0.6274509803921569,False,False,"(9, 9, 9, 'basic')",,2,False,,,,{},,[],"[9, 9, 9, 'basic']",SmartAspirationNegotiator@0,,2,"[['SmartAspirationNegotiator@0', [9, 9, 9, 'basic']]]",[None],SmartAspirationNegotiator@0,,"[['SmartAspirationNegotiator@0', None]]","(0.8700454840805718, 0.48862897985705)","[1.0, 1.0]","[0.046783625730994156, 0.09356725146198831]","(0.0007811278057266481, 0.0009639366705748589)","['SmartAspirationNegotiator', 'LinearTBNegotiator']",,5lC_SDNCa-Q,0.03327549999812618,"['SmartAspirationNegotiator@0', 'LinearTBNegotiator@1']","['SmartAspirationNegotiator@0', 'LinearTBNegotiator@1']","['src.negotiators.SmartAspirationNegotiator', 'negmas.gb.negotiators.timebased.LinearTBNegotiator']","[0.01347641961183399, 0.017360538186039776]",50,inf,50,inf,0.0,0.0,inf,inf,"{'rep': 1, 'n_repetitions': 2}",S5_F-1,5lC_SDNCa-Q,negmas.sao.mechanism.SAOMechanism,5lC_SDNCa-Q,31,0.027388792,,1,2,1.0,0.7625130806021299,0.7625130806021299,0.7805360810361862,0.8984044946650847,0.7805360810361862,0.7805360810361862,negmas.preferences.ops.OutcomeOptimality,0.7805360810361862
587,False,False,True,37,0.031831416,0.7450980392156863,False,False,"(4, 5, 0, 'basic')",,2,False,,,,{},,[],"[4, 5, 0, 'basic']",SmartAspirationNegotiator@0,,2,"[['SmartAspirationNegotiator@0', [4, 5, 0, 'basic']]]",[None],SmartAspirationNegotiator@0,,"[['SmartAspirationNegotiator@0', None]]","(0.7258064516129032, 0.30187306783051465)","[0.9999999999999999, 0.9999999999999999]","[0.0, 0.016366612111292964]","(0.0010624744725208587, 0.0007574209704742231)","['SmartAspirationNegotiator', 'LinearTBNegotiator']",,Z1Js70D7Sx0,0.03758712502894923,"['SmartAspirationNegotiator@0', 'LinearTBNegotiator@1']","['SmartAspirationNegotiator@0', 'LinearTBNegotiator@1']","['src.negotiators.SmartAspirationNegotiator', 'negmas.gb.negotiators.timebased.LinearTBNegotiator']","[0.01435992622282356, 0.02030299586476758]",50,inf,50,inf,0.0,0.0,inf,inf,"{'rep': 0, 'n_repetitions': 2}",S3_E,Z1Js70D7Sx0,negmas.sao.mechanism.SAOMechanism,Z1Js70D7Sx0,37,0.031831416,,0,2,0.9454102745825437,0.7845053897860967,0.7558778564162505,0.7723591634059338,0.8366449286972107,0.7723591634059338,0.7723591634059338,negmas.preferences.ops.OutcomeOptimality,0.7845053897860967
588,False,False,True,26,0.030527084,0.5294117647058824,False,False,"(2, 3, 8, 'premium')",,2,False,,,,{},,[],"[2, 3, 8, 'premium']",LinearTBNegotiator@0,,2,"[['LinearTBNegotiator@0', [2, 3, 8, 'premium']]]",[None],LinearTBNegotiator@0,,"[['LinearTBNegotiator@0', None]]","(0.4970760233918128, 0.502923976608187)","[1.0, 1.0]","[0.0, 0.0]","(0.0034960628013070215, 0.004370114375307104)","['LinearTBNegotiator', 'LinearTBNegotiator']",,FGPXg8Gw4tE,0.0308303750352934,"['LinearTBNegotiator@0', 'LinearTBNegotiator@1']","['LinearTBNegotiator@0', 'LinearTBNegotiator@1']","['negmas.gb.negotiators.timebased.LinearTBNegotiator', 'negmas.gb.negotiators.timebased.LinearTBNegotiator']","[0.01484208699548617, 0.013974628585856408]",50,inf,50,inf,0.0,0.0,inf,inf,"{'rep': 1, 'n_repetitions': 2}",S4_A-1,FGPXg8Gw4tE,negmas.sao.mechanism.SAOMechanism,FGPXg8Gw4tE,26,0.030527084,,1,2,0.9999999999999998,0.9999999999999998,0.9999999999999998,0.9999999999999998,0.9999999999999998,0.9999999999999998,0.9999999999999998,negmas.preferences.ops.OutcomeOptimality,0.9999999999999998
589,False,False,True,43,0.028801042,0.8627450980392157,False,False,"(2, 5, 7, 'standard')",,2,False,,,,{},,[],"[2, 5, 7, 'standard']",GeniusBOABaselineNegotiator@0,,2,"[['GeniusBOABaselineNegotiator@0', [2, 5, 7, 'standard']]]",[None],GeniusBOABaselineNegotiator@0,,"[['GeniusBOABaselineNegotiator@0', None]]","(0.4970760233918128, 0.5029239766081871)","[1.0, 1.0]","[0.0, 0.0]","(0.004370114375307104, 0.0034960628013070215)","['GeniusBOABaselineNegotiator', 'BoulwareTBNegotiator']",,SWf2aaFMxgs,0.029092749988194555,"['GeniusBOABaselineNegotiator@0', 'BoulwareTBNegotiator@1']","['GeniusBOABaselineNegotiator@0', 'BoulwareTBNegotiator@1']","['src.negotiators.GeniusBOABaselineNegotiator', 'negmas.gb.negotiators.timebased.BoulwareTBNegotiator']","[0.006519835151266307, 0.019201746094040573]",50,inf,50,inf,0.0,0.0,inf,inf,"{'rep': 0, 'n_repetitions': 2}",S4_A,SWf2aaFMxgs,negmas.sao.mechanism.SAOMechanism,SWf2aaFMxgs,43,0.028801042,,0,2,0.9999999999999999,0.9941520467836257,0.9941520467836257,0.9999999999999999,0.9999999999999999,0.9941520467836257,0.9999999999999999,negmas.preferences.ops.OutcomeOptimality,0.9941520467836257
590,False,False,True,42,0.032292042,0.8431372549019608,False,False,"(9, 2, 0, 'premium')",,2,False,,,,{},,[],"[9, 2, 0, 'premium']",SmartAspirationNegotiator@0,,2,"[['SmartAspirationNegotiator@0', [9, 2, 0, 'premium']]]",[None],SmartAspirationNegotiator@0,,"[['SmartAspirationNegotiator@0', None]]","(0.541734860883797, 0.6854838709677419)","[0.9999999999999999, 0.9999999999999999]","[0.016366612111292964, 0.0]","(0.0007574209704742231, 0.0010624744725208587)","['SmartAspirationNegotiator', 'BoulwareTBNegotiator']",,lyX-bW6o7Bo,0.03848483302863315,"['SmartAspirationNegotiator@0', 'BoulwareTBNegotiator@1']","['SmartAspirationNegotiator@0', 'BoulwareTBNegotiator@1']","['src.negotiators.SmartAspirationNegotiator', 'negmas.gb.negotiators.timebased.BoulwareTBNegotiator']","[0.015616746677551419, 0.019583629036787897]",50,inf,50,inf,0.0,0.0,inf,inf,"{'rep': 1, 'n_repetitions': 2}",S3_E-1,lyX-bW6o7Bo,negmas.sao.mechanism.SAOMechanism,lyX-bW6o7Bo,42,0.032292042,,1,2,1.0,0.9508547189471204,0.9143580762567265,0.9301480822807243,0.9990919435291352,0.9301480822807243,0.9301480822807243,negmas.preferences.ops.OutcomeOptimality,0.9508547189471204
591,False,False,True,41,0.02856925,0.8235294117647058,False,False,"(4, 8, 8, 'premium')",,2,False,,,,{},,[],"[4, 8, 8, 'premium']",BoulwareTBNegotiator@0,,2,"[['BoulwareTBNegotiator@0', [4, 8, 8, 'premium']]]",[None],BoulwareTBNegotiator@0,,"[['BoulwareTBNegotiator@0', None]]","(0.5873015873015872, 0.5904521398386507)","[1.0, 1.0]","[0.0, 0.023809523809523808]","(0.002193248997500751, 0.0007754352238636291)","['BoulwareTBNegotiator', 'GeniusBOABaselineNegotiator']",,eiJO85ySgZg,0.02881104202242568,"['BoulwareTBNegotiator@0', 'GeniusBOABaselineNegotiator@1']","['BoulwareTBNegotiator@0', 'GeniusBOABaselineNegotiator@1']","['negmas.gb.negotiators.timebased.BoulwareTBNegotiator', 'src.negotiators.GeniusBOABaselineNegotiator']","[0.019123961275909096, 0.0064862805884331465]",50,inf,50,inf,0.0,0.0,inf,inf,"{'rep': 1, 'n_repetitions': 2}",S1_B,eiJO85ySgZg,negmas.sao.mechanism.SAOMechanism,eiJO85ySgZg,41,0.02856925,,1,2,0.9829625189076004,0.9657533700827802,0.9788365509746099,0.9788365509746099,0.947855343839237,0.9788365509746099,0.9788365509746099,negmas.preferences.ops.OutcomeOptimality,0.9788365509746099
592,False,False,True,32,0.034592584,0.6470588235294118,False,False,"(9, 7, 9, 'basic')",,2,False,,,,{},,[],"[9, 7, 9, 'basic']",ConcederTBNegotiator@1,,2,[],"[None, None]",ConcederTBNegotiator@1,,[],"(0.8821603927986906, 0.1185236972314441)","[0.9999999999999999, 0.9999999999999999]","[0.016366612111292964, 0.0]","(0.0007574209704742231, 0.0010624744725208587)","['SmartAspirationNegotiator', 'ConcederTBNegotiator']",,m6AGYy57l_k,0.04161783400923014,"['SmartAspirationNegotiator@0', 'ConcederTBNegotiator@1']","['SmartAspirationNegotiator@0', 'ConcederTBNegotiator@1']","['src.negotiators.SmartAspirationNegotiator', 'negmas.gb.negotiators.timebased.ConcederTBNegotiator']","[0.014822789758909494, 0.02418249665061012]",50,inf,50,inf,0.0,0.0,inf,inf,"{'rep': 1, 'n_repetitions': 2}",S3_E-1,m6AGYy57l_k,negmas.sao.mechanism.SAOMechanism,m6AGYy57l_k,32,0.034592584,,1,2,0.9763036178091531,0.575956136137469,0.6132082015172416,0.598227682953997,0.8146676598217358,0.598227682953997,0.598227682953997,negmas.preferences.ops.OutcomeOptimality,0.6132082015172416
593,False,False,True,15,0.025182833,0.3137254901960784,False,False,"(1, 6, 1, 'standard')",,2,False,,,,{},,[],"[1, 6, 1, 'standard']",LinearTBNegotiator@1,,2,[],"[None, None]",LinearTBNegotiator@1,,[],"(0.26900584795321636, 0.7309941520467835)","[1.0, 1.0]","[0.0, 0.0]","(0.0034960628013070215, 0.004370114375307104)","['ConcederTBNegotiator', 'LinearTBNegotiator']",,jBzvF4GoYGg,0.025566958996932954,"['ConcederTBNegotiator@0', 'LinearTBNegotiator@1']","['ConcederTBNegotiator@0', 'LinearTBNegotiator@1']","['negmas.gb.negotiators.timebased.ConcederTBNegotiator', 'negmas.gb.negotiators.timebased.LinearTBNegotiator']","[0.013735210231970996, 0.010497330862563103]",50,inf,50,inf,0.0,0.0,inf,inf,"{'rep': 0, 'n_repetitions': 2}",S4_A-1,jBzvF4GoYGg,negmas.sao.mechanism.SAOMechanism,jBzvF4GoYGg,15,0.025182833,,0,2,0.9999999999999999,0.7719298245614036,0.7719298245614036,0.7719298245614036,0.9999999999999999,0.7719298245614036,0.7719298245614036,negmas.preferences.ops.OutcomeOptimality,0.7719298245614036
594,False,False,True,32,0.03448425,0.6470588235294118,False,False,"(0, 10, 1, 'standard')",,2,False,,,,{},,[],"[0, 10, 1, 'standard']",ConcederTBNegotiator@1,,2,[],"[None, None]",ConcederTBNegotiator@1,,[],"(0.8771929824561403, 0.12280701754385964)","[1.0, 1.0]","[0.0, 0.0]","(0.004370114375307104, 0.0034960628013070215)","['SmartAspirationNegotiator', 'ConcederTBNegotiator']",,lRi_KFj4DUE,0.03940829198108986,"['SmartAspirationNegotiator@0', 'ConcederTBNegotiator@1']","['SmartAspirationNegotiator@0', 'ConcederTBNegotiator@1']","['src.negotiators.SmartAspirationNegotiator', 'negmas.gb.negotiators.timebased.ConcederTBNegotiator']","[0.01208316528936848, 0.024660455237608403]",50,inf,50,inf,0.0,0.0,inf,inf,"{'rep': 0, 'n_repetitions': 2}",S4_A,lRi_KFj4DUE,negmas.sao.mechanism.SAOMechanism,lRi_KFj4DUE,32,0.03448425,,0,2,1.0,0.6257309941520469,0.6257309941520469,0.6257309941520469,1.0,0.6257309941520469,0.6257309941520469,negmas.preferences.ops.OutcomeOptimality,0.6257309941520469
595,False,False,True,15,0.023613583,0.3137254901960784,False,False,"(7, 8, 1, 'premium')",,2,False,,,,{},,[],"[7, 8, 1, 'premium']",ConcederTBNegotiator@1,,2,[],"[None, None]",ConcederTBNegotiator@1,,[],"(0.7076023391812865, 0.2923976608187134)","[1.0, 1.0]","[0.0, 0.0]","(0.004370114375307104, 0.0034960628013070215)","['LinearTBNegotiator', 'ConcederTBNegotiator']",,pY825jtHZHc,0.02392258303007111,"['LinearTBNegotiator@0', 'ConcederTBNegotiator@1']","['LinearTBNegotiator@0', 'ConcederTBNegotiator@1']","['negmas.gb.negotiators.timebased.LinearTBNegotiator', 'negmas.gb.negotiators.timebased.ConcederTBNegotiator']","[0.010056122206151485, 0.012681039050221443]",50,inf,50,inf,0.0,0.0,inf,inf,"{'rep': 1, 'n_repetitions': 2}",S4_A,pY825jtHZHc,negmas.sao.mechanism.SAOMechanism,pY825jtHZHc,15,0.023613583,,1,2,0.9999999999999999,0.7953216374269007,0.7953216374269007,0.7953216374269007,0.9999999999999998,0.7953216374269007,0.7953216374269007,negmas.preferences.ops.OutcomeOptimality,0.7953216374269007
596,False,False,True,31,0.031636167,0.6274509803921569,False,False,"(1, 4, 0, 'premium')",,2,False,,,,{},,[],"[1, 4, 0, 'premium']",ConcederTBNegotiator@1,,2,[],"[None, None]",ConcederTBNegotiator@1,,[],"(0.9144540713339779, 0.1387525004546281)","[0.9999999999999999, 0.9999999999999999]","[0.0, 0.016366612111292964]","(0.0010624744725208587, 0.0007574209704742231)","['GeniusBOABaselineNegotiator', 'ConcederTBNegotiator']",,JjIkXqkUJ3Y,0.031873208994511515,"['GeniusBOABaselineNegotiator@0', 'ConcederTBNegotiator@1']","['GeniusBOABaselineNegotiator@0', 'ConcederTBNegotiator@1']","['src.negotiators.GeniusBOABaselineNegotiator', 'negmas.gb.negotiators.timebased.ConcederTBNegotiator']","[0.006988376146182418, 0.02244287490611896]",50,inf,50,inf,0.0,0.0,inf,inf,"{'rep': 0, 'n_repetitions': 2}",S3_E,JjIkXqkUJ3Y,negmas.sao.mechanism.SAOMechanism,JjIkXqkUJ3Y,31,0.031636167,,0,2,0.9875390245474492,0.6218815860491587,0.588727183871518,0.6055037501538055,0.857426776038838,0.6055037501538055,0.6055037501538055,negmas.preferences.ops.OutcomeOptimality,0.6218815860491587
597,False,False,True,2,0.011605375,0.058823529411764705,False,False,"(2, 5, 8, 'premium')",,2,False,,,,{},,[],"[2, 5, 8, 'premium']",ConcederTBNegotiator@0,,2,"[['ConcederTBNegotiator@0', [2, 5, 8, 'premium']]]",[None],ConcederTBNegotiator@0,,"[['ConcederTBNegotiator@0', None]]","(0.5608465608465608, 0.6063251557116666)","[1.0, 1.0]","[0.0, 0.023809523809523808]","(0.002193248997500751, 0.0007754352238636291)","['ConcederTBNegotiator', 'ConcederTBNegotiator']",,KHNdtvnFaDc,0.01184195902897045,"['ConcederTBNegotiator@0', 'ConcederTBNegotiator@1']","['ConcederTBNegotiator@0', 'ConcederTBNegotiator@1']","['negmas.gb.negotiators.timebased.ConcederTBNegotiator', 'negmas.gb.negotiators.timebased.ConcederTBNegotiator']","[0.0059799180598929524, 0.005690081918146461]",50,inf,50,inf,0.0,0.0,inf,inf,"{'rep': 1, 'n_repetitions': 2}",S1_B,KHNdtvnFaDc,negmas.sao.mechanism.SAOMechanism,KHNdtvnFaDc,2,0.011605375,,1,2,0.9829625189076004,0.9464040587102458,0.9657533700827802,0.9657533700827802,0.9393389494117901,0.9657533700827802,0.9657533700827802,negmas.preferences.ops.OutcomeOptimality,0.9657533700827802
598,False,False,True,6,0.016613083,0.13725490196078433,False,False,"(9, 10, 2, 'standard')",,2,False,,,,{},,[],"[9, 10, 2, 'standard']",ConcederTBNegotiator@1,,2,[],"[None, None]",ConcederTBNegotiator@1,,[],"(0.5331541218637992, 0.44971813056919435)","[0.9999999999999999, 0.9999999999999999]","[0.0, 0.016366612111292964]","(0.0010624744725208587, 0.0007574209704742231)","['ConcederTBNegotiator', 'ConcederTBNegotiator']",,GBOKrlofCFM,0.016886208031792194,"['ConcederTBNegotiator@0', 'ConcederTBNegotiator@1']","['ConcederTBNegotiator@0', 'ConcederTBNegotiator@1']","['negmas.gb.negotiators.timebased.ConcederTBNegotiator', 'negmas.gb.negotiators.timebased.ConcederTBNegotiator']","[0.008236500027123839, 0.008165209903381765]",50,inf,50,inf,0.0,0.0,inf,inf,"{'rep': 1, 'n_repetitions': 2}",S3_E,GBOKrlofCFM,negmas.sao.mechanism.SAOMechanism,GBOKrlofCFM,6,0.016613083,,1,2,0.8829793189802546,0.8750503643735918,0.8735938136947262,0.8829793189802546,0.8001668516276624,0.8829793189802546,0.8829793189802546,negmas.preferences.ops.OutcomeOptimality,0.8829793189802546
599,False,False,True,31,0.031975958,0.6274509803921569,False,False,"(1, 4, 0, 'premium')",,2,False,,,,{},,[],"[1, 4, 0, 'premium']",ConcederTBNegotiator@1,,2,[],"[None, None]",ConcederTBNegotiator@1,,[],"(0.9144540713339779, 0.1387525004546281)","[0.9999999999999999, 0.9999999999999999]","[0.0, 0.016366612111292964]","(0.0010624744725208587, 0.0007574209704742231)","['GeniusBOABaselineNegotiator', 'ConcederTBNegotiator']",,QsdpRGSN3iA,0.032198125030845404,"['GeniusBOABaselineNegotiator@0', 'ConcederTBNegotiator@1']","['GeniusBOABaselineNegotiator@0', 'ConcederTBNegotiator@1']","['src.negotiators.GeniusBOABaselineNegotiator', 'negmas.gb.negotiators.timebased.ConcederTBNegotiator']","[0.007080584007780999, 0.022586699051316828]",50,inf,50,inf,0.0,0.0,inf,inf,"{'rep': 1, 'n_repetitions': 2}",S3_E,QsdpRGSN3iA,negmas.sao.mechanism.SAOMechanism,QsdpRGSN3iA,31,0.031975958,,1,2,0.9875390245474492,0.6218815860491587,0.588727183871518,0.6055037501538055,0.857426776038838,0.6055037501538055,0.6055037501538055,negmas.preferences.ops.OutcomeOptimality,0.6218815860491587
