profile_id,n_steps,strategy_buyer,strategy_seller,agreement_mean,agreement_std,agreement_count,rounds_mean,rounds_std,rounds_count,u_buyer_mean,u_buyer_std,u_buyer_count,u_seller_mean,u_seller_std,u_seller_count,welfare_mean,welfare_std,welfare_count,frontier_optimal_welfare_mean,frontier_optimal_welfare_std,frontier_optimal_welfare_count,pareto_distance_mean,pareto_distance_std,pareto_distance_count,nash_distance_mean,nash_distance_std,nash_distance_count,kalai_distance_mean,kalai_distance_std,kalai_distance_count,ks_distance_mean,ks_distance_std,ks_distance_count,money_left_on_table_mean,money_left_on_table_std,money_left_on_table_count,welfare_regret_mean,welfare_regret_std,welfare_regret_count,nash_gap_mean,nash_gap_std,nash_gap_count,agreement_ci95,rounds_ci95,u_buyer_ci95,u_seller_ci95,welfare_ci95,frontier_optimal_welfare_ci95,pareto_distance_ci95,nash_distance_ci95,kalai_distance_ci95,ks_distance_ci95,money_left_on_table_ci95,welfare_regret_ci95,nash_gap_ci95,agreement_boot_ci_low,agreement_boot_ci_high,rounds_boot_ci_low,rounds_boot_ci_high,u_buyer_boot_ci_low,u_buyer_boot_ci_high,u_seller_boot_ci_low,u_seller_boot_ci_high,welfare_boot_ci_low,welfare_boot_ci_high,frontier_optimal_welfare_boot_ci_low,frontier_optimal_welfare_boot_ci_high,pareto_distance_boot_ci_low,pareto_distance_boot_ci_high,nash_distance_boot_ci_low,nash_distance_boot_ci_high,kalai_distance_boot_ci_low,kalai_distance_boot_ci_high,ks_distance_boot_ci_low,ks_distance_boot_ci_high,money_left_on_table_boot_ci_low,money_left_on_table_boot_ci_high,welfare_regret_boot_ci_low,welfare_regret_boot_ci_high,nash_gap_boot_ci_low,nash_gap_boot_ci_high
A,12,BoulwareTBNegotiator,BoulwareTBNegotiator,0.6,0.49613893835683387,40,7.925,4.334639842490096,40,0.2993228685749461,0.2452826007188871,40,0.3028316405047707,0.2481839980192195,40,0.6021545090797168,0.49346659873810667,40,1.0,0.0,40,0.28132410704976263,0.3489396095146335,40,0.28628625990019446,0.3448364141026709,40,0.28628625990019446,0.3448364141026709,40,0.28628625990019446,0.3448364141026709,40,0.3978454909202832,0.4934665987381066,40,0.3978454909202832,0.4934665987381066,40,0.3978454909202832,0.4934665987381066,40,0.15375504994833628,1.3433188044006565,0.07601386549077103,0.07691301782965021,0.15292688332042126,0.0,0.1081375053277683,0.10686591189548596,0.10686591189548596,0.10686591189548596,0.15292688332042123,0.15292688332042123,0.15292688332042123,0.45,0.75,6.574375000000002,9.25,0.2251654355186211,0.3734803016312711,0.2277970144659895,0.3778662665435518,0.4529624499846106,0.7513465681748228,1.0,1.0,0.17582756690610168,0.38682064719342346,0.18203025796914152,0.39054226183124746,0.18203025796914155,0.39054226183124746,0.18203025796914152,0.39054226183124746,0.24865343182517705,0.5470375500153895,0.24865343182517705,0.5470375500153895,0.24865343182517705,0.5470375500153895
A,12,BoulwareTBNegotiator,ConcederTBNegotiator,0.65,0.48304589153964794,40,6.05,3.0377960972068423,40,0.5711180363188674,0.4224235578137964,40,0.08076715912588488,0.058020516827746255,40,0.6518851954447522,0.4804440746415429,40,1.0,0.0,40,0.2461585936685422,0.3397311352536197,40,0.590201191298488,0.08405673017704501,40,0.590201191298488,0.08405673017704501,40,0.590201191298488,0.08405673017704501,40,0.3481148045552478,0.48044407464154276,40,0.3481148045552478,0.48044407464154276,40,0.3481148045552478,0.48044407464154276,40,0.14969747270189077,0.9414227639657009,0.13091041684033458,0.01798074445118894,0.1488911612915236,0.0,0.10528376958866403,0.026049450562515727,0.026049450562515727,0.026049450562515727,0.14889116129152355,0.14889116129152355,0.14889116129152355,0.5,0.8,5.125,6.95,0.43994305940289313,0.7022930132348414,0.06275007694675284,0.09878424130501692,0.5026931363496461,0.8010772545398585,1.0,1.0,0.14066205352488126,0.35165513381220315,0.5640990967617376,0.6163032858352384,0.5640990967617376,0.6163032858352384,0.5640990967617376,0.6163032858352384,0.1989227454601416,0.49730686365035404,0.1989227454601416,0.49730686365035404,0.1989227454601416,0.49730686365035404
A,12,BoulwareTBNegotiator,GeniusBOABaselineNegotiator,0.6,0.49613893835683387,40,7.925,4.334639842490096,40,0.2993228685749461,0.2452826007188871,40,0.3028316405047707,0.2481839980192195,40,0.6021545090797168,0.49346659873810667,40,1.0,0.0,40,0.28132410704976263,0.3489396095146335,40,0.28628625990019446,0.3448364141026709,40,0.28628625990019446,0.3448364141026709,40,0.28628625990019446,0.3448364141026709,40,0.3978454909202832,0.4934665987381066,40,0.3978454909202832,0.4934665987381066,40,0.3978454909202832,0.4934665987381066,40,0.15375504994833628,1.3433188044006565,0.07601386549077103,0.07691301782965021,0.15292688332042126,0.0,0.1081375053277683,0.10686591189548596,0.10686591189548596,0.10686591189548596,0.15292688332042123,0.15292688332042123,0.15292688332042123,0.45,0.75,6.525,9.2,0.2251654355186211,0.3734803016312711,0.2277970144659895,0.3778662665435518,0.4529624499846106,0.7513465681748228,1.0,1.0,0.17582756690610168,0.3868206471934235,0.18203025796914152,0.39054226183124746,0.18203025796914152,0.39054226183124746,0.18203025796914152,0.39054226183124746,0.24865343182517705,0.5470375500153895,0.24865343182517705,0.5470375500153895,0.24865343182517705,0.5470375500153895
A,12,BoulwareTBNegotiator,LinearTBNegotiator,0.625,0.4902903378454601,40,7.325,3.9052069120138846,40,0.4249865343182518,0.331274196415896,40,0.2020333179439827,0.15637530396810032,40,0.6270198522622344,0.48764950038399635,40,1.0,0.0,40,0.26374135035915247,0.34482622872375107,40,0.4188086269351496,0.22318144884979738,40,0.4188086269351496,0.22318144884979738,40,0.4188086269351496,0.22318144884979738,40,0.37298014773776555,0.4876495003839963,40,0.37298014773776555,0.4876495003839963,40,0.37298014773776555,0.4876495003839963,40,0.15194254987178035,1.2102361604672716,0.10266293709018953,0.0484612087733556,0.15112414586354514,0.0,0.10686275541385652,0.06916464756644915,0.06916464756644915,0.06916464756644915,0.1511241458635451,0.1511241458635451,0.1511241458635451,0.475,0.775,6.1243750000000015,8.5,0.3236361188057864,0.5263369498307171,0.1541916743613419,0.24987496152662353,0.47782779316712826,0.7762119113573405,1.0,1.0,0.1582448102154915,0.3692378905028133,0.35052823316972803,0.48708902070057125,0.35052823316972803,0.48708902070057125,0.35052823316972803,0.48708902070057125,0.22378808864265937,0.5221722068328717,0.22378808864265937,0.5221722068328717,0.22378808864265937,0.5221722068328717
A,12,BoulwareTBNegotiator,SmartAspirationNegotiator,0.6,0.49613893835683387,40,7.925,4.334639842490096,40,0.2993228685749461,0.2452826007188871,40,0.3028316405047707,0.2481839980192195,40,0.6021545090797168,0.49346659873810667,40,1.0,0.0,40,0.28132410704976263,0.3489396095146335,40,0.28628625990019446,0.3448364141026709,40,0.28628625990019446,0.3448364141026709,40,0.28628625990019446,0.3448364141026709,40,0.3978454909202832,0.4934665987381066,40,0.3978454909202832,0.4934665987381066,40,0.3978454909202832,0.4934665987381066,40,0.15375504994833628,1.3433188044006565,0.07601386549077103,0.07691301782965021,0.15292688332042126,0.0,0.1081375053277683,0.10686591189548596,0.10686591189548596,0.10686591189548596,0.15292688332042123,0.15292688332042123,0.15292688332042123,0.45,0.75,6.6243750000000015,9.150624999999996,0.2251654355186211,0.3734803016312711,0.2277970144659895,0.3778662665435518,0.4529624499846106,0.7513465681748228,1.0,1.0,0.17582756690610168,0.3868206471934235,0.18203025796914155,0.39054226183124746,0.18203025796914152,0.39054226183124746,0.18203025796914152,0.39054226183124746,0.24865343182517705,0.5470375500153895,0.24865343182517705,0.5470375500153895,0.24865343182517705,0.5470375500153895
A,12,ConcederTBNegotiator,BoulwareTBNegotiator,0.65,0.48304589153964794,40,6.05,3.0377960972068423,40,0.07696598953524161,0.055195687052660605,40,0.5749192059095105,0.42524838758888206,40,0.6518851954447522,0.48044407464154276,40,1.0,0.0,40,0.24615859366854229,0.3397311352536197,40,0.6009525224744239,0.07606690501840199,40,0.6009525224744239,0.07606690501840199,40,0.6009525224744239,0.07606690501840199,40,0.34811480455524785,0.4804440746415427,40,0.34811480455524785,0.4804440746415427,40,0.34811480455524785,0.4804440746415427,40,0.14969747270189077,0.9414227639657009,0.01710532063421882,0.1317858406573047,0.14889116129152355,0.0,0.10528376958866403,0.02357337809294857,0.02357337809294857,0.02357337809294857,0.14889116129152355,0.14889116129152355,0.14889116129152355,0.5,0.8,5.075,6.875,0.0598261003385657,0.09410587873191752,0.4428670360110803,0.7069713758079408,0.502693136349646,0.8010772545398582,1.0,1.0,0.14066205352488134,0.3516551338122032,0.5773315043628895,0.6245735405859583,0.5812683407148118,0.6245735405859583,0.5773315043628895,0.6245735405859583,0.19892274546014166,0.49730686365035404,0.19892274546014166,0.49730686365035404,0.19892274546014166,0.49730686365035404
A,12,ConcederTBNegotiator,ConcederTBNegotiator,0.925,0.2667467828369185,40,0.925,0.2667467828369185,40,0.4599973068636503,0.13187504460812566,40,0.46540666358879657,0.13343496731477433,40,0.9254039704524468,0.2653100119229,40,1.0,0.0,40,0.05274827007183062,0.1876057512249825,40,0.06039825571624641,0.18539968737698626,40,0.06039825571624641,0.18539968737698626,40,0.06039825571624641,0.18539968737698626,40,0.0745960295475532,0.2653100119229,40,0.0745960295475532,0.2653100119229,40,0.0745960295475532,0.2653100119229,40,0.0826656844441234,0.0826656844441234,0.04086849973480245,0.041351924790031254,0.0822204245248337,0.0,0.05813962464975113,0.05745595838025562,0.05745595838025562,0.05745595838025562,0.0822204245248337,0.0822204245248337,0.0822204245248337,0.825,1.0,0.825,1.0,0.41055901815943363,0.4970760233918128,0.4153835795629425,0.5029239766081871,0.8508079409048935,0.9999999999999998,1.0,1.0,1.5700924586837752e-16,0.12307929683427121,0.008270254750719934,0.1125262566817729,0.008270254750719934,0.12990225700361507,0.008270254750719934,0.12990225700361505,1.1102230246251565e-16,0.17405740227762395,1.1102230246251565e-16,0.17405740227762395,1.1102230246251565e-16,0.17405740227762395
A,12,ConcederTBNegotiator,GeniusBOABaselineNegotiator,0.65,0.48304589153964794,40,6.05,3.0377960972068423,40,0.07696598953524161,0.055195687052660605,40,0.5749192059095105,0.42524838758888206,40,0.6518851954447522,0.48044407464154276,40,1.0,0.0,40,0.24615859366854229,0.3397311352536197,40,0.6009525224744239,0.07606690501840199,40,0.6009525224744239,0.07606690501840199,40,0.6009525224744239,0.07606690501840199,40,0.34811480455524785,0.4804440746415427,40,0.34811480455524785,0.4804440746415427,40,0.34811480455524785,0.4804440746415427,40,0.14969747270189077,0.9414227639657009,0.01710532063421882,0.1317858406573047,0.14889116129152355,0.0,0.10528376958866403,0.02357337809294857,0.02357337809294857,0.02357337809294857,0.14889116129152355,0.14889116129152355,0.14889116129152355,0.5,0.8,5.099375000000001,6.95,0.05982610033856571,0.09410587873191752,0.4428670360110803,0.7069713758079408,0.5026931363496459,0.8010772545398582,1.0,1.0,0.14066205352488134,0.3516551338122032,0.5773315043628895,0.6245735405859583,0.5773315043628895,0.6245735405859583,0.5773315043628895,0.6245735405859583,0.19892274546014166,0.49730686365035404,0.19892274546014166,0.49730686365035404,0.22378808864265937,0.49730686365035404
A,12,ConcederTBNegotiator,LinearTBNegotiator,0.75,0.4385290096535146,40,3.275,1.3584965294445257,40,0.19804170514004305,0.11422135254517901,40,0.5533048630347799,0.32194562027579116,40,0.7513465681748229,0.4361669728209702,40,1.0,0.0,40,0.17582756690610168,0.30842195514047915,40,0.43013790049073714,0.15972534349844564,40,0.43013790049073714,0.15972534349844564,40,0.43013790049073714,0.15972534349844564,40,0.24865343182517705,0.4361669728209702,40,0.24865343182517705,0.4361669728209702,40,0.24865343182517705,0.4361669728209702,40,0.13590154807518112,0.4210024361949124,0.03539756388384795,0.09977198139314426,0.13516954527699224,0.0,0.09558095414732674,0.04949939677976982,0.04949939677976982,0.04949939677976982,0.13516954527699224,0.13516954527699224,0.13516954527699224,0.6,0.875,2.825,3.65,0.16548361034164355,0.23059979993844254,0.46153624192059095,0.6450734841489688,0.6270198522622344,0.8756732840874113,1.0,1.0,0.08791378345305091,0.26374135035915247,0.3846091726351256,0.484772373917471,0.3846091726351256,0.47566662834634876,0.3846091726351256,0.47566662834634865,0.12432671591258856,0.37298014773776555,0.12432671591258856,0.37298014773776555,0.12432671591258856,0.37298014773776555
A,12,ConcederTBNegotiator,SmartAspirationNegotiator,0.65,0.48304589153964794,40,6.05,3.0377960972068423,40,0.07696598953524161,0.055195687052660605,40,0.5749192059095105,0.42524838758888206,40,0.6518851954447522,0.48044407464154276,40,1.0,0.0,40,0.24615859366854229,0.3397311352536197,40,0.6009525224744239,0.07606690501840199,40,0.6009525224744239,0.07606690501840199,40,0.6009525224744239,0.07606690501840199,40,0.34811480455524785,0.4804440746415427,40,0.34811480455524785,0.4804440746415427,40,0.34811480455524785,0.4804440746415427,40,0.14969747270189077,0.9414227639657009,0.01710532063421882,0.1317858406573047,0.14889116129152355,0.0,0.10528376958866403,0.02357337809294857,0.02357337809294857,0.02357337809294857,0.14889116129152355,0.14889116129152355,0.14889116129152355,0.5,0.8,5.1,6.925,0.05982610033856571,0.09410587873191752,0.4428670360110803,0.7069713758079408,0.502693136349646,0.8010772545398582,1.0,1.0,0.14066205352488134,0.3516551338122032,0.5773315043628895,0.6245735405859583,0.5773315043628895,0.6245735405859583,0.5773315043628895,0.6245735405859583,0.19892274546014166,0.49730686365035404,0.19892274546014166,0.49730686365035404,0.19892274546014166,0.49730686365035404
A,12,GeniusBOABaselineNegotiator,BoulwareTBNegotiator,0.6,0.49613893835683387,40,7.925,4.334639842490096,40,0.2993228685749461,0.2452826007188871,40,0.3028316405047707,0.2481839980192195,40,0.6021545090797168,0.49346659873810667,40,1.0,0.0,40,0.28132410704976263,0.3489396095146335,40,0.28628625990019446,0.3448364141026709,40,0.28628625990019446,0.3448364141026709,40,0.28628625990019446,0.3448364141026709,40,0.3978454909202832,0.4934665987381066,40,0.3978454909202832,0.4934665987381066,40,0.3978454909202832,0.4934665987381066,40,0.15375504994833628,1.3433188044006565,0.07601386549077103,0.07691301782965021,0.15292688332042126,0.0,0.1081375053277683,0.10686591189548596,0.10686591189548596,0.10686591189548596,0.15292688332042123,0.15292688332042123,0.15292688332042123,0.45,0.75,6.575,9.15,0.2251654355186211,0.3734803016312711,0.2277970144659895,0.3778662665435518,0.4529624499846106,0.7513465681748228,1.0,1.0,0.17582756690610166,0.3868206471934235,0.18203025796914152,0.39054226183124746,0.18203025796914152,0.39054226183124746,0.18203025796914152,0.39054226183124746,0.24865343182517705,0.5470375500153895,0.24865343182517705,0.5470375500153895,0.24865343182517705,0.5470375500153895
A,12,GeniusBOABaselineNegotiator,ConcederTBNegotiator,0.65,0.48304589153964794,40,6.05,3.0377960972068423,40,0.5711180363188674,0.4224235578137964,40,0.08076715912588488,0.058020516827746255,40,0.6518851954447522,0.4804440746415429,40,1.0,0.0,40,0.2461585936685422,0.3397311352536197,40,0.590201191298488,0.08405673017704501,40,0.590201191298488,0.08405673017704501,40,0.590201191298488,0.08405673017704501,40,0.3481148045552478,0.48044407464154276,40,0.3481148045552478,0.48044407464154276,40,0.3481148045552478,0.48044407464154276,40,0.14969747270189077,0.9414227639657009,0.13091041684033458,0.01798074445118894,0.1488911612915236,0.0,0.10528376958866403,0.026049450562515727,0.026049450562515727,0.026049450562515727,0.14889116129152355,0.14889116129152355,0.14889116129152355,0.5,0.8,5.025,6.95,0.43994305940289313,0.7022930132348415,0.06275007694675283,0.09878424130501692,0.5026931363496461,0.8010772545398585,1.0,1.0,0.14066205352488126,0.35165513381220315,0.5684494458511961,0.6163032858352384,0.5640990967617376,0.6163032858352384,0.5640990967617376,0.6163032858352384,0.22316645506309746,0.49730686365035404,0.1989227454601416,0.49730686365035404,0.1989227454601416,0.49730686365035404
A,12,GeniusBOABaselineNegotiator,GeniusBOABaselineNegotiator,0.6,0.49613893835683387,40,7.925,4.334639842490096,40,0.2993228685749461,0.2452826007188871,40,0.3028316405047707,0.2481839980192195,40,0.6021545090797168,0.49346659873810667,40,1.0,0.0,40,0.28132410704976263,0.3489396095146335,40,0.28628625990019446,0.3448364141026709,40,0.28628625990019446,0.3448364141026709,40,0.28628625990019446,0.3448364141026709,40,0.3978454909202832,0.4934665987381066,40,0.3978454909202832,0.4934665987381066,40,0.3978454909202832,0.4934665987381066,40,0.15375504994833628,1.3433188044006565,0.07601386549077103,0.07691301782965021,0.15292688332042126,0.0,0.1081375053277683,0.10686591189548596,0.10686591189548596,0.10686591189548596,0.15292688332042123,0.15292688332042123,0.15292688332042123,0.45,0.75,6.6,9.225,0.2251654355186211,0.3734803016312711,0.22779701446598954,0.3778662665435518,0.4529624499846106,0.7513465681748228,1.0,1.0,0.17582756690610166,0.3868206471934235,0.18203025796914152,0.39054226183124746,0.18203025796914152,0.39054226183124746,0.18203025796914152,0.39054226183124746,0.24865343182517705,0.5470375500153895,0.24865343182517705,0.5470375500153895,0.24865343182517705,0.5470375500153895
A,12,GeniusBOABaselineNegotiator,LinearTBNegotiator,0.625,0.4902903378454601,40,7.325,3.9052069120138846,40,0.4249865343182518,0.331274196415896,40,0.2020333179439827,0.15637530396810032,40,0.6270198522622344,0.48764950038399635,40,1.0,0.0,40,0.26374135035915247,0.34482622872375107,40,0.4188086269351496,0.22318144884979738,40,0.4188086269351496,0.22318144884979738,40,0.4188086269351496,0.22318144884979738,40,0.37298014773776555,0.4876495003839963,40,0.37298014773776555,0.4876495003839963,40,0.37298014773776555,0.4876495003839963,40,0.15194254987178035,1.2102361604672716,0.10266293709018953,0.0484612087733556,0.15112414586354514,0.0,0.10686275541385652,0.06916464756644915,0.06916464756644915,0.06916464756644915,0.1511241458635451,0.1511241458635451,0.1511241458635451,0.475,0.775,6.074375000000002,8.525,0.3236361188057864,0.5263369498307171,0.15419167436134193,0.24987496152662353,0.47782779316712826,0.7762119113573405,1.0,1.0,0.1582448102154915,0.3692378905028133,0.35052823316972803,0.48708902070057125,0.350528233169728,0.49846908632814146,0.35052823316972803,0.48708902070057125,0.22378808864265937,0.5221722068328717,0.22378808864265937,0.5221722068328717,0.22378808864265937,0.5221722068328717
A,12,GeniusBOABaselineNegotiator,SmartAspirationNegotiator,0.6,0.49613893835683387,40,7.925,4.334639842490096,40,0.2993228685749461,0.2452826007188871,40,0.3028316405047707,0.2481839980192195,40,0.6021545090797168,0.49346659873810667,40,1.0,0.0,40,0.28132410704976263,0.3489396095146335,40,0.28628625990019446,0.3448364141026709,40,0.28628625990019446,0.3448364141026709,40,0.28628625990019446,0.3448364141026709,40,0.3978454909202832,0.4934665987381066,40,0.3978454909202832,0.4934665987381066,40,0.3978454909202832,0.4934665987381066,40,0.15375504994833628,1.3433188044006565,0.07601386549077103,0.07691301782965021,0.15292688332042126,0.0,0.1081375053277683,0.10686591189548596,0.10686591189548596,0.10686591189548596,0.15292688332042123,0.15292688332042123,0.15292688332042123,0.45,0.75,6.525,9.225,0.22485644621422024,0.3734803016312711,0.2277970144659895,0.3778662665435518,0.4529624499846106,0.7513465681748228,1.0,1.0,0.17582756690610168,0.3868206471934235,0.18203025796914152,0.4079182621530896,0.18203025796914152,0.39054226183124746,0.18203025796914152,0.39054226183124746,0.24865343182517705,0.5470375500153895,0.24865343182517705,0.5470375500153895,0.24865343182517705,0.5470375500153895
A,12,LinearTBNegotiator,BoulwareTBNegotiator,0.625,0.4902903378454601,40,7.325,3.9052069120138846,40,0.14720875654047397,0.11336737959569151,40,0.4798110957217606,0.3742821207883048,40,0.6270198522622346,0.48764950038399635,40,1.0,0.0,40,0.2637413503591524,0.34482622872375107,40,0.5015111744423482,0.158304232917022,40,0.5015111744423482,0.158304232917022,40,0.5015111744423482,0.158304232917022,40,0.3729801477377655,0.48764950038399635,40,0.3729801477377655,0.48764950038399635,40,0.3729801477377655,0.48764950038399635,40,0.15194254987178035,1.2102361604672716,0.035132914924953816,0.11599123093859132,0.15112414586354514,0.0,0.10686275541385652,0.04905899004783186,0.04905899004783186,0.04905899004783186,0.15112414586354514,0.15112414586354514,0.15112414586354514,0.475,0.775,6.1,8.5,0.11252500769467526,0.18189250538627263,0.3653027854724531,0.5943194059710681,0.4778277931671283,0.7762119113573407,1.0,1.0,0.1582448102154915,0.3692378905028133,0.45307939207865433,0.5499429568060421,0.45307939207865433,0.5499429568060421,0.45307939207865433,0.5499429568060421,0.2237880886426593,0.5221722068328717,0.2237880886426593,0.5221722068328717,0.2237880886426593,0.5221722068328717
A,12,LinearTBNegotiator,ConcederTBNegotiator,0.75,0.4385290096535146,40,3.275,1.3584965294445257,40,0.5269890735610956,0.306558637480931,40,0.22435749461372728,0.1296083353400392,40,0.7513465681748228,0.4361669728209702,40,1.0,0.0,40,0.17582756690610166,0.30842195514047915,40,0.3867190630494578,0.18511256987635394,40,0.3867190630494578,0.18511256987635394,40,0.3867190630494578,0.18511256987635394,40,0.24865343182517713,0.4361669728209702,40,0.24865343182517713,0.4361669728209702,40,0.24865343182517713,0.4361669728209702,40,0.13590154807518112,0.4210024361949124,0.09500350602208528,0.04016603925490694,0.13516954527699224,0.0,0.09558095414732674,0.05736697974496251,0.05736697974496251,0.05736697974496251,0.13516954527699224,0.13516954527699224,0.13516954527699224,0.6,0.875,2.825,3.675,0.43916950407817856,0.6143717297630039,0.18002462296091104,0.26130155432440755,0.6270198522622344,0.8756732840874115,1.0,1.0,0.08791378345305088,0.26374135035915247,0.33395386228696633,0.4394842638119492,0.33395386228696633,0.4500373039644474,0.33395386228696633,0.4394842638119492,0.12432671591258868,0.3729801477377656,0.12432671591258868,0.3729801477377656,0.12432671591258868,0.3978454909202833
A,12,LinearTBNegotiator,GeniusBOABaselineNegotiator,0.625,0.4902903378454601,40,7.325,3.9052069120138846,40,0.14720875654047397,0.11336737959569151,40,0.4798110957217606,0.3742821207883048,40,0.6270198522622346,0.48764950038399635,40,1.0,0.0,40,0.2637413503591524,0.34482622872375107,40,0.5015111744423482,0.158304232917022,40,0.5015111744423482,0.158304232917022,40,0.5015111744423482,0.158304232917022,40,0.3729801477377655,0.48764950038399635,40,0.3729801477377655,0.48764950038399635,40,0.3729801477377655,0.48764950038399635,40,0.15194254987178035,1.2102361604672716,0.035132914924953816,0.11599123093859132,0.15112414586354514,0.0,0.10686275541385652,0.04905899004783186,0.04905899004783186,0.04905899004783186,0.15112414586354514,0.15112414586354514,0.15112414586354514,0.475,0.775,6.1243750000000015,8.5,0.11252500769467529,0.18189250538627266,0.3653027854724531,0.5943194059710681,0.4778277931671283,0.7762119113573408,1.0,1.0,0.1582448102154915,0.3692378905028133,0.45307939207865433,0.5499429568060421,0.45307939207865433,0.5499429568060422,0.45307939207865433,0.5499429568060421,0.2237880886426593,0.5221722068328717,0.2237880886426593,0.5221722068328717,0.2237880886426593,0.5221722068328717
A,12,LinearTBNegotiator,LinearTBNegotiator,0.7,0.4640954808922571,40,5.4,2.6194538479496945,40,0.32829332102185277,0.2158708204057936,40,0.3733225607879347,0.24572491566786867,40,0.7016158818097875,0.4615957360736622,40,1.0,0.0,40,0.21099308028732203,0.3264031168696109,40,0.2457281502403453,0.30337398973579005,40,0.2457281502403453,0.30337398973579005,40,0.2457281502403453,0.30337398973579005,40,0.29838411819021254,0.4615957360736622,40,0.29838411819021254,0.4615957360736622,40,0.29838411819021254,0.4615957360736622,40,0.14382467959824718,0.8117771577509149,0.06689906033944322,0.07615094031359948,0.14305000065304269,0.0,0.1011533738992377,0.09401657346092873,0.09401657346092873,0.09401657346092873,0.14305000065304269,0.14305000065304269,0.14305000065304269,0.55,0.825,4.575,6.175,0.2585218528778085,0.3864362111418897,0.30713873499538313,0.45274315173899654,0.5524238227146814,0.825942597722376,1.0,1.0,0.10549654014366112,0.31648962043098294,0.16401705785033444,0.3437814611083584,0.16401705785033444,0.3437814611083584,0.16401705785033444,0.3437814611083584,0.14919205909510638,0.44757617728531873,0.1734357686980622,0.44757617728531873,0.17405740227762406,0.44757617728531873
A,12,LinearTBNegotiator,SmartAspirationNegotiator,0.625,0.4902903378454601,40,7.325,3.9052069120138846,40,0.14720875654047397,0.11336737959569151,40,0.4798110957217606,0.3742821207883048,40,0.6270198522622346,0.48764950038399635,40,1.0,0.0,40,0.2637413503591524,0.34482622872375107,40,0.5015111744423482,0.158304232917022,40,0.5015111744423482,0.158304232917022,40,0.5015111744423482,0.158304232917022,40,0.3729801477377655,0.48764950038399635,40,0.3729801477377655,0.48764950038399635,40,0.3729801477377655,0.48764950038399635,40,0.15194254987178035,1.2102361604672716,0.035132914924953816,0.11599123093859132,0.15112414586354514,0.0,0.10686275541385652,0.04905899004783186,0.04905899004783186,0.04905899004783186,0.15112414586354514,0.15112414586354514,0.15112414586354514,0.475,0.775,6.075,8.425624999999997,0.11252500769467529,0.18189250538627266,0.3653027854724531,0.594319405971068,0.4778277931671283,0.7762119113573407,1.0,1.0,0.15824481021549147,0.3692378905028133,0.45307939207865433,0.5499429568060421,0.45307939207865433,0.5499429568060421,0.45307939207865433,0.5499429568060421,0.2237880886426593,0.5221722068328717,0.2237880886426593,0.5221722068328717,0.2237880886426593,0.5221722068328717
A,12,SmartAspirationNegotiator,BoulwareTBNegotiator,0.6,0.49613893835683376,40,8.725,3.70714832694198,40,0.2852877808556479,0.23367701151755768,40,0.3168667282240689,0.2597895872205489,40,0.6021545090797168,0.4934665987381066,40,1.0,0.0,40,0.28132410704976263,0.34893960951463354,40,0.30613487130192213,0.32842363245482004,40,0.30613487130192213,0.32842363245482004,40,0.30613487130192213,0.32842363245482004,40,0.3978454909202832,0.49346659873810655,40,0.3978454909202832,0.49346659873810655,40,0.3978454909202832,0.49346659873810655,40,0.15375504994833625,1.148857169047482,0.0724172561352544,0.08050962718516683,0.15292688332042123,0.0,0.10813750532776832,0.10177953816635636,0.10177953816635636,0.10177953816635636,0.15292688332042123,0.15292688332042123,0.15292688332042123,0.45,0.75,7.6,9.775624999999996,0.21463911972914743,0.3559364419821483,0.2383233302554632,0.3954101261926747,0.4529624499846106,0.7513465681748228,1.0,1.0,0.17582756690610168,0.38682064719342346,0.20684102222130107,0.4054287203825432,0.20684102222130107,0.4054287203825432,0.20684102222130107,0.4054287203825432,0.24865343182517705,0.5470375500153895,0.24865343182517705,0.5470375500153895,0.24865343182517705,0.5470375500153895
A,12,SmartAspirationNegotiator,ConcederTBNegotiator,0.75,0.43852900965351455,40,6.7,2.5640512815384513,40,0.6629539858417975,0.38605804858770854,40,0.08839258233302555,0.050108924233261715,40,0.751346568174823,0.43616697282097033,40,1.0,0.0,40,0.17582756690610157,0.3084219551404792,40,0.5790024860036944,0.07268342448847485,40,0.5790024860036944,0.07268342448847485,40,0.5790024860036944,0.07268342448847485,40,0.24865343182517702,0.4361669728209703,40,0.24865343182517702,0.4361669728209703,40,0.24865343182517702,0.4361669728209703,40,0.1359015480751811,0.7946077245392444,0.11964062877255671,0.015528916504435516,0.13516954527699226,0.0,0.09558095414732676,0.022524826613395055,0.022524826613395055,0.022524826613395055,0.13516954527699224,0.13516954527699224,0.13516954527699224,0.6,0.875,5.9,7.425624999999997,0.5309018159433672,0.7729974607571561,0.07125269313634966,0.10267582333025546,0.6021545090797169,0.8756732840874115,1.0,1.0,0.08791378345305079,0.2813241070497625,0.5582845224002425,0.6038640423278367,0.5582845224002425,0.6038640423278367,0.5582845224002425,0.6038640423278367,0.12432671591258851,0.3729801477377655,0.12432671591258851,0.3729801477377655,0.12432671591258851,0.3978454909202832
A,12,SmartAspirationNegotiator,GeniusBOABaselineNegotiator,0.6,0.49613893835683376,40,8.725,3.70714832694198,40,0.2852877808556479,0.23367701151755768,40,0.3168667282240689,0.2597895872205489,40,0.6021545090797169,0.49346659873810667,40,1.0,0.0,40,0.28132410704976263,0.34893960951463354,40,0.30613487130192213,0.32842363245482004,40,0.30613487130192213,0.32842363245482004,40,0.30613487130192213,0.32842363245482004,40,0.3978454909202832,0.49346659873810667,40,0.3978454909202832,0.49346659873810667,40,0.3978454909202832,0.49346659873810667,40,0.15375504994833625,1.148857169047482,0.0724172561352544,0.08050962718516683,0.15292688332042126,0.0,0.10813750532776832,0.10177953816635636,0.10177953816635636,0.10177953816635636,0.15292688332042126,0.15292688332042126,0.15292688332042126,0.45,0.75,7.575,9.75,0.21463911972914743,0.3559364419821483,0.23832333025546318,0.3954101261926747,0.45296244998461066,0.751346568174823,1.0,1.0,0.17582756690610166,0.38682064719342346,0.20684102222130102,0.4054287203825432,0.20684102222130102,0.4054287203825432,0.20684102222130107,0.4054287203825432,0.24865343182517702,0.5470375500153895,0.24865343182517702,0.5470375500153895,0.24865343182517702,0.5470375500153895
A,12,SmartAspirationNegotiator,LinearTBNegotiator,0.7,0.46409548089225705,40,8.125,3.3450115940161647,40,0.4756617420744845,0.31357513217258465,40,0.2259541397353031,0.14802060390107766,40,0.7016158818097875,0.46159573607366233,40,1.0,0.0,40,0.21099308028732197,0.3264031168696109,40,0.38466843005243884,0.21125748120050675,40,0.38466843005243884,0.21125748120050675,40,0.38466843005243884,0.21125748120050675,40,0.29838411819021243,0.46159573607366233,40,0.29838411819021243,0.46159573607366233,40,0.29838411819021243,0.46159573607366233,40,0.14382467959824716,1.0366298328026307,0.09717794025486369,0.04587206039817901,0.1430500006530427,0.0,0.1011533738992377,0.06546937170769278,0.06546937170769278,0.06546937170769278,0.1430500006530427,0.1430500006530427,0.1430500006530427,0.55,0.825,7.075,9.05,0.3743113265620191,0.5601204216682056,0.1858867632348418,0.26582217605417047,0.5524238227146814,0.825942597722376,1.0,1.0,0.10549654014366103,0.31648962043098283,0.32776810191458744,0.45294882381786045,0.32776810191458744,0.45294882381786045,0.31638803628701717,0.45294882381786045,0.17405740227762395,0.4475761772853186,0.17405740227762395,0.4475761772853186,0.17405740227762395,0.4475761772853186
A,12,SmartAspirationNegotiator,SmartAspirationNegotiator,0.6,0.49613893835683376,40,8.725,3.70714832694198,40,0.2817790089258233,0.2307756142172253,40,0.32037550015389354,0.26269098452088135,40,0.6021545090797169,0.49346659873810667,40,1.0,0.0,40,0.2813241070497626,0.34893960951463354,40,0.311097024152354,0.3243204370428573,40,0.311097024152354,0.3243204370428573,40,0.311097024152354,0.3243204370428573,40,0.3978454909202832,0.49346659873810667,40,0.3978454909202832,0.49346659873810667,40,0.3978454909202832,0.49346659873810667,40,0.15375504994833625,1.148857169047482,0.07151810379637524,0.08140877952404603,0.15292688332042126,0.0,0.10813750532776832,0.10050794473407394,0.10050794473407394,0.10050794473407394,0.15292688332042126,0.15292688332042126,0.15292688332042126,0.45,0.75,7.575,9.775,0.21200754078177902,0.35155047706986764,0.24095490920283166,0.3997960911049554,0.45296244998461066,0.751346568174823,1.0,1.0,0.1758275669061016,0.38682064719342346,0.21304371328434096,0.4091503350203672,0.21304371328434096,0.4091503350203671,0.21304371328434096,0.4091503350203671,0.24865343182517702,0.5470375500153895,0.24865343182517702,0.5470375500153895,0.24865343182517702,0.5470375500153895
A,24,BoulwareTBNegotiator,BoulwareTBNegotiator,0.2,0.40509574683346666,40,11.775,8.01437010657283,40,0.09689135118497999,0.1907964809454947,40,0.10741766697445365,0.2121173097262034,40,0.20430901815943364,0.4029137906716982,40,1.0,0.0,40,0.5626482140995251,0.2849079981189541,40,0.5709184688502449,0.2681567729952247,40,0.5709184688502449,0.2681567729952247,40,0.5709184688502449,0.2681567729952247,40,0.7956909818405664,0.4029137906716982,40,0.7956909818405664,0.4029137906716982,40,0.7956909818405664,0.4029137906716982,40,0.12554047258318832,2.4836790277369802,0.059128442034602616,0.0657358353284546,0.12486427736305723,0.0,0.08829390337017659,0.08310264492123295,0.08310264492123295,0.08310264492123295,0.12486427736305723,0.12486427736305723,0.12486427736305723,0.075,0.325,9.45,14.150624999999996,0.03801746691289627,0.1557652354570637,0.0419648353339489,0.17287049861495843,0.07998230224684517,0.3286357340720221,1.0,1.0,0.47473443064647425,0.6505619975525758,0.4881735946163939,0.6536633430840958,0.4881735946163939,0.6536633430840958,0.4881735946163939,0.6536633430840958,0.6713642659279779,0.9200176977531548,0.6713642659279779,0.9200176977531548,0.6713642659279779,0.8951523545706372
A,24,BoulwareTBNegotiator,ConcederTBNegotiator,0.375,0.49029033784546006,40,9.725,5.791184724460144,40,0.3306305786395814,0.42875882499335594,40,0.04773584179747614,0.05889067539064043,40,0.37836642043705754,0.48764950038399646,40,1.0,0.0,40,0.43956891726525393,0.3448262287237511,40,0.6380550312825304,0.08531736499264983,40,0.6380550312825304,0.08531736499264983,40,0.6380550312825304,0.08531736499264983,40,0.6216335795629424,0.48764950038399646,40,0.6216335795629424,0.48764950038399646,40,0.6216335795629424,0.48764950038399646,40,0.15194254987178032,1.794706739846731,0.13287373647990025,0.018250409383644896,0.15112414586354517,0.0,0.10686275541385654,0.02644012533938745,0.02644012533938745,0.02644012533938745,0.15112414586354517,0.15112414586354517,0.15112414586354517,0.225,0.525,7.95,11.425,0.19945560172360727,0.4618055555555555,0.029718759618344102,0.06575292397660819,0.2291743613419514,0.5275584795321638,1.0,1.0,0.334072377121593,0.5450654574089149,0.61195293674578,0.6641571258192808,0.61195293674578,0.6641571258192808,0.61195293674578,0.6641571258192808,0.4724415204678364,0.7708256386580488,0.4724415204678364,0.7708256386580488,0.4724415204678364,0.7708256386580488
A,24,BoulwareTBNegotiator,GeniusBOABaselineNegotiator,0.2,0.40509574683346666,40,11.775,8.01437010657283,40,0.1015697137580794,0.2002724048480319,40,0.10273930440135423,0.2026413858236662,40,0.20430901815943364,0.4029137906716982,40,1.0,0.0,40,0.5626482140995251,0.2849079981189541,40,0.564302265049669,0.2815577530942083,40,0.564302265049669,0.2815577530942083,40,0.564302265049669,0.2815577530942083,40,0.7956909818405664,0.4029137906716982,40,0.7956909818405664,0.4029137906716982,40,0.7956909818405664,0.4029137906716982,40,0.12554047258318832,2.4836790277369802,0.062065061276314615,0.0627992160867426,0.12486427736305723,0.0,0.08829390337017659,0.08725565168038787,0.08725565168038787,0.08725565168038787,0.12486427736305723,0.12486427736305723,0.12486427736305723,0.075,0.325,9.349375,14.35,0.03977185287780856,0.16336757463835025,0.04021044936903663,0.16526815943367187,0.07998230224684519,0.32863573407202207,1.0,1.0,0.47473443064647436,0.6505619975525758,0.47742226344045813,0.6511822666588798,0.47742226344045813,0.6511822666588798,0.47742226344045813,0.6511822666588798,0.6713642659279779,0.8957739881501968,0.6713642659279779,0.9200176977531548,0.6713642659279779,0.920017697753155
A,24,BoulwareTBNegotiator,LinearTBNegotiator,0.275,0.45220258677630265,40,11.1,7.196152818320035,40,0.19654316712834716,0.3187617649628892,40,0.08236188057863955,0.1310051353657109,40,0.27890504770698665,0.44976690032860006,40,1.0,0.0,40,0.5098999440276946,0.3180387223260902,40,0.5895011460033731,0.18714465162098187,40,0.5895011460033731,0.18714465162098187,40,0.5895011460033731,0.18714465162098187,40,0.7210949522930133,0.44976690032860006,40,0.7210949522930133,0.44976690032860006,40,0.7210949522930133,0.44976690032860006,40,0.14013903352723936,2.230110863060055,0.09878529440928284,0.04059891206756356,0.13938420647684638,0.0,0.09856122117466835,0.05799672840202045,0.05799672840202045,0.05799672840202045,0.13938420647684638,0.13938420647684638,0.13938420647684638,0.15,0.4,8.925,13.300624999999997,0.1084295167743921,0.28509738573406956,0.04614881502000613,0.11857494613727297,0.15457833179439823,0.42809710680209284,1.0,1.0,0.4044034038840336,0.5978137274807453,0.5274234433009914,0.6412325649220246,0.5377697270847217,0.6412325649220246,0.5274234433009914,0.6412325649220246,0.5967682363804249,0.8454216682056017,0.5719028931979071,0.8454216682056017,0.5719028931979071,0.8454216682056017
A,24,BoulwareTBNegotiator,SmartAspirationNegotiator,0.225,0.4229020617662602,40,11.575,7.7588245871626045,40,0.1205082333025546,0.221441099593675,40,0.10866612803939672,0.19918309634281928,40,0.22917436134195132,0.4206241959364942,40,1.0,0.0,40,0.545065457408915,0.29743136223974165,40,0.5525086866845628,0.2834413310980953,40,0.5525086866845628,0.2834413310980953,40,0.5525086866845628,0.2834413310980953,40,0.7708256386580488,0.42062419593649425,40,0.7708256386580488,0.42062419593649425,40,0.7708256386580488,0.42062419593649425,40,0.13105870675153408,2.404484650792646,0.06862530774424357,0.061727481073110206,0.13035278881735374,0.0,0.09217493411993001,0.08783937855138978,0.08783937855138978,0.08783937855138978,0.13035278881735377,0.13035278881735377,0.13035278881735377,0.1,0.375,9.2,14.025624999999996,0.05505540166204985,0.18596106494305936,0.04979224376731302,0.1793147891658972,0.10484764542936287,0.35350107725453983,1.0,1.0,0.4571516739558641,0.6329792408619657,0.46873003060687185,0.6362873427622536,0.46873003060687185,0.6362873427622536,0.4519742993913337,0.6362873427622536,0.6216335795629426,0.8951523545706372,0.6464989227454602,0.8951523545706372,0.6464989227454603,0.8951523545706372
A,24,ConcederTBNegotiator,BoulwareTBNegotiator,0.375,0.49029033784546006,40,10.1,6.1510891259920335,40,0.0455428593413358,0.05602348043247985,40,0.3328235610957217,0.43162601995151645,40,0.3783664204370575,0.4876495003839964,40,1.0,0.0,40,0.43956891726525393,0.34482622872375107,40,0.6442577223455703,0.07720771300105285,40,0.6442577223455703,0.07720771300105285,40,0.6442577223455703,0.07720771300105285,40,0.6216335795629425,0.4876495003839964,40,0.6216335795629425,0.4876495003839964,40,0.6216335795629425,0.4876495003839964,40,0.15194254987178032,1.9062422694252663,0.017361856460418115,0.133762289403127,0.15112414586354517,0.0,0.10686275541385652,0.023926918149560276,0.023926918149560276,0.023926918149560276,0.15112414586354517,0.15112414586354517,0.15112414586354517,0.225,0.525,8.25,11.925,0.028402970144659895,0.0626827485380117,0.20077139119729148,0.464875730994152,0.22917436134195138,0.5275584795321636,1.0,1.0,0.33407237712159304,0.5450654574089149,0.6206367042340359,0.6678787404571047,0.6206367042340359,0.6678787404571047,0.6206367042340359,0.6678787404571047,0.4724415204678364,0.7708256386580488,0.4724415204678364,0.7708256386580488,0.4724415204678364,0.7708256386580488
A,24,ConcederTBNegotiator,ConcederTBNegotiator,0.825,0.3848076442547927,40,1.75,0.588348405414552,40,0.39126077254539854,0.1812409657189586,40,0.43468182517697757,0.2014939996271056,40,0.825942597722376,0.38273496534606416,40,1.0,0.0,40,0.12307929683427124,0.2706391672647555,40,0.15719409768099055,0.25472688102469804,40,0.15719409768099055,0.25472688102469804,40,0.15719409768099055,0.25472688102469804,40,0.17405740227762398,0.38273496534606416,40,0.17405740227762398,0.38273496534606416,40,0.17405740227762398,0.38273496534606416,40,0.11925312445511728,0.1823310598461364,0.05616715718603977,0.06244363742051963,0.11861079460655938,0.0,0.08387194687557514,0.07894067828025958,0.07894067828025958,0.07894067828025958,0.11861079460655938,0.11861079460655938,0.11861079460655938,0.7,0.925,1.55,1.925,0.3323868882733148,0.4383598799630655,0.36922899353647276,0.48704409048938135,0.7016158818097875,0.9254039704524468,1.0,1.0,0.052748270071830604,0.21099308028732197,0.09099819829390986,0.23993897191484143,0.09099819829390986,0.23993897191484143,0.09099819829390986,0.23993897191484143,0.049730686365035505,0.29838411819021243,0.0745960295475532,0.29838411819021243,0.07459602954755319,0.29838411819021243
A,24,ConcederTBNegotiator,GeniusBOABaselineNegotiator,0.375,0.49029033784546006,40,10.1,6.1510891259920335,40,0.0455428593413358,0.056023480432479844,40,0.3328235610957217,0.43162601995151645,40,0.3783664204370575,0.4876495003839964,40,1.0,0.0,40,0.43956891726525393,0.34482622872375107,40,0.6442577223455703,0.07720771300105285,40,0.6442577223455703,0.07720771300105285,40,0.6442577223455703,0.07720771300105285,40,0.6216335795629425,0.4876495003839964,40,0.6216335795629425,0.4876495003839964,40,0.6216335795629425,0.4876495003839964,40,0.15194254987178032,1.9062422694252663,0.017361856460418112,0.133762289403127,0.15112414586354517,0.0,0.10686275541385652,0.023926918149560276,0.023926918149560276,0.023926918149560276,0.15112414586354517,0.15112414586354517,0.15112414586354517,0.225,0.525,8.225,11.925,0.028402970144659895,0.0626827485380117,0.20077139119729143,0.464875730994152,0.22917436134195132,0.5275584795321636,1.0,1.0,0.33407237712159304,0.5450654574089149,0.6206367042340359,0.6678787404571047,0.6206367042340359,0.6678787404571047,0.6206367042340359,0.6678787404571047,0.4724415204678364,0.7708256386580488,0.4724415204678364,0.7708256386580488,0.4724415204678364,0.7708256386580488
A,24,ConcederTBNegotiator,LinearTBNegotiator,0.65,0.48304589153964794,40,6.05,3.0377960972068423,40,0.17579639889196674,0.12864126120488778,40,0.47608879655278546,0.35180281343665487,40,0.6518851954447522,0.48044407464154276,40,1.0,0.0,40,0.2461585936685422,0.3397311352536197,40,0.46118521718725836,0.17993463208076052,40,0.46118521718725836,0.17993463208076052,40,0.46118521718725836,0.17993463208076052,40,0.34811480455524785,0.4804440746415427,40,0.34811480455524785,0.4804440746415427,40,0.34811480455524785,0.4804440746415427,40,0.14969747270189077,0.9414227639657009,0.039866339875441976,0.10902482141608154,0.14889116129152355,0.0,0.10528376958866403,0.055762320197321344,0.055762320197321344,0.055762320197321344,0.14889116129152355,0.14889116129152355,0.14889116129152355,0.5,0.8,5.1,6.95,0.13584949215143122,0.2157433056325023,0.3668436441982148,0.585333948907356,0.5026931363496459,0.8010772545398582,1.0,1.0,0.14066205352488126,0.35165513381220315,0.4053102055479165,0.5170602288266002,0.4053102055479165,0.5170602288266002,0.4053102055479165,0.5170602288266002,0.19892274546014166,0.49730686365035404,0.19892274546014166,0.49730686365035404,0.19892274546014166,0.49730686365035404
A,24,ConcederTBNegotiator,SmartAspirationNegotiator,0.375,0.49029033784546006,40,10.1,6.1510891259920335,40,0.0455428593413358,0.05602348043247985,40,0.33282356109572175,0.43162601995151645,40,0.37836642043705754,0.48764950038399646,40,1.0,0.0,40,0.43956891726525393,0.3448262287237511,40,0.6442577223455703,0.07720771300105278,40,0.6442577223455703,0.07720771300105278,40,0.6442577223455703,0.07720771300105278,40,0.6216335795629424,0.48764950038399646,40,0.6216335795629424,0.48764950038399646,40,0.6216335795629424,0.48764950038399646,40,0.15194254987178032,1.9062422694252663,0.017361856460418115,0.133762289403127,0.15112414586354517,0.0,0.10686275541385654,0.02392691814956025,0.02392691814956025,0.02392691814956025,0.15112414586354517,0.15112414586354517,0.15112414586354517,0.225,0.525,8.15,11.975,0.0284029701446599,0.0626827485380117,0.20077139119729148,0.46487573099415214,0.2291743613419514,0.5275584795321638,1.0,1.0,0.334072377121593,0.5450654574089149,0.6206367042340359,0.6678787404571047,0.6206367042340359,0.6678787404571047,0.6206367042340359,0.6678787404571047,0.4724415204678364,0.7708256386580488,0.4724415204678364,0.7708256386580488,0.4724415204678364,0.7708256386580488
A,24,GeniusBOABaselineNegotiator,BoulwareTBNegotiator,0.2,0.40509574683346666,40,11.775,8.01437010657283,40,0.09689135118497999,0.1907964809454947,40,0.10741766697445365,0.2121173097262034,40,0.20430901815943364,0.4029137906716982,40,1.0,0.0,40,0.5626482140995251,0.2849079981189541,40,0.5709184688502449,0.2681567729952247,40,0.5709184688502449,0.2681567729952247,40,0.5709184688502449,0.2681567729952247,40,0.7956909818405664,0.4029137906716982,40,0.7956909818405664,0.4029137906716982,40,0.7956909818405664,0.4029137906716982,40,0.12554047258318832,2.4836790277369802,0.059128442034602616,0.0657358353284546,0.12486427736305723,0.0,0.08829390337017659,0.08310264492123295,0.08310264492123295,0.08310264492123295,0.12486427736305723,0.12486427736305723,0.12486427736305723,0.075,0.325,9.399375000000001,14.15,0.03801746691289627,0.1557652354570637,0.0419648353339489,0.17287049861495843,0.07998230224684517,0.3286357340720221,1.0,1.0,0.47473443064647436,0.6505619975525758,0.4881735946163939,0.6536633430840958,0.488173594616394,0.6536633430840958,0.4881735946163939,0.6371143682373256,0.6713642659279779,0.920017697753155,0.6713642659279779,0.8951523545706372,0.6713642659279779,0.8957739881501968
A,24,GeniusBOABaselineNegotiator,ConcederTBNegotiator,0.375,0.49029033784546006,40,9.725,5.791184724460144,40,0.3306305786395814,0.42875882499335594,40,0.04773584179747614,0.05889067539064043,40,0.37836642043705754,0.48764950038399646,40,1.0,0.0,40,0.43956891726525393,0.3448262287237511,40,0.6380550312825304,0.08531736499264983,40,0.6380550312825304,0.08531736499264983,40,0.6380550312825304,0.08531736499264983,40,0.6216335795629424,0.48764950038399646,40,0.6216335795629424,0.48764950038399646,40,0.6216335795629424,0.48764950038399646,40,0.15194254987178032,1.794706739846731,0.13287373647990025,0.018250409383644896,0.15112414586354517,0.0,0.10686275541385654,0.02644012533938745,0.02644012533938745,0.02644012533938745,0.15112414586354517,0.15112414586354517,0.15112414586354517,0.225,0.525,7.975,11.45,0.19945560172360727,0.4618055555555555,0.029718759618344102,0.06575292397660817,0.2291743613419514,0.5275584795321638,1.0,1.0,0.31648962043098283,0.5450654574089149,0.61195293674578,0.6641571258192808,0.61195293674578,0.6641571258192808,0.61195293674578,0.6641571258192808,0.4724415204678363,0.7708256386580488,0.4724415204678364,0.7708256386580488,0.4724415204678364,0.7708256386580488
A,24,GeniusBOABaselineNegotiator,GeniusBOABaselineNegotiator,0.2,0.40509574683346666,40,11.775,8.01437010657283,40,0.1015697137580794,0.2002724048480319,40,0.10273930440135423,0.2026413858236662,40,0.20430901815943364,0.4029137906716982,40,1.0,0.0,40,0.5626482140995251,0.2849079981189541,40,0.564302265049669,0.2815577530942083,40,0.564302265049669,0.2815577530942083,40,0.564302265049669,0.2815577530942083,40,0.7956909818405664,0.4029137906716982,40,0.7956909818405664,0.4029137906716982,40,0.7956909818405664,0.4029137906716982,40,0.12554047258318832,2.4836790277369802,0.062065061276314615,0.0627992160867426,0.12486427736305723,0.0,0.08829390337017659,0.08725565168038787,0.08725565168038787,0.08725565168038787,0.12486427736305723,0.12486427736305723,0.12486427736305723,0.075,0.325,9.325,14.125,0.03977185287780856,0.16336757463835025,0.04021044936903663,0.16526815943367187,0.07998230224684519,0.32863573407202207,1.0,1.0,0.47473443064647436,0.6329792408619657,0.47742226344045813,0.6511822666588798,0.47742226344045813,0.6511822666588798,0.47742226344045813,0.6511822666588798,0.6713642659279779,0.9200176977531548,0.6713642659279779,0.8951523545706372,0.6713642659279779,0.9200176977531548
A,24,GeniusBOABaselineNegotiator,LinearTBNegotiator,0.275,0.45220258677630265,40,11.1,7.196152818320035,40,0.19654316712834716,0.3187617649628892,40,0.08236188057863955,0.1310051353657109,40,0.27890504770698665,0.44976690032860006,40,1.0,0.0,40,0.5098999440276946,0.3180387223260902,40,0.5895011460033731,0.18714465162098187,40,0.5895011460033731,0.18714465162098187,40,0.5895011460033731,0.18714465162098187,40,0.7210949522930133,0.44976690032860006,40,0.7210949522930133,0.44976690032860006,40,0.7210949522930133,0.44976690032860006,40,0.14013903352723936,2.230110863060055,0.09878529440928284,0.04059891206756356,0.13938420647684638,0.0,0.09856122117466835,0.05799672840202045,0.05799672840202045,0.05799672840202045,0.13938420647684638,0.13938420647684638,0.13938420647684638,0.15,0.425,8.849375,13.4,0.1084295167743921,0.3022795475530932,0.04614881502000614,0.12581755924899965,0.15457833179439823,0.42809710680209284,1.0,1.0,0.4219861605746438,0.5978137274807453,0.5377697270847217,0.6515788487057549,0.5274234433009914,0.6412325649220246,0.5274234433009914,0.6412325649220246,0.5719028931979071,0.8454216682056017,0.5719028931979071,0.8702870113881195,0.5719028931979071,0.8454216682056017
A,24,GeniusBOABaselineNegotiator,SmartAspirationNegotiator,0.225,0.4229020617662602,40,11.575,7.7588245871626045,40,0.11524507540781777,0.21154865370440581,40,0.11392928593413357,0.2090755422320885,40,0.22917436134195132,0.4206241959364942,40,1.0,0.0,40,0.545065457408915,0.29743136223974165,40,0.545065457408915,0.29743136223974165,40,0.545065457408915,0.29743136223974165,40,0.545065457408915,0.29743136223974165,40,0.7708256386580488,0.42062419593649425,40,0.7708256386580488,0.42062419593649425,40,0.7708256386580488,0.42062419593649425,40,0.13105870675153408,2.404484650792646,0.06555960700151764,0.06479318181583614,0.13035278881735374,0.0,0.09217493411993001,0.09217493411993001,0.09217493411993001,0.09217493411993001,0.13035278881735377,0.13035278881735377,0.13035278881735377,0.1,0.375,9.124375,13.875,0.052716220375500146,0.1777739304401354,0.05213142505386272,0.18808671899045856,0.1048476454293629,0.35350107725453983,1.0,1.0,0.4571516739558641,0.6329792408619657,0.4571516739558641,0.6329792408619657,0.4571516739558641,0.6329792408619657,0.4571516739558641,0.6329792408619657,0.6464989227454603,0.8951523545706372,0.6464989227454602,0.8951523545706372,0.6216335795629426,0.8951523545706372
A,24,LinearTBNegotiator,BoulwareTBNegotiator,0.275,0.45220258677630265,40,11.1,7.196152818320035,40,0.07432094490612495,0.11778283750675471,40,0.20458410280086176,0.33198406282184534,40,0.27890504770698665,0.44976690032860006,40,1.0,0.0,40,0.5098999440276947,0.31803872232609015,40,0.6031470663420608,0.16470566807153475,40,0.6031470663420608,0.16470566807153475,40,0.6031470663420608,0.16470566807153475,40,0.7210949522930133,0.44976690032860006,40,0.7210949522930133,0.44976690032860006,40,0.7210949522930133,0.44976690032860006,40,0.14013903352723936,2.230110863060055,0.03650127950828756,0.1028829269685588,0.13938420647684638,0.0,0.09856122117466833,0.05104281535528081,0.05104281535528081,0.05104281535528081,0.13938420647684638,0.13938420647684638,0.13938420647684638,0.125,0.425,8.999375,13.225624999999996,0.041762850107725444,0.11339065866420435,0.1128154816866728,0.3147064481378885,0.15457833179439823,0.4032317636195752,1.0,1.0,0.40440340388403373,0.5978137274807453,0.5485125929153271,0.6577815397687947,0.5576183384864493,0.6486757941976724,0.548512592915327,0.6486757941976724,0.5719028931979071,0.8454216682056017,0.5967682363804249,0.8454216682056019,0.5719028931979071,0.8454216682056019
A,24,LinearTBNegotiator,ConcederTBNegotiator,0.65,0.48304589153964794,40,6.05,3.0377960972068423,40,0.46088411819021236,0.3405034943363122,40,0.1910010772545398,0.1399405803052304,40,0.6518851954447521,0.4804440746415427,40,1.0,0.0,40,0.24615859366854229,0.3397311352536197,40,0.43430688924741884,0.19990919497736792,40,0.43430688924741884,0.19990919497736792,40,0.43430688924741884,0.19990919497736792,40,0.3481148045552479,0.4804440746415427,40,0.3481148045552479,0.4804440746415427,40,0.3481148045552479,0.4804440746415427,40,0.14969747270189077,0.9414227639657009,0.10552312614820104,0.04336803514332245,0.14889116129152355,0.0,0.10528376958866403,0.06195250137123918,0.06195250137123918,0.06195250137123918,0.14889116129152355,0.14889116129152355,0.14889116129152355,0.5,0.8,5.15,6.95,0.35514773776546626,0.5666204986149583,0.1475453985841797,0.23445675592489987,0.5026931363496459,0.8010772545398582,1.0,1.0,0.14066205352488137,0.3516551338122032,0.3722291865450371,0.49638459194980056,0.3722291865450371,0.49638459194980056,0.3722291865450371,0.49638459194980056,0.19892274546014177,0.4973068636503541,0.19892274546014177,0.4973068636503541,0.19892274546014177,0.4973068636503541
A,24,LinearTBNegotiator,GeniusBOABaselineNegotiator,0.275,0.45220258677630265,40,11.1,7.196152818320035,40,0.07592913204062787,0.12042729707854595,40,0.20297591566635886,0.3293396032500541,40,0.2789050477069867,0.4497669003286001,40,1.0,0.0,40,0.5098999440276946,0.3180387223260902,40,0.6008727462856129,0.1684454986631092,40,0.6008727462856129,0.1684454986631092,40,0.6008727462856129,0.1684454986631092,40,0.7210949522930133,0.4497669003286001,40,0.7210949522930133,0.4497669003286001,40,0.7210949522930133,0.4497669003286001,40,0.14013903352723936,2.230110863060055,0.03732080602014277,0.10206340045670362,0.1393842064768464,0.0,0.09856122117466835,0.05220180086307073,0.05220180086307073,0.05220180086307073,0.1393842064768464,0.1393842064768464,0.1393842064768464,0.15,0.425,8.849375,13.225,0.04264004309018158,0.11587603878116341,0.11193828870421667,0.3122210680209295,0.15457833179439823,0.42809710680209284,1.0,1.0,0.4044034038840336,0.5978137274807453,0.5449977346462711,0.6567477579249548,0.5449977346462711,0.6474352559850645,0.5449977346462711,0.6474352559850645,0.5967682363804248,0.8454216682056017,0.5719028931979071,0.8454216682056017,0.5719028931979071,0.8454216682056017
A,24,LinearTBNegotiator,LinearTBNegotiator,0.45,0.5038314736557788,40,8.95,5.113832423073917,40,0.2251654355186211,0.24908565852865336,40,0.22779701446598954,0.25203204141552926,40,0.4529624499846106,0.5011176999441826,40,1.0,0.0,40,0.3868206471934235,0.3543498485744448,40,0.3905422618312474,0.3501830339358809,40,0.3905422618312474,0.3501830339358809,40,0.3905422618312474,0.3501830339358809,40,0.5470375500153895,0.5011176999441825,40,0.5470375500153895,0.5011176999441825,40,0.5470375500153895,0.5011176999441825,40,0.1561389913358755,1.584793086874475,0.07719244531648199,0.07810553883306606,0.15529798414954807,0.0,0.10981415578303945,0.10852284654817132,0.10852284654817132,0.10852284654817132,0.15529798414954804,0.15529798414954804,0.15529798414954804,0.3,0.6,7.399375000000002,10.425624999999997,0.15100800246229606,0.2993228685749461,0.15276238842720832,0.3028316405047707,0.3037703908895044,0.6021545090797168,1.0,1.0,0.26374135035915247,0.4923171873370844,0.28628625990019446,0.49479826376230046,0.28628625990019446,0.49479826376230046,0.28628625990019446,0.49479826376230046,0.3978454909202832,0.6962296091104956,0.3978454909202832,0.6962296091104957,0.3978454909202832,0.6962296091104957
A,24,LinearTBNegotiator,SmartAspirationNegotiator,0.275,0.45220258677630265,40,11.1,7.196152818320035,40,0.07432094490612495,0.11778283750675471,40,0.20458410280086176,0.33198406282184534,40,0.27890504770698665,0.44976690032860006,40,1.0,0.0,40,0.5098999440276947,0.31803872232609015,40,0.6031470663420608,0.16470566807153475,40,0.6031470663420608,0.16470566807153475,40,0.6031470663420608,0.16470566807153475,40,0.7210949522930133,0.44976690032860006,40,0.7210949522930133,0.44976690032860006,40,0.7210949522930133,0.44976690032860006,40,0.14013903352723936,2.230110863060055,0.03650127950828756,0.1028829269685588,0.13938420647684638,0.0,0.09856122117466833,0.05104281535528081,0.05104281535528081,0.05104281535528081,0.13938420647684638,0.13938420647684638,0.13938420647684638,0.15,0.425,8.974375,13.325624999999995,0.041762850107725444,0.11339065866420435,0.1128154816866728,0.31470644813788856,0.15457833179439823,0.42809710680209284,1.0,1.0,0.40440340388403373,0.5978137274807453,0.548512592915327,0.6486757941976725,0.548512592915327,0.6486757941976724,0.548512592915327,0.6486757941976724,0.5719028931979071,0.8454216682056017,0.5719028931979071,0.8454216682056017,0.5719028931979071,0.8454216682056019
A,24,SmartAspirationNegotiator,BoulwareTBNegotiator,0.35,0.4830458915396479,40,13.425,7.527343318588401,40,0.16754001231148044,0.2275103033328859,40,0.1859610649430594,0.2529337713086568,40,0.35350107725453983,0.4804440746415428,40,1.0,0.0,40,0.4571516739558641,0.33973113525361964,40,0.4716246197696239,0.31975657235701227,40,0.4716246197696239,0.31975657235701227,40,0.4716246197696239,0.31975657235701227,40,0.6464989227454602,0.4804440746415429,40,0.6464989227454602,0.4804440746415429,40,0.6464989227454602,0.4804440746415429,40,0.14969747270189074,2.332747862445401,0.07050617346939622,0.0783849878221273,0.14889116129152358,0.0,0.105283769588664,0.09909358841474618,0.09909358841474618,0.09909358841474618,0.1488911612915236,0.1488911612915236,0.1488911612915236,0.2,0.5,11.125,15.675624999999997,0.09689135118497999,0.23818867343798092,0.10741766697445368,0.2645044629116652,0.20430901815943373,0.5026931363496461,1.0,1.0,0.35165513381220315,0.562648214099525,0.3723307706890028,0.5709184688502449,0.3723307706890028,0.5709184688502449,0.3723307706890028,0.5709184688502449,0.49730686365035404,0.7708256386580488,0.49730686365035404,0.7956909818405664,0.49730686365035404,0.7956909818405664
A,24,SmartAspirationNegotiator,ConcederTBNegotiator,0.525,0.505736325340815,40,11.45,5.706271853105008,40,0.4618055555555555,0.4422663386810067,40,0.06575292397660817,0.06074595289758482,40,0.5275584795321637,0.5030122915785915,40,1.0,0.0,40,0.334072377121593,0.3556895503228325,40,0.61195293674578,0.08800518249809795,40,0.61195293674578,0.08800518249809795,40,0.61195293674578,0.08800518249809795,40,0.4724415204678363,0.5030122915785916,40,0.4724415204678363,0.5030122915785916,40,0.4724415204678363,0.5030122915785916,40,0.15672931098896883,1.7683919683843154,0.13705975834023015,0.01882536583977996,0.1558851241800101,0.0,0.11022933365624052,0.027273088614092087,0.027273088614092087,0.027273088614092087,0.15588512418001016,0.15588512418001016,0.15588512418001016,0.375,0.675,9.625,13.175624999999997,0.33063057863958134,0.5929805324715296,0.04773584179747614,0.08377000615574022,0.3783664204370576,0.6767505386272699,1.0,1.0,0.22857583697793205,0.43956891726525393,0.5858508422090296,0.6380550312825304,0.5858508422090296,0.6380550312825304,0.5858508422090296,0.6380550312825304,0.3232494613727301,0.6216335795629425,0.3232494613727301,0.6464989227454602,0.3232494613727301,0.6216335795629424
A,24,SmartAspirationNegotiator,GeniusBOABaselineNegotiator,0.35,0.4830458915396479,40,13.425,7.527343318588401,40,0.17572714681440443,0.23880962243322856,40,0.1777739304401354,0.2416344522083142,40,0.35350107725453983,0.4804440746415428,40,1.0,0.0,40,0.4571516739558641,0.33973113525361964,40,0.46004626311861607,0.33573622267429826,40,0.46004626311861607,0.33573622267429826,40,0.46004626311861607,0.33573622267429826,40,0.6464989227454602,0.4804440746415429,40,0.6464989227454602,0.4804440746415429,40,0.6464989227454602,0.4804440746415429,40,0.14969747270189074,2.332747862445401,0.07400786873727673,0.07488329255424683,0.14889116129152358,0.0,0.105283769588664,0.10404573335388048,0.10404573335388048,0.10404573335388048,0.1488911612915236,0.1488911612915236,0.1488911612915236,0.2,0.5,11.125,15.7,0.10156971375807941,0.24988457987072943,0.10273930440135426,0.25280855647891654,0.20430901815943373,0.5026931363496461,1.0,1.0,0.35165513381220315,0.562648214099525,0.3557902611875631,0.564302265049669,0.3557902611875631,0.564302265049669,0.3557902611875631,0.564302265049669,0.49730686365035404,0.7956909818405664,0.49730686365035404,0.7956909818405664,0.49730686365035404,0.7956909818405664
A,24,SmartAspirationNegotiator,LinearTBNegotiator,0.4,0.49613893835683387,40,12.7,6.809495632514259,40,0.2846568174823022,0.3497329035308522,40,0.11857494613727297,0.14373369520725446,40,0.40323176361957513,0.49346659873810655,40,1.0,0.0,40,0.4219861605746439,0.34893960951463354,40,0.5377697270847217,0.20532777009593883,40,0.5377697270847217,0.20532777009593883,40,0.5377697270847217,0.20532777009593883,40,0.5967682363804249,0.49346659873810667,40,0.5967682363804249,0.49346659873810667,40,0.5967682363804249,0.49346659873810667,40,0.15375504994833628,2.110284559739971,0.1083833496904208,0.04454353363000046,0.15292688332042123,0.0,0.10813750532776832,0.06363173519788448,0.06363173519788448,0.06363173519788448,0.15292688332042126,0.15292688332042126,0.15292688332042126,0.25,0.55,10.599375,14.725624999999996,0.17892043705755617,0.39039319790704835,0.07511926746691286,0.16203062480763308,0.254039704524469,0.5524238227146814,1.0,1.0,0.3164896204309829,0.5274827007183047,0.47569202438234,0.5998474297871035,0.47569202438234,0.5998474297871035,0.47569202438234,0.5998474297871035,0.44757617728531873,0.745960295475531,0.44757617728531873,0.7459602954755311,0.44757617728531873,0.7459602954755311
A,24,SmartAspirationNegotiator,SmartAspirationNegotiator,0.35,0.4830458915396479,40,13.425,7.527343318588401,40,0.17572714681440443,0.23880962243322856,40,0.1777739304401354,0.2416344522083142,40,0.35350107725453983,0.4804440746415428,40,1.0,0.0,40,0.4571516739558641,0.33973113525361964,40,0.46004626311861607,0.33573622267429826,40,0.46004626311861607,0.33573622267429826,40,0.46004626311861607,0.33573622267429826,40,0.6464989227454602,0.4804440746415429,40,0.6464989227454602,0.4804440746415429,40,0.6464989227454602,0.4804440746415429,40,0.14969747270189074,2.332747862445401,0.07400786873727673,0.07488329255424683,0.14889116129152358,0.0,0.105283769588664,0.10404573335388048,0.10404573335388048,0.10404573335388048,0.1488911612915236,0.1488911612915236,0.1488911612915236,0.2,0.5,11.049375000000001,15.55,0.10156971375807941,0.24988457987072943,0.10273930440135426,0.25280855647891654,0.20430901815943373,0.5026931363496461,1.0,1.0,0.3516551338122032,0.562648214099525,0.3557902611875631,0.564302265049669,0.3557902611875631,0.564302265049669,0.3557902611875631,0.564302265049669,0.49730686365035404,0.7956909818405664,0.49730686365035404,0.7956909818405664,0.49730686365035404,0.7708256386580488
A,36,BoulwareTBNegotiator,BoulwareTBNegotiator,0.075,0.26674678283691844,40,13.0,9.935690651280801,40,0.03801746691289627,0.1256353537815311,40,0.041964835333948895,0.13967465814136887,40,0.07998230224684516,0.26531001192289994,40,1.0,0.0,40,0.6505619975525758,0.18760575122498246,40,0.6536633430840958,0.17657543198500117,40,0.6536633430840958,0.17657543198500117,40,0.6536633430840958,0.17657543198500117,40,0.9200176977531548,0.26531001192289994,40,0.9200176977531548,0.26531001192289994,40,0.9200176977531548,0.26531001192289994,40,0.08266568444412337,3.0791024333191306,0.03893479951388729,0.04328562501094641,0.08222042452483369,0.0,0.05813962464975112,0.05472129330227352,0.05472129330227352,0.05472129330227352,0.08222042452483369,0.08222042452483369,0.08222042452483369,0.0,0.175,9.999375,16.0,0.002693136349646045,0.08511657433056323,0.002693136349646045,0.0943271006463527,0.00538627269929209,0.15457833179439825,1.0,1.0,0.5802309707901352,0.7033102676244063,0.5874674436970151,0.7033102676244063,0.5874674436970151,0.7033102676244063,0.5874674436970151,0.7033102676244063,0.8448000346260399,0.9946137273007081,0.8205563250230842,0.9946137273007081,0.8205563250230842,0.9946137273007081
A,36,BoulwareTBNegotiator,ConcederTBNegotiator,0.175,0.38480764425479264,40,11.95,8.24916468187646,40,0.15163704216682056,0.3275128772777979,40,0.027806632810095412,0.055222088068266256,40,0.179443674976916,0.38273496534606416,40,1.0,0.0,40,0.5802309707901352,0.2706391672647556,40,0.6670686456726936,0.07969173238406471,40,0.6670686456726936,0.07969173238406471,40,0.6670686456726936,0.07969173238406471,40,0.8205563250230841,0.3827349653460642,40,0.8205563250230841,0.3827349653460642,40,0.8205563250230841,0.3827349653460642,40,0.11925312445511727,2.5564426204776964,0.10149729221283872,0.01711350239372066,0.11861079460655938,0.0,0.08387194687557518,0.024696723731787988,0.024696723731787988,0.024696723731787988,0.1186107946065594,0.1186107946065594,0.1186107946065594,0.075,0.3,9.599375,14.475,0.06652623884272084,0.25802554632194524,0.013456063404124344,0.04574484456755924,0.07998230224684519,0.3037703908895045,1.0,1.0,0.4923171873370844,0.6505619975525758,0.6411817728500417,0.6877781439308152,0.6411817728500417,0.6877781439308152,0.6411817728500417,0.6877781439308152,0.6962296091104956,0.920017697753155,0.6962296091104957,0.920017697753155,0.6962296091104957,0.920017697753155
A,36,BoulwareTBNegotiator,GeniusBOABaselineNegotiator,0.075,0.26674678283691844,40,13.0,9.935690651280801,40,0.03801746691289627,0.12563535378153107,40,0.041964835333948895,0.13967465814136887,40,0.07998230224684516,0.26531001192289994,40,1.0,0.0,40,0.6505619975525758,0.18760575122498246,40,0.6536633430840958,0.17657543198500117,40,0.6536633430840958,0.17657543198500117,40,0.6536633430840958,0.17657543198500117,40,0.9200176977531548,0.26531001192289994,40,0.9200176977531548,0.26531001192289994,40,0.9200176977531548,0.26531001192289994,40,0.08266568444412337,3.0791024333191306,0.038934799513887286,0.04328562501094641,0.08222042452483369,0.0,0.05813962464975112,0.05472129330227352,0.05472129330227352,0.05472129330227352,0.08222042452483369,0.08222042452483369,0.08222042452483369,0.0,0.175,10.175,16.025,0.002693136349646045,0.08511657433056323,0.002693136349646045,0.09432710064635272,0.00538627269929209,0.17944367497691593,1.0,1.0,0.5802309707901352,0.7033102676244063,0.5874674436970151,0.7033102676244063,0.5874674436970151,0.7033102676244063,0.6040164185437853,0.7033102676244063,0.8454216682056017,0.9946137273007081,0.8205563250230842,0.9946137273007081,0.8205563250230842,0.9946137273007081
A,36,BoulwareTBNegotiator,LinearTBNegotiator,0.1,0.3038218101251,40,12.675,9.346293657284964,40,0.0731840566328101,0.21416678997815022,40,0.031663588796552775,0.08801855302562336,40,0.10484764542936284,0.3021853430037736,40,1.0,0.0,40,0.6329792408619657,0.21368099858921558,40,0.6619251324894851,0.12573706668963616,40,0.6619251324894851,0.12573706668963616,40,0.6619251324894851,0.12573706668963616,40,0.8951523545706372,0.30218534300377364,40,0.8951523545706372,0.30218534300377364,40,0.8951523545706372,0.30218534300377364,40,0.09415535443739124,2.8964464125049543,0.066370975838792,0.027277232183500918,0.09364820802229291,0.0,0.06622042752763244,0.03896632067067833,0.03896632067067833,0.03896632067067833,0.09364820802229293,0.09364820802229293,0.09364820802229293,0.025,0.2,9.999375,15.525,0.020315866420437055,0.14367497691597414,0.009935749461372725,0.0606340412434595,0.030251615881809784,0.20430901815943364,1.0,1.0,0.562648214099525,0.6857275109337961,0.620539997354564,0.692963983840676,0.620539997354564,0.692963983840676,0.620539997354564,0.692963983840676,0.7956909818405664,0.9697483841181903,0.7956909818405664,0.9697483841181903,0.7956909818405664,0.9697483841181903
A,36,BoulwareTBNegotiator,SmartAspirationNegotiator,0.075,0.26674678283691844,40,13.0,9.935690651280801,40,0.04021044936903662,0.1334349673147743,40,0.03977185287780856,0.13187504460812569,40,0.07998230224684519,0.2653100119229,40,1.0,0.0,40,0.6505619975525758,0.1876057512249825,40,0.6505619975525758,0.1876057512249825,40,0.6505619975525758,0.1876057512249825,40,0.6505619975525758,0.1876057512249825,40,0.9200176977531548,0.26531001192290005,40,0.9200176977531548,0.26531001192290005,40,0.9200176977531548,0.26531001192290005,40,0.08266568444412337,3.0791024333191306,0.04135192479003125,0.04086849973480246,0.0822204245248337,0.0,0.05813962464975113,0.05813962464975113,0.05813962464975113,0.05813962464975113,0.08222042452483372,0.08222042452483372,0.08222042452483372,0.0,0.175,9.825,16.075624999999995,0.002693136349646045,0.09023353339489074,0.002693136349646045,0.08921014158202524,0.00538627269929209,0.179443674976916,1.0,1.0,0.5802309707901352,0.7033102676244063,0.5802309707901352,0.7033102676244063,0.5802309707901352,0.7033102676244063,0.5973741585634809,0.7033102676244063,0.8205563250230842,0.9946137273007081,0.8454216682056017,0.9946137273007081,0.8205563250230842,0.9946137273007081
A,36,ConcederTBNegotiator,BoulwareTBNegotiator,0.175,0.38480764425479264,40,11.95,8.24916468187646,40,0.02268967374576793,0.04397040256374017,40,0.15675400123114802,0.338764562782324,40,0.17944367497691596,0.38273496534606416,40,1.0,0.0,40,0.5802309707901352,0.27063916726475556,40,0.6757524131609495,0.060596988895995615,40,0.6757524131609495,0.060596988895995615,40,0.6757524131609495,0.060596988895995615,40,0.8205563250230841,0.3827349653460642,40,0.8205563250230841,0.3827349653460642,40,0.8205563250230841,0.3827349653460642,40,0.11925312445511727,2.5564426204776964,0.013626568930120745,0.10498422567643864,0.11861079460655938,0.0,0.08387194687557517,0.01877920141740927,0.01877920141740927,0.01877920141740927,0.1186107946065594,0.1186107946065594,0.1186107946065594,0.075,0.3,9.549375000000001,14.375624999999996,0.011263080947983995,0.036972914742997846,0.06871922129886118,0.2667974761465066,0.07998230224684517,0.3037703908895044,1.0,1.0,0.4923171873370844,0.6505619975525758,0.6560682314013375,0.6914997585686391,0.6560682314013375,0.6914997585686391,0.6560682314013375,0.6914997585686391,0.6962296091104957,0.920017697753155,0.6962296091104957,0.920017697753155,0.6962296091104956,0.920017697753155
A,36,ConcederTBNegotiator,ConcederTBNegotiator,0.775,0.42290206176626033,40,2.525,0.9604352645732545,40,0.3677112188365651,0.19918309634281928,40,0.4085006925207755,0.22144109959367503,40,0.7762119113573405,0.4206241959364943,40,1.0,0.0,40,0.15824481021549158,0.2974313622397417,40,0.19029204737453081,0.2799438233126835,40,0.19029204737453081,0.2799438233126835,40,0.19029204737453081,0.2799438233126835,40,0.22378808864265945,0.4206241959364943,40,0.22378808864265945,0.4206241959364943,40,0.22378808864265945,0.4206241959364943,40,0.1310587067515341,0.2976419721573951,0.061727481073110206,0.06862530774424357,0.13035278881735377,0.0,0.09217493411993002,0.08675548965925466,0.08675548965925466,0.08675548965925466,0.13035278881735377,0.13035278881735377,0.13035278881735377,0.65,0.9,2.225,2.8,0.3088373345644813,0.4265851031086488,0.3430478608802708,0.4739535241612803,0.6270198522622344,0.9005386272699291,1.0,1.0,0.07033102676244082,0.24615859366854237,0.10754717314067994,0.2730369216083817,0.10754717314067994,0.2730369216083817,0.10754717314067994,0.2730369216083817,0.099461372730071,0.3481148045552479,0.099461372730071,0.3481148045552479,0.099461372730071,0.3729801477377656
A,36,ConcederTBNegotiator,GeniusBOABaselineNegotiator,0.175,0.38480764425479264,40,11.95,8.24916468187646,40,0.022689673745767927,0.043970402563740164,40,0.15675400123114802,0.338764562782324,40,0.17944367497691596,0.38273496534606416,40,1.0,0.0,40,0.5802309707901352,0.27063916726475556,40,0.6757524131609495,0.060596988895995615,40,0.6757524131609495,0.060596988895995615,40,0.6757524131609495,0.060596988895995615,40,0.8205563250230841,0.3827349653460642,40,0.8205563250230841,0.3827349653460642,40,0.8205563250230841,0.3827349653460642,40,0.11925312445511727,2.5564426204776964,0.013626568930120743,0.10498422567643864,0.11861079460655938,0.0,0.08387194687557517,0.01877920141740927,0.01877920141740927,0.01877920141740927,0.1186107946065594,0.1186107946065594,0.1186107946065594,0.075,0.3,9.499375,14.525,0.008406432748538011,0.03697291474299784,0.06871922129886118,0.2667974761465066,0.07998230224684517,0.3037703908895044,1.0,1.0,0.4923171873370844,0.6505619975525758,0.6560682314013375,0.6954365949205614,0.6560682314013375,0.6914997585686391,0.6560682314013375,0.6914997585686391,0.6962296091104956,0.920017697753155,0.6962296091104956,0.920017697753155,0.6962296091104956,0.920017697753155
A,36,ConcederTBNegotiator,LinearTBNegotiator,0.6,0.49613893835683387,40,7.925,4.334639842490096,40,0.16248076331178823,0.13212810600592503,40,0.43967374576792856,0.36133849273218166,40,0.6021545090797168,0.49346659873810667,40,1.0,0.0,40,0.2813241070497625,0.3489396095146336,40,0.47981022106703897,0.18481179303612522,40,0.47981022106703897,0.18481179303612522,40,0.47981022106703897,0.18481179303612522,40,0.3978454909202832,0.4934665987381066,40,0.3978454909202832,0.4934665987381066,40,0.3978454909202832,0.4934665987381066,40,0.15375504994833628,1.3433188044006565,0.04094692427448382,0.11197995904593744,0.15292688332042126,0.0,0.10813750532776834,0.057273768036472474,0.057273768036472474,0.057273768036472474,0.15292688332042123,0.15292688332042123,0.15292688332042123,0.45,0.75,6.575,9.225,0.12253385657125268,0.20242767005232382,0.33042859341335795,0.5489188981224992,0.4529624499846106,0.7513465681748228,1.0,1.0,0.17582756690610157,0.38682064719342346,0.42393520942769713,0.5356852327063808,0.42393520942769713,0.5356852327063808,0.42393520942769713,0.5356852327063808,0.24865343182517705,0.5470375500153895,0.24865343182517705,0.5470375500153895,0.24865343182517705,0.5470375500153895
A,36,ConcederTBNegotiator,SmartAspirationNegotiator,0.175,0.38480764425479264,40,11.95,8.24916468187646,40,0.02268967374576793,0.04397040256374017,40,0.15675400123114805,0.33876456278232403,40,0.179443674976916,0.38273496534606416,40,1.0,0.0,40,0.5802309707901352,0.2706391672647556,40,0.6757524131609495,0.06059698889599558,40,0.6757524131609495,0.06059698889599558,40,0.6757524131609495,0.06059698889599558,40,0.8205563250230841,0.3827349653460642,40,0.8205563250230841,0.3827349653460642,40,0.8205563250230841,0.3827349653460642,40,0.11925312445511727,2.5564426204776964,0.013626568930120745,0.10498422567643867,0.11861079460655938,0.0,0.08387194687557518,0.01877920141740926,0.01877920141740926,0.01877920141740926,0.1186107946065594,0.1186107946065594,0.1186107946065594,0.075,0.3,9.425,14.450624999999995,0.011263080947983995,0.036972914742997846,0.06871922129886118,0.2667974761465066,0.07998230224684519,0.3037703908895045,1.0,1.0,0.4923171873370844,0.6505619975525758,0.6560682314013375,0.6914997585686391,0.6560682314013375,0.6914997585686391,0.6560682314013375,0.6954365949205614,0.6962296091104956,0.920017697753155,0.6962296091104956,0.920017697753155,0.6962296091104956,0.9448830409356728
A,36,GeniusBOABaselineNegotiator,BoulwareTBNegotiator,0.075,0.26674678283691844,40,13.0,9.935690651280801,40,0.03801746691289627,0.1256353537815311,40,0.041964835333948895,0.13967465814136887,40,0.07998230224684516,0.26531001192289994,40,1.0,0.0,40,0.6505619975525758,0.18760575122498246,40,0.6536633430840958,0.17657543198500117,40,0.6536633430840958,0.17657543198500117,40,0.6536633430840958,0.17657543198500117,40,0.9200176977531548,0.26531001192289994,40,0.9200176977531548,0.26531001192289994,40,0.9200176977531548,0.26531001192289994,40,0.08266568444412337,3.0791024333191306,0.03893479951388729,0.04328562501094641,0.08222042452483369,0.0,0.05813962464975112,0.05472129330227352,0.05472129330227352,0.05472129330227352,0.08222042452483369,0.08222042452483369,0.08222042452483369,0.0,0.175,9.975,16.1,0.002693136349646045,0.08511657433056323,0.002693136349646045,0.0943271006463527,0.00538627269929209,0.17944367497691593,1.0,1.0,0.5802309707901353,0.7033102676244063,0.5874674436970151,0.7033102676244063,0.5874674436970151,0.7033102676244063,0.6040164185437852,0.7033102676244063,0.8205563250230842,0.9946137273007081,0.8454216682056017,0.9946137273007081,0.8205563250230842,0.9946137273007081
A,36,GeniusBOABaselineNegotiator,ConcederTBNegotiator,0.175,0.38480764425479264,40,11.95,8.24916468187646,40,0.15163704216682056,0.3275128772777979,40,0.027806632810095412,0.055222088068266256,40,0.179443674976916,0.38273496534606416,40,1.0,0.0,40,0.5802309707901352,0.2706391672647556,40,0.6670686456726936,0.07969173238406471,40,0.6670686456726936,0.07969173238406471,40,0.6670686456726936,0.07969173238406471,40,0.8205563250230841,0.3827349653460642,40,0.8205563250230841,0.3827349653460642,40,0.8205563250230841,0.3827349653460642,40,0.11925312445511727,2.5564426204776964,0.10149729221283872,0.01711350239372066,0.11861079460655938,0.0,0.08387194687557518,0.024696723731787988,0.024696723731787988,0.024696723731787988,0.1186107946065594,0.1186107946065594,0.1186107946065594,0.075,0.3,9.424375000000001,14.4,0.04524853801169591,0.25802554632194524,0.013456063404124346,0.04574484456755924,0.07998230224684519,0.3037703908895045,1.0,1.0,0.4923171873370844,0.6505619975525758,0.6411817728500417,0.6877781439308152,0.6411817728500417,0.6877781439308152,0.6411817728500417,0.6877781439308152,0.6962296091104956,0.920017697753155,0.6962296091104956,0.920017697753155,0.6962296091104956,0.920017697753155
A,36,GeniusBOABaselineNegotiator,GeniusBOABaselineNegotiator,0.075,0.26674678283691844,40,13.0,9.935690651280801,40,0.03801746691289627,0.12563535378153107,40,0.041964835333948895,0.13967465814136887,40,0.07998230224684516,0.26531001192289994,40,1.0,0.0,40,0.6505619975525758,0.18760575122498246,40,0.6536633430840958,0.17657543198500117,40,0.6536633430840958,0.17657543198500117,40,0.6536633430840958,0.17657543198500117,40,0.9200176977531548,0.26531001192289994,40,0.9200176977531548,0.26531001192289994,40,0.9200176977531548,0.26531001192289994,40,0.08266568444412337,3.0791024333191306,0.038934799513887286,0.04328562501094641,0.08222042452483369,0.0,0.05813962464975112,0.05472129330227352,0.05472129330227352,0.05472129330227352,0.08222042452483369,0.08222042452483369,0.08222042452483369,0.0,0.175,10.0,16.05,0.002693136349646045,0.08511657433056323,0.002693136349646045,0.0943271006463527,0.00538627269929209,0.15457833179439825,1.0,1.0,0.5978137274807453,0.7033102676244063,0.5874674436970151,0.7033102676244063,0.6040164185437853,0.7033102676244063,0.6036026941726168,0.7033102676244063,0.8205563250230842,0.9946137273007081,0.8205563250230842,0.9946137273007081,0.8205563250230842,0.9946137273007081
A,36,GeniusBOABaselineNegotiator,LinearTBNegotiator,0.1,0.3038218101251,40,12.675,9.346293657284964,40,0.0731840566328101,0.21416678997815022,40,0.031663588796552775,0.08801855302562336,40,0.10484764542936284,0.3021853430037736,40,1.0,0.0,40,0.6329792408619657,0.21368099858921558,40,0.6619251324894851,0.12573706668963616,40,0.6619251324894851,0.12573706668963616,40,0.6619251324894851,0.12573706668963616,40,0.8951523545706372,0.30218534300377364,40,0.8951523545706372,0.30218534300377364,40,0.8951523545706372,0.30218534300377364,40,0.09415535443739124,2.8964464125049543,0.066370975838792,0.027277232183500918,0.09364820802229291,0.0,0.06622042752763244,0.03896632067067833,0.03896632067067833,0.03896632067067833,0.09364820802229293,0.09364820802229293,0.09364820802229293,0.025,0.2,9.823750000000002,15.351249999999993,0.020315866420437055,0.14367497691597414,0.009935749461372725,0.0606340412434595,0.030251615881809784,0.20430901815943364,1.0,1.0,0.562648214099525,0.6857275109337961,0.620539997354564,0.692963983840676,0.620539997354564,0.692963983840676,0.620539997354564,0.692963983840676,0.7956909818405664,0.9697483841181903,0.7956909818405664,0.9697483841181903,0.7956909818405664,0.9697483841181903
A,36,GeniusBOABaselineNegotiator,SmartAspirationNegotiator,0.075,0.26674678283691844,40,13.0,9.935690651280801,40,0.04021044936903662,0.1334349673147743,40,0.03977185287780856,0.13187504460812569,40,0.07998230224684519,0.2653100119229,40,1.0,0.0,40,0.6505619975525758,0.1876057512249825,40,0.6505619975525758,0.1876057512249825,40,0.6505619975525758,0.1876057512249825,40,0.6505619975525758,0.1876057512249825,40,0.9200176977531548,0.26531001192290005,40,0.9200176977531548,0.26531001192290005,40,0.9200176977531548,0.26531001192290005,40,0.08266568444412337,3.0791024333191306,0.04135192479003125,0.04086849973480246,0.0822204245248337,0.0,0.05813962464975113,0.05813962464975113,0.05813962464975113,0.05813962464975113,0.08222042452483372,0.08222042452483372,0.08222042452483372,0.0,0.175,10.199375,16.075624999999995,0.002693136349646045,0.09023353339489074,0.002693136349646045,0.08921014158202524,0.00538627269929209,0.15457833179439834,1.0,1.0,0.5802309707901352,0.7033102676244063,0.5802309707901352,0.7033102676244063,0.5802309707901352,0.7033102676244063,0.5978137274807453,0.7033102676244063,0.8205563250230842,0.9946137273007081,0.8454216682056017,0.9946137273007081,0.8205563250230842,0.9946137273007081
A,36,LinearTBNegotiator,BoulwareTBNegotiator,0.1,0.3038218101251,40,12.675,9.346293657284964,40,0.029324407510003075,0.08091161009872044,40,0.0755232379193598,0.22127373290505317,40,0.10484764542936287,0.30218534300377364,40,1.0,0.0,40,0.6329792408619657,0.2136809985892156,40,0.6660602598648451,0.11317364784683909,40,0.6660602598648451,0.11317364784683909,40,0.6660602598648451,0.11317364784683909,40,0.8951523545706372,0.30218534300377364,40,0.8951523545706372,0.30218534300377364,40,0.8951523545706372,0.30218534300377364,40,0.09415535443739124,2.8964464125049543,0.02507476775221691,0.06857344027007602,0.09364820802229293,0.0,0.06622042752763245,0.0350728768339706,0.0350728768339706,0.0350728768339706,0.09364820802229293,0.09364820802229293,0.09364820802229293,0.025,0.2,9.8,15.6,0.0093509541397353,0.05595567867036011,0.020900661742074483,0.14835333948907356,0.030251615881809784,0.20430901815943364,1.0,1.0,0.562648214099525,0.6857275109337961,0.6288102521052839,0.693997765684516,0.6288102521052839,0.693997765684516,0.6288102521052839,0.693997765684516,0.7956909818405664,0.9697483841181903,0.7956909818405664,0.9697483841181903,0.7956909818405664,0.9697483841181903
A,36,LinearTBNegotiator,ConcederTBNegotiator,0.6,0.49613893835683387,40,7.925,4.334639842490096,40,0.42563865804863027,0.3497329035308521,40,0.17651585103108644,0.14373369520725446,40,0.6021545090797167,0.49346659873810655,40,1.0,0.0,40,0.28132410704976263,0.3489396095146335,40,0.45499945681487936,0.2053277700959388,40,0.45499945681487936,0.2053277700959388,40,0.45499945681487936,0.2053277700959388,40,0.3978454909202833,0.49346659873810655,40,0.3978454909202833,0.49346659873810655,40,0.3978454909202833,0.49346659873810655,40,0.15375504994833628,1.3433188044006565,0.10838334969042078,0.04454353363000046,0.15292688332042123,0.0,0.1081375053277683,0.06363173519788447,0.06363173519788447,0.06363173519788447,0.15292688332042123,0.15292688332042123,0.15292688332042123,0.45,0.75,6.475,9.100624999999996,0.31990227762388423,0.5313750384733764,0.13306017236072634,0.21997152970144654,0.4529624499846105,0.7513465681748228,1.0,1.0,0.17582756690610168,0.38682064719342346,0.3929217541124977,0.5170771595172612,0.3929217541124977,0.5170771595172612,0.3929217541124977,0.5170771595172612,0.24865343182517713,0.5470375500153895,0.24865343182517713,0.5470375500153895,0.24865343182517713,0.5470375500153895
A,36,LinearTBNegotiator,GeniusBOABaselineNegotiator,0.1,0.3038218101251,40,12.675,9.346293657284964,40,0.029324407510003075,0.08091161009872044,40,0.0755232379193598,0.22127373290505317,40,0.10484764542936287,0.30218534300377364,40,1.0,0.0,40,0.6329792408619657,0.2136809985892156,40,0.6660602598648451,0.11317364784683909,40,0.6660602598648451,0.11317364784683909,40,0.6660602598648451,0.11317364784683909,40,0.8951523545706372,0.30218534300377364,40,0.8951523545706372,0.30218534300377364,40,0.8951523545706372,0.30218534300377364,40,0.09415535443739124,2.8964464125049543,0.02507476775221691,0.06857344027007602,0.09364820802229293,0.0,0.06622042752763245,0.0350728768339706,0.0350728768339706,0.0350728768339706,0.09364820802229293,0.09364820802229293,0.09364820802229293,0.025,0.2,9.825,15.5,0.0093509541397353,0.05595567867036011,0.020900661742074483,0.14835333948907356,0.03025161588180979,0.20430901815943364,1.0,1.0,0.562648214099525,0.6857275109337961,0.6288102521052839,0.693997765684516,0.6288102521052839,0.693997765684516,0.6288102521052839,0.693997765684516,0.7956909818405664,0.9697483841181903,0.7956909818405664,0.9697483841181903,0.7956909818405664,0.9697483841181903
A,36,LinearTBNegotiator,LinearTBNegotiator,0.275,0.45220258677630265,40,11.1,7.196152818320035,40,0.1386484302862419,0.22356122037840442,40,0.14025661742074486,0.2262056799501957,40,0.2789050477069867,0.4497669003286001,40,1.0,0.0,40,0.5098999440276946,0.3180387223260902,40,0.5121742640841426,0.31429889173451564,40,0.5121742640841426,0.31429889173451564,40,0.5121742640841426,0.31429889173451564,40,0.7210949522930133,0.4497669003286001,40,0.7210949522930133,0.4497669003286001,40,0.7210949522930133,0.4497669003286001,40,0.14013903352723936,2.230110863060055,0.0692823399824956,0.0701018664943508,0.1393842064768464,0.0,0.09856122117466835,0.0974022356668784,0.0974022356668784,0.0974022356668784,0.1393842064768464,0.1393842064768464,0.1393842064768464,0.15,0.425,8.875,13.25,0.07685056940597106,0.21280586334256696,0.0777277623884272,0.215291243459526,0.15457833179439825,0.42809710680209284,1.0,1.0,0.4044034038840336,0.5978137274807453,0.40791826215308963,0.5990542656933533,0.40791826215308963,0.5990542656933533,0.40791826215308963,0.5990542656933533,0.5719028931979071,0.8454216682056017,0.5719028931979071,0.8454216682056017,0.5719028931979071,0.8454216682056017
A,36,LinearTBNegotiator,SmartAspirationNegotiator,0.1,0.3038218101251,40,12.675,9.346293657284964,40,0.028739612188365647,0.07913487436699472,40,0.07610803324099723,0.22305046863677894,40,0.1048476454293629,0.30218534300377364,40,1.0,0.0,40,0.6329792408619657,0.21368099858921558,40,0.666887285339917,0.11066096407827965,40,0.666887285339917,0.11066096407827965,40,0.666887285339917,0.11066096407827965,40,0.8951523545706372,0.3021853430037737,40,0.8951523545706372,0.3021853430037737,40,0.8951523545706372,0.3021853430037737,40,0.09415535443739124,2.8964464125049543,0.024524151644395913,0.06912405637789702,0.09364820802229293,0.0,0.06622042752763244,0.034294188066629046,0.034294188066629046,0.034294188066629046,0.09364820802229294,0.09364820802229294,0.09364820802229294,0.025,0.2,9.85,15.675624999999997,0.009204755309325944,0.05478608802708525,0.021046860572483842,0.1495229301323484,0.03025161588180979,0.20430901815943373,1.0,1.0,0.562648214099525,0.6857275109337961,0.6304643030554279,0.694204522053284,0.6304643030554279,0.694204522053284,0.6304643030554279,0.694204522053284,0.7956909818405664,0.9697483841181903,0.7956909818405664,0.9697483841181903,0.7956909818405664,0.9697483841181903
A,36,SmartAspirationNegotiator,BoulwareTBNegotiator,0.2,0.40509574683346655,40,16.425,11.149077229839387,40,0.09689135118497999,0.19079648094549473,40,0.10741766697445365,0.2121173097262034,40,0.20430901815943364,0.4029137906716982,40,1.0,0.0,40,0.562648214099525,0.28490799811895406,40,0.5709184688502449,0.2681567729952248,40,0.5709184688502449,0.2681567729952248,40,0.5709184688502449,0.2681567729952248,40,0.7956909818405664,0.40291379067169814,40,0.7956909818405664,0.40291379067169814,40,0.7956909818405664,0.40291379067169814,40,0.12554047258318826,3.4551348298304787,0.05912844203460262,0.0657358353284546,0.12486427736305723,0.0,0.08829390337017658,0.08310264492123297,0.08310264492123297,0.08310264492123297,0.12486427736305722,0.12486427736305722,0.12486427736305722,0.075,0.325,12.9,19.925,0.03801746691289627,0.15576523545706372,0.0419648353339489,0.17287049861495843,0.07998230224684519,0.32863573407202207,1.0,1.0,0.47473443064647436,0.6505619975525758,0.4881735946163939,0.6536633430840958,0.4881735946163939,0.6536633430840958,0.488173594616394,0.6536633430840958,0.6713642659279779,0.9200176977531548,0.6713642659279779,0.920017697753155,0.6713642659279779,0.9200176977531548
A,36,SmartAspirationNegotiator,ConcederTBNegotiator,0.35,0.4830458915396479,40,14.125,8.274729835236545,40,0.30058094798399504,0.4111242387134538,40,0.05292012927054478,0.06931983592808891,40,0.35350107725453983,0.4804440746415428,40,1.0,0.0,40,0.4571516739558641,0.3397311352536197,40,0.630827023720981,0.1000363804943309,40,0.630827023720981,0.1000363804943309,40,0.630827023720981,0.1000363804943309,40,0.6464989227454602,0.4804440746415429,40,0.6464989227454602,0.4804440746415429,40,0.6464989227454602,0.4804440746415429,40,0.14969747270189074,2.5643653435859357,0.12740872157245411,0.021482439719069428,0.14889116129152358,0.0,0.10528376958866403,0.03100159550164999,0.03100159550164999,0.03100159550164999,0.1488911612915236,0.1488911612915236,0.1488911612915236,0.2,0.5,11.724375,16.525624999999994,0.17291474299784548,0.42824715297014465,0.03139427516158818,0.07444598337950138,0.20430901815943373,0.5026931363496461,1.0,1.0,0.35165513381220315,0.562648214099525,0.5997627763337987,0.6618912711081633,0.5997627763337987,0.6618912711081633,0.5997627763337987,0.6618912711081633,0.49730686365035404,0.7956909818405664,0.49730686365035404,0.7956909818405664,0.49730686365035404,0.7956909818405664
A,36,SmartAspirationNegotiator,GeniusBOABaselineNegotiator,0.2,0.40509574683346655,40,16.425,11.149077229839387,40,0.09689135118497998,0.1907964809454947,40,0.10741766697445365,0.2121173097262034,40,0.20430901815943364,0.4029137906716982,40,1.0,0.0,40,0.562648214099525,0.28490799811895406,40,0.5709184688502449,0.2681567729952248,40,0.5709184688502449,0.2681567729952248,40,0.5709184688502449,0.2681567729952248,40,0.7956909818405664,0.40291379067169814,40,0.7956909818405664,0.40291379067169814,40,0.7956909818405664,0.40291379067169814,40,0.12554047258318826,3.4551348298304787,0.059128442034602616,0.0657358353284546,0.12486427736305723,0.0,0.08829390337017658,0.08310264492123297,0.08310264492123297,0.08310264492123297,0.12486427736305722,0.12486427736305722,0.12486427736305722,0.075,0.325,13.074375,19.925,0.03801746691289627,0.1557652354570637,0.04196483533394891,0.17287049861495843,0.07998230224684519,0.32863573407202207,1.0,1.0,0.47473443064647436,0.6505619975525758,0.488173594616394,0.6536633430840958,0.488173594616394,0.6536633430840958,0.488173594616394,0.6536633430840958,0.6713642659279779,0.9200176977531548,0.6713642659279779,0.9200176977531548,0.6713642659279779,0.920017697753155
A,36,SmartAspirationNegotiator,LinearTBNegotiator,0.25,0.4385290096535146,40,15.55,9.96133550926808,40,0.17892043705755614,0.3091231346134077,40,0.07511926746691287,0.1270438382075625,40,0.254039704524469,0.43616697282097017,40,1.0,0.0,40,0.5274827007183047,0.30842195514047915,40,0.5998474297871035,0.18148582325093846,40,0.5998474297871035,0.18148582325093846,40,0.5998474297871035,0.18148582325093846,40,0.7459602954755311,0.4361669728209702,40,0.7459602954755311,0.4361669728209702,40,0.7459602954755311,0.4361669728209702,40,0.13590154807518112,3.0870498571472442,0.09579825191726178,0.03937129335973044,0.1351695452769922,0.0,0.09558095414732674,0.05624303932136355,0.05624303932136355,0.05624303932136355,0.13516954527699224,0.13516954527699224,0.13516954527699224,0.125,0.375,12.5,18.650624999999994,0.0908067867036011,0.26703408741151125,0.03890620190827946,0.11133233302554628,0.12971298861188055,0.3783664204370575,1.0,1.0,0.43956891726525393,0.6153964841713555,0.548116010868452,0.6515788487057549,0.5478573537738591,0.6515788487057549,0.548116010868452,0.6515788487057549,0.5967682363804249,0.8702870113881195,0.5967682363804249,0.8702870113881195,0.6210119459833807,0.8702870113881195
A,36,SmartAspirationNegotiator,SmartAspirationNegotiator,0.225,0.4229020617662604,40,16.225,10.866291089938741,40,0.11392928593413357,0.20907554223208852,40,0.11524507540781778,0.21154865370440587,40,0.22917436134195138,0.42062419593649436,40,1.0,0.0,40,0.5450654574089149,0.2974313622397417,40,0.5469262647278269,0.29393385445433007,40,0.5469262647278269,0.29393385445433007,40,0.5469262647278269,0.29393385445433007,40,0.7708256386580487,0.4206241959364944,40,0.7708256386580487,0.4206241959364944,40,0.7708256386580487,0.4206241959364944,40,0.13105870675153414,3.3674984971347985,0.06479318181583615,0.06555960700151765,0.1303527888173538,0.0,0.09217493411993002,0.09109104522779495,0.09109104522779495,0.09109104522779495,0.13035278881735382,0.13035278881735382,0.13035278881735382,0.1,0.375,12.725,19.5,0.05213142505386272,0.1880867189904586,0.05271622037550015,0.17777393044013542,0.1048476454293629,0.3783664204370576,1.0,1.0,0.4571516739558641,0.6329792408619657,0.46004626311861596,0.6338062663370376,0.46004626311861596,0.6338062663370376,0.4426702627967739,0.6338062663370376,0.6464989227454602,0.8951523545706372,0.6464989227454602,0.8951523545706372,0.6216335795629425,0.8951523545706372
B,12,BoulwareTBNegotiator,BoulwareTBNegotiator,0.6,0.49613893835683387,40,7.925,4.334639842490096,40,0.29611992945326276,0.24303807782823736,40,0.31460317460317466,0.25948853998186794,40,0.6107231040564374,0.5025266178101052,40,1.2425458534314,0.0,40,0.4119974671192034,0.3539499202731634,40,0.4430936443187722,0.3514828127748587,40,0.4314038582129391,0.35461681037254095,40,0.4276579643630255,0.3534122136390229,40,0.6318227493749626,0.5025266178101052,40,0.5084904896106075,0.4044330568745883,40,0.6194356261022929,0.5025266178101052,40,0.15375504994833628,1.3433188044006565,0.07531828064047688,0.0804163316793283,0.15573461231980515,0.0,0.10969021671842394,0.10892565218356591,0.10989688810140276,0.109523579706091,0.15573461231980515,0.12533510283723556,0.15573461231980515,0.425,0.75,6.55,9.225624999999996,0.2226410934744268,0.36959876543209874,0.23615079365079367,0.3930555555555556,0.45879188712522045,0.7626543209876543,1.2425458534314,1.2425458534314,0.30498613634800464,0.5190087978904021,0.336828205667977,0.5493590829695674,0.32419090344657897,0.5386168129792992,0.3208092009472297,0.5345067277788214,0.4798915324437457,0.7837539663061796,0.3862163566185368,0.6307646226026782,0.46750440917107594,0.7713668430335099
B,12,BoulwareTBNegotiator,ConcederTBNegotiator,0.65,0.48304589153964794,40,6.05,3.0377960972068423,40,0.5579144620811287,0.41297441961877307,40,0.21538900893962493,0.1594760093782956,40,0.7733034710207537,0.5724504289970688,40,1.2425458534314,0.0,40,0.307873641720362,0.3954801858141128,40,0.528303080275984,0.2525604096187056,40,0.54458891432414,0.23458697375486978,40,0.5343183460464094,0.238353177806398,40,0.4692423824106463,0.5724504289970688,40,0.3776459284096374,0.4607076893107779,40,0.45685525913797653,0.5724504289970688,40,0.14969747270189077,0.9414227639657009,0.12798209857538193,0.049422127335399135,0.1774042259107811,0.0,0.12256057935064243,0.07826928183566034,0.07269925635421,0.07386641508191676,0.1774042259107811,0.1427747921099762,0.1774042259107811,0.5,0.8,5.1,6.925,0.42967372134038795,0.6861552028218695,0.1658670032136309,0.26491101466561895,0.595540724554019,0.9510662174874884,1.2425458534314,1.2425458534314,0.18506537668567677,0.43068190675504725,0.44987562212691434,0.6067305384250539,0.471742738257777,0.6174350903905029,0.46030265251260954,0.6083340395802093,0.29147963594391146,0.647005128877381,0.2345825992167329,0.5207092576025418,0.3079789589720874,0.6346180056047113
B,12,BoulwareTBNegotiator,GeniusBOABaselineNegotiator,0.6,0.49613893835683387,40,7.925,4.334639842490096,40,0.29611992945326276,0.24303807782823736,40,0.31460317460317466,0.25948853998186794,40,0.6107231040564374,0.5025266178101052,40,1.2425458534314,0.0,40,0.4119974671192034,0.3539499202731634,40,0.4430936443187722,0.3514828127748587,40,0.4314038582129391,0.35461681037254095,40,0.4276579643630255,0.3534122136390229,40,0.6318227493749626,0.5025266178101052,40,0.5084904896106075,0.4044330568745883,40,0.6194356261022929,0.5025266178101052,40,0.15375504994833628,1.3433188044006565,0.07531828064047688,0.0804163316793283,0.15573461231980515,0.0,0.10969021671842394,0.10892565218356591,0.10989688810140276,0.109523579706091,0.15573461231980515,0.12533510283723556,0.15573461231980515,0.45,0.75,6.549375000000001,9.3,0.2226410934744268,0.36959876543209874,0.23615079365079367,0.3930555555555556,0.45879188712522045,0.7626543209876543,1.2425458534314,1.2425458534314,0.30498613634800464,0.5190087978904021,0.336828205667977,0.5493590829695674,0.32419090344657897,0.5386168129792992,0.3208092009472297,0.5345067277788214,0.4798915324437457,0.7837539663061796,0.3862163566185368,0.6307646226026782,0.46750440917107594,0.796688712522046
B,12,BoulwareTBNegotiator,LinearTBNegotiator,0.65,0.48304589153964794,40,6.7,3.4729725684978363,40,0.5200837742504409,0.384860637571492,40,0.26013883748662836,0.19273173372711663,40,0.7802226117370693,0.5775923712986085,40,1.2425458534314,0.0,40,0.30717752323661895,0.39599750454272337,40,0.4697055137278302,0.29610704619610073,40,0.4860134907704918,0.27811715482069205,40,0.4757725428748897,0.2818613465585388,40,0.4623232416943307,0.5775923712986085,40,0.37207740898863756,0.4648459207388897,40,0.4499361184216609,0.5775923712986085,40,0.14969747270189077,1.0762853496383538,0.11926954725410785,0.05972818308513658,0.1789977303392444,0.0,0.12272089808559226,0.0917645243260288,0.08618939922870836,0.08734973626973036,0.1789977303392444,0.14405724331615322,0.1789977303392444,0.5,0.8,5.599375000000001,7.725,0.40057319223985893,0.6395943562610229,0.20028994824978738,0.3199877267234693,0.6008631404896463,0.9595820829844921,1.2425458534314,1.2425458534314,0.18420861547491604,0.4301464309983218,0.37775554022149416,0.5616554872341663,0.3996499092686715,0.572377072272312,0.3882462793784314,0.5632988063713479,0.2829637704469078,0.6416827129417537,0.22772903685242554,0.5164257811248497,0.270576647174238,0.6292955896690839
B,12,BoulwareTBNegotiator,SmartAspirationNegotiator,0.6,0.49613893835683387,40,7.925,4.334639842490096,40,0.29611992945326276,0.24303807782823736,40,0.31460317460317466,0.25948853998186794,40,0.6107231040564374,0.5025266178101052,40,1.2425458534314,0.0,40,0.4119974671192034,0.3539499202731634,40,0.4430936443187722,0.3514828127748587,40,0.4314038582129391,0.35461681037254095,40,0.4276579643630255,0.3534122136390229,40,0.6318227493749626,0.5025266178101052,40,0.5084904896106075,0.4044330568745883,40,0.6194356261022929,0.5025266178101052,40,0.15375504994833628,1.3433188044006565,0.07531828064047688,0.0804163316793283,0.15573461231980515,0.0,0.10969021671842394,0.10892565218356591,0.10989688810140276,0.109523579706091,0.15573461231980515,0.12533510283723556,0.15573461231980515,0.45,0.75,6.6,9.15,0.2226410934744268,0.36959876543209874,0.23615079365079367,0.3930555555555556,0.45879188712522045,0.7626543209876543,1.2425458534314,1.2425458534314,0.30498613634800464,0.5190087978904021,0.336828205667977,0.5493590829695674,0.32419090344657897,0.5386168129792992,0.3208092009472297,0.5345067277788212,0.4798915324437457,0.7837539663061796,0.3862163566185368,0.6511436447680232,0.46750440917107594,0.7713668430335099
B,12,ConcederTBNegotiator,BoulwareTBNegotiator,0.65,0.48304589153964794,40,6.05,3.0377960972068423,40,0.0867504409171076,0.0628300432117267,40,0.5986904761904761,0.4443255462654381,40,0.6854409171075837,0.5071555894771648,40,1.2425458534314,0.0,40,0.29401497657139936,0.40577921852554383,40,0.6930603621072597,0.13012144332664777,40,0.6702542150102787,0.14119911651558692,40,0.6758576429722499,0.13316859954264787,40,0.5571049363238163,0.5071555894771648,40,0.44835764795747524,0.40815844990879796,40,0.5447178130511465,0.5071555894771648,40,0.14969747270189077,0.9414227639657009,0.019471232119514008,0.13769791338213602,0.15716914550165004,0.0,0.12575228265498317,0.04032505306739096,0.043758059555689746,0.041269376562223195,0.15716914550165004,0.12648961409964352,0.15716914550165004,0.5,0.8,5.025,6.975,0.06723985890652559,0.1062610229276896,0.4607142857142857,0.7366666666666666,0.5279541446208112,0.842927689594356,1.2425458534314,1.2425458534314,0.16800855804079964,0.42002139510199915,0.6526538151500227,0.7334669090644967,0.6264077237176402,0.7141007063029174,0.634504864113644,0.7172104218308558,0.4258659592515059,0.7145917088105888,0.32161240789099493,0.5751028880239556,0.3872310405643741,0.702204585537919
B,12,ConcederTBNegotiator,ConcederTBNegotiator,0.925,0.2667467828369185,40,0.925,0.2667467828369185,40,0.4406415343915343,0.1264342114416611,40,0.5726785714285714,0.16491725700790436,40,1.0133201058201058,0.2913514684495655,40,1.2425458534314,0.0,40,0.1221091307567073,0.207034047511244,40,0.21357964924410627,0.18876321659419434,40,0.1870937133873132,0.1941230142660798,40,0.1928045400873653,0.19097583884198105,40,0.2292257476112943,0.29135146844956544,40,0.18448071512070735,0.23447945011041052,40,0.21683862433862452,0.29135146844956544,40,0.0826656844441234,0.0826656844441234,0.039182368067651074,0.051108387446009616,0.0902907555136607,0.0,0.06416051604722647,0.0584983268839399,0.06015934539114083,0.059184025622587504,0.09029075551366068,0.07266593443156627,0.09029075551366068,0.825,1.0,0.825,1.0,0.3932429453262786,0.47619047619047616,0.5108531746031746,0.619047619047619,0.9314021164021163,1.0952380952380951,1.2425458534314,1.2425458534314,0.06389829350422427,0.1997235804266847,0.1605059398107673,0.28434459515522476,0.13251301361236187,0.24167441316226448,0.13910871755178342,0.2643989701348078,0.14730775819330488,0.3384497335019468,0.11855317675923308,0.27238409960267307,0.1349206349206351,0.326062610229277
B,12,ConcederTBNegotiator,GeniusBOABaselineNegotiator,0.65,0.48304589153964794,40,6.05,3.0377960972068423,40,0.0867504409171076,0.0628300432117267,40,0.5986904761904761,0.4443255462654381,40,0.6854409171075837,0.5071555894771648,40,1.2425458534314,0.0,40,0.29401497657139936,0.40577921852554383,40,0.6930603621072597,0.13012144332664777,40,0.6702542150102787,0.14119911651558692,40,0.6758576429722499,0.13316859954264787,40,0.5571049363238163,0.5071555894771648,40,0.44835764795747524,0.40815844990879796,40,0.5447178130511465,0.5071555894771648,40,0.14969747270189077,0.9414227639657009,0.019471232119514008,0.13769791338213602,0.15716914550165004,0.0,0.12575228265498317,0.04032505306739096,0.043758059555689746,0.041269376562223195,0.15716914550165004,0.12648961409964352,0.15716914550165004,0.475,0.775,5.05,6.925624999999997,0.06723985890652558,0.1062610229276896,0.4607142857142857,0.7366666666666666,0.5279541446208112,0.8429276895943563,1.2425458534314,1.2425458534314,0.16800855804079964,0.42002139510199915,0.6526538151500227,0.7334669090644967,0.6264077237176402,0.7141007063029174,0.634504864113644,0.7172104218308557,0.39961816383704385,0.7145917088105888,0.32161240789099493,0.5751028880239556,0.3872310405643741,0.702204585537919
B,12,ConcederTBNegotiator,LinearTBNegotiator,0.75,0.4385290096535146,40,3.275,1.3584965294445257,40,0.21483686067019397,0.124327228045507,40,0.5832783384573149,0.34058191095931123,40,0.798115199127509,0.4649091390048182,40,1.2425458534314,0.0,40,0.23760260730316193,0.3522499957106479,40,0.512449914094543,0.2079828986529166,40,0.487380732079592,0.21802197392351044,40,0.4940577516940644,0.2110758621789893,40,0.44443065430389106,0.4649091390048182,40,0.35767746765767766,0.3741585372651887,40,0.4320435310312213,0.4649091390048182,40,0.13590154807518112,0.4210024361949124,0.0385294071482987,0.10554742771144042,0.1440768348597391,0.0,0.10916340463855854,0.06445456806250387,0.06756570972128474,0.06541308738980095,0.1440768348597391,0.11595293200798845,0.1440768348597391,0.6243750000000011,0.875,2.825,3.675,0.17231040564373895,0.25027557319223986,0.4667814009245821,0.6803591197345924,0.6390918065683211,0.9306346929268322,1.2425458534314,1.2425458534314,0.13719591015302254,0.33800930445330135,0.45316566662330793,0.5835910110600249,0.425234907879794,0.5619557211193495,0.4338918739720404,0.5662568049604932,0.31191116050456785,0.6034540468630789,0.25102587533747567,0.4856593784419202,0.2995240372318981,0.5910669235904091
B,12,ConcederTBNegotiator,SmartAspirationNegotiator,0.65,0.48304589153964794,40,6.05,3.0377960972068423,40,0.07643298059964726,0.055162648107922756,40,0.5912659158415211,0.43880800261459046,40,0.6676988964411683,0.4939706507225133,40,1.2425458534314,0.0,40,0.3040924022111651,0.3982902045984897,40,0.6978645275114863,0.1265512396946653,40,0.6750462599979696,0.13763792014116033,40,0.6804884170323826,0.12972725125896253,40,0.5748469569902317,0.4939706507225133,40,0.4626364132983431,0.39754722077931337,40,0.5624598337175619,0.4939706507225133,40,0.14969747270189077,0.9414227639657009,0.017095081759166537,0.13598800888958026,0.1530830906487468,0.0,0.1234314131940383,0.03921863549899928,0.042654433365334206,0.04020289167998421,0.1530830906487468,0.12320116012298002,0.1530830906487468,0.5,0.8,5.075,6.925624999999997,0.05930335097001763,0.0935626102292769,0.4550030854458587,0.7275287462371833,0.5143064364158764,0.8210913564664605,1.2425458534314,1.2425458534314,0.18041154344358826,0.427773260978742,0.6651162830094736,0.7371624209139018,0.6323056252409521,0.7177868947549874,0.6402042783414996,0.7207725557232656,0.42145449696493964,0.7282394170155235,0.33918627292590925,0.586086553670777,0.40906737369226986,0.7158522937428539
B,12,GeniusBOABaselineNegotiator,BoulwareTBNegotiator,0.6,0.49613893835683387,40,7.925,4.334639842490096,40,0.2929453262786596,0.2404130040803176,40,0.34650072131667453,0.2858645649195735,40,0.6394460475953341,0.5262775689998912,40,1.2425458534314,0.0,40,0.3907232595054893,0.37154152490624837,40,0.43682413428759254,0.3566670595263371,40,0.4199368779190203,0.36409883608784704,40,0.4192876896148864,0.3603335790178508,40,0.6030998058360659,0.5262775689998912,40,0.4853742855207738,0.4235478051345382,40,0.5907126825633962,0.5262775689998912,40,0.15375504994833628,1.3433188044006565,0.07450476185768146,0.08859034649293422,0.1630951083506157,0.0,0.11514191147552041,0.11053226689689197,0.1128353983144829,0.11166853305939335,0.1630951083506157,0.13125882469464942,0.1630951083506157,0.45,0.75,6.525,9.175,0.22026014109347442,0.3656305114638448,0.26007395368591857,0.4329274889474305,0.4803340947793931,0.7985580004112753,1.2425458534314,1.2425458534314,0.27839337683086207,0.5030531421801165,0.32899131812900234,0.5446569504461827,0.30985717807918045,0.5300165777588601,0.3103463575120558,0.528229021717717,0.4439878530201248,0.762211758652007,0.35732110150624474,0.6134274695353029,0.4316007297474549,0.7498246353793372
B,12,GeniusBOABaselineNegotiator,ConcederTBNegotiator,0.7,0.4640954808922571,40,5.4,2.6194538479496945,40,0.6414021164021164,0.4237838363879473,40,0.15579365079365076,0.10276399934042836,40,0.7971957671957672,0.5265478357283757,40,1.2425458534314,0.0,40,0.2736089551902562,0.3755419757919257,40,0.5871134963037126,0.18632896706641036,40,0.6048480153411491,0.16933363098617996,40,0.5940118006333772,0.17306864188375187,40,0.44535008623563266,0.5265478357283757,40,0.35841742580827834,0.42376531560124514,40,0.4329629629629629,0.5265478357283757,40,0.14382467959824718,0.8117771577509149,0.1313319715379056,0.031846893339611874,0.1631788648775175,0.0,0.1163816640492255,0.05774394513964319,0.0524770359215137,0.053634527790657666,0.1631788648775175,0.13132623188664197,0.1631788648775175,0.55,0.85,4.599375000000001,6.15,0.504431216931217,0.7783730158730158,0.1225793650793651,0.1834722222222222,0.627010582010582,0.9390167548500882,1.2425458534314,1.2425458534314,0.17246005608065937,0.3949876341217723,0.536927442264741,0.6473367611504784,0.5592395042809294,0.6595782286134128,0.5380743969063421,0.6499492043604126,0.3035290985813117,0.615535271420818,0.22145251242886163,0.4953823391876952,0.29114197530864194,0.6031481481481482
B,12,GeniusBOABaselineNegotiator,GeniusBOABaselineNegotiator,0.6,0.49613893835683387,40,7.925,4.334639842490096,40,0.2929453262786596,0.2404130040803176,40,0.34650072131667453,0.2858645649195735,40,0.6394460475953341,0.5262775689998912,40,1.2425458534314,0.0,40,0.3907232595054893,0.37154152490624837,40,0.43682413428759254,0.3566670595263371,40,0.4199368779190203,0.36409883608784704,40,0.4192876896148864,0.3603335790178508,40,0.6030998058360659,0.5262775689998912,40,0.4853742855207738,0.4235478051345382,40,0.5907126825633962,0.5262775689998912,40,0.15375504994833628,1.3433188044006565,0.07450476185768146,0.08859034649293422,0.1630951083506157,0.0,0.11514191147552041,0.11053226689689197,0.1128353983144829,0.11166853305939335,0.1630951083506157,0.13125882469464942,0.1630951083506157,0.45,0.75,6.625,9.125,0.22026014109347442,0.3656305114638448,0.2600739536859186,0.43292748894743055,0.4803340947793931,0.7985580004112753,1.2425458534314,1.2425458534314,0.27839337683086207,0.5030531421801165,0.32899131812900234,0.5446569504461827,0.30985717807918045,0.5300165777588601,0.3103463575120558,0.528229021717717,0.44398785302012467,0.762211758652007,0.35732110150624474,0.6134274695353028,0.4316007297474549,0.7498246353793372
B,12,GeniusBOABaselineNegotiator,LinearTBNegotiator,0.65,0.48304589153964794,40,6.7,3.4729725684978363,40,0.5200837742504409,0.384860637571492,40,0.26013883748662836,0.19273173372711663,40,0.7802226117370693,0.5775923712986085,40,1.2425458534314,0.0,40,0.30717752323661895,0.39599750454272337,40,0.4697055137278302,0.29610704619610073,40,0.4860134907704918,0.27811715482069205,40,0.4757725428748897,0.2818613465585388,40,0.4623232416943307,0.5775923712986085,40,0.37207740898863756,0.4648459207388897,40,0.4499361184216609,0.5775923712986085,40,0.14969747270189077,1.0762853496383538,0.11926954725410785,0.05972818308513658,0.1789977303392444,0.0,0.12272089808559226,0.0917645243260288,0.08618939922870836,0.08734973626973036,0.1789977303392444,0.14405724331615322,0.1789977303392444,0.5,0.8,5.674375000000001,7.700624999999997,0.4005731922398589,0.6395943562610229,0.20028994824978738,0.3199877267234693,0.6008631404896463,0.9595820829844921,1.2425458534314,1.2425458534314,0.18420861547491604,0.4301464309983219,0.37775554022149416,0.5616554872341663,0.39964990926867155,0.572377072272312,0.4028339899611744,0.5632988063713479,0.2829637704469078,0.6416827129417537,0.22772903685242554,0.5164257811248497,0.270576647174238,0.6292955896690839
B,12,GeniusBOABaselineNegotiator,SmartAspirationNegotiator,0.6,0.49613893835683387,40,7.925,4.334639842490096,40,0.2929453262786596,0.2404130040803176,40,0.34650072131667453,0.2858645649195735,40,0.6394460475953341,0.5262775689998912,40,1.2425458534314,0.0,40,0.3907232595054893,0.37154152490624837,40,0.43682413428759254,0.3566670595263371,40,0.4199368779190203,0.36409883608784704,40,0.4192876896148864,0.3603335790178508,40,0.6030998058360659,0.5262775689998912,40,0.4853742855207738,0.4235478051345382,40,0.5907126825633962,0.5262775689998912,40,0.15375504994833628,1.3433188044006565,0.07450476185768146,0.08859034649293422,0.1630951083506157,0.0,0.11514191147552041,0.11053226689689197,0.1128353983144829,0.11166853305939335,0.1630951083506157,0.13125882469464942,0.1630951083506157,0.45,0.75,6.524375000000002,9.2,0.22026014109347442,0.3656305114638448,0.26007395368591857,0.4329274889474305,0.4803340947793931,0.7985580004112753,1.2425458534314,1.2425458534314,0.27839337683086207,0.5030531421801165,0.32899131812900234,0.5446569504461827,0.30985717807918045,0.5300165777588601,0.3103463575120558,0.528229021717717,0.44398785302012467,0.762211758652007,0.35732110150624474,0.6134274695353028,0.4316007297474549,0.7498246353793372
B,12,LinearTBNegotiator,BoulwareTBNegotiator,0.625,0.4902903378454601,40,7.325,3.9052069120138846,40,0.17939814814814814,0.139002066681936,40,0.4861975571800376,0.38078215240590024,40,0.6655957053281857,0.5197842190878362,40,1.2425458534314,0.0,40,0.3380093044533013,0.393827467741509,40,0.571734161565778,0.23253194977268551,40,0.5495265562793898,0.24375597714082795,40,0.5542236294160885,0.23598998812079852,40,0.5769501481032143,0.5197842190878362,40,0.46432905997787977,0.4183219618434252,40,0.5645630248305445,0.5197842190878362,40,0.15194254987178035,1.2102361604672716,0.04307718675818111,0.11800561160651292,0.16108279836469402,0.0,0.12204839671356638,0.07206239782407278,0.07554075994240553,0.07313405501086462,0.16108279836469402,0.1296393190801367,0.16108279836469402,0.475,0.775,6.1243750000000015,8.475,0.13687169312169312,0.22192460317460316,0.3697006196473047,0.6026944947127705,0.5065723127689978,0.8246190978873734,1.2425458534314,1.2425458534314,0.21752126787313406,0.4584973410334686,0.500593064600296,0.6428752585312599,0.4749515672396324,0.6241015453191474,0.48202457614965966,0.6264226826825173,0.41792675554402636,0.7359735406624021,0.3363471491936373,0.5923109707621222,0.4055396322713566,0.7235864173897324
B,12,LinearTBNegotiator,ConcederTBNegotiator,0.775,0.42290206176626033,40,2.525,0.9604352645732545,40,0.5991732804232803,0.3257539250024941,40,0.3223144991522498,0.17544752215701762,40,0.9214877795755301,0.5012014471595116,40,1.2425458534314,0.0,40,0.21533035626484484,0.3408931307404989,40,0.3706512017315525,0.2714781299731465,40,0.39130309843607936,0.25589808059743674,40,0.3799710193447799,0.25924278290375746,40,0.3210580738558699,0.5012014471595116,40,0.258387304556399,0.4033665604978679,40,0.3086709505832001,0.5012014471595116,40,0.1310587067515341,0.2976419721573951,0.10095218725526016,0.05437175042520528,0.15532393768046543,0.0,0.10564387572086273,0.08413194411256016,0.07930363678821768,0.08034017077177046,0.15532393768046543,0.12500459218589374,0.15532393768046543,0.65,0.9,2.225,2.8,0.4836309523809524,0.6954585537918871,0.2600846575344565,0.3741727005004109,0.7733443048587623,1.0696312542922979,1.2425458534314,1.2425458534314,0.11457028627465882,0.3160904262550309,0.29040858928148794,0.45089381418161717,0.3156655857195793,0.46694061115257934,0.3033448905251946,0.4719223739282822,0.17291459913910207,0.4692015485726378,0.13916154374631984,0.4014582175284941,0.1605274758664323,0.4568144252999679
B,12,LinearTBNegotiator,GeniusBOABaselineNegotiator,0.625,0.4902903378454601,40,7.325,3.9052069120138846,40,0.18931878306878308,0.14678445299694332,40,0.4842300472835139,0.37923871065889087,40,0.6735488303522971,0.5260231636558342,40,1.2425458534314,0.0,40,0.3343263377334938,0.3967166245372339,40,0.562045730330333,0.24013218053047564,40,0.5398247511696217,0.25136669922879445,40,0.5445934915777934,0.24354448977557613,40,0.5689970230791029,0.5260231636558342,40,0.4579283907372654,0.42334305989849375,40,0.5566098998064332,0.5260231636558342,40,0.15194254987178035,1.2102361604672716,0.04548897326408239,0.11752729405359169,0.1630162673176741,0.0,0.12294375568076713,0.07441773373794623,0.07789934715318513,0.07547521932889224,0.1630162673176741,0.13119537348862442,0.1630162673176741,0.475,0.775,6.1,8.5,0.14441137566137568,0.2342261904761905,0.36820531212594676,0.600254782441081,0.5126166877873225,0.8344809729172716,1.2425458534314,1.2425458534314,0.2129543891405727,0.4556982863264148,0.4885794098683441,0.6355120507923218,0.4629213289035198,0.6167281734357235,0.47008320523017383,0.6191037779254132,0.40806488051412837,0.7299291656440776,0.32841031933527537,0.5874464621392553,0.3956777572414586,0.7175420423714078
B,12,LinearTBNegotiator,LinearTBNegotiator,0.7,0.4640954808922571,40,5.4,2.6194538479496945,40,0.4117724867724869,0.2715408744021276,40,0.3856440227877975,0.25515331208883946,40,0.7974165095602844,0.5266941864909669,40,1.2425458534314,0.0,40,0.2902609364963443,0.36450181968898593,40,0.3061450323541616,0.37260924476958995,40,0.30296381079525153,0.36948090967547265,40,0.29476400484300747,0.37146799858843715,40,0.4451293438711156,0.5266941864909669,40,0.35823977251370775,0.42388309858863926,40,0.4327422205984458,0.5266941864909669,40,0.14382467959824718,0.8117771577509149,0.0841513888125547,0.07907283063617772,0.1632242194487324,0.0,0.11296028422633388,0.11547280128929441,0.1145033201994929,0.11511912543356004,0.1632242194487324,0.13136273321260084,0.1632242194487324,0.55,0.825,4.55,6.2,0.3240079365079366,0.4849096119929454,0.3031760859319089,0.4547109199046024,0.6271840224398455,0.9392769154939835,1.2425458534314,1.2425458534314,0.19208560547712042,0.40807133371941295,0.2057860383241988,0.426575825190117,0.1835441251202955,0.42238349647020745,0.17470207344660724,0.41482593623940767,0.30326893793741655,0.6153618309915544,0.22123679057116868,0.4952427544562468,0.262509733478007,0.6029747077188847
B,12,LinearTBNegotiator,SmartAspirationNegotiator,0.625,0.4902903378454601,40,7.325,3.9052069120138846,40,0.2058531746031746,0.15975509685528885,40,0.4891903647438314,0.38312990381639445,40,0.6950435393470059,0.5428850006716832,40,1.2425458534314,0.0,40,0.32470587867242795,0.4042635335344793,40,0.5501583242779687,0.24945742905770737,40,0.527914172660384,0.2607101257267609,40,0.5329883029584813,0.2526483487338526,40,0.547502314084394,0.5428850006716832,40,0.44062946455651364,0.43691345407693283,40,0.5351151908117242,0.5428850006716832,40,0.15194254987178035,1.2102361604672716,0.049508617440584525,0.11873318730654231,0.16824180474712683,0.0,0.1252825670098478,0.07730765819707817,0.08079490502381168,0.07829653444979022,0.16824180474712683,0.1354008822149398,0.16824180474712683,0.475,0.775,6.075,8.45,0.15697751322751324,0.254728835978836,0.371975153395788,0.6064055760918746,0.5289526666233012,0.8611344120707107,1.2425458534314,1.2425458534314,0.2010250199048511,0.4483867374400049,0.4738390263634125,0.6264776221925249,0.4481522115520651,0.607676133768703,0.4556927713422267,0.6102838345747359,0.3814114413606894,0.7135931868080988,0.3069596508711433,0.574299278241884,0.3690243180880196,0.701206063535429
B,12,SmartAspirationNegotiator,BoulwareTBNegotiator,0.6,0.49613893835683376,40,8.725,3.70714832694198,40,0.2738977072310406,0.22466256159279913,40,0.3782844458362528,0.31214647048652283,40,0.6521821530672935,0.5368090320793221,40,1.2425458534314,0.0,40,0.3751874179210408,0.3843880848232287,40,0.4571891083490748,0.33982729850879,40,0.43685669817541484,0.35010786665585353,40,0.4391231301980206,0.34393168829659043,40,0.5903637003641065,0.5368090320793221,40,0.4751242770910748,0.4320235189686373,40,0.5779765770914367,0.5368090320793221,40,0.15375504994833625,1.148857169047482,0.0696236491609089,0.09673519341135406,0.166358842572263,0.0,0.11912310164019761,0.10531357089019233,0.1084995519667515,0.10658553446338162,0.166358842572263,0.13388547562478145,0.166358842572263,0.45,0.75,7.55,9.750624999999996,0.20597442680776018,0.34182098765432106,0.28391174707560235,0.47265714459690333,0.48988617388336253,0.8144781322512245,1.2425458534314,1.2425458534314,0.25897357485030154,0.4914012609917802,0.3544475357058551,0.5599306809922944,0.33100695339967373,0.542706442951156,0.3351406582409735,0.5431056021550675,0.42806772118017555,0.7526596795480376,0.344508590969121,0.6057399632130286,0.4156805979075058,0.7402725562753677
B,12,SmartAspirationNegotiator,ConcederTBNegotiator,0.75,0.43852900965351455,40,5.95,2.183269719175042,40,0.7069003527336861,0.41203938252717803,40,0.15496031746031744,0.09014207420655579,40,0.8618606701940035,0.5021814567337338,40,1.2425458534314,0.0,40,0.21001069755099958,0.3683831328547344,40,0.5885795413279546,0.1634694986049709,40,0.6083266969186172,0.14730422168024843,40,0.5971495017811697,0.15079756475346137,40,0.3806851832373965,0.5021814567337337,40,0.3063751588612209,0.4041552714911207,40,0.3682980599647267,0.5021814567337337,40,0.1359015480751811,0.6766022957887939,0.1276923275785763,0.0279353182154539,0.15562764579403018,0.0,0.11416311563811793,0.050659722468627696,0.04565005124785814,0.04673264948231121,0.15562764579403016,0.1252490162550144,0.15562764579403016,0.625,0.875,5.225,6.575,0.5659611992945327,0.8243496472663139,0.12412698412698413,0.1806547619047619,0.7187169312169311,1.0050044091710757,1.2425458534314,1.2425458534314,0.10500534877549979,0.3360171160815993,0.5419835650622883,0.6444947128467543,0.5663385335253233,0.6505248011288762,0.5541655824069965,0.6487302050301775,0.23754144426032414,0.5238289222144689,0.19117318174160935,0.42157713598083246,0.2251543209876544,0.5121575176366805
B,12,SmartAspirationNegotiator,GeniusBOABaselineNegotiator,0.575,0.5006406152531231,40,9.3,4.0837388600304845,40,0.35688932980599647,0.3088166758108991,40,0.28646133940996127,0.24872495197705616,40,0.6433506692159578,0.5575416277879554,40,1.2425458534314,0.0,40,0.4002273335884444,0.3829382274745114,40,0.42584101217911846,0.38511399428563575,40,0.4311565371365759,0.373607752217702,40,0.421426773014141,0.3775494088569445,40,0.5991951842154422,0.5575416277879554,40,0.4822318488776184,0.44870909693051153,40,0.5868080609427724,0.5575416277879554,40,0.15515013407201458,1.2655637843695164,0.09570327935041816,0.07708066119802277,0.17278394054844096,0.0,0.1186737861927782,0.11934806331327252,0.11578224195336868,0.11700377400133313,0.17278394054844096,0.13905638980749307,0.17278394054844096,0.425,0.725,8.075,10.5,0.26436287477954146,0.4494157848324515,0.21193933368396722,0.3609833451359553,0.4763022084635088,0.8103991299684068,1.2425458534314,1.2425458534314,0.2854928666452565,0.5340842116888304,0.3104546504201181,0.5412273739381188,0.3192176310126271,0.5617519276145162,0.3083068830109929,0.5345466630172891,0.43214672346299315,0.7662436449678912,0.34779136904250396,0.6166723287127327,0.4197596001903234,0.7538565216952215
B,12,SmartAspirationNegotiator,LinearTBNegotiator,0.725,0.45220258677630254,40,7.425,2.9516401351078496,40,0.5798390652557319,0.36028662888217766,40,0.29006328210504884,0.18042548352391938,40,0.8699023473607808,0.540712112406097,40,1.2425458534314,0.0,40,0.2456930693557675,0.37071238788599065,40,0.4237305269746622,0.2772001058238511,40,0.4428317000195817,0.2603588997225943,40,0.4320094111266606,0.2638640184264179,40,0.37264350607061925,0.540712112406097,40,0.2999032229205315,0.43516471517962313,40,0.36025638279794947,0.540712112406097,40,0.14013903352723933,0.9147227546905771,0.11165398306160562,0.055914436635531285,0.16756841969713687,0.0,0.11488495925083522,0.08590520280022133,0.08068605895744034,0.08177230649762764,0.16756841969713687,0.13485894241599367,0.16756841969713687,0.575,0.85,6.424375000000001,8.25,0.46032848324515,0.6794312169312169,0.23021439286820788,0.33993735646908296,0.6905428761133579,1.0193685734002997,1.2425458534314,1.2425458534314,0.14321897955434842,0.3686619771174704,0.34710554905271546,0.5156805004809982,0.37086204876806483,0.5291952815214019,0.3590708582129453,0.5195356746231188,0.2231772800311001,0.5520029773180422,0.17961291280702146,0.44425159505674366,0.21079015675843032,0.5396158540453724
B,12,SmartAspirationNegotiator,SmartAspirationNegotiator,0.6,0.49613893835683376,40,8.725,3.70714832694198,40,0.3056437389770723,0.25091329907199666,40,0.41173160136350784,0.3398038642104365,40,0.71737534034058,0.5907171632824331,40,1.2425458534314,0.0,40,0.3360171160815993,0.4167779381061241,40,0.44080552340947393,0.35337485590614426,40,0.4192057494092333,0.3647034049589272,40,0.4243316336388275,0.35616275062923514,40,0.52517051309082,0.5907171632824331,40,0.42265684734331155,0.47540874379091563,40,0.5127833898181502,0.5907171632824331,40,0.15375504994833625,1.148857169047482,0.07775883698886318,0.10530630852589218,0.18306514551475533,0.0,0.1291608211665555,0.10951200242472756,0.1130227561487178,0.11037597995049725,0.18306514551475533,0.14733069609399504,0.18306514551475533,0.45,0.75,7.55,9.85,0.22978395061728393,0.38150352733686066,0.3089971137210436,0.5144660890059721,0.5387810643383275,0.8959696163428326,1.2425458534314,1.2425458534314,0.21001069755099958,0.4620235346121991,0.3339680545313541,0.5476429922875937,0.3089432674419467,0.5294682313765199,0.31665128754198213,0.5320119797356728,0.34657623708856733,0.7037647890930725,0.27892430378441685,0.5663893909022061,0.33418911381589755,0.6913776658204027
B,24,BoulwareTBNegotiator,BoulwareTBNegotiator,0.225,0.4229020617662602,40,11.575,7.7588245871626045,40,0.11599426807760141,0.21387507268337766,40,0.14953823940020433,0.2795750808812697,40,0.2655325074778057,0.4934501535646472,40,1.2425458534314,0.0,40,0.6534282129100986,0.3507541755254637,40,0.7050875105441926,0.30649664979033486,40,0.6920380374276063,0.3161759409704277,40,0.6904325265648132,0.3094148677688854,40,0.9770133459535943,0.4934501535646473,40,0.7862996309194431,0.3971283250448595,40,0.9646262226809246,0.4934501535646473,40,0.13105870675153408,2.404484650792646,0.06628057171252628,0.08664121519583948,0.15292178690836572,0.0,0.10869984516054532,0.09498429583774587,0.09798393925172297,0.09588866095881092,0.15292178690836572,0.1230713429899257,0.15292178690836572,0.1,0.35,9.225,13.9,0.05277777777777778,0.17921075837742506,0.06690235684100793,0.23217412195940076,0.11968013461878571,0.4113848803368258,1.2425458534314,1.2425458534314,0.5497534477468209,0.7571029780733761,0.6144942392232144,0.7956807818651707,0.5985837930660655,0.7854922817891469,0.598976697975149,0.7818883551544773,0.8019904985227703,1.1228657188126143,0.6689177472197504,0.9036815146191358,0.8187738498219044,1.1104785955399445
B,24,BoulwareTBNegotiator,ConcederTBNegotiator,0.45,0.5038314736557788,40,8.95,5.113832423073917,40,0.4226410934744268,0.47073143416075647,40,0.11721681082877575,0.13035033841813246,40,0.5398579043032026,0.6010817725788888,40,1.2425458534314,0.0,40,0.46202353461219897,0.4232399969223927,40,0.6805681592669223,0.21002745643203102,40,0.6895311393304807,0.19114754565220402,40,0.6808704794474668,0.19501921132718242,40,0.7026879491281974,0.6010817725788888,40,0.5655227508809133,0.4837501738217134,40,0.6903008258555277,0.6010817725788888,40,0.1561389913358755,1.584793086874475,0.14588118282218707,0.040395988391154734,0.18627717121334178,0.0,0.13116343394142677,0.06508818308270592,0.059237238114374056,0.060437079737793296,0.18627717121334178,0.14991573204233952,0.18627717121334178,0.3,0.6,7.349375000000001,10.425,0.2824955908289242,0.5627865961199294,0.07840909081706744,0.1560245308404841,0.36090468164599165,0.7188111269604136,1.2425458534314,1.2425458534314,0.3360171160815993,0.5880299531427987,0.6180390793819119,0.7430972391519326,0.6326229600145145,0.746439318646447,0.6228096332545527,0.7389313256403808,0.5237347264709864,0.8816411717854085,0.42150132731492107,0.7095441744469057,0.5113476031983166,0.8692540485127387
B,24,BoulwareTBNegotiator,GeniusBOABaselineNegotiator,0.225,0.4229020617662602,40,11.575,7.7588245871626045,40,0.11599426807760141,0.21387507268337766,40,0.1352098417917694,0.252643930257208,40,0.2512041098693708,0.4665190029405857,40,1.2425458534314,0.0,40,0.664938389763001,0.3291200532037447,40,0.7013996283634099,0.31342826302501964,40,0.6895030116651578,0.3209406859551834,40,0.6864756510389917,0.31685207140454047,40,0.9913417435620291,0.4665190029405856,40,0.7978311149036081,0.37545415459095716,40,0.9789546202893593,0.46651900294058557,40,0.13105870675153408,2.404484650792646,0.06628057171252628,0.07829516514969168,0.14457573686221797,0.0,0.10199536119244376,0.09713242503448104,0.0994605490206488,0.09819347424410413,0.14457573686221795,0.11635444797707811,0.14457573686221795,0.1,0.35,9.274375000000001,13.95,0.05277777777777778,0.17921075837742506,0.06053418012614795,0.20988550345739085,0.11331195790392574,0.38909626183481594,1.2425458534314,1.2425458534314,0.5676581672957803,0.7622186122302217,0.6087575336086635,0.7940417231181561,0.5946404196578123,0.7843656036725031,0.5928215582683155,0.7801297438096677,0.825871161203495,1.1292338955274743,0.6868556111951183,0.908806618612098,0.8410624683239142,1.1168467722548043
B,24,BoulwareTBNegotiator,LinearTBNegotiator,0.375,0.49029033784546006,40,10.475,6.527996904850951,40,0.3009810405643739,0.39063255753383885,40,0.14148730245718183,0.18394863468486428,40,0.44246834302155574,0.5745811922187031,40,1.2425458534314,0.0,40,0.5399125650519785,0.39240253196644725,40,0.6452803773408687,0.2913959190088109,40,0.6511364094055878,0.2734110839875902,40,0.6429384861594609,0.27732721464234494,40,0.8000775104098443,0.5745811922187031,40,0.6439017990365181,0.46242252600332323,40,0.7876903871371745,0.5745811922187031,40,0.15194254987178032,2.0230472002301316,0.12105828378232236,0.05700627249207721,0.17806455627439957,0.0,0.12160680454183842,0.09030453088468811,0.08473097276776494,0.08594459423118042,0.17806455627439957,0.14330622550681615,0.17806455627439957,0.225,0.525,8.45,12.5,0.18147045855379193,0.42049162257495604,0.08520984179176941,0.19776476312259422,0.26668030034556134,0.6182563856975501,1.2425458534314,1.2425458534314,0.41986047499117063,0.6599646551127865,0.556130368708435,0.7344303859733025,0.5674887022564711,0.7347841165547045,0.5580926734127619,0.72778429890616,0.6242894677338499,0.9758655530858388,0.5024277100195695,0.7853758880534669,0.61190234446118,0.9634784298131688
B,24,BoulwareTBNegotiator,SmartAspirationNegotiator,0.225,0.4229020617662602,40,11.575,7.7588245871626045,40,0.12313712522045857,0.22730053496167169,40,0.13733075353000151,0.2566303211324196,40,0.26046787875046007,0.48393085609409137,40,1.2425458534314,0.0,40,0.6579848673146166,0.34218964867023255,40,0.6944294974281621,0.32652907521745095,40,0.6821942022483898,0.3346780662725515,40,0.6794618268560022,0.330035007883884,40,0.9820779746809398,0.48393085609409137,40,0.7903756404392199,0.3894672013573371,40,0.96969085140827,0.4839308560940913,40,0.13105870675153408,2.404484650792646,0.07044116557765437,0.079530560481011,0.14997172605866538,0.0,0.10604567079001279,0.10119240879564737,0.1037178072875601,0.10227890858546074,0.14997172605866538,0.12069713616161946,0.14997172605866535,0.1,0.35,9.15,13.925,0.05595238095238096,0.1903218694885362,0.061476807565362224,0.22835548868756864,0.1174291885177432,0.403506568983177,1.2425458534314,1.2425458534314,0.5568415768205157,0.7591281578087175,0.5979151077093894,0.790943887146935,0.5832711605650622,0.7811172439317173,0.5819111650947763,0.7770124886172279,0.8390392844482228,1.1251166649136568,0.6522347196794399,0.9054930744057031,0.7980444231290098,1.1127295416409868
B,24,ConcederTBNegotiator,BoulwareTBNegotiator,0.4,0.49613893835683387,40,9.35,5.4516523018726,40,0.05634920634920636,0.06715813671761375,40,0.36364117339577773,0.45005696162306635,40,0.4199903797449841,0.5172150983406801,40,1.2425458534314,0.0,40,0.504025674122399,0.41677793810612423,40,0.7558831975144239,0.13925652703329047,40,0.7388055478945057,0.15064034563953804,40,0.7402101049467074,0.1424451024326748,40,0.8225554736864158,0.5172150983406801,40,0.6619920475488742,0.41625433533285305,40,0.8101683504137462,0.5172150983406801,40,0.15375504994833628,1.6894845519512898,0.020812522193183084,0.13947409740330027,0.16028661959648338,0.0,0.12916082116655553,0.04315604483806083,0.046683926774123516,0.044144194591877906,0.16028661959648338,0.12899855498598922,0.16028661959648338,0.25,0.55,7.675,10.925624999999997,0.036044973544973546,0.07665343915343917,0.22757335241998017,0.49970899437157534,0.2636183259649537,0.5763624335250145,1.2425458534314,1.2425458534314,0.3780192555917992,0.6300320926529986,0.7137811219866004,0.7979852730422474,0.6932617493755531,0.7843493464134583,0.6971440125418944,0.7832761973515204,0.6661834199063854,0.9789275274664462,0.5361439322876184,0.7878401628101301,0.6537962966337157,0.9665404041937766
B,24,ConcederTBNegotiator,ConcederTBNegotiator,0.925,0.2667467828369185,40,0.925,0.2667467828369185,40,0.5140542328042328,0.14760459103189275,40,0.594702380952381,0.17126837088497388,40,1.1087566137566138,0.3188729619168666,40,1.2425458534314,0.0,40,0.06300320926529987,0.224078711732265,40,0.15072483750219254,0.2068889666676815,40,0.12159463085124252,0.2130113056663681,40,0.1318804763614822,0.20854480964871697,40,0.1337892396747861,0.31887296191686665,40,0.10767348287816927,0.2566287280556052,40,0.12140211640211632,0.31887296191686665,40,0.0826656844441234,0.0826656844441234,0.04574313667432754,0.053076618028012564,0.0988197547023401,0.0,0.06944271221456468,0.0641155550279959,0.06601288754066129,0.06462870608422806,0.09881975470234011,0.07953006678139132,0.09881975470234011,0.825,1.0,0.825,1.0,0.45871913580246915,0.5555555555555556,0.5304960317460318,0.6428571428571429,1.019100529100529,1.1984126984126986,1.2425458534314,1.2425458534314,0.0,0.14700748828569968,0.09255479198167141,0.2088948830227137,0.061703194654447624,0.18148606704803744,0.07324486487515304,0.21006129167658777,0.04413315501870141,0.253330685882899,0.035518331091624354,0.20388035192689583,0.03174603174603163,0.211058201058201
B,24,ConcederTBNegotiator,GeniusBOABaselineNegotiator,0.4,0.49613893835683387,40,9.35,5.4516523018726,40,0.05634920634920636,0.06715813671761375,40,0.36364117339577773,0.45005696162306635,40,0.4199903797449841,0.5172150983406801,40,1.2425458534314,0.0,40,0.504025674122399,0.41677793810612423,40,0.7558831975144239,0.13925652703329047,40,0.7388055478945057,0.15064034563953804,40,0.7402101049467074,0.1424451024326748,40,0.8225554736864158,0.5172150983406801,40,0.6619920475488742,0.41625433533285305,40,0.8101683504137462,0.5172150983406801,40,0.15375504994833628,1.6894845519512898,0.020812522193183084,0.13947409740330027,0.16028661959648338,0.0,0.12916082116655553,0.04315604483806083,0.046683926774123516,0.044144194591877906,0.16028661959648338,0.12899855498598922,0.16028661959648338,0.25,0.55,7.55,10.950624999999995,0.036044973544973546,0.07665343915343917,0.22757335241998017,0.49970899437157534,0.2636183259649537,0.5763624335250145,1.2425458534314,1.2425458534314,0.3780192555917992,0.6300320926529986,0.7137811219866004,0.7979852730422474,0.6932617493755531,0.7843493464134583,0.6971440125418944,0.7832761973515204,0.6661834199063854,0.9789275274664462,0.5361439322876184,0.7878401628101301,0.6537962966337157,0.9665404041937766
B,24,ConcederTBNegotiator,LinearTBNegotiator,0.7,0.4640954808922571,40,4.7,2.1862038284403353,40,0.21177248677248675,0.13894216557576833,40,0.5589090815289641,0.3700269274578492,40,0.770681568301451,0.5089690930336176,40,1.2425458534314,0.0,40,0.2628654492886394,0.38266485084603946,40,0.5335943292338455,0.2218118293210432,40,0.5096287588276185,0.2324633833316802,40,0.5159269394080375,0.2248384007705794,40,0.47186428512994905,0.5089690930336176,40,0.37975603381304135,0.40961795625332814,40,0.45947716185727927,0.5089690930336176,40,0.14382467959824718,0.6775115856706426,0.04305862321305548,0.11467253286334879,0.15773115607640428,0.0,0.11858906589788536,0.0687401980770556,0.0720411488638592,0.06967814228666923,0.15773115607640428,0.12694191980184535,0.15773115607640428,0.55,0.85,3.975,5.35,0.16686507936507938,0.24919532627865962,0.43931291779996845,0.6585725513031273,0.6061779971650478,0.9077678775817869,1.2425458534314,1.2425458534314,0.15979806698232535,0.38654630805621626,0.47385128107525476,0.6052859870241543,0.43449441915959836,0.5847630984956387,0.4553687110833639,0.5885968133976455,0.307360713993546,0.6363678562663522,0.2694290717119969,0.5121483883342947,0.32239085257694333,0.6239807329936824
B,24,ConcederTBNegotiator,SmartAspirationNegotiator,0.4,0.49613893835683387,40,9.35,5.4516523018726,40,0.05634920634920636,0.06715813671761375,40,0.36364117339577773,0.45005696162306635,40,0.4199903797449841,0.5172150983406801,40,1.2425458534314,0.0,40,0.504025674122399,0.41677793810612423,40,0.7558831975144239,0.13925652703329047,40,0.7388055478945057,0.15064034563953804,40,0.7402101049467074,0.1424451024326748,40,0.8225554736864158,0.5172150983406801,40,0.6619920475488742,0.41625433533285305,40,0.8101683504137462,0.5172150983406801,40,0.15375504994833628,1.6894845519512898,0.020812522193183084,0.13947409740330027,0.16028661959648338,0.0,0.12916082116655553,0.04315604483806083,0.046683926774123516,0.044144194591877906,0.16028661959648338,0.12899855498598922,0.16028661959648338,0.25,0.55,7.674375000000001,10.925624999999997,0.036044973544973546,0.07665343915343917,0.22757335241998017,0.49970899437157534,0.2636183259649537,0.5763624335250145,1.2425458534314,1.2425458534314,0.3780192555917992,0.6300320926529986,0.7137811219866004,0.7979852730422474,0.6932617493755531,0.7843493464134583,0.6971440125418944,0.7832761973515204,0.6401214109430471,0.9789275274664462,0.5361439322876184,0.7878401628101301,0.6537962966337157,0.9665404041937766
B,24,GeniusBOABaselineNegotiator,BoulwareTBNegotiator,0.225,0.4229020617662602,40,11.575,7.7588245871626045,40,0.1148037918871252,0.21163749563699527,40,0.1309722222222222,0.24467905002190776,40,0.2457760141093474,0.456316545658903,40,1.2425458534314,0.0,40,0.6684105570908193,0.32259388999604777,40,0.7027958587169284,0.31080395771300345,40,0.6915560225310073,0.31708191916408873,40,0.6880298622079347,0.3139308309255797,40,0.9967698393220525,0.45631654565890295,40,0.8021996424271867,0.3672432243838282,40,0.9843827160493828,0.45631654565890295,40,0.13105870675153408,2.404484650792646,0.06558713940167159,0.07582682319195902,0.14141396259363062,0.0,0.0999728822608491,0.09631914439243934,0.09826470480275953,0.09728817244045761,0.1414139625936306,0.11380985434308397,0.1414139625936306,0.1,0.375,9.198750000000002,13.925624999999997,0.052248677248677246,0.17767168209876374,0.058650793650793655,0.20329365079365083,0.1108994708994709,0.380652557319224,1.2425458534314,1.2425458534314,0.5730593164723867,0.7637617977092521,0.6109294474919146,0.7946622699419421,0.5978339921158006,0.7852780529462141,0.5766810916624188,0.780820504329198,0.8618932961121761,1.1316463825319292,0.6936510984540182,0.9107481864003553,0.8495061728395064,1.1192592592592594
B,24,GeniusBOABaselineNegotiator,ConcederTBNegotiator,0.45,0.5038314736557788,40,8.95,5.113832423073917,40,0.4226410934744268,0.47073143416075647,40,0.11721681082877575,0.13035033841813246,40,0.5398579043032026,0.6010817725788888,40,1.2425458534314,0.0,40,0.46202353461219897,0.4232399969223927,40,0.6805681592669223,0.21002745643203102,40,0.6895311393304807,0.19114754565220402,40,0.6808704794474668,0.19501921132718242,40,0.7026879491281974,0.6010817725788888,40,0.5655227508809133,0.4837501738217134,40,0.6903008258555277,0.6010817725788888,40,0.1561389913358755,1.584793086874475,0.14588118282218707,0.040395988391154734,0.18627717121334178,0.0,0.13116343394142677,0.06508818308270592,0.059237238114374056,0.060437079737793296,0.18627717121334178,0.14991573204233952,0.18627717121334178,0.3,0.6,7.324375000000002,10.425,0.28249559082892417,0.5627865961199295,0.07840909081706744,0.1560245308404841,0.3609046816459916,0.7188111269604136,1.2425458534314,1.2425458534314,0.3360171160815993,0.5880299531427988,0.6180390793819119,0.7430972391519326,0.6326229600145145,0.746439318646447,0.6228096332545529,0.7389313256403808,0.5237347264709864,0.8816411717854085,0.42150132731492107,0.7095441744469057,0.5113476031983166,0.8692540485127387
B,24,GeniusBOABaselineNegotiator,GeniusBOABaselineNegotiator,0.225,0.4229020617662602,40,11.575,7.7588245871626045,40,0.11599426807760141,0.21387507268337766,40,0.1352098417917694,0.252643930257208,40,0.2512041098693708,0.4665190029405857,40,1.2425458534314,0.0,40,0.664938389763001,0.3291200532037447,40,0.7013996283634099,0.31342826302501964,40,0.6895030116651578,0.3209406859551834,40,0.6864756510389917,0.31685207140454047,40,0.9913417435620291,0.4665190029405856,40,0.7978311149036081,0.37545415459095716,40,0.9789546202893593,0.46651900294058557,40,0.13105870675153408,2.404484650792646,0.06628057171252628,0.07829516514969168,0.14457573686221797,0.0,0.10199536119244376,0.09713242503448104,0.0994605490206488,0.09819347424410413,0.14457573686221795,0.11635444797707811,0.14457573686221795,0.1,0.35,9.15,13.85,0.05277777777777778,0.19185405643738979,0.06053418012614795,0.20988550345739085,0.11331195790392572,0.38909626183481594,1.2425458534314,1.2425458534314,0.5676581672957803,0.7622186122302217,0.6087575336086635,0.7940417231181561,0.5756679012563434,0.7843656036725031,0.5928215582683155,0.7801297438096677,0.8534495915965842,1.1292338955274743,0.6863007336765768,0.908806618612098,0.8410624683239142,1.1168467722548043
B,24,GeniusBOABaselineNegotiator,LinearTBNegotiator,0.375,0.49029033784546006,40,10.475,6.527996904850951,40,0.3009810405643739,0.39063255753383885,40,0.14148730245718183,0.18394863468486428,40,0.44246834302155574,0.5745811922187031,40,1.2425458534314,0.0,40,0.5399125650519785,0.39240253196644725,40,0.6452803773408687,0.2913959190088109,40,0.6511364094055878,0.2734110839875902,40,0.6429384861594609,0.27732721464234494,40,0.8000775104098443,0.5745811922187031,40,0.6439017990365181,0.46242252600332323,40,0.7876903871371745,0.5745811922187031,40,0.15194254987178032,2.0230472002301316,0.12105828378232236,0.05700627249207721,0.17806455627439957,0.0,0.12160680454183842,0.09030453088468811,0.08473097276776494,0.08594459423118042,0.17806455627439957,0.14330622550681615,0.17806455627439957,0.225,0.525,8.375,12.45,0.18147045855379193,0.42049162257495604,0.08520984179176941,0.19776476312259422,0.26668030034556134,0.6182563856975501,1.2425458534314,1.2425458534314,0.41986047499117063,0.6599646551127865,0.5561303687084349,0.7344303859733025,0.5674887022564711,0.7347841165547044,0.5580926734127619,0.72778429890616,0.6242894677338497,0.9758655530858388,0.5024277100195695,0.7853758880534669,0.61190234446118,0.9634784298131688
B,24,GeniusBOABaselineNegotiator,SmartAspirationNegotiator,0.225,0.4229020617662602,40,11.575,7.7588245871626045,40,0.1326609347442681,0.24520115133273035,40,0.13632936507936505,0.2547481467306282,40,0.26899029982363315,0.4999492980633586,40,1.2425458534314,0.0,40,0.6537972546417329,0.3500605377068593,40,0.6848583796503213,0.3445186105137027,40,0.6729126180508099,0.35212340446639023,40,0.6698896609726674,0.3480265131622436,40,0.9735555536077669,0.49994929806335847,40,0.7835168021519747,0.4023588318151031,40,0.9611684303350971,0.4999492980633586,40,0.13105870675153408,2.404484650792646,0.0759886240644918,0.07894726859080506,0.15493589265529686,0.0,0.10848488457349931,0.10676742354289383,0.10912417360551703,0.1078545338364874,0.15493589265529684,0.12469229383159398,0.15493589265529686,0.1,0.35,9.2,14.025,0.060185185185185196,0.20513668430335102,0.06103174603174603,0.2266865079365079,0.12121693121693122,0.4167636684303351,1.2425458534314,1.2425458534314,0.5503275126626966,0.7572669966207692,0.5830267022771923,0.7866900570234501,0.5688331407021601,0.7769920953994596,0.5464474229369733,0.7727581926690792,0.8257821850010648,1.121328922214469,0.6645889024703552,0.9024447018335945,0.7838403880070548,1.108941798941799
B,24,LinearTBNegotiator,BoulwareTBNegotiator,0.375,0.49029033784546006,40,10.475,6.527996904850951,40,0.12240961199294531,0.1571609680836197,40,0.29929653656647814,0.3902748819024115,40,0.42170614855942345,0.5474358499860312,40,1.2425458534314,0.0,40,0.5250267438774989,0.4118648634137612,40,0.681942514249475,0.24346234169932524,40,0.6654426737274322,0.2547064888738208,40,0.6664867766998561,0.2465392164430559,40,0.8208397048719765,0.5474358499860312,40,0.6606111980537018,0.4405759742984443,40,0.8084525815993068,0.5474358499860312,40,0.15194254987178032,2.0230472002301316,0.04870468860528409,0.12094743895575515,0.16965212756103923,0.0,0.12763824354500053,0.07544976137630954,0.07893435868722971,0.07640329473830265,0.16965212756103923,0.13653590899082704,0.16965212756103923,0.225,0.525,8.399375000000001,12.550624999999997,0.07432760141093474,0.1704916225749559,0.1798953822573472,0.41919519568522773,0.254222983668282,0.589189313450565,1.2425458534314,1.2425458534314,0.3990203253468992,0.6510331624080986,0.5950431680689853,0.7564276681184663,0.5875174723070533,0.743367875147811,0.591060280169315,0.7419132732303971,0.653356539980835,0.988322869763118,0.5258208686436265,0.795401527463777,0.6409694167081652,0.9759357464904482
B,24,LinearTBNegotiator,ConcederTBNegotiator,0.725,0.4522025867763026,40,4.0,1.7686732677928756,40,0.5990189594356261,0.372249660278376,40,0.2785553455971123,0.17324766468620026,40,0.8775743050327385,0.5454973249645763,40,1.2425458534314,0.0,40,0.24569306935576737,0.37071238788599076,40,0.4450041234715645,0.2639311742846311,40,0.4643149919589883,0.24695917532608377,40,0.4535936224855538,0.2504013477919103,40,0.36497154839866147,0.5454973249645763,40,0.2937288369606324,0.43901585076972205,40,0.3525844251259917,0.5454973249645763,40,0.14013903352723933,0.5481175243620847,0.11536136490095054,0.0536900075319243,0.16905137243287482,0.0,0.11488495925083525,0.08179311831370499,0.07653344134451351,0.07760018164344425,0.16905137243287482,0.13605242170019288,0.16905137243287482,0.575,0.85,3.449375000000001,4.525,0.49611992945326283,0.7019179894179894,0.22108740874122373,0.3264452929770195,0.7267853276704679,1.0283632823950088,1.2425458534314,1.2425458534314,0.14321897955434823,0.36866197711747023,0.37204700701460097,0.5325526632199207,0.39604935655909324,0.5462337544388622,0.38437648532337193,0.5228107596477358,0.21342862614958097,0.545918321233386,0.1723739775436914,0.4393546682609616,0.20104150287691122,0.5335311979607162
B,24,LinearTBNegotiator,GeniusBOABaselineNegotiator,0.375,0.49029033784546006,40,10.475,6.527996904850951,40,0.12240961199294531,0.1571609680836197,40,0.29929653656647814,0.3902748819024115,40,0.42170614855942345,0.5474358499860312,40,1.2425458534314,0.0,40,0.5250267438774989,0.4118648634137612,40,0.681942514249475,0.24346234169932524,40,0.6654426737274322,0.2547064888738208,40,0.6664867766998561,0.2465392164430559,40,0.8208397048719765,0.5474358499860312,40,0.6606111980537018,0.4405759742984443,40,0.8084525815993068,0.5474358499860312,40,0.15194254987178032,2.0230472002301316,0.04870468860528409,0.12094743895575515,0.16965212756103923,0.0,0.12763824354500053,0.07544976137630954,0.07893435868722971,0.07640329473830265,0.16965212756103923,0.13653590899082704,0.16965212756103923,0.225,0.55,8.575,12.4,0.07432760141093474,0.1704916225749559,0.1798953822573472,0.41869769087560904,0.254222983668282,0.5891893134505649,1.2425458534314,1.2425458534314,0.3990203253468992,0.6510331624080986,0.6074573603804838,0.7564276681184663,0.5875174723070533,0.743367875147811,0.591060280169315,0.7419132732303971,0.653356539980835,0.988322869763118,0.5258208686436265,0.795401527463777,0.6409694167081652,0.9759357464904482
B,24,LinearTBNegotiator,LinearTBNegotiator,0.575,0.5006406152531231,40,8.5,4.760952285695232,40,0.3173390652557319,0.27438107793634564,40,0.328714451018333,0.28551386291961983,40,0.6460535162740648,0.5598949408559654,40,1.2425458534314,0.0,40,0.3897248948522887,0.39208248380586325,40,0.41958482533893077,0.3905611268574794,40,0.4062225410483008,0.3953172672478811,40,0.4031367322634667,0.393474169299418,40,0.5964923371573352,0.5598949408559654,40,0.48005659952915936,0.4506030415777141,40,0.5841052138846654,0.5598949408559654,40,0.15515013407201458,1.4754343993097983,0.08503157700684043,0.08848166281715089,0.17351323982399128,0.0,0.12150762058929594,0.12103614718637636,0.12251009036388513,0.1219389083920283,0.17351323982399128,0.1396433293345426,0.17351323982399128,0.425,0.725,6.975,9.875624999999996,0.23513007054673724,0.39954805996472664,0.24316989443798115,0.4142590075986849,0.4782999649847183,0.8138070675634115,1.2425458534314,1.2425458534314,0.2722506612822775,0.5071991284222999,0.3025664148390118,0.5366032358388495,0.28777911420567154,0.52466596789093,0.2852455272818818,0.5210279372450517,0.4287387858679885,0.7642458884466817,0.34504866334227313,0.6150645357160457,0.41635166259531875,0.751858765174012
B,24,LinearTBNegotiator,SmartAspirationNegotiator,0.375,0.49029033784546006,40,10.475,6.527996904850951,40,0.12240961199294531,0.1571609680836197,40,0.29929653656647814,0.3902748819024115,40,0.42170614855942345,0.5474358499860312,40,1.2425458534314,0.0,40,0.5250267438774989,0.4118648634137612,40,0.681942514249475,0.24346234169932524,40,0.6654426737274322,0.2547064888738208,40,0.6664867766998561,0.2465392164430559,40,0.8208397048719765,0.5474358499860312,40,0.6606111980537018,0.4405759742984443,40,0.8084525815993068,0.5474358499860312,40,0.15194254987178032,2.0230472002301316,0.04870468860528409,0.12094743895575515,0.16965212756103923,0.0,0.12763824354500053,0.07544976137630954,0.07893435868722971,0.07640329473830265,0.16965212756103923,0.13653590899082704,0.16965212756103923,0.225,0.525,8.45,12.5,0.07432760141093475,0.1704916225749559,0.1798953822573472,0.41869769087560904,0.254222983668282,0.589189313450565,1.2425458534314,1.2425458534314,0.3990203253468992,0.6510331624080986,0.6074573603804838,0.7564276681184662,0.5875174723070533,0.743367875147811,0.591060280169315,0.7419132732303971,0.653356539980835,0.988322869763118,0.5258208686436265,0.7954015274637772,0.6409694167081653,0.9759357464904482
B,24,SmartAspirationNegotiator,BoulwareTBNegotiator,0.35,0.4830458915396479,40,13.775,7.895105591927969,40,0.24032186948853615,0.3286330734769298,40,0.18095317170336073,0.24864376113481912,40,0.4212750411918969,0.5772768346117488,40,1.2425458534314,0.0,40,0.5546799077267258,0.3938381942244508,40,0.5967966478795467,0.3745106566410417,40,0.6014883182743127,0.3571328846613701,40,0.5934738139282814,0.361013599576328,40,0.8212708122395032,0.5772768346117488,40,0.6609581529498418,0.4645919770425759,40,0.8088836889668333,0.5772768346117488,40,0.14969747270189074,2.4467185717263775,0.10184444461155973,0.07705549989533436,0.17889994450689403,0.0,0.12205172088506952,0.11606205493311375,0.11067662760186182,0.11187927361380506,0.17889994450689403,0.1439785453493294,0.17889994450689403,0.225,0.5,11.425,16.1,0.13827160493827165,0.34237213403880074,0.10374194845634219,0.25816439495037924,0.2420135533946138,0.6005365289891799,1.2425458534314,1.2425458534314,0.43238152952218056,0.6769782859312712,0.480500040289944,0.7130932554691494,0.4905880215582842,0.7123886149903413,0.4813684407434554,0.6868949582489698,0.6420093244422201,1.0005323000367863,0.516688637823107,0.8052276680765769,0.6296222011695501,0.9881451767641163
B,24,SmartAspirationNegotiator,ConcederTBNegotiator,0.575,0.5006406152531231,40,9.3,4.0837388600304845,40,0.5576829805996473,0.4836435573278627,40,0.1098611111111111,0.0949627833694416,40,0.6675440917107582,0.5786063406973042,40,1.2425458534314,0.0,40,0.35701818583669925,0.42055953932667983,40,0.6704675073677471,0.1721227611405051,40,0.6838811097706428,0.15356569042100313,40,0.6741428474392205,0.15751474627516043,40,0.5750017617206418,0.5786063406973043,40,0.462761000032895,0.4656619625742036,40,0.562614638447972,0.5786063406973043,40,0.15515013407201458,1.2655637843695164,0.14988269124858197,0.029429271462866256,0.17931196271144817,0.0,0.13033275152637952,0.05334139631138949,0.047590500514293796,0.048814325602716965,0.17931196271144823,0.14431013730097966,0.17931196271144823,0.425,0.725,7.9993750000000015,10.45,0.4127755731922398,0.7025903880070545,0.08140873015873015,0.13831349206349206,0.49418430335096997,0.8409038800705467,1.2425458534314,1.2425458534314,0.23101176730609954,0.48302460436729894,0.6188967530492585,0.7306333874059836,0.637870353029494,0.7298918665117915,0.6269488898947888,0.7213368049836522,0.4016419733608533,0.7772548481403947,0.3232411683252442,0.6022808317405459,0.38925485008818356,0.7359744268077602
B,24,SmartAspirationNegotiator,GeniusBOABaselineNegotiator,0.35,0.4830458915396479,40,13.425,7.527343318588401,40,0.17921075837742503,0.24429172733508647,40,0.20988550345739085,0.2885741725246658,40,0.3890962618348159,0.5328658998597524,40,1.2425458534314,0.0,40,0.5676581672957803,0.3759264943268311,40,0.6087575336086635,0.35800306603925575,40,0.5946404196578124,0.36658388263960023,40,0.5928215582683155,0.3619137979099853,40,0.8534495915965842,0.5328658998597523,40,0.6868556111951183,0.4288500890234321,40,0.8410624683239144,0.5328658998597523,40,0.14969747270189074,2.332747862445401,0.07570679064773751,0.08943006258947997,0.16513685323721755,0.0,0.11650082757776499,0.1109462996047569,0.11360552221960148,0.11215824796766911,0.1651368532372175,0.13290201949584193,0.1651368532372175,0.2,0.5,10.975,15.725624999999996,0.10335097001763668,0.2550705467372134,0.12027470945864512,0.2994962974561366,0.2236256794762818,0.55456684419335,1.2425458534314,1.2425458534314,0.4509219003351156,0.6843944342564452,0.49758701990296805,0.7199280473143591,0.480805309248998,0.7084755300666268,0.4804366469435042,0.6869439215028424,0.68797900923805,1.0189201739551181,0.5536850067449304,0.8200262156453061,0.6755918859653802,1.0065330506824484
B,24,SmartAspirationNegotiator,LinearTBNegotiator,0.525,0.505736325340815,40,11.45,5.706271853105008,40,0.44271384479717807,0.42434577915501365,40,0.20853293215821572,0.20011676340239376,40,0.6512467769553937,0.6244625425574074,40,1.2425458534314,0.0,40,0.39902032534689913,0.4248401538468153,40,0.5627858894432721,0.29416467351404824,40,0.5748576183530443,0.2749260296767627,40,0.5658454271579811,0.2785957795549854,40,0.5912990764760062,0.6244625425574074,40,0.47587706710628164,0.5025670005118111,40,0.5789119532033364,0.6244625425574074,40,0.15672931098896883,1.7683919683843154,0.13150611940564713,0.0620168274925939,0.19352294689824104,0.0,0.13165932770992356,0.09116257679549156,0.08520045930087032,0.08633772657058462,0.19352294689824104,0.1557471270487204,0.19352294689824104,0.375,0.675,9.725,13.125,0.31685405643738973,0.5685736331569664,0.14917885176834003,0.2678870125480914,0.4660329082057297,0.8364606457050577,1.2425458534314,1.2425458534314,0.27301390681629945,0.5460278136325988,0.475537458163649,0.6500343207228954,0.4933153158029485,0.6563999209031401,0.48321468690991604,0.6484761674060462,0.40608520772634227,0.7765129452256703,0.3268170801141078,0.6249370540984555,0.3936980844536725,0.7641258219530005
B,24,SmartAspirationNegotiator,SmartAspirationNegotiator,0.35,0.4830458915396479,40,13.425,7.527343318588401,40,0.20513668430335094,0.2800729044861715,40,0.21162698412698414,0.29097764418935934,40,0.4167636684303351,0.571050548675531,40,1.2425458534314,0.0,40,0.5503275126626966,0.3998450700931273,40,0.5830267022771924,0.3935149870694465,40,0.5688331407021602,0.402201311414873,40,0.5670211292762557,0.39752177283734214,40,0.8257821850010648,0.5710505486755308,40,0.6645889024703552,0.45958106664516596,40,0.813395061728395,0.5710505486755308,40,0.14969747270189074,2.332747862445401,0.08679549232935904,0.09017490617518656,0.17697039850454566,0.0,0.12391327100302771,0.12195155795001361,0.12464347775381245,0.12319327372405751,0.1769703985045456,0.1424256481286596,0.1769703985045456,0.2,0.5,11.149375000000001,15.725,0.1181657848324515,0.2921075837742505,0.12126984126984126,0.30198412698412697,0.2394356261022928,0.5940917107583774,1.2425458534314,1.2425458534314,0.4261638222878531,0.6744912030375402,0.4608286894294379,0.705224715124947,0.4439377678837804,0.67291261805081,0.44357889124056155,0.6904633673119498,0.6484541426730226,1.0031102273291073,0.4980898429160877,0.8073023820882987,0.6656216931216932,0.9907231040564373
B,36,BoulwareTBNegotiator,BoulwareTBNegotiator,0.075,0.26674678283691844,40,12.925,9.791119733770273,40,0.045293209876543214,0.15325002558928785,40,0.044161167179064834,0.15424193967248725,40,0.08945437705560803,0.307491965261775,40,1.2425458534314,0.0,40,0.7797987719139146,0.21426530752064374,40,0.8075749832057498,0.21546174660293757,40,0.7991216426772302,0.21743076068929926,40,0.7940584743428123,0.2169346439753584,40,1.153091476375792,0.307491965261775,40,0.9280071823437567,0.24746931021709087,40,1.1407043531031222,0.307491965261775,40,0.08266568444412337,3.0342994418092792,0.04749267496944126,0.04780007232855983,0.09529274729800108,0.0,0.06640150674152068,0.0667722870545263,0.06738249084179643,0.06722874267926596,0.09529274729800108,0.07669153378512492,0.09529274729800108,0.0,0.175,9.875,16.025624999999994,0.002204585537918871,0.08838183421516757,0.0007936507936507937,0.10198452235961689,0.0029982363315696646,0.20472923135432586,1.2425458534314,1.2425458534314,0.6994734141938032,0.8400427902039983,0.7268010955841456,0.8681553989219533,0.7176095965423643,0.8602556772783794,0.7330639306594159,0.8550530180262086,1.0378166220770741,1.2395476170998303,0.8352340633635789,0.99758702157889,1.0542482123790837,1.2271604938271605
B,36,BoulwareTBNegotiator,ConcederTBNegotiator,0.275,0.45220258677630265,40,11.1,7.196152818320035,40,0.2591380070546737,0.4224943921424098,40,0.07194113748178273,0.11699300917456659,40,0.3310791445364564,0.5394874013169764,40,1.2425458534314,0.0,40,0.6090310228978987,0.3798695227330308,40,0.7535187524661009,0.18850541115162478,40,0.755924015199108,0.17156017263606416,40,0.7486081333391998,0.17503509892571156,40,0.9114667088949435,0.5394874013169763,40,0.7335477450412375,0.4341790685849816,40,0.8990795856222737,0.5394874013169763,40,0.14013903352723936,2.230110863060055,0.1309323686261994,0.036256509172243406,0.1671888777984428,0.0,0.11772278474071378,0.05841843214955255,0.0531670483275623,0.05424393914165771,0.16718887779844274,0.13455348737170217,0.16718887779844274,0.15,0.425,8.975,13.275,0.1423500881834215,0.3992835097001764,0.039601370805359117,0.11074885749349103,0.18195145898878065,0.5100323671936675,1.2425458534314,1.2425458534314,0.48302460436729894,0.7140363716733985,0.6909896725810907,0.8056263190369428,0.6990158358831418,0.8033474979624133,0.6905472871462858,0.7969921718332947,0.7325134862377325,1.0605943944426195,0.5895263214752454,0.8535655980128979,0.7201263629650627,1.0482072711699495
B,36,BoulwareTBNegotiator,GeniusBOABaselineNegotiator,0.075,0.26674678283691844,40,12.925,9.791119733770273,40,0.04053130511463845,0.13631372191710253,40,0.047496494562910566,0.16610444433047025,40,0.08802779967754902,0.3024181662475728,40,1.2425458534314,0.0,40,0.7799377668081783,0.2137709549756358,40,0.812413597990048,0.19825261424162216,40,0.8029395225703839,0.20385199830587916,40,0.7986953560151224,0.20044300039556892,40,1.154518053753851,0.30241816624757284,40,0.9291552907810585,0.24338592045711502,40,1.1421309304811813,0.30241816624757284,40,0.08266568444412337,3.0342994418092792,0.04224406008410009,0.051476300608970973,0.09372036069307106,0.0,0.06624830530060673,0.06143912168245359,0.06317438878188966,0.06211792938422686,0.09372036069307108,0.07542607818798319,0.09372036069307108,0.0,0.15,10.0,15.925624999999997,0.002204585537918871,0.0916335978835979,0.0007936507936507937,0.10976695292192358,0.0029982363315696646,0.2014005508055215,1.2425458534314,1.2425458534314,0.6997977356137517,0.8400427902039983,0.7380911967475077,0.8681553989219533,0.726517982959723,0.8602556772783794,0.7235518066670076,0.8550530180262086,1.0411453026258788,1.2395476170998303,0.8379129830506166,0.99758702157889,1.0287581793532086,1.2271604938271605
B,36,BoulwareTBNegotiator,LinearTBNegotiator,0.175,0.38480764425479264,40,12.125,8.494907977044926,40,0.14626322751322754,0.31677066658893205,40,0.06783957712552083,0.14742734267798446,40,0.21410280463874837,0.4641980092669165,40,1.2425458534314,0.0,40,0.6965790644820115,0.3154625047491053,40,0.7660154358822042,0.22459564892341372,40,0.7646837877185264,0.2101531067343215,40,0.7581490259991541,0.21308226794752055,40,1.0284430487926515,0.4641980092669165,40,0.8276902183951726,0.3735862205688367,40,1.0160559255199817,0.4641980092669165,40,0.11925312445511727,2.632599256657542,0.09816824663038091,0.04568820684036069,0.14385645347074164,0.0,0.09776284307610797,0.06960291270983009,0.06512712251481073,0.06603487897942878,0.14385645347074164,0.11577556922625376,0.14385645347074164,0.075,0.3,9.4,14.750624999999996,0.06394400352733687,0.24916225749559082,0.02952761922159509,0.11572952450542799,0.09347162274893195,0.36489178200101885,1.2425458534314,1.2425458534314,0.5941049746805923,0.7785583363231467,0.6930583194252407,0.8243811290477752,0.6964181523186314,0.8192962960384425,0.6889318888369722,0.8135227357288995,0.8776540714303811,1.179232026154922,0.7063353589782316,0.9247741059287253,0.8652669481577113,1.1366871074097982
B,36,BoulwareTBNegotiator,SmartAspirationNegotiator,0.075,0.26674678283691844,40,12.85,9.651756848181073,40,0.04489638447971781,0.15183866694993903,40,0.04385274876891672,0.15314501142349143,40,0.08874913324863454,0.3049836783734305,40,1.2425458534314,0.0,40,0.7802216639357515,0.21276123970314495,40,0.80804364704069,0.21379488566690738,40,0.7996205339456136,0.21565639214494312,40,0.7945541325717137,0.2151717741360772,40,1.1537967201827655,0.30498367837343054,40,0.9285747620471744,0.2454506427518881,40,1.1414095969100957,0.30498367837343054,40,0.08266568444412337,2.991110436113257,0.047055290395662815,0.04746013074229234,0.09451542113795518,0.0,0.06593539129577251,0.06625572149866597,0.06683260833294158,0.06668242365603268,0.09451542113795519,0.07606594225633001,0.09451542113795519,0.0,0.15,9.925,15.725624999999996,0.002204585537918871,0.10181878306878307,0.0007936507936507937,0.08691184674418265,0.0029982363315696646,0.17450003016569943,1.2425458534314,1.2425458534314,0.700460162244756,0.8400427902039983,0.727894644532339,0.8681553989219533,0.7389853906128476,0.8602556772783794,0.7138889519657203,0.8550530180262086,1.0394621909600121,1.2395476170998303,0.8595625025154586,0.99758702157889,1.0549441091853897,1.2271604938271605
B,36,ConcederTBNegotiator,BoulwareTBNegotiator,0.225,0.4229020617662602,40,11.575,7.7588245871626045,40,0.03266093474426808,0.0572446794366146,40,0.20489538225734721,0.38362241353804805,40,0.23755631700161528,0.44086709297466264,40,1.2425458534314,0.0,40,0.6510331624080986,0.3552558279491528,40,0.8050022856302179,0.11870036363570238,40,0.7919399794999504,0.12840377529554817,40,0.7904538794189893,0.12141826180141133,40,1.0049895364297847,0.44086709297466264,40,0.8088148486870061,0.3548095160892206,40,0.9926024131571148,0.44086709297466264,40,0.13105870675153408,2.404484650792646,0.01774030995269884,0.118885817650582,0.13662612760328083,0.0,0.11009492170008627,0.03678562380154638,0.03979274222964246,0.037627909169445715,0.13662612760328083,0.10995660822172135,0.13662612760328083,0.1,0.375,9.175,13.975624999999996,0.01574074074074074,0.04958112874779542,0.09150553144418253,0.3182852330705119,0.10724627218492329,0.39392837078164566,1.2425458534314,1.2425458534314,0.5460278136325988,0.7560385111835984,0.769917222690365,0.8400873485700708,0.7539868140674899,0.829893144932411,0.754565469081645,0.8263422897563334,0.8740279413890104,1.1352995812464768,0.7039414193026262,0.9136882780713862,0.8362303593770847,1.122912457973807
B,36,ConcederTBNegotiator,ConcederTBNegotiator,0.825,0.3848076442547927,40,1.75,0.588348405414552,40,0.4325286596119929,0.20071756752796283,40,0.4843839500808242,0.22556271982202103,40,0.9169126096928171,0.4262802873499838,40,1.2425458534314,0.0,40,0.19393450556893677,0.3013665538714219,40,0.2438476880072423,0.2911980357905357,40,0.22317168988477393,0.2971573192501617,40,0.2244368429041237,0.29414051488205734,40,0.325633243738583,0.42628028734998374,40,0.26206939795365947,0.34307006552134334,40,0.3132461204659132,0.42628028734998374,40,0.11925312445511728,0.1823310598461364,0.062203018620107464,0.06990261108627964,0.1321056297063871,0.0,0.09339446264129374,0.09024320624000168,0.09209000731759032,0.09115508995787154,0.13210562970638706,0.1063185147989233,0.13210562970638706,0.7,0.925,1.55,1.925,0.3673280423280423,0.4977292768959435,0.4111126926130707,0.5430009560550271,0.7784407349411129,1.0276901094941802,1.2425458534314,1.2425458534314,0.11561834985559596,0.2918297002106127,0.16817402607818646,0.33843976541856213,0.14594938838251872,0.319699566762593,0.14799851864690128,0.31998474822565176,0.21485574393721968,0.46410511849028707,0.1729157466051467,0.3735114621393005,0.2024686206645499,0.4517179952176173
B,36,ConcederTBNegotiator,GeniusBOABaselineNegotiator,0.225,0.4229020617662602,40,11.575,7.7588245871626045,40,0.03266093474426808,0.0572446794366146,40,0.20489538225734721,0.38362241353804805,40,0.23755631700161528,0.44086709297466264,40,1.2425458534314,0.0,40,0.6510331624080986,0.3552558279491528,40,0.8050022856302179,0.11870036363570238,40,0.7919399794999504,0.12840377529554817,40,0.7904538794189893,0.12141826180141133,40,1.0049895364297847,0.44086709297466264,40,0.8088148486870061,0.3548095160892206,40,0.9926024131571148,0.44086709297466264,40,0.13105870675153408,2.404484650792646,0.01774030995269884,0.118885817650582,0.13662612760328083,0.0,0.11009492170008627,0.03678562380154638,0.03979274222964246,0.037627909169445715,0.13662612760328083,0.10995660822172135,0.13662612760328083,0.1,0.35,9.225,14.025624999999996,0.01574074074074074,0.049581128747795425,0.09150553144418253,0.3182852330705119,0.10724627218492329,0.36786636181830734,1.2425458534314,1.2425458534314,0.5460278136325988,0.7560385111835984,0.769917222690365,0.8400873485700708,0.7539868140674899,0.829893144932411,0.7473877870141763,0.8263422897563334,0.8746794916130927,1.1352995812464768,0.7039414193026262,0.9136882780713862,0.8622923683404229,1.122912457973807
B,36,ConcederTBNegotiator,LinearTBNegotiator,0.65,0.48304589153964794,40,6.05,3.0377960972068423,40,0.21055996472663135,0.15483878445737392,40,0.5181986527998849,0.3845082468941149,40,0.7287586175265162,0.5393470313514888,40,1.2425458534314,0.0,40,0.2940149765713994,0.4057792185255437,40,0.5453863988229911,0.23986498371409817,40,0.5225798044567374,0.25094298929009057,40,0.5282048663938642,0.2428963950820491,40,0.5137872359048838,0.5393470313514888,40,0.4134955941352305,0.43406609893875087,40,0.5014001126322141,0.5393470313514888,40,0.14969747270189077,0.9414227639657009,0.047985036443683675,0.11916034025176916,0.16714537669545285,0.0,0.12575228265498314,0.07433492858666298,0.07776803808277677,0.07527437270253284,0.16714537669545285,0.13451847771562403,0.16714537669545285,0.5,0.8,5.05,6.95,0.1624779541446208,0.25864197530864197,0.39879749849075397,0.6375998071090158,0.5612754526353747,0.8962417824176576,1.2425458534314,1.2425458534314,0.1890096277958996,0.42002139510199915,0.47090124495399993,0.6198715526919824,0.4446546030363585,0.6005050058771164,0.45277836986332315,0.6036313629244052,0.3463040710137423,0.6812704007960253,0.2787052647251553,0.5482859235453057,0.3339169477410725,0.6688832775233555
B,36,ConcederTBNegotiator,SmartAspirationNegotiator,0.225,0.4229020617662602,40,11.575,7.7588245871626045,40,0.03266093474426808,0.0572446794366146,40,0.20489538225734721,0.38362241353804805,40,0.23755631700161528,0.44086709297466264,40,1.2425458534314,0.0,40,0.6510331624080986,0.3552558279491528,40,0.8050022856302179,0.11870036363570238,40,0.7919399794999504,0.12840377529554817,40,0.7904538794189893,0.12141826180141133,40,1.0049895364297847,0.44086709297466264,40,0.8088148486870061,0.3548095160892206,40,0.9926024131571148,0.44086709297466264,40,0.13105870675153408,2.404484650792646,0.01774030995269884,0.118885817650582,0.13662612760328083,0.0,0.11009492170008627,0.03678562380154638,0.03979274222964246,0.037627909169445715,0.13662612760328083,0.10995660822172135,0.13662612760328083,0.1,0.35,9.175,14.000624999999996,0.015740740740740743,0.04958112874779542,0.09150553144418253,0.3182852330705119,0.10724627218492326,0.3678663618183073,1.2425458534314,1.2425458534314,0.5460278136325988,0.7560385111835984,0.769917222690365,0.8400873485700708,0.7463961809809978,0.829893144932411,0.7473877870141763,0.8263422897563334,0.8746794916130927,1.1352995812464768,0.6829667334257502,0.9136882780713862,0.8362303593770847,1.122912457973807
B,36,GeniusBOABaselineNegotiator,BoulwareTBNegotiator,0.075,0.26674678283691844,40,12.925,9.791119733770273,40,0.045293209876543214,0.15325002558928785,40,0.044161167179064834,0.15424193967248725,40,0.08945437705560803,0.307491965261775,40,1.2425458534314,0.0,40,0.7797987719139146,0.21426530752064374,40,0.8075749832057498,0.21546174660293757,40,0.7991216426772302,0.21743076068929926,40,0.7940584743428123,0.2169346439753584,40,1.153091476375792,0.307491965261775,40,0.9280071823437567,0.24746931021709087,40,1.1407043531031222,0.307491965261775,40,0.08266568444412337,3.0342994418092792,0.04749267496944126,0.04780007232855983,0.09529274729800108,0.0,0.06640150674152068,0.0667722870545263,0.06738249084179643,0.06722874267926596,0.09529274729800108,0.07669153378512492,0.09529274729800108,0.0,0.175,9.925,15.975624999999996,0.002204585537918871,0.102744708994709,0.0007936507936507937,0.10198452235961689,0.0029982363315696646,0.17591051777964642,1.2425458534314,1.2425458534314,0.6994734141938032,0.8400427902039983,0.7268010955841455,0.8681553989219533,0.7176095965423643,0.8602556772783794,0.7127324160982837,0.8550530180262086,1.0378166220770741,1.2395476170998303,0.8352340633635789,0.99758702157889,1.0254294988044044,1.2271604938271605
B,36,GeniusBOABaselineNegotiator,ConcederTBNegotiator,0.275,0.45220258677630265,40,11.1,7.196152818320035,40,0.2591380070546737,0.4224943921424098,40,0.07194113748178273,0.11699300917456659,40,0.3310791445364564,0.5394874013169764,40,1.2425458534314,0.0,40,0.6090310228978987,0.3798695227330308,40,0.7535187524661009,0.18850541115162478,40,0.755924015199108,0.17156017263606416,40,0.7486081333391998,0.17503509892571156,40,0.9114667088949435,0.5394874013169763,40,0.7335477450412375,0.4341790685849816,40,0.8990795856222737,0.5394874013169763,40,0.14013903352723936,2.230110863060055,0.1309323686261994,0.036256509172243406,0.1671888777984428,0.0,0.11772278474071378,0.05841843214955255,0.0531670483275623,0.05424393914165771,0.16718887779844274,0.13455348737170217,0.16718887779844274,0.15,0.425,8.9,13.25,0.11899250440917108,0.3992835097001764,0.039601370805359117,0.10444260299158756,0.18195145898878065,0.4802068300841323,1.2425458534314,1.2425458534314,0.48302460436729894,0.7140363716733985,0.6909896725810907,0.8056263190369428,0.6990158358831418,0.8033474979624133,0.7002240948451048,0.7969921718332947,0.7325134862377325,1.0904199315521546,0.5895263214752454,0.8535655980128979,0.7201263629650627,1.0482072711699497
B,36,GeniusBOABaselineNegotiator,GeniusBOABaselineNegotiator,0.075,0.26674678283691844,40,12.925,9.791119733770273,40,0.040134479717813046,0.13490236327775373,40,0.048589466043454356,0.1699917326793711,40,0.08872394576126741,0.30489409595712474,40,1.2425458534314,0.0,40,0.7792577417721377,0.21618954818380073,40,0.8130947632500997,0.19582996568563477,40,0.8035426093446271,0.2017070455485341,40,0.7994002358660264,0.19793600796203337,40,1.1538219076701326,0.30489409595712474,40,0.9285950329187062,0.24537854688833646,40,1.1414347843974628,0.30489409595712474,40,0.08266568444412337,3.0342994418092792,0.041806675510321654,0.05268098374919844,0.09448765925952006,0.0,0.06699783510118579,0.060688335116563866,0.06250966103559612,0.06134100437988235,0.09448765925952006,0.07604359951673742,0.09448765925952006,0.0,0.15,9.95,16.0,0.002204585537918871,0.09070767195767196,0.0007936507936507937,0.09638528129325792,0.0029982363315696646,0.20302489166753107,1.2425458534314,1.2425458534314,0.6982110105296572,0.8400427902039983,0.739680582354295,0.8681553989219533,0.7279251854329573,0.8602556772783794,0.7251965263191165,0.8550530180262086,1.039520961763869,1.2395476170998303,0.8596030442585221,0.99758702157889,1.0271338384911992,1.2271604938271605
B,36,GeniusBOABaselineNegotiator,LinearTBNegotiator,0.175,0.38480764425479264,40,12.125,8.494907977044926,40,0.14626322751322754,0.31677066658893205,40,0.06783957712552083,0.14742734267798446,40,0.21410280463874837,0.4641980092669165,40,1.2425458534314,0.0,40,0.6965790644820115,0.3154625047491053,40,0.7660154358822042,0.22459564892341372,40,0.7646837877185264,0.2101531067343215,40,0.7581490259991541,0.21308226794752055,40,1.0284430487926515,0.4641980092669165,40,0.8276902183951726,0.3735862205688367,40,1.0160559255199817,0.4641980092669165,40,0.11925312445511727,2.632599256657542,0.09816824663038091,0.04568820684036069,0.14385645347074164,0.0,0.09776284307610797,0.06960291270983009,0.06512712251481073,0.06603487897942878,0.14385645347074164,0.11577556922625376,0.14385645347074164,0.075,0.3,9.45,14.650624999999996,0.06394400352733687,0.24916225749559082,0.019949629745613658,0.11572952450542799,0.06331382727647786,0.36489178200101885,1.2425458534314,1.2425458534314,0.5941049746805923,0.7785583363231467,0.6930583194252405,0.8243811290477752,0.6964181523186314,0.8192962960384425,0.6889318888369722,0.8135227357288995,0.8776540714303811,1.149074230682468,0.7063353589782316,0.9247741059287253,0.8652669481577113,1.1366871074097982
B,36,GeniusBOABaselineNegotiator,SmartAspirationNegotiator,0.075,0.26674678283691844,40,12.85,9.651756848181073,40,0.04489638447971781,0.15183866694993903,40,0.04385274876891672,0.15314501142349143,40,0.08874913324863454,0.3049836783734305,40,1.2425458534314,0.0,40,0.7802216639357515,0.21276123970314495,40,0.80804364704069,0.21379488566690738,40,0.7996205339456136,0.21565639214494312,40,0.7945541325717137,0.2151717741360772,40,1.1537967201827655,0.30498367837343054,40,0.9285747620471744,0.2454506427518881,40,1.1414095969100957,0.30498367837343054,40,0.08266568444412337,2.991110436113257,0.047055290395662815,0.04746013074229234,0.09451542113795518,0.0,0.06593539129577251,0.06625572149866597,0.06683260833294158,0.06668242365603268,0.09451542113795519,0.07606594225633001,0.09451542113795519,0.0,0.175,9.925,15.95,0.002204585537918871,0.08758818342151678,0.0007936507936507937,0.1012648794026046,0.0029982363315696646,0.2030836624713877,1.2425458534314,1.2425458534314,0.700460162244756,0.8400427902039983,0.727894644532339,0.8681553989219533,0.7187736761685923,0.8602556772783794,0.7138889519657203,0.8550530180262086,1.0394621909600121,1.2395476170998303,0.8365584160048869,0.99758702157889,1.0270750676873424,1.2271604938271605
B,36,LinearTBNegotiator,BoulwareTBNegotiator,0.15,0.36162028533978946,40,12.425,8.943949394380022,40,0.05028659611992945,0.11591620257584963,40,0.12019480510278173,0.2878525299411211,40,0.17048140122271116,0.4037687325169708,40,1.2425458534314,0.0,40,0.7140363716733985,0.3037765134912027,40,0.7936702450529619,0.17956895063788492,40,0.7823304758580005,0.18786222381865336,40,0.7796265214956677,0.18183834131703258,40,1.0720644522086888,0.4037687325169708,40,0.8627966921688147,0.3249527825487709,40,1.059677328936019,0.40376873251697076,40,0.11206728747978564,2.771758633625396,0.035922803350001836,0.08920642323586415,0.12512922658586603,0.0,0.09414131686511272,0.05564899434408207,0.058219106329985386,0.05635228580187464,0.12512922658586603,0.10070391063662608,0.125129226585866,0.05,0.275,9.674375000000001,15.325,0.018231922398589062,0.08234126984126984,0.0405940355633611,0.21969576702705748,0.05882595796195016,0.3100507052986624,1.2425458534314,1.2425458534314,0.6090310228978988,0.7980406506937984,0.7315992834954692,0.843327014298956,0.7173928080076848,0.8342806101382532,0.7167711077202169,0.8299108525160284,0.9324951481327375,1.18371989546945,0.7504714176604187,0.9526569117755315,0.9201080248600679,1.1713327721967801
B,36,LinearTBNegotiator,ConcederTBNegotiator,0.65,0.48304589153964794,40,6.7,3.4729725684978363,40,0.5235229276895943,0.3874164359394266,40,0.22054773909835515,0.16330970693019758,40,0.7440706667879494,0.5507261428696242,40,1.2425458534314,0.0,40,0.32936168212938766,0.37951140175747006,40,0.5035511591930621,0.27095473852150415,40,0.5190443642576981,0.2535703429253676,40,0.5085115678546799,0.25753142115930555,40,0.4984751866434506,0.5507261428696242,40,0.40117246801545986,0.44322399962041265,40,0.4860880633707808,0.5507261428696242,40,0.14969747270189077,1.0762853496383538,0.12006159737422366,0.050610202515572876,0.17067179988979655,0.0,0.11761180190056973,0.08396974342124508,0.07858226340998425,0.07980981427250164,0.17067179988979655,0.13735654054011068,0.17067179988979655,0.5,0.8,5.525,7.7,0.40321869488536155,0.643827160493827,0.1698352571818849,0.2712602210148254,0.5730539520672464,0.9150873815086523,1.2425458534314,1.2425458534314,0.21151219565063134,0.44721116860814386,0.41941171925562576,0.5876905991304986,0.44030329202215623,0.59778543649324,0.44186898128323204,0.5884826717404174,0.3274584719227476,0.6694919013641536,0.26353834027005296,0.5388065957608669,0.3150713486500778,0.6571047780914838
B,36,LinearTBNegotiator,GeniusBOABaselineNegotiator,0.15,0.36162028533978946,40,12.425,8.943949394380022,40,0.05028659611992945,0.11591620257584963,40,0.12019480510278173,0.2878525299411211,40,0.17048140122271116,0.4037687325169708,40,1.2425458534314,0.0,40,0.7140363716733985,0.3037765134912027,40,0.7936702450529619,0.17956895063788492,40,0.7823304758580005,0.18786222381865336,40,0.7796265214956677,0.18183834131703258,40,1.0720644522086888,0.4037687325169708,40,0.8627966921688147,0.3249527825487709,40,1.059677328936019,0.40376873251697076,40,0.11206728747978564,2.771758633625396,0.035922803350001836,0.08920642323586415,0.12512922658586603,0.0,0.09414131686511272,0.05564899434408207,0.058219106329985386,0.05635228580187464,0.12512922658586603,0.10070391063662608,0.125129226585866,0.05,0.275,9.65,15.15,0.018231922398589062,0.08234126984126984,0.0405940355633611,0.19979557464220238,0.05882595796195016,0.3100507052986624,1.2425458534314,1.2425458534314,0.6090310228978987,0.7980406506937984,0.7315992834954692,0.843327014298956,0.7173928080076848,0.8342806101382532,0.7167711077202169,0.8299108525160284,0.9324951481327375,1.18371989546945,0.7504714176604187,0.9526569117755315,0.9473240391548794,1.1713327721967801
B,36,LinearTBNegotiator,LinearTBNegotiator,0.375,0.49029033784546006,40,10.475,6.527996904850951,40,0.2176477072310406,0.28167914912373654,40,0.21763123272072096,0.283502323468309,40,0.4352789399517615,0.5651814725920454,40,1.2425458534314,0.0,40,0.53882269875358,0.39382746774150906,40,0.5652533203409368,0.39602656651087637,40,0.5545855042726326,0.3996456863793808,40,0.5500802996092267,0.39873380572349465,40,0.8072669134796385,0.5651814725920454,40,0.6496878254032233,0.45485763847768435,40,0.7948797902069688,0.5651814725920454,40,0.15194254987178032,2.0230472002301316,0.0872932726997045,0.08785828028274699,0.17515155298245144,0.0,0.1220483967135664,0.12272990448283205,0.12385148134997706,0.12356888660694593,0.17515155298245144,0.14096184257406277,0.17515155298245144,0.225,0.525,8.424375000000001,12.45,0.13147045855379189,0.3038249559082893,0.1308961999498929,0.3043662654915491,0.2623666585036848,0.6081912213998383,1.2425458534314,1.2425458534314,0.41833466217341275,0.6593107353337474,0.4440924889085302,0.6864141517733433,0.432317435070334,0.6768535734749314,0.4280912122424339,0.6720693869760195,0.6343546320315617,0.9801791949277152,0.5105281469329566,0.7888475038734899,0.621967508758892,0.9677920716550453
B,36,LinearTBNegotiator,SmartAspirationNegotiator,0.15,0.36162028533978946,40,12.425,8.943949394380022,40,0.047111992945326274,0.10826286320357896,40,0.12038981452264652,0.2883226590214908,40,0.16750180746797277,0.39658552222506965,40,1.2425458534314,0.0,40,0.7163619314364214,0.2981700495906757,40,0.7964637411316444,0.17283438497742665,40,0.7851213376103593,0.18113400899710755,40,0.7823831440366006,0.17519267045152423,40,1.0750440459634272,0.39658552222506965,40,0.8651946670576367,0.31917174012521454,40,1.0626569226907574,0.39658552222506965,40,0.11206728747978564,2.771758633625396,0.03355100890598521,0.08935211774731251,0.1229031266532977,0.0,0.09240385570168537,0.05356193082325964,0.056134010954532555,0.05429277106342141,0.1229031266532977,0.09891234702839327,0.1229031266532977,0.05,0.275,9.675,15.075624999999995,0.017173721340388005,0.0845348324514991,0.04065903870331603,0.22005328429680962,0.05783276004370404,0.30458811674830877,1.2425458534314,1.2425458534314,0.6132945491301072,0.7988158372814727,0.7367206929730538,0.844258179658517,0.722509387887009,0.8352108973890393,0.7218249157119272,0.8308297266963394,0.9379577366830913,1.184713093387696,0.7548677049565923,0.9534562367384722,0.9255706134104216,1.1723259701150262
B,36,SmartAspirationNegotiator,BoulwareTBNegotiator,0.225,0.4229020617662604,40,16.0,10.55632026019945,40,0.13027998236331567,0.2407259972399656,40,0.14068523043373427,0.26293527757124574,40,0.27096521279705,0.5036612748112115,40,1.2425458534314,0.0,40,0.6536160853411193,0.35040105713245173,40,0.6883703741363769,0.3379175895845262,40,0.6754188219382501,0.3474128320610343,40,0.6736304510097352,0.3409954561875298,40,0.97158064063435,0.5036612748112114,40,0.781927393625953,0.4053462280046296,40,0.9591935173616802,0.5036612748112114,40,0.13105870675153414,3.271437541776334,0.07460175944278241,0.08148448672470478,0.15608624616748723,0.0,0.10859041263679493,0.10472174596306723,0.10766435209287889,0.10567558670543359,0.1560862461674872,0.12561809750235073,0.1560862461674872,0.1,0.3506249999999966,12.548750000000004,19.125,0.059126984126984125,0.20143298059964726,0.06296768618924345,0.21840277467822505,0.12209467031622756,0.41983575527787237,1.2425458534314,1.2425458534314,0.5500456937506308,0.7571864769316076,0.5884898048110567,0.7882509434616971,0.5727316800826227,0.7781059637938774,0.5526820729987529,0.7744207660188871,0.8227100981535276,1.1204511831151724,0.6621164892076546,0.9017382980442512,0.8103229748808578,1.1080640598425027
B,36,SmartAspirationNegotiator,ConcederTBNegotiator,0.4,0.49613893835683387,40,12.3,6.437868734771923,40,0.3886243386243386,0.47929471514101535,40,0.07666666666666666,0.09410889386292323,40,0.46529100529100526,0.5734036090039386,40,1.2425458534314,0.0,40,0.504025674122399,0.4167779381061242,40,0.7306333874059836,0.17057506198557343,40,0.7375603259686496,0.15218485335032034,40,0.7292024645743908,0.15609839995301225,40,0.7772548481403947,0.5734036090039386,40,0.6255341370251544,0.4614748078877202,40,0.7648677248677249,0.5734036090039386,40,0.15375504994833628,1.9951161909484407,0.1485349710920656,0.02916464836321616,0.17769961945528173,0.0,0.12916082116655553,0.052861759374083904,0.04716257467264045,0.04837539533002506,0.17769961945528173,0.14301252461995553,0.17769961945528173,0.25,0.55,10.275,14.175624999999997,0.24371693121693122,0.533531746031746,0.04821428571428571,0.1051190476190476,0.29193121693121693,0.6386507936507936,1.2425458534314,1.2425458534314,0.3780192555917992,0.6300320926529986,0.6790626330874951,0.7822041417244723,0.6915495692275009,0.7835710827097984,0.6820085070299591,0.7763964221188224,0.6038950597806064,0.9506146365001831,0.4860143053175035,0.7650539687328053,0.5915079365079366,0.9382275132275133
B,36,SmartAspirationNegotiator,GeniusBOABaselineNegotiator,0.225,0.4229020617662604,40,16.0,10.55632026019945,40,0.13027998236331567,0.2407259972399656,40,0.14068523043373427,0.26293527757124574,40,0.27096521279705,0.5036612748112115,40,1.2425458534314,0.0,40,0.6536160853411193,0.35040105713245173,40,0.6883703741363769,0.3379175895845262,40,0.6754188219382501,0.3474128320610343,40,0.6736304510097352,0.3409954561875298,40,0.97158064063435,0.5036612748112114,40,0.781927393625953,0.4053462280046296,40,0.9591935173616802,0.5036612748112114,40,0.13105870675153414,3.271437541776334,0.07460175944278241,0.08148448672470478,0.15608624616748723,0.0,0.10859041263679493,0.10472174596306723,0.10766435209287889,0.10567558670543359,0.1560862461674872,0.12561809750235073,0.1560862461674872,0.1,0.35,12.75,19.325,0.059126984126984125,0.21566358024691357,0.06296768618924345,0.21840277467822505,0.12209467031622756,0.41983575527787237,1.2425458534314,1.2425458534314,0.5500456937506308,0.7571864769316076,0.5884898048110567,0.7882509434616971,0.5727316800826227,0.7781059637938774,0.5723361844255382,0.7744207660188871,0.8227100981535276,1.1204511831151724,0.6621164892076546,0.9017382980442512,0.8103229748808578,1.1080640598425027
B,36,SmartAspirationNegotiator,LinearTBNegotiator,0.325,0.47434164902525683,40,14.45,8.637871295222018,40,0.26974206349206353,0.3904743645194686,40,0.12530751398140944,0.18172957289534356,40,0.3950495774734729,0.5722039374148121,40,1.2425458534314,0.0,40,0.5736101567203085,0.3888618299101391,40,0.6784668961338479,0.27685279142659036,40,0.6827650252386523,0.2590498725387453,40,0.6750884614045358,0.2626605678585339,40,0.847496275957927,0.5722039374148121,40,0.6820643870948435,0.4605093130644802,40,0.8351091526852572,0.5722039374148121,40,0.14699999999999996,2.676904047972448,0.12100925925925927,0.05631857811877082,0.1773278373780301,0.0,0.12050952960646884,0.08579756895338912,0.08028038723027654,0.08139935330272588,0.1773278373780301,0.1427133146743226,0.1773278373780301,0.175,0.475,11.825,17.05,0.14626322751322754,0.3932208994708995,0.07741756660150226,0.18277545083729801,0.21410280463874837,0.5759963503081975,1.2425458534314,1.2425458534314,0.45064124895860563,0.6760842465217276,0.5909183563854915,0.7660154358822041,0.6008462627587784,0.7646837877185264,0.5920278968099175,0.7581490259991541,0.6967072985956565,1.0284430487926515,0.5364385557945144,0.8034192465117844,0.6541623798505327,1.0160559255199817
B,36,SmartAspirationNegotiator,SmartAspirationNegotiator,0.225,0.4229020617662604,40,16.0,10.55632026019945,40,0.13027998236331567,0.2407259972399656,40,0.12997094471944856,0.24279708415380483,40,0.2602509270827643,0.48352308139377054,40,1.2425458534314,0.0,40,0.6605794113992582,0.3373130351469507,40,0.6878201432781634,0.338951784092908,40,0.6783502472800818,0.341903028412259,40,0.6735563616627236,0.3411347119102235,40,0.9822949263486358,0.4835230813937705,40,0.7905502429837431,0.3891390245748106,40,0.969907803075966,0.4835230813937704,40,0.13105870675153414,3.271437541776334,0.07460175944278241,0.0752435959270127,0.14984535536979515,0.0,0.10453439260182176,0.10504224616169944,0.10595684625181612,0.10571874250100421,0.14984535536979512,0.12059543312303847,0.1498453553697951,0.1,0.35,12.825,19.20124999999999,0.059126984126984125,0.20143298059964726,0.05820578142733869,0.2160891406699804,0.11733276555432284,0.40316908861120576,1.2425458534314,1.2425458534314,0.5608775342855138,0.7602812885130026,0.5675966395156371,0.7880063964136023,0.5772916750588052,0.7794088195013582,0.5727248859052319,0.7743878374202153,0.8386621740125533,1.1252130878770772,0.6755298104308837,0.9055706755366024,0.8269896415475244,1.1128259646044074
C,12,BoulwareTBNegotiator,BoulwareTBNegotiator,0.575,0.5006406152531231,40,8.5,4.760952285695232,40,0.28086033950617284,0.24359874381066313,40,0.28461391683771176,0.2469963347183971,40,0.5654742563438846,0.49059507852906026,40,1.2832372164552095,0.0,40,0.49446005106897645,0.3439218574346559,40,0.5056055046664543,0.3454059766556442,40,0.5026542756889423,0.34669499218405964,40,0.4969779999090463,0.3468879455675228,40,0.7177629601113249,0.49059507852906026,40,0.559337705380818,0.3823105130041902,40,0.711675557830151,0.49059507852906026,40,0.15515013407201458,1.4754343993097983,0.07549203282855894,0.07654495715949894,0.1520369899880579,0.0,0.1065824878477042,0.10704242115934487,0.10744189121023845,0.10750168808328844,0.1520369899880579,0.118479255463025,0.1520369899880579,0.425,0.725,6.925,9.925,0.20787422839506173,0.353846450617284,0.2106098327123608,0.3586180009630627,0.39398569523467886,0.7124644515803465,1.2832372164552095,1.2832372164552095,0.3914155176383129,0.59750458449964,0.40211630518919816,0.6090947041437103,0.3987788663769837,0.6238422532195605,0.39304477865247567,0.6009112211656167,0.5707727648748628,0.8892515212205307,0.44479131181338005,0.673884098948256,0.564685362593689,0.8831641189393569
C,12,BoulwareTBNegotiator,ConcederTBNegotiator,0.65,0.48304589153964794,40,6.05,3.0377960972068423,40,0.558684002566162,0.41438185119239596,40,0.0906663117735782,0.06668613319454283,40,0.6493503143397402,0.4810679843869387,40,1.2832372164552095,0.0,40,0.36096348985570603,0.39275391756830563,40,0.6499255706109823,0.18756191304501188,40,0.6644632149008767,0.17566530853819462,40,0.6675461164369759,0.1693206383379283,40,0.6338869021154693,0.4810679843869387,40,0.4939748426767941,0.37488624723325276,40,0.6277994998342954,0.4810679843869387,40,0.14969747270189077,0.9414227639657009,0.12841826613888327,0.02066624678592335,0.1490845129248066,0.0,0.12171570006804687,0.058126039057027144,0.05443924312397801,0.05247300945810506,0.1490845129248066,0.11617845166354736,0.1490845129248066,0.5,0.775,5.1,6.95,0.4300062128001816,0.6873617923321425,0.06995830006210628,0.11137432348505012,0.4999645128622879,0.7987361158171925,1.2832372164552095,1.2832372164552095,0.2390018115409029,0.48292516817050923,0.5916820632144548,0.7081690780075101,0.6190054976283305,0.7190124756279321,0.6149670629856858,0.720125169888266,0.48450110063801705,0.7832727035929217,0.37756160312774734,0.610388082225841,0.47841369835684305,0.7771853013117478
C,12,BoulwareTBNegotiator,GeniusBOABaselineNegotiator,0.575,0.5006406152531231,40,8.5,4.760952285695232,40,0.4278047839506172,0.37154023437535005,40,0.2832534823884304,0.24581183256239753,40,0.7110582663390477,0.6173520669377477,40,1.2832372164552095,0.0,40,0.3949865556019519,0.4305313739076819,40,0.4675736575543678,0.3785195198511359,40,0.4811684243755786,0.36540227882885873,40,0.48424462829385756,0.35797462904521793,40,0.5721789501161618,0.6173520669377477,40,0.44588712264497615,0.4810895904680114,40,0.5660915478349879,0.6173520669377477,40,0.15515013407201458,1.4754343993097983,0.11514151153585153,0.07617787613827774,0.19131938767412932,0.0,0.13342305507956645,0.11730441451316502,0.11323933940488147,0.11093748688900201,0.19131938767412932,0.1490912087187016,0.19131938767412932,0.425,0.725,7.025,9.850624999999996,0.3164853395061728,0.5391242283950616,0.20960429420637028,0.3569026705704905,0.526089633712543,0.8960268989655523,1.2832372164552095,1.2832372164552095,0.2659924146581515,0.5239806965457522,0.3541631066565675,0.5814567524142398,0.37168801037317734,0.5906488383779799,0.3769896579202813,0.5914995986674338,0.3872103174896572,0.7571475827426664,0.3017449248855794,0.590029320404373,0.38112291520848335,0.7510601804614925
C,12,BoulwareTBNegotiator,LinearTBNegotiator,0.65,0.48304589153964794,40,6.7,3.4729725684978363,40,0.5035262345679012,0.37339149239538527,40,0.3043341318427823,0.22547284494633016,40,0.8078603664106835,0.5988643373417154,40,1.2832372164552095,0.0,40,0.329756719031837,0.41594515208321237,40,0.4353157391914456,0.34704867820074065,40,0.4510639188748905,0.3342524673117419,40,0.4554646499813936,0.3269284553272709,40,0.47537685004452596,0.5988643373417154,40,0.3704512649326818,0.4666824883679785,40,0.46928944776335213,0.5988643373417154,40,0.14969747270189077,1.0762853496383538,0.11571522234008809,0.06987475857374209,0.18558998091383017,0.0,0.12890273810423197,0.10755149964238636,0.10358591280313613,0.10131617797396889,0.18558998091383017,0.1446264015210691,0.18558998091383017,0.5,0.8,5.55,7.7,0.3875771604938271,0.6194753086419753,0.23431816165380176,0.36268077366693274,0.6218953221476289,0.9938254106737381,1.2832372164552095,1.2832372164552095,0.20059347821921786,0.4589199598444561,0.32754688608271715,0.543084592300174,0.3472686667572229,0.5548591709925581,0.35394371965573834,0.5569855803070489,0.28941180578147135,0.6613418943075806,0.225532584365763,0.5153699454996007,0.3135437231930452,0.6552544920264067
C,12,BoulwareTBNegotiator,SmartAspirationNegotiator,0.6,0.49613893835683387,40,7.925,4.334639842490096,40,0.34265432098765436,0.28244699746888274,40,0.40106467926537126,0.330869339912975,40,0.7437190002530256,0.6133163373818578,40,1.2832372164552095,0.0,40,0.3697794694832107,0.42972629804017604,40,0.42512819318808326,0.39458418420921343,40,0.4098400496255329,0.4060097559282364,40,0.4007719536048831,0.4089976970301871,40,0.5395182162021838,0.6133163373818578,40,0.42043529386759754,0.4779446305929868,40,0.53343081392101,0.6133163373818578,40,0.15375504994833628,1.3433188044006565,0.0875312313671933,0.10253747076006295,0.19006870212725624,0.0,0.13317355948337212,0.12228290557649488,0.12582372693626326,0.12674969947712983,0.19006870212725624,0.14811657555591978,0.19006870212725624,0.45,0.75,6.4993750000000015,9.2,0.2572608024691358,0.42804783950617287,0.30103140803832845,0.5010979504924142,0.5582922105074642,0.9291457899985872,1.2832372164552095,1.2832372164552095,0.23985831288238346,0.49970062608403804,0.30583171581945356,0.544424670556713,0.28708922585238683,0.5325908733986788,0.2771177716579623,0.524426135551804,0.3540914264566225,0.7249450059477452,0.2759360638204977,0.5890177289225473,0.34800402417544857,0.7188576036665714
C,12,ConcederTBNegotiator,BoulwareTBNegotiator,0.65,0.48304589153964794,40,6.7,3.4729725684978363,40,0.12235339506172838,0.09012383994929542,40,0.558952331399142,0.4146917298800559,40,0.6813057264608704,0.5048155698293514,40,1.2832372164552095,0.0,40,0.33071384184705943,0.4152338686315322,40,0.6634597318286998,0.17750403462708328,40,0.6471216410915818,0.1885526562019045,40,0.6377482034336734,0.19146488364977612,40,0.6019314899943391,0.5048155698293514,40,0.46907265646261675,0.3933922452965045,40,0.5958440877131652,0.5048155698293514,40,0.14969747270189077,1.0762853496383538,0.027929667360584245,0.1285142985391155,0.15644396589969978,0.0,0.128682309078841,0.05500907024251602,0.05843307354232376,0.059335582178697645,0.15644396589969978,0.1219135198804923,0.15644396589969978,0.5,0.8,5.6,7.7,0.09436728395061729,0.14567515432098765,0.43017831515869387,0.6877263476395902,0.5245455991093111,0.8119391659205032,1.2832372164552095,1.2832372164552095,0.20177147553026087,0.459656208163858,0.6083394924054915,0.718579971251908,0.5885704787162276,0.7056728034669361,0.5782927085200826,0.6972036983472641,0.47129805053470636,0.7586916173458984,0.34691275855645215,0.5912325543687814,0.439083960361606,0.7526042150647245
C,12,ConcederTBNegotiator,ConcederTBNegotiator,0.825,0.3848076442547927,40,1.75,0.588348405414552,40,0.3166784609968428,0.14720558217260607,40,0.3187499163964676,0.14824111491508077,40,0.6354283773933105,0.29544669708768695,40,1.2832372164552095,0.0,40,0.4464585381195524,0.20663263645586333,40,0.455390471229651,0.2084601573012257,40,0.45305105858233546,0.20886532696167043,40,0.4474953405831106,0.2089124622476312,40,0.647808839061899,0.29544669708768695,40,0.5048239177876979,0.2302354492989405,40,0.6417214367807251,0.29544669708768695,40,0.11925312445511728,0.1823310598461364,0.04561948254773825,0.04594039746941252,0.0915598800171508,0.0,0.06403611747235494,0.06460247204994753,0.06472803542859616,0.06474264280505249,0.0915598800171508,0.07135070495389316,0.0915598800171508,0.7,0.925,1.55,1.9,0.26886054977210605,0.35493278997663225,0.27059562517839675,0.35727334937092425,0.5394561749505028,0.7122061393475566,1.2832372164552095,1.2832372164552095,0.39276089475385934,0.5135805923266688,0.4012179098438387,0.5231061729619164,0.3987732057173923,0.5208983746635145,0.39320523866681284,0.5153579679784827,0.5710310771076529,0.7437810415047067,0.44499260914911626,0.579613053585925,0.5457492343379174,0.7376936392235327
C,12,ConcederTBNegotiator,GeniusBOABaselineNegotiator,0.65,0.48304589153964794,40,6.7,3.4729725684978363,40,0.14642746913580246,0.10801442852483795,40,0.5578277639250937,0.41385601034452024,40,0.7042552330608961,0.5218704388693582,40,1.2832372164552095,0.0,40,0.3258522495945078,0.4188467488837415,40,0.6417045250836865,0.19367136268519755,40,0.6252315564125992,0.20482021846288542,40,0.6159011059073322,0.20770050011464558,40,0.5789819833943133,0.5218704388693582,40,0.4511885845967609,0.40668274904850676,40,0.5728945811131394,0.5218704388693582,40,0.14969747270189077,1.0762853496383538,0.03347401820139502,0.1282553063718112,0.16172932457320624,0.0,0.12980195226886265,0.06001937711610927,0.06347444331720697,0.06436705184879768,0.16172932457320624,0.1260322896650117,0.16172932457320624,0.5,0.8,5.6243750000000015,7.7,0.1128858024691358,0.17996913580246912,0.4293132632555797,0.6863422645946077,0.5421990657247155,0.8663114003970767,1.2832372164552095,1.2832372164552095,0.19578797737327427,0.4559165218157414,0.5815638533347058,0.7018451968326671,0.5616288360344027,0.6888342767907956,0.5514039731030473,0.680398238711617,0.4169258160581327,0.741038150730494,0.3249015931830911,0.5774755760104308,0.41083841377695884,0.7349507484493201
C,12,ConcederTBNegotiator,LinearTBNegotiator,0.75,0.4385290096535146,40,3.275,1.3584965294445257,40,0.2326774691358025,0.13541613399948807,40,0.579385147724248,0.33822488518481064,40,0.8120626168600504,0.4736410191842988,40,1.2832372164552095,0.0,40,0.26982436471346066,0.3623066635377222,40,0.5157026482998929,0.2260537842698452,40,0.497427179758999,0.23587958839698778,40,0.4873771530710651,0.23856652192272657,40,0.47117459959515917,0.4736410191842988,40,0.36717653879827694,0.369098568145238,40,0.4650871973139853,0.4736410191842988,40,0.13590154807518112,0.4210024361949124,0.04196589470654898,0.10481697785622829,0.1467828725627773,0.0,0.11227999828707706,0.07005479353531925,0.07309984178199568,0.07393253110855019,0.1467828725627773,0.11438483133169058,0.1467828725627773,0.625,0.875,2.85,3.65,0.18635802469135804,0.27127700617283956,0.4636944370508383,0.6757940732854226,0.6500524617421963,0.9470710794582622,1.2832372164552095,1.2832372164552095,0.16655107618461745,0.37309765324230393,0.45126740590610803,0.5930249391724347,0.4301911522658126,0.5781104127508225,0.4193752316841481,0.5557190840649147,0.3361661369969474,0.6331847547130132,0.26196725958865696,0.47238581800789703,0.3300787347157736,0.6270973524318393
C,12,ConcederTBNegotiator,SmartAspirationNegotiator,0.65,0.48304589153964794,40,6.7,3.4729725684978363,40,0.12235339506172838,0.09012383994929542,40,0.5602151082298072,0.4156301593569549,40,0.6825685032915356,0.5057539993062503,40,1.2832372164552095,0.0,40,0.3294510650163942,0.4161722981084311,40,0.6640405500648547,0.177072400992151,40,0.6476873862072131,0.18813222411919023,40,0.638318204046527,0.19104128910483162,40,0.6006687131636739,0.5057539993062502,40,0.46808860081454773,0.39412354381626774,40,0.5945813108825,0.5057539993062502,40,0.14969747270189077,1.0762853496383538,0.027929667360584245,0.12880512084701876,0.15673478820760298,0.0,0.1289731313867442,0.05487530559320591,0.058302780290010785,0.059204308869185825,0.15673478820760295,0.12214015163974452,0.15673478820760295,0.5,0.8,5.649375000000002,7.675624999999997,0.09436728395061728,0.1503395061728395,0.4311496819515133,0.6892805345081012,0.5255169659021305,0.8396200406809406,1.2832372164552095,1.2832372164552095,0.20021728866174984,0.4586848413710386,0.6090543456192208,0.7190267545104888,0.5892667803970045,0.7061079920174217,0.5789942477359024,0.6976421603571514,0.4436171757742688,0.757720250553079,0.3660994444219613,0.5904755884856514,0.43752977349309496,0.7516328482719051
C,12,GeniusBOABaselineNegotiator,BoulwareTBNegotiator,0.6,0.49613893835683387,40,7.925,4.334639842490096,40,0.2962599005196151,0.24408353327439347,40,0.3025328496304114,0.24939354433056596,40,0.5987927501500264,0.49347707760495946,40,1.2832372164552095,0.0,40,0.4710928873909898,0.3459504120367297,40,0.48256598014204,0.34708897980770986,40,0.4792473007222434,0.34861702280592277,40,0.47346272159340846,0.34888982959990406,40,0.684444466305183,0.49347707760495946,40,0.5333732980375052,0.3845563947779908,40,0.6783570640240091,0.49347707760495946,40,0.15375504994833628,1.3433188044006565,0.07564227063988081,0.07728786011502259,0.15293013075490342,0.0,0.10721114343196003,0.10756398923978233,0.10803753467101083,0.10812207837236544,0.15293013075490342,0.11917526143557056,0.15293013075490342,0.45,0.75,6.6,9.150624999999996,0.22246498711810642,0.3700548139211238,0.2271325358121085,0.37793316344871425,0.4495975229302148,0.747987977369838,1.2832372164552095,1.2832372164552095,0.36650008526710726,0.5756856895148723,0.3776289495118995,0.5875030107721806,0.37384828972327516,0.584646311721212,0.36798123164361896,0.578944211543198,0.5352492390853715,0.8336396935249946,0.4171085690328823,0.6496380270421281,0.5291618368041975,0.8275522912438207
C,12,GeniusBOABaselineNegotiator,ConcederTBNegotiator,0.7,0.4640954808922571,40,5.4,2.6194538479496945,40,0.6411531117606216,0.424364177167532,40,0.15408570668086238,0.10154018772782415,40,0.795238818441484,0.5259043648953562,40,1.2832372164552095,0.0,40,0.26683922876595595,0.4127962673168511,40,0.5985464748423088,0.20139597616108465,40,0.6153218029890407,0.18929893887693466,40,0.6200227801510524,0.18256581479715753,40,0.4879983980137254,0.5259043648953562,40,0.38028697403412526,0.4098263034703003,40,0.4819109957325516,0.5259043648953562,40,0.14382467959824718,0.8117771577509149,0.13151182100879702,0.031467630191578166,0.16297945120037519,0.0,0.12792688860502333,0.06241325963367614,0.058664348939402776,0.056577732169061916,0.16297945120037519,0.1270064872733247,0.16297945120037519,0.55,0.85,4.6,6.15,0.5039946407219699,0.7783115827992734,0.12126696832579187,0.18143465531008784,0.6252616090477618,0.9368864929362527,1.2832372164552095,1.2832372164552095,0.15565621678014097,0.40025884314893395,0.5443022555886851,0.6636395379466574,0.5541386154756672,0.6765049905024142,0.5610158013135851,0.6790297589885197,0.34635072351895685,0.6579756074074476,0.269903895458791,0.5127466683245263,0.3395550828653104,0.6518882051262739
C,12,GeniusBOABaselineNegotiator,GeniusBOABaselineNegotiator,0.6,0.49613893835683387,40,7.925,4.334639842490096,40,0.2962599005196151,0.24408353327439347,40,0.3025328496304114,0.24939354433056596,40,0.5987927501500264,0.49347707760495946,40,1.2832372164552095,0.0,40,0.4710928873909898,0.3459504120367297,40,0.48256598014204,0.34708897980770986,40,0.4792473007222434,0.34861702280592277,40,0.47346272159340846,0.34888982959990406,40,0.684444466305183,0.49347707760495946,40,0.5333732980375052,0.3845563947779908,40,0.6783570640240091,0.49347707760495946,40,0.15375504994833628,1.3433188044006565,0.07564227063988081,0.07728786011502259,0.15293013075490342,0.0,0.10721114343196003,0.10756398923978233,0.10803753467101083,0.10812207837236544,0.15293013075490342,0.11917526143557056,0.15293013075490342,0.45,0.75,6.575,9.175,0.22246498711810642,0.3700548139211238,0.2271325358121085,0.37793316344871425,0.4495975229302148,0.747987977369838,1.2832372164552095,1.2832372164552095,0.36650008526710726,0.5756856895148723,0.3776289495118995,0.5875030107721806,0.37384828972327516,0.584646311721212,0.36798123164361896,0.578944211543198,0.5352492390853714,0.8336396935249948,0.4171085690328823,0.6496380270421281,0.5291618368041975,0.8275522912438207
C,12,GeniusBOABaselineNegotiator,LinearTBNegotiator,0.625,0.4902903378454601,40,7.325,3.9052069120138846,40,0.4091512845187456,0.32011725902781424,40,0.15789786183451268,0.12313447089886807,40,0.5670491463532583,0.4432517299266824,40,1.2832372164552095,0.0,40,0.4771241966596268,0.32346602959858617,40,0.5647554689919867,0.2648027784720288,40,0.5750227694043104,0.25559468791617335,40,0.575412952676033,0.2510096130156423,40,0.7161880701019512,0.4432517299266824,40,0.5581104264419137,0.34541682881604124,40,0.7101006678207773,0.4432517299266824,40,0.15194254987178035,1.2102361604672716,0.09920536637208316,0.0381597678789741,0.13736513425105729,0.0,0.10024316112385132,0.08206323124983607,0.07920961442219232,0.0777886849892338,0.13736513425105729,0.10704578427869489,0.13736513425105729,0.475,0.775,6.075,8.45,0.3112142354935059,0.5070883335439852,0.12022595763995762,0.19556976602906778,0.43144019313346355,0.702658099573053,1.2832372164552095,1.2832372164552095,0.3781626208451724,0.5760857724740811,0.483741396911039,0.6322671957261099,0.4968258313289969,0.653219707479624,0.498618777784065,0.652207127568001,0.5805791168821566,0.8517970233217461,0.4524331974145337,0.6637876554692937,0.5744917146009826,0.8457096210405721
C,12,GeniusBOABaselineNegotiator,SmartAspirationNegotiator,0.6,0.49613893835683387,40,7.925,4.334639842490096,40,0.346358024691358,0.28550958350812244,40,0.3948363055629491,0.32571910871895937,40,0.7411943302543071,0.6112286922270819,40,1.2832372164552095,0.0,40,0.3703025329199674,0.4292937778098331,40,0.41890924095362764,0.39972662480803783,40,0.40395226594760986,0.4108783538336354,40,0.3948045163717909,0.41393216031941615,40,0.5420428862009024,0.6112286922270819,40,0.4224027165438916,0.4763177722631273,40,0.5359554839197285,0.6112286922270819,40,0.15375504994833628,1.3433188044006565,0.08848033661378796,0.10094139757720823,0.1894217341909962,0.0,0.13303952007529765,0.1238765644288866,0.12733252105873666,0.1282789054935259,0.1894217341909962,0.147612406936148,0.1894217341909962,0.45,0.75,6.575,9.225,0.26003858024691356,0.43267746913580246,0.2963601277615118,0.49331248336438643,0.5563987080084255,0.925989952500189,1.2832372164552095,1.2832372164552095,0.24051214217832925,0.5000929236616056,0.2980580255263841,0.5397604563808713,0.27972949625498317,0.5281750356402366,0.269658475116597,0.5199505576269848,0.3572472639550206,0.7268385084467841,0.2783953421658653,0.566410090921918,0.3511598616738468,0.7207511061656102
C,12,LinearTBNegotiator,BoulwareTBNegotiator,0.625,0.4902903378454601,40,7.325,3.9052069120138846,40,0.183275462962963,0.14292568644908552,40,0.48399169878175663,0.3789435228767666,40,0.6672671617447196,0.5218692093258522,40,1.2832372164552095,0.0,40,0.3801263668044948,0.39955738763050486,40,0.5904369068298602,0.2446566011378078,40,0.5750367846266912,0.25558369347118765,40,0.5657434217192124,0.25859501717504507,40,0.6159700547104899,0.5218692093258522,40,0.48001261716211296,0.4066817908908954,40,0.6098826524293159,0.5218692093258522,40,0.15194254987178035,1.2102361604672716,0.04429312912157301,0.11743581441215299,0.16172894353372605,0.0,0.12382411728419992,0.07581986621069989,0.07920620720839143,0.08013942609266332,0.16172894353372605,0.1260319927288916,0.16172894353372605,0.475,0.775,6.1243750000000015,8.45,0.1395486111111111,0.2270023148148148,0.36805727371986297,0.5999261238436502,0.5076058848309741,0.8269284386584651,1.2832372164552095,1.2832372164552095,0.2578853118248088,0.5023674217841808,0.5155863798300022,0.6652874338297183,0.49684321020474903,0.6532303590486334,0.4866285593976075,0.6448582840408175,0.45630877779674445,0.7756313316242354,0.3555919139075807,0.6044333204166451,0.4502213755155705,0.7695439293430615
C,12,LinearTBNegotiator,ConcederTBNegotiator,0.75,0.4385290096535146,40,3.275,1.3584965294445257,40,0.544480868010792,0.31772924828648663,40,0.23682459409103007,0.1379278980766311,40,0.7813054621018221,0.4556571463631177,40,1.2832372164552095,0.0,40,0.3307624062955254,0.3266758648374455,40,0.4545012894984346,0.2618385459560491,40,0.46992811850384913,0.25195843652848404,40,0.4732616479112255,0.2468199332540646,40,0.5019317543533874,0.4556571463631177,40,0.39114494804001587,0.3550841111215715,40,0.49584435207221367,0.4556571463631177,40,0.13590154807518112,0.4210024361949124,0.098465314176168,0.042744298458567746,0.14120961263473575,0.0,0.1012378993701806,0.08114460607588297,0.0780827284422478,0.07649028977933073,0.14120961263473575,0.11004170610388819,0.14120961263473575,0.6,0.875,2.85,3.65,0.43580074379134964,0.6350476381936605,0.18964599414426403,0.2761400940466684,0.651423191963315,0.9111877322403291,1.2832372164552095,1.2832372164552095,0.2376454580303596,0.44250274421372426,0.37986582063774,0.5440638521312682,0.39810891413480454,0.5561111637467027,0.402907142331002,0.5439679260193482,0.37204948421488054,0.6577904785195958,0.289930403704019,0.512602401243212,0.36596208193370666,0.6517030762384219
C,12,LinearTBNegotiator,GeniusBOABaselineNegotiator,0.625,0.4902903378454601,40,7.325,3.9052069120138846,40,0.19870756172839502,0.15503162071687462,40,0.48234293653553795,0.3776501273588061,40,0.6810504982639329,0.5326817480756806,40,1.2832372164552095,0.0,40,0.37048657056498174,0.40711946595855636,40,0.5756570759816364,0.2562508543536068,40,0.5601534456979443,0.2672591451058177,40,0.5508733819514638,0.2702600360894528,40,0.6021867181912766,0.5326817480756806,40,0.4692715504735328,0.4151077768357988,40,0.5960993159101027,0.5326817480756806,40,0.15194254987178035,1.2102361604672716,0.04804479701964165,0.11703498698843659,0.16507978400807818,0.0,0.1261676296376015,0.07941296250790424,0.08282446715629499,0.0837544529070737,0.16507978400807818,0.12864323282650073,0.16507978400807818,0.475,0.775,6.1,8.475,0.15127700617283946,0.24613811728395057,0.36680421441273686,0.5978816586583392,0.5180812205855763,0.8440197759422897,1.2832372164552095,1.2832372164552095,0.24593196448781257,0.49504117664215086,0.4972593895782046,0.6540547623850681,0.4920154658939097,0.6419190214627857,0.46818971008559923,0.6335570538173284,0.43921744051291983,0.7651559958696332,0.3422729912137414,0.5962701097333242,0.433130038231746,0.7590685935884594
C,12,LinearTBNegotiator,LinearTBNegotiator,0.725,0.4522025867763026,40,4.0,1.7686732677928756,40,0.4505131172839506,0.2803237331914209,40,0.46561085972850663,0.289833332168575,40,0.9161239770124572,0.570157065359996,40,1.2832372164552095,0.0,40,0.2507663490806565,0.3983734803776654,40,0.2845902612979971,0.3852914744530605,40,0.2663289588490859,0.3957642022575901,40,0.2564928259107073,0.3984970462476628,40,0.36711323944275237,0.5701570653599959,40,0.28608369110183623,0.4443115100222756,40,0.3610258371615785,0.5701570653599959,40,0.14013903352723933,0.5481175243620847,0.08687322495045069,0.08982028020590689,0.17669350515635762,0.0,0.12345722062537812,0.1194030649869924,0.12264859695836665,0.1234955140852228,0.1766935051563576,0.13769356350531384,0.1766935051563576,0.6,0.85,3.4,4.5,0.35752700617283945,0.5280015432098765,0.3854937450093159,0.5457279744476975,0.7577304086641162,1.0737295176575739,1.2832372164552095,1.2832372164552095,0.14064604790723173,0.3829107104887661,0.17808615071789274,0.41239519399412233,0.15692992680270126,0.3976077973047475,0.1463383680690075,0.3886781753207471,0.20950769879763564,0.5562398882168924,0.1632649802476706,0.43346614412683504,0.2034202965164617,0.5501524859357185
C,12,LinearTBNegotiator,SmartAspirationNegotiator,0.625,0.4902903378454601,40,7.325,3.9052069120138846,40,0.16861496913580248,0.13142504889468584,40,0.48680108966324037,0.3811473904038428,40,0.655416058799043,0.5125724392985288,40,1.2832372164552095,0.0,40,0.38041475901669214,0.3993311541662644,40,0.6050315205287969,0.2332076442079267,40,0.5896975072056144,0.2440828764691415,40,0.5803974986248787,0.24709941346801712,40,0.6278211576561665,0.5125724392985288,40,0.4892479345248792,0.3994370118990542,40,0.6217337553749926,0.5125724392985288,40,0.15194254987178035,1.2102361604672716,0.040729044618407796,0.11811880003474368,0.15884784465315152,0.0,0.12375400680726481,0.07227179769900378,0.07564206709382443,0.07657690159496076,0.15884784465315152,0.12378681245853343,0.15884784465315152,0.475,0.775,6.05,8.475,0.12840663580246914,0.2088233024691358,0.3701924107897907,0.6034097685366901,0.49859904659225995,0.8122330710058261,1.2832372164552095,1.2832372164552095,0.25824291816793343,0.5025865998654508,0.5336837008166836,0.6763793402409102,0.5150225062026139,0.664372508208615,0.5047996147606336,0.6559953824891237,0.4710041454493835,0.7846381698629497,0.36704370743741094,0.6114521616123474,0.46491674316820963,0.7785507675817758
C,12,SmartAspirationNegotiator,BoulwareTBNegotiator,0.6,0.49613893835683376,40,8.725,3.70714832694198,40,0.27969135802469136,0.23038303480180752,40,0.45712004258717054,0.3772214206591151,40,0.7368114006118619,0.6076044554609228,40,1.2832372164552095,0.0,40,0.3703025329199673,0.4292937778098332,40,0.5086825575185595,0.3254932281858757,40,0.49299366455936877,0.3372501788718926,40,0.4842153194032669,0.3399985254966354,40,0.5464258158433475,0.6076044554609228,40,0.42581824220527525,0.4734934801371783,40,0.5403384135621737,0.6076044554609228,40,0.15375504994833625,1.148857169047482,0.07139644217508391,0.11690212940575524,0.18829857158083918,0.0,0.13303952007529768,0.10087139647477178,0.10451491324036885,0.10536663468348352,0.18829857158083918,0.14673714973837154,0.18829857158083918,0.45,0.75,7.5,9.775624999999996,0.21003858024691358,0.34934413580246915,0.3430729305296779,0.5711671546446633,0.5531115107765915,0.9205112904471324,1.2832372164552095,1.2832372164552095,0.2405121421783291,0.5000929236616054,0.4102746712325489,0.6070904438045701,0.39103124451968174,0.5949560845990558,0.381421978905942,0.5870086599005917,0.3627259260080772,0.7301257056786181,0.28266474924259477,0.5689717351679556,0.35663852372690324,0.7240383033974441
C,12,SmartAspirationNegotiator,ConcederTBNegotiator,0.75,0.43852900965351455,40,6.7,2.5640512815384513,40,0.6575576272816246,0.38384583396364286,40,0.10187649720521692,0.0590230243673482,40,0.7594341244868416,0.44286885833099104,40,1.2832372164552095,0.0,40,0.2678281626144177,0.36347385357713763,40,0.618642680376533,0.16586419717615183,40,0.6358487308236775,0.15494376745952532,40,0.6404159511879375,0.14908391848705158,40,0.5238030919683679,0.44286885833099104,40,0.40818882530177225,0.345118464966566,40,0.5177156896871942,0.44286885833099104,40,0.1359015480751811,0.7946077245392444,0.11895505635780902,0.01829142475645903,0.13724648111426804,0.0,0.11264171422778489,0.051401847244486994,0.04801757101311895,0.046201585002352746,0.13724648111426804,0.10695332036378677,0.13724648111426804,0.625,0.875,5.875,7.425624999999997,0.5262621512080157,0.7669705240096321,0.08168751663561352,0.11870064767988642,0.6079496678436292,0.8856711716895184,1.2832372164552095,1.2832372164552095,0.16422217373573403,0.39215534926883816,0.5713641099955215,0.6753769648337469,0.5916829618412709,0.6888476536025653,0.5979204961538327,0.6914104972288632,0.3975660447656911,0.6500401391710449,0.3098149271760681,0.5065627234274764,0.39147864248451725,0.6439527368898711
C,12,SmartAspirationNegotiator,GeniusBOABaselineNegotiator,0.6,0.49613893835683376,40,8.725,3.70714832694198,40,0.27969135802469136,0.23038303480180752,40,0.45712004258717054,0.3772214206591151,40,0.7368114006118619,0.6076044554609228,40,1.2832372164552095,0.0,40,0.3703025329199673,0.4292937778098332,40,0.5086825575185595,0.3254932281858757,40,0.49299366455936877,0.3372501788718926,40,0.4842153194032669,0.3399985254966354,40,0.5464258158433475,0.6076044554609228,40,0.42581824220527525,0.4734934801371783,40,0.5403384135621737,0.6076044554609228,40,0.15375504994833625,1.148857169047482,0.07139644217508391,0.11690212940575524,0.18829857158083918,0.0,0.13303952007529768,0.10087139647477178,0.10451491324036885,0.10536663468348352,0.18829857158083918,0.14673714973837154,0.18829857158083918,0.45,0.75,7.525,9.8,0.21003858024691358,0.34934413580246915,0.3430729305296779,0.5711671546446633,0.5531115107765915,0.9205112904471324,1.2832372164552095,1.2832372164552095,0.2405121421783291,0.5000929236616054,0.4102746712325489,0.6070904438045701,0.39103124451968174,0.5949560845990558,0.381421978905942,0.5870086599005917,0.3627259260080772,0.7301257056786181,0.28266474924259477,0.5689717351679556,0.35663852372690324,0.7240383033974442
C,12,SmartAspirationNegotiator,LinearTBNegotiator,0.725,0.45220258677630254,40,7.425,2.9516401351078496,40,0.5680951678603786,0.3536629158522799,40,0.2891691065566498,0.1797817222380101,40,0.8572642744170285,0.5334446380902901,40,1.2832372164552095,0.0,40,0.27684696307935514,0.3821062788398367,40,0.4271545007437328,0.29637020844042894,40,0.44432300611044395,0.2847443834957011,40,0.44917801592092427,0.2783139547220027,40,0.42597294203818115,0.5334446380902901,40,0.33195182977538695,0.41570228111359453,40,0.4198855397570072,0.5334446380902901,40,0.14013903352723933,0.9147227546905771,0.10960127312690805,0.05571493294610588,0.16531620607301398,0.0,0.11841596263975794,0.09184607915048021,0.08824319867311357,0.08625038814998928,0.16531620607301398,0.12882747161096245,0.16531620607301398,0.575,0.85,6.425,8.275,0.47033397459368925,0.6658563611270679,0.22953375920503943,0.3388652293496584,0.6803154951453909,1.0047215904767264,1.2832372164552095,1.2832372164552095,0.1712233194919129,0.4035953353842857,0.3452304314473759,0.5254633838993609,0.3656126029022245,0.5387754899603074,0.37224514256374464,0.5414974639495399,0.2785156259784831,0.6029217213098187,0.2170414186925232,0.4698443230748235,0.27242822369730924,0.5968343190286448
C,12,SmartAspirationNegotiator,SmartAspirationNegotiator,0.6,0.49613893835683376,40,8.725,3.70714832694198,40,0.34265432098765436,0.2824469974688827,40,0.40106467926537126,0.33086933991297496,40,0.7437190002530256,0.6133163373818576,40,1.2832372164552095,0.0,40,0.3697794694832107,0.42972629804017604,40,0.42512819318808326,0.3945841842092134,40,0.40984004962553283,0.40600975592823635,40,0.4007719536048831,0.4089976970301871,40,0.5395182162021838,0.6133163373818576,40,0.42043529386759754,0.4779446305929868,40,0.53343081392101,0.6133163373818576,40,0.15375504994833625,1.148857169047482,0.08753123136719328,0.10253747076006293,0.1900687021272562,0.0,0.13317355948337212,0.12228290557649488,0.12582372693626323,0.12674969947712983,0.1900687021272562,0.14811657555591978,0.1900687021272562,0.45,0.75,7.55,9.75,0.2572608024691358,0.42804783950617287,0.30103140803832845,0.5010979504924142,0.5582922105074642,0.9291457899985872,1.2832372164552095,1.2832372164552095,0.23985831288238346,0.49970062608403804,0.30583171581945356,0.544424670556713,0.28708922585238683,0.5325908733986788,0.2771177716579623,0.524426135551804,0.3540914264566225,0.7249450059477452,0.2759360638204977,0.5649345239146973,0.34800402417544857,0.7188576036665714
C,24,BoulwareTBNegotiator,BoulwareTBNegotiator,0.225,0.4229020617662602,40,11.575,7.7588245871626045,40,0.14305941358024693,0.2668590324941726,40,0.13476177801437314,0.2515424915341149,40,0.27782119159462004,0.5184015240282874,40,1.2832372164552095,0.0,40,0.6959728844708193,0.3636792544060049,40,0.7073845655480774,0.3663826806438902,40,0.70666463181156,0.36497145795245167,40,0.7027541288361633,0.3620691086378841,40,1.0054160248605895,0.5184015240282873,40,0.7834997395399207,0.40397949605943484,40,0.9993286225794156,0.5184015240282873,40,0.13105870675153408,2.404484650792646,0.082700470973306,0.07795382575301966,0.16065429672632567,0.0,0.11270536860413058,0.1135431690751324,0.11310582663204785,0.11220637926090056,0.1606542967263256,0.1251945428843734,0.1606542967263256,0.1,0.35,9.149375000000001,13.975,0.0641820987654321,0.22233111496913371,0.060411675982610234,0.2091118800461361,0.12459377474804231,0.4310486084411978,1.2832372164552095,1.2832372164552095,0.566978743527019,0.8034680019239865,0.5990903782622302,0.8156787528339245,0.5987875690856951,0.8145416945374249,0.5957349329714947,0.8097733247008316,0.8215431246446963,1.1586434417071672,0.6640928092532116,0.9029066698266298,0.8461012057328379,1.1525560394259933
C,24,BoulwareTBNegotiator,ConcederTBNegotiator,0.4,0.49613893835683387,40,9.35,5.4516523018726,40,0.36249884977036473,0.44828460480943794,40,0.061689291101055796,0.07536064789875782,40,0.4241881408714206,0.5236452527081958,40,1.2832372164552095,0.0,40,0.5452442051034505,0.42695222793604326,40,0.7497171918607668,0.1892731733043878,40,0.7584278993596729,0.17664461966438508,40,0.7585174583824857,0.16976785818955728,40,0.859049075583789,0.5236452527081958,40,0.6694390285506292,0.4080658244581651,40,0.8529616733026151,0.5236452527081958,40,0.15375504994833628,1.6894845519512898,0.13892483833625702,0.023354506743993583,0.16227934508025063,0.0,0.13231386625140418,0.05865636410574507,0.054742734786255236,0.052611604326012106,0.16227934508025063,0.1264609091751002,0.16227934508025063,0.25,0.55,7.55,11.0,0.22696687369907056,0.49803082584165886,0.038905154822109836,0.08447342738000177,0.2658720285211804,0.5825042532216609,1.2832372164552095,1.2832372164552095,0.4161617460597995,0.6743266641471015,0.6924933503100785,0.8069410334114551,0.7050221073502565,0.8118336913690894,0.7071907497537053,0.8098441670112659,0.7007329632335487,1.017365187934029,0.5460665839861163,0.7928114731151421,0.694645560952375,1.0112777856528552
C,24,BoulwareTBNegotiator,GeniusBOABaselineNegotiator,0.225,0.4229020617662602,40,11.575,7.7588245871626045,40,0.1155594135802469,0.2151710027227408,40,0.15774221881512246,0.29473571728937875,40,0.27330163239536936,0.5099067200121196,40,1.2832372164552095,0.0,40,0.6973642163890518,0.3610641560201307,40,0.7385479905022225,0.3078090065780854,40,0.7319146901225537,0.3175123391993959,40,0.7251035127324471,0.32006199517591044,40,1.00993558405984,0.5099067200121197,40,0.7870217377654206,0.3973596724545414,40,1.0038481817786662,0.5099067200121196,40,0.13105870675153408,2.404484650792646,0.06668218459256296,0.09133954509491474,0.1580217296874777,0.0,0.11189494121806093,0.0953909994198491,0.09839809335364934,0.09918823992694271,0.15802172968747774,0.12314303829497243,0.1580217296874777,0.1,0.375,9.3,13.975,0.05195987654320987,0.17947694830246744,0.07062520522738772,0.24485923240285726,0.12258508177059757,0.42401818302014116,1.2832372164552095,1.2832372164552095,0.5906420611126807,0.804086371665423,0.6475668170797892,0.8295291639246557,0.6380654375694631,0.8257639426756445,0.6300276268972147,0.8197063842102912,0.8592190334350682,1.160652134684612,0.6695714731595448,0.9044720023712962,0.8229883210289402,1.154564732403438
C,24,BoulwareTBNegotiator,LinearTBNegotiator,0.375,0.49029033784546006,40,10.475,6.527996904850951,40,0.2966786415284631,0.3864774313661508,40,0.14612722917221185,0.1898347115923687,40,0.442805870700675,0.5763121429585195,40,1.2832372164552095,0.0,40,0.5742452980755212,0.41212994899731814,40,0.6610691879067302,0.31541346869108194,40,0.6692411234879637,0.30280621678050873,40,0.6691173053403906,0.2958364517583425,40,0.8404313457545346,0.5763121429585195,40,0.6549306199800894,0.44910803362648216,40,0.8343439434733606,0.5763121429585195,40,0.15194254987178032,2.0230472002301316,0.11977059684210681,0.05883038662411937,0.1786009834662262,0.0,0.12772039441845415,0.09774764664428665,0.0938406187991404,0.0916806662409709,0.1786009834662262,0.13918002157043902,0.1786009834662262,0.25,0.525,8.374375,12.400624999999996,0.17843928368251,0.41491799937441626,0.08804897524620707,0.20420548309821668,0.2664882589287171,0.6191234824726329,1.2832372164552095,1.2832372164552095,0.4481577789511217,0.7003328171999207,0.5645712220043814,0.757567153809079,0.5766002349959024,0.7464418638980148,0.5786087549195204,0.759625855761261,0.6641137339825767,1.0167489575264925,0.5175299823497264,0.7923312576104523,0.6580263317014027,1.0106615552453184
C,24,BoulwareTBNegotiator,SmartAspirationNegotiator,0.225,0.4229020617662602,40,11.575,7.7588245871626045,40,0.1488927469135802,0.27782316002144597,40,0.1373569337237157,0.2564202546456057,40,0.28624968063729594,0.5342434146670516,40,1.2832372164552095,0.0,40,0.6912475537743554,0.3725608192685027,40,0.7012063090258193,0.3779951136278184,40,0.7044015545419804,0.3692250581446366,40,0.7022722952074071,0.3629747461269033,40,0.9969875358179137,0.5342434146670516,40,0.7769315938108259,0.41632475104083694,40,0.9909001335367398,0.5342434146670516,40,0.13105870675153408,2.404484650792646,0.08609828929649394,0.07946546020228762,0.16556374949878153,0.0,0.11545779407102788,0.1171418993408497,0.11442403098862519,0.11248703922647472,0.16556374949878153,0.12902037703997687,0.16556374949878153,0.1,0.35,9.175,13.9,0.06677469135802468,0.24743441358024681,0.06156507852009581,0.21314878892733563,0.12833976987812049,0.444949140950263,1.2832372164552095,1.2832372164552095,0.5811272526009307,0.8013678549477803,0.5894797570053842,0.8129328610462544,0.5952672266663489,0.8135358824176118,0.5949854139934295,0.8095591764213845,0.8390776250587381,1.154897446577089,0.6538756936746195,0.899987493947032,0.8014082406257292,1.148810044295915
C,24,ConcederTBNegotiator,BoulwareTBNegotiator,0.375,0.49029033784546006,40,9.725,5.791184724460144,40,0.06410108024691359,0.08239601511013983,40,0.3405476443971253,0.4440279144315086,40,0.4046487246440389,0.5264239295416484,40,1.2832372164552095,0.0,40,0.555915059929075,0.43609565207360845,40,0.7791570270065113,0.16102059795062315,40,0.768966933541263,0.17242061383932406,40,0.7613038566345637,0.17530798408146794,40,0.8785884918111705,0.5264239295416485,40,0.6846656881088339,0.41023118936328234,40,0.8725010895299967,0.5264239295416485,40,0.15194254987178032,1.794706739846731,0.025534789631229755,0.1376056763211958,0.16314046595242554,0.0,0.13514744274839555,0.04990080029316857,0.0534337018190681,0.05432850712757803,0.1631404659524256,0.12713196271152555,0.1631404659524256,0.25,0.525,7.949375000000002,11.425624999999997,0.03889274691358026,0.08930941358024692,0.20470122438115518,0.47639406441309545,0.2435939712947354,0.5657034779933424,1.2832372164552095,1.2832372164552095,0.42249544554609697,0.6893346743120529,0.7298941967440751,0.8284198572689478,0.7162163690705214,0.8217174980120046,0.7076699267313626,0.8149377865377648,0.717533738461867,1.039643245160474,0.5591590777299686,0.8101722984876991,0.7114463361806932,1.0335558428793001
C,24,ConcederTBNegotiator,ConcederTBNegotiator,0.925,0.2667467828369185,40,0.925,0.2667467828369185,40,0.5178155462228842,0.14901349045300427,40,0.5197036079398859,0.1496008277286612,40,1.03751915416277,0.29861431818166556,40,1.2832372164552095,0.0,40,0.16272971967706643,0.2095719533306665,40,0.17478391878149863,0.2098014442886877,40,0.16906290120095954,0.21102711248775682,40,0.1631740635900199,0.2111523174540466,40,0.2457180622924394,0.29861431818166556,40,0.19148296132745152,0.23270391035458912,40,0.23963066001126557,0.29861431818166556,40,0.0826656844441234,0.0826656844441234,0.04617975912847845,0.04636177683596626,0.09254153596444473,0.0,0.06494702120911085,0.06501814119382743,0.06539797970396756,0.0654367811250159,0.09254153596444473,0.07211568896051794,0.09254153596444473,0.825,1.0,0.825,1.0,0.46195227062187827,0.5597130029236385,0.4636201470120279,0.5617662036357793,0.9255724176339063,1.121479206559418,1.2832372164552095,1.2832372164552095,0.10380531079521885,0.24129559818619653,0.11579498495330105,0.23377285260969627,0.10972935172659544,0.24817430050011166,0.10380531079521885,0.22254281638482096,0.1617580098957916,0.3576647988213032,0.12605464353865053,0.2787207183791861,0.1556706076146177,0.3515773965401293
C,24,ConcederTBNegotiator,GeniusBOABaselineNegotiator,0.375,0.49029033784546006,40,9.725,5.791184724460144,40,0.05067515432098766,0.06484241042184556,40,0.3437915890338035,0.4482691803298257,40,0.39446674335479115,0.5131115907516711,40,1.2832372164552095,0.0,40,0.555915059929075,0.43609565207360845,40,0.7923984130726863,0.14370826822281763,40,0.7822469929346575,0.1550577210217369,40,0.7745668967534255,0.1579673429595089,40,0.8887704731004182,0.5131115907516712,40,0.6926002937754107,0.3998571613821185,40,0.8826830708192445,0.5131115907516712,40,0.15194254987178032,1.794706739846731,0.020094871179030208,0.13892005824050183,0.15901492941953202,0.0,0.13514744274839555,0.044535653725885145,0.04805288558791863,0.048954586768347144,0.15901492941953205,0.12391701813230753,0.15901492941953205,0.225,0.525,7.95,11.425624999999997,0.030837191358024697,0.07051311728395063,0.20664759116316206,0.480935586904445,0.23748478252118677,0.5514487041883956,1.2832372164552095,1.2832372164552095,0.42249544554609697,0.6670980719148899,0.74843213723672,0.8290369762693249,0.7348084522212737,0.8296855336480412,0.7262381828977691,0.822895610609082,0.731788512266814,1.0457524339340227,0.5702675256631761,0.8149330618876451,0.72570110998564,1.0396650316528488
C,24,ConcederTBNegotiator,LinearTBNegotiator,0.65,0.48304589153964794,40,6.05,3.0377960972068423,40,0.2306867283950617,0.17063148853923674,40,0.47077011800195184,0.3491593362056172,40,0.7014568463970134,0.5197908247448539,40,1.2832372164552095,0.0,40,0.3720775362810934,0.38449454146959144,40,0.5286947741036399,0.2776542794772442,40,0.5131833761918225,0.2880885463246396,40,0.503710056064155,0.2910750011827481,40,0.581780370058196,0.5197908247448539,40,0.45336930896167066,0.40506214913304517,40,0.5756929677770222,0.5197908247448539,40,0.14969747270189077,0.9414227639657009,0.0528792461442327,0.10820559933477986,0.16108484547901258,0.0,0.11915609289670541,0.08604595267362163,0.08927956547089352,0.09020507742002151,0.16108484547901258,0.12553006054795568,0.16108484547901258,0.5,0.8,5.075,6.95,0.17770061728395062,0.28367283950617284,0.3623458433147014,0.5791943926892023,0.5400464605986519,0.8628672321953749,1.2832372164552095,1.2832372164552095,0.2526806379106104,0.4914744346515764,0.4424749290515715,0.614914619155708,0.43826063227472206,0.6026433689286597,0.4133226809883677,0.5940974311399423,0.4465991719520694,0.7431907558565576,0.3275855616322107,0.5791530562911305,0.4142825819786607,0.7371033535753837
C,24,ConcederTBNegotiator,SmartAspirationNegotiator,0.375,0.49029033784546006,40,9.725,5.791184724460144,40,0.05067515432098766,0.06484241042184556,40,0.3437915890338035,0.4482691803298257,40,0.39446674335479115,0.5131115907516711,40,1.2832372164552095,0.0,40,0.555915059929075,0.43609565207360845,40,0.7923984130726863,0.14370826822281763,40,0.7822469929346575,0.1550577210217369,40,0.7745668967534255,0.1579673429595089,40,0.8887704731004182,0.5131115907516712,40,0.6926002937754107,0.3998571613821185,40,0.8826830708192445,0.5131115907516712,40,0.15194254987178032,1.794706739846731,0.020094871179030208,0.13892005824050183,0.15901492941953202,0.0,0.13514744274839555,0.044535653725885145,0.04805288558791863,0.048954586768347144,0.15901492941953205,0.12391701813230753,0.15901492941953205,0.225,0.525,7.95,11.525,0.030837191358024697,0.07051311728395063,0.20664759116316206,0.480935586904445,0.23748478252118677,0.5514487041883956,1.2832372164552095,1.2832372164552095,0.42249544554609697,0.6893346743120529,0.74843213723672,0.8363646889086527,0.7348084522212737,0.8296855336480412,0.7262381828977691,0.822895610609082,0.731788512266814,1.0457524339340227,0.5702675256631761,0.8149330618876451,0.72570110998564,1.039665031652849
C,24,GeniusBOABaselineNegotiator,BoulwareTBNegotiator,0.225,0.4229020617662602,40,11.575,7.7588245871626045,40,0.14305941358024693,0.2668590324941726,40,0.13476177801437314,0.2515424915341149,40,0.27782119159462004,0.5184015240282874,40,1.2832372164552095,0.0,40,0.6959728844708193,0.3636792544060049,40,0.7073845655480774,0.3663826806438902,40,0.70666463181156,0.36497145795245167,40,0.7027541288361633,0.3620691086378841,40,1.0054160248605895,0.5184015240282873,40,0.7834997395399207,0.40397949605943484,40,0.9993286225794156,0.5184015240282873,40,0.13105870675153408,2.404484650792646,0.082700470973306,0.07795382575301966,0.16065429672632567,0.0,0.11270536860413058,0.1135431690751324,0.11310582663204785,0.11220637926090056,0.1606542967263256,0.1251945428843734,0.1606542967263256,0.1,0.35,9.148750000000003,13.85,0.0641820987654321,0.22193672839506173,0.060411675982610234,0.22398190045248864,0.12459377474804231,0.43181474552542654,1.2832372164552095,1.2832372164552095,0.5884777670176524,0.8034680019239865,0.5990903782622302,0.8156787528339245,0.5982481837720667,0.8145416945374249,0.5957349329714947,0.8097733247008316,0.8215431246446963,1.1586434417071672,0.6640928092532116,0.9029066698266298,0.8461012057328376,1.1525560394259933
C,24,GeniusBOABaselineNegotiator,ConcederTBNegotiator,0.375,0.49029033784546006,40,9.725,5.791184724460144,40,0.3270640432098765,0.4262045483153512,40,0.05053899387809422,0.06485874312195732,40,0.3776030370879707,0.4910632914373086,40,1.2832372164552095,0.0,40,0.5810609551688428,0.4032188801468557,40,0.760365026527613,0.18559002798686616,40,0.7681885634830967,0.1734382866894231,40,0.7677073329595288,0.16693581722612777,40,0.9056341793672388,0.4910632914373086,40,0.7057418283650982,0.38267538155868996,40,0.899546777086065,0.4910632914373086,40,0.15194254987178032,1.794706739846731,0.1320821579363794,0.020099932735234183,0.1521820906716136,0.0,0.12495882557095828,0.05751494554638333,0.05374908190275246,0.05173394573862128,0.1521820906716136,0.11859232939954667,0.1521820906716136,0.225,0.525,8.0,11.45,0.19667052469135798,0.45745756172839497,0.030696034069736488,0.07038195368645195,0.22736655876109452,0.527839515414847,1.2832372164552095,1.2832372164552095,0.45769969888177203,0.7044222114559137,0.6941221243312847,0.8171446569816088,0.7151266509890886,0.8212504759771047,0.7166347935863138,0.818779872332744,0.7553977010403626,1.0558706576941153,0.5886656740887387,0.8228179826414579,0.7493102987591886,1.0497832554129412
C,24,GeniusBOABaselineNegotiator,GeniusBOABaselineNegotiator,0.2,0.40509574683346666,40,11.775,8.01437010657283,40,0.08234567901234566,0.16460140453896874,40,0.09438049328632217,0.18927875751228965,40,0.17672617229866783,0.3538801620512585,40,1.2832372164552095,0.0,40,0.7666585345920016,0.2487400528395298,40,0.7807164788615788,0.24629340113425255,40,0.7782445640963946,0.24832122298414458,40,0.7724733619490916,0.248962365636143,40,1.1065110441565416,0.3538801620512584,40,0.8622809796719793,0.27577142987546005,40,1.1004236418753677,0.3538801620512584,40,0.12554047258318832,2.4836790277369802,0.05101050375178005,0.058658094669703044,0.10966859842148313,0.0,0.07708534100378762,0.07632711578486615,0.0769555442868682,0.07715423645323698,0.10966859842148309,0.0854624515367701,0.10966859842148309,0.075,0.325,9.299375000000001,14.225624999999996,0.03155478395061728,0.13313657407407406,0.03597493145562075,0.15278605511702362,0.06752971540623802,0.2859226291910976,1.2832372164552095,1.2832372164552095,0.6899050587829276,0.8434120104010756,0.7047179639859391,0.8567149937372186,0.7016203262078182,0.854868801984971,0.6956512872969196,0.8492954366012633,0.9973145872641119,1.2157075010489715,0.7771864581819681,0.9473755011619902,0.991227184982938,1.1883267896737708
C,24,GeniusBOABaselineNegotiator,LinearTBNegotiator,0.275,0.45220258677630265,40,11.1,7.196152818320035,40,0.2321670734474047,0.3799929481037169,40,0.08013042321000799,0.13023241918870362,40,0.3122974966574127,0.5102253672924205,40,1.2832372164552095,0.0,40,0.6562438946493689,0.3835010119561073,40,0.7561994236187416,0.2402670393804474,40,0.7617756280321883,0.22867920444527595,40,0.7601902131859377,0.22231671654993165,40,0.9709397197977967,0.5102253672924205,40,0.7566330740312399,0.39760798763447464,40,0.9648523175166229,0.5102253672924205,40,0.14013903352723936,2.230110863060055,0.11776103465937082,0.040359444843351876,0.15812047950272268,0.0,0.11884819491055493,0.07445952692854334,0.07086841967711262,0.0688966642503278,0.15812047950272268,0.12321999196649842,0.15812047950272268,0.15,0.425,8.875,13.325624999999995,0.12712760684112084,0.35821443337494535,0.04413095554964068,0.12332978440244877,0.17125856239076157,0.4540416255953934,1.2832372164552095,1.2832372164552095,0.529032875792741,0.7622530770298921,0.6765005077766357,0.8226151868204964,0.6859205098398636,0.8249882265257922,0.6864455941641403,0.821644062370769,0.8016929986778154,1.111978654064448,0.6247426340177361,0.8665417740424932,0.7956055963966414,1.1058912517832742
C,24,GeniusBOABaselineNegotiator,SmartAspirationNegotiator,0.225,0.4229020617662602,40,11.575,7.7588245871626045,40,0.151670524691358,0.2830441731296714,40,0.13579984029811015,0.2534935967787112,40,0.28747036498946815,0.5365377699083824,40,1.2832372164552095,0.0,40,0.6893346743120529,0.37615620001747196,40,0.7028255588819355,0.37495162872707927,40,0.7072708675984187,0.3638319985561005,40,0.705330523009047,0.35722660904839476,40,0.9957668514657414,0.5365377699083825,40,0.7759803399533791,0.41811269423006947,40,0.9896794491845675,0.5365377699083825,40,0.13105870675153408,2.404484650792646,0.08771629802182151,0.07855847953272684,0.16627477755454828,0.0,0.11657201410880985,0.11619871359840432,0.11275270450666032,0.11070567309032132,0.1662747775545483,0.12957446637486297,0.1662747775545483,0.1,0.35,9.325,13.9,0.06800925925925924,0.23533179012345676,0.060873036997604456,0.225712004258717,0.1288822962568637,0.4460584337220726,1.2832372164552095,1.2832372164552095,0.5781516623262378,0.8005176862978679,0.5919985901148985,0.8136525276489728,0.57822254951862,0.8148111326649177,0.5997426572404251,0.8109183887776688,0.805461168986616,1.1543549201983458,0.627679090551634,0.8995647144548335,0.7993737667054421,1.148267517917172
C,24,LinearTBNegotiator,BoulwareTBNegotiator,0.275,0.45220258677630265,40,11.1,7.196152818320035,40,0.10535108024691357,0.17146014748601474,40,0.20288128826191104,0.3320806326632469,40,0.30823236850882463,0.5035407801492616,40,1.2832372164552095,0.0,40,0.6661362107997235,0.36723435394738235,40,0.7387576994615008,0.2689477404049673,40,0.7311727160323044,0.27900180796976704,40,0.7240265527129427,0.28178326496152534,40,0.975004847946385,0.5035407801492616,40,0.7598009436164267,0.3923988282854149,40,0.968917445665211,0.5035407801492617,40,0.14013903352723936,2.230110863060055,0.053136050212411585,0.1029128542724656,0.15604890448487718,0.0,0.11380710536634911,0.08334776826106846,0.08646355607995947,0.0873255385321196,0.15604890448487718,0.12160565675919512,0.15604890448487724,0.15,0.425,8.85,13.25,0.05795524691358025,0.1622260802469136,0.1110859728506787,0.31303566675538985,0.16834526402053732,0.47526174700230345,1.2832372164552095,1.2832372164552095,0.5443210007523802,0.7676488858391766,0.6495451158972637,0.8131015190983651,0.6386251003854977,0.80829572907131,0.6305563007058753,0.8019184293854991,0.8351177434580976,1.1141959966909507,0.6296384324675701,0.8682697029071405,0.8290303411769238,1.1081085944097768
C,24,LinearTBNegotiator,ConcederTBNegotiator,0.7,0.4640954808922571,40,4.7,2.1862038284403353,40,0.5355799662440778,0.3543698632563768,40,0.2913406086416467,0.1925393016282667,40,0.8269205748857245,0.5469091648846434,40,1.2832372164552095,0.0,40,0.30154287040946526,0.3897879769493411,40,0.42674433566003306,0.3152996853069657,40,0.4430980872196585,0.3034821505784244,40,0.44745199054170426,0.2969791342138818,40,0.4563166415694851,0.5469091648846435,40,0.3555980419816732,0.4261949060325846,40,0.45022923928831116,0.5469091648846435,40,0.14382467959824718,0.6775115856706426,0.10982035839723125,0.059668547759861926,0.1694889061570931,0.0,0.12079654554749458,0.09771238480822511,0.09405009285333275,0.0920347872027491,0.16948890615709314,0.13207916976199158,0.16948890615709314,0.55,0.825,4.05,5.325,0.4210443121018283,0.6310263446959523,0.2291101055806938,0.34319936119244077,0.6501544176825221,0.9742257058883931,1.2832372164552095,1.2832372164552095,0.1755597506643821,0.4275259901545483,0.34182116298100285,0.5286521428748694,0.36135786266636244,0.5411863566836139,0.3674632957469074,0.5434384242954604,0.2795504843662827,0.6330827987726875,0.21784786225146097,0.4933482217118854,0.2734630820851089,0.6269953964915136
C,24,LinearTBNegotiator,GeniusBOABaselineNegotiator,0.35,0.48304589153964794,40,10.825,6.894395717370181,40,0.11434413580246916,0.15631901767880274,40,0.2761245674740484,0.379802385841927,40,0.39046870327651756,0.5361214035207298,40,1.2832372164552095,0.0,40,0.5929213938201723,0.4092678111406145,40,0.7194858689967164,0.2523269346564483,40,0.7100259265583788,0.26335305678932713,40,0.7024553694489075,0.2662732676443478,40,0.892768513178692,0.5361214035207298,40,0.6957158830265685,0.41778822858777553,40,0.8866811108975181,0.5361214035207298,40,0.14969747270189077,2.1365953686252266,0.04844376547158409,0.11770197880260454,0.16614574427418866,0.0,0.1268334087072057,0.07819692719523957,0.08161395784575047,0.08251894056563215,0.16614574427418866,0.1294739134305554,0.16614574427418866,0.2,0.5,8.799375000000001,12.80187499999999,0.06580246913580248,0.16288580246913584,0.1581847218525419,0.39406441309555496,0.25104043673517373,0.5569502155646907,1.2832372164552095,1.2832372164552095,0.46583166436316625,0.7200111232771784,0.6411309117113367,0.7978408262820961,0.6282470330613481,0.7918048200554094,0.6197696643301966,0.7851410745676184,0.7262870008905188,1.059250025466865,0.5659803125853851,0.8254514534677522,0.7201995986093449,1.0531626231856912
C,24,LinearTBNegotiator,LinearTBNegotiator,0.575,0.5006406152531231,40,8.5,4.760952285695232,40,0.3042862654320987,0.26399521332097553,40,0.4192108064945434,0.3641870645426631,40,0.7234970719266423,0.6281822778636387,40,1.2832372164552095,0.0,40,0.37802224075177093,0.4453018522101902,40,0.48496269738174985,0.3633792422896721,40,0.469784882125906,0.37531369377779095,40,0.4613279650537402,0.37792769406101095,40,0.5597401445285672,0.6281822778636387,40,0.436193820870301,0.48952934797115505,40,0.5536527422473934,0.6281822778636387,40,0.15515013407201458,1.4754343993097983,0.08181296421667805,0.11286274059590519,0.19467570481258326,0.0,0.1380004737290368,0.1126123938860312,0.11631091872010087,0.1171210058006323,0.19467570481258326,0.1517067166664257,0.19467570481258326,0.425,0.725,6.975,9.9,0.2251890432098765,0.38338348765432095,0.3100944902848016,0.5283271227042852,0.5352835334946782,0.9117106103586063,1.2832372164552095,1.2832372164552095,0.24460262636879296,0.5114418551347489,0.3760884177432665,0.593836977020233,0.3573348484061988,0.5822349158456132,0.34809473470448127,0.5745611954029993,0.37152660609660326,0.7479536829605313,0.2895229356914238,0.5828647060491783,0.3654392038154294,0.7418662806793574
C,24,LinearTBNegotiator,SmartAspirationNegotiator,0.275,0.45220258677630265,40,11.1,7.196152818320035,40,0.10535108024691357,0.17146014748601474,40,0.20288128826191104,0.3320806326632469,40,0.30823236850882463,0.5035407801492616,40,1.2832372164552095,0.0,40,0.6661362107997235,0.36723435394738235,40,0.7387576994615008,0.2689477404049673,40,0.7311727160323044,0.27900180796976704,40,0.7240265527129427,0.28178326496152534,40,0.975004847946385,0.5035407801492616,40,0.7598009436164267,0.3923988282854149,40,0.968917445665211,0.5035407801492617,40,0.14013903352723936,2.230110863060055,0.053136050212411585,0.1029128542724656,0.15604890448487718,0.0,0.11380710536634911,0.08334776826106846,0.08646355607995947,0.0873255385321196,0.15604890448487718,0.12160565675919512,0.15604890448487724,0.15,0.425,8.949375,13.25,0.05795524691358025,0.1622260802469136,0.1110859728506787,0.31303566675538985,0.16904121976425893,0.47526174700230345,1.2832372164552095,1.2832372164552095,0.5443210007523802,0.7676488858391766,0.6495451158972637,0.8131015190983651,0.6386251003854977,0.80829572907131,0.6305563007058753,0.8019184293854991,0.8079754694529061,1.1141959966909507,0.6296384324675701,0.8682697029071405,0.8290303411769238,1.1081085944097766
C,24,SmartAspirationNegotiator,BoulwareTBNegotiator,0.375,0.4902903378454601,40,13.075,7.173267681522086,40,0.22845293209876544,0.29727634836339695,40,0.23803899387809418,0.31000391204468736,40,0.4664919259768596,0.6072802604080844,40,1.2832372164552095,0.0,40,0.5646612043844518,0.42466058508728344,40,0.585968120482365,0.41360367594453984,40,0.5769311244548277,0.42349608508042963,40,0.5693617717235326,0.4262609165022452,40,0.8167452904783499,0.6072802604080844,40,0.6364725710921257,0.4732408416938093,40,0.810657888197176,0.6072802604080844,40,0.15194254987178035,2.223018685689141,0.09212689482194827,0.09607120767112436,0.18819810249307267,0.0,0.13160367877480386,0.12817710713108812,0.13124279648382375,0.13209962661847896,0.18819810249307267,0.14665885627362613,0.18819810249307267,0.225,0.525,10.974375,15.125624999999996,0.13750385802469137,0.3194020061728395,0.1431960340697365,0.3328819536864519,0.2806998920944278,0.6522839598592916,1.2832372164552095,1.2832372164552095,0.4347400477836246,0.6945823609852789,0.45942972761027,0.7125065133544599,0.4473662363495121,0.7064960125601434,0.438951007855919,0.6997725355911462,0.630953256595918,1.0025373243607816,0.4916887139065773,0.7812564282776743,0.6248658543147443,0.9964499220796078
C,24,SmartAspirationNegotiator,ConcederTBNegotiator,0.525,0.505736325340815,40,11.45,5.706271853105008,40,0.44384645061728384,0.4265199101832645,40,0.06947364918818205,0.06602706084100873,40,0.513320099805466,0.4925469710242733,40,1.2832372164552095,0.0,40,0.47094410857874125,0.4031633532623248,40,0.6993352473960781,0.1955310102559564,40,0.710621741115667,0.18324185677398128,40,0.7119231222431085,0.1767337099254187,40,0.7699171166497435,0.4925469710242733,40,0.5999803518608572,0.38383158211766627,40,0.7638297143685697,0.4925469710242733,40,0.15672931098896883,1.7683919683843154,0.13217988959177696,0.020461998147481827,0.15264188773925882,0.0,0.12494161761116215,0.06059568786905139,0.056787239748245205,0.05477034414419135,0.15264188773925882,0.11895063966498251,0.15264188773925882,0.375,0.675,9.675,13.075,0.3173418209876543,0.5703510802469135,0.04989020495075858,0.08905709342560553,0.36723202593841286,0.659408173672519,1.2832372164552095,1.2832372164552095,0.3513669693479474,0.5905212478095352,0.6413412887484997,0.7573292060436565,0.656272711514967,0.7649707707163669,0.6595043910575491,0.7643418534286679,0.6238290427826904,0.9160051905167966,0.48613696266224576,0.7138237410594686,0.6177416405015166,0.9099177882356226
C,24,SmartAspirationNegotiator,GeniusBOABaselineNegotiator,0.375,0.4902903378454601,40,13.075,7.173267681522086,40,0.22845293209876544,0.29727634836339695,40,0.23803899387809418,0.31000391204468736,40,0.4664919259768596,0.6072802604080844,40,1.2832372164552095,0.0,40,0.5646612043844518,0.42466058508728344,40,0.585968120482365,0.41360367594453984,40,0.5769311244548277,0.42349608508042963,40,0.5693617717235326,0.4262609165022452,40,0.8167452904783499,0.6072802604080844,40,0.6364725710921257,0.4732408416938093,40,0.810657888197176,0.6072802604080844,40,0.15194254987178035,2.223018685689141,0.09212689482194827,0.09607120767112436,0.18819810249307267,0.0,0.13160367877480386,0.12817710713108812,0.13124279648382375,0.13209962661847896,0.18819810249307267,0.14665885627362613,0.18819810249307267,0.225,0.525,10.824375,15.25,0.13750385802469137,0.3194020061728395,0.1431960340697365,0.3328819536864519,0.2806998920944278,0.6522839598592916,1.2832372164552095,1.2832372164552095,0.4347400477836246,0.6945823609852789,0.45942972761027,0.7125065133544599,0.4473662363495121,0.7064960125601434,0.438951007855919,0.6997725355911462,0.630953256595918,1.0025373243607816,0.4916887139065773,0.7812564282776743,0.6240917208402356,0.9964499220796078
C,24,SmartAspirationNegotiator,LinearTBNegotiator,0.4,0.49613893835683387,40,12.7,6.809495632514259,40,0.33720654005368855,0.41691335558087816,40,0.11612989087037531,0.14288590133140652,40,0.4533364309240639,0.5597992569122847,40,1.2832372164552095,0.0,40,0.5502347122688457,0.42076226561878993,40,0.6897836604169867,0.26361156996062024,40,0.6985630295385844,0.2508978520591474,40,0.6987363640011065,0.24391717994002513,40,0.8299007855311455,0.5597992569122847,40,0.6467243740199867,0.43623988591810314,40,0.8238133832499717,0.5597992569122847,40,0.15375504994833628,2.110284559739971,0.1292027874767662,0.04428079958586635,0.17348358706263253,0.0,0.13039557705519703,0.08169407190754155,0.07775404990998552,0.07559071720744999,0.17348358706263253,0.13519214127989554,0.17348358706263253,0.25,0.55,10.624375,14.7,0.21115918012614793,0.4632538999812292,0.07293052967793454,0.1593292520628161,0.28408970980408255,0.6225831520440452,1.2832372164552095,1.2832372164552095,0.42249364750031615,0.6774457311254736,0.6100847445748808,0.7694825762590926,0.6227079113462597,0.7744181477309091,0.624991744979309,0.772480983022904,0.6606540644111641,0.9991475066511271,0.5148339340064829,0.7786148140334905,0.6545666621299903,0.9930601043699532
C,24,SmartAspirationNegotiator,SmartAspirationNegotiator,0.375,0.4902903378454601,40,13.075,7.173267681522086,40,0.22845293209876544,0.29727634836339695,40,0.23803899387809418,0.31000391204468736,40,0.4664919259768596,0.6072802604080844,40,1.2832372164552095,0.0,40,0.5646612043844518,0.42466058508728344,40,0.585968120482365,0.41360367594453984,40,0.5769311244548277,0.42349608508042963,40,0.5693617717235326,0.4262609165022452,40,0.8167452904783499,0.6072802604080844,40,0.6364725710921257,0.4732408416938093,40,0.810657888197176,0.6072802604080844,40,0.15194254987178035,2.223018685689141,0.09212689482194827,0.09607120767112436,0.18819810249307267,0.0,0.13160367877480386,0.12817710713108812,0.13124279648382375,0.13209962661847896,0.18819810249307267,0.14665885627362613,0.18819810249307267,0.225,0.525,10.7,15.125,0.13750385802469137,0.3194020061728395,0.14319603406973647,0.3328819536864519,0.2806998920944278,0.6522839598592916,1.2832372164552095,1.2832372164552095,0.43474004778362446,0.6945823609852789,0.4589024843066372,0.7125065133544599,0.4473662363495121,0.6849018645425908,0.43895100785591906,0.6997725355911462,0.630953256595918,1.0025373243607816,0.4916887139065773,0.7812564282776743,0.6248658543147443,0.9964499220796078
C,36,BoulwareTBNegotiator,BoulwareTBNegotiator,0.075,0.26674678283691844,40,12.925,9.791119733770273,40,0.03961033950617284,0.13703704321976878,40,0.05484096353473515,0.19173534390500355,40,0.094451303040908,0.32877238712477236,40,1.2832372164552095,0.0,40,0.8239618925393435,0.2329666934878526,40,0.8482826700009891,0.1921694777940653,40,0.8450408275800356,0.19846855894380222,40,0.8391633079734968,0.19997249964454997,40,1.1887859134143015,0.3287723871247724,40,0.9263960693862835,0.2562054645149452,40,1.1826985111331276,0.3287723871247724,40,0.08266568444412337,3.0342994418092792,0.04246821967816154,0.05941939868015842,0.10188761835831997,0.0,0.07219712629723318,0.05955393816625081,0.0615060436389921,0.061972119690850966,0.10188761835831998,0.07939889605117002,0.10188761835831998,0.0,0.175,9.949375,15.975624999999996,0.0010802469135802468,0.07814043209876544,0.0009315943571998935,0.1267201224381155,0.0020118412707801404,0.21770391873441178,1.2832372164552095,1.2832372164552095,0.7366256214097749,0.88946409588652,0.776240759785505,0.9023141026626023,0.7892383104419545,0.9008433447181169,0.7829379345544268,0.8953886813925663,1.0655332977207976,1.2812253751844294,0.8303478764933322,0.9984322140559969,1.0902590493629998,1.2751379729032555
C,36,BoulwareTBNegotiator,ConcederTBNegotiator,0.175,0.38480764425479264,40,11.95,8.24916468187646,40,0.15650562107321114,0.3417649833587845,40,0.024081714133617246,0.050904817459311136,40,0.18058733520682838,0.3926698008180956,40,1.2832372164552095,0.0,40,0.7425186940494088,0.3231183652286433,40,0.837427135009192,0.14268000666026123,40,0.8403468527007998,0.13302578616492935,40,0.8372586957115729,0.12782207343124546,40,1.1026498812483811,0.39266980081809555,40,0.859272055944824,0.30599938638219937,40,1.0965624789672073,0.39266980081809555,40,0.11925312445511727,2.5564426204776964,0.1059140656465236,0.01577556637055983,0.12168963201708342,0.0,0.10013541881936125,0.04421699216621312,0.041225118237937806,0.0396124709542269,0.1216896320170834,0.0948301923110028,0.1216896320170834,0.075,0.3,9.424375000000001,14.45,0.06769112155342205,0.26752374547294744,0.010853074261378758,0.04061751397391535,0.07854419581480081,0.3081412594468628,1.2832372164552095,1.2832372164552095,0.6375576927371867,0.8264874950991867,0.791079300971042,0.8745054022397122,0.7971350726884305,0.8749162767106953,0.795737277368006,0.8704758303864264,0.9750959570083466,1.2046930206404087,0.7598719430082721,0.9387921462940657,0.9690085547271728,1.2241164032072418
C,36,BoulwareTBNegotiator,GeniusBOABaselineNegotiator,0.075,0.26674678283691844,40,12.925,9.791119733770273,40,0.03961033950617284,0.13703704321976878,40,0.05484096353473515,0.19173534390500355,40,0.094451303040908,0.32877238712477236,40,1.2832372164552095,0.0,40,0.8239618925393435,0.2329666934878526,40,0.8482826700009891,0.1921694777940653,40,0.8450408275800356,0.19846855894380222,40,0.8391633079734968,0.19997249964454997,40,1.1887859134143015,0.3287723871247724,40,0.9263960693862835,0.2562054645149452,40,1.1826985111331276,0.3287723871247724,40,0.08266568444412337,3.0342994418092792,0.04246821967816154,0.05941939868015842,0.10188761835831997,0.0,0.07219712629723318,0.05955393816625081,0.0615060436389921,0.061972119690850966,0.10188761835831998,0.07939889605117002,0.10188761835831998,0.0,0.175,9.9,16.025,0.0010802469135802468,0.09098379629629628,0.0009315943571998935,0.1267201224381155,0.0020118412707801404,0.1876610936591161,1.2832372164552095,1.2832372164552095,0.7579138374976082,0.88946409588652,0.776240759785505,0.9023141026626023,0.7706374713959274,0.9008433447181169,0.7641961434147371,0.8953886813925663,1.0963464516441737,1.2812253751844294,0.8303478764933324,0.9984322140559969,1.0594458954396238,1.2751379729032555
C,36,BoulwareTBNegotiator,LinearTBNegotiator,0.15,0.36162028533978946,40,12.425,8.943949394380022,40,0.11490538461889865,0.2744098585055871,40,0.051656907106734096,0.12228868046957748,40,0.16656229172563275,0.39669853897516466,40,1.2832372164552095,0.0,40,0.7715919537651088,0.28416638445037945,40,0.8107176921103194,0.2208208008001136,40,0.8128712245418009,0.21208335466737088,40,0.8093488509614859,0.20742498687382946,40,1.1166749247295766,0.39669853897516466,40,0.8702014798279143,0.3091388980059332,40,1.110587522448403,0.39669853897516466,40,0.11206728747978564,2.771758633625396,0.08504049619765403,0.03789765470936058,0.12293815090701463,0.0,0.08806407491318889,0.0684330751565277,0.06572531254670302,0.06428166941087936,0.12293815090701463,0.09580313704321688,0.12293815090701463,0.05,0.275,9.699375,15.075,0.03902195948201971,0.20975966603999732,0.017840031940377962,0.09392800106467927,0.05686199142239767,0.3036876671046766,1.2832372164552095,1.2832372164552095,0.6733651686639328,0.8501733818460495,0.734387349983417,0.8717819658118413,0.7395611243948709,0.8715193046593448,0.7376489922689189,0.8667087379155396,0.9795495493505328,1.2263752250328117,0.7633425346378454,0.9556886359799694,0.9734621470693592,1.2202878227516378
C,36,BoulwareTBNegotiator,SmartAspirationNegotiator,0.075,0.26674678283691844,40,12.85,9.651756848181073,40,0.048499228395061725,0.16865147674118133,40,0.048482832046845885,0.16912186231502258,40,0.09698206044190762,0.3377733390562039,40,1.2832372164552095,0.0,40,0.8227542886950309,0.23726168602667755,40,0.8373539950805622,0.23103866280332425,40,0.8341529012748602,0.23719281645941606,40,0.828234530288124,0.23884205015005772,40,1.186255156013302,0.3377733390562039,40,0.9244239029243486,0.2632197186341452,40,1.180167753732128,0.3377733390562039,40,0.08266568444412337,2.991110436113257,0.052265634130798384,0.052411408130397096,0.10467704226119547,0.0,0.07352815827493255,0.07159962339777648,0.07350681537491893,0.07401791819083763,0.10467704226119547,0.08157263592335126,0.10467704226119547,0.0,0.175,9.95,15.775,0.0010802469135802468,0.0959182098765432,0.0009315943571998935,0.1118844822997072,0.0020118412707801404,0.22360901933674424,1.2832372164552095,1.2832372164552095,0.7338078791063789,0.88946409588652,0.7507405183045087,0.9023141026626023,0.7674624578316033,0.9008433447181169,0.760520761257812,0.8953886813925663,1.0596281971184651,1.2812253751844294,0.8257461547488176,0.9984322140559969,1.0535407948372915,1.2751379729032555
C,36,ConcederTBNegotiator,BoulwareTBNegotiator,0.175,0.38480764425479264,40,11.95,8.24916468187646,40,0.030489969135802465,0.06466906243726377,40,0.15419562829862246,0.3370124105713451,40,0.18468559743442492,0.401681473008609,40,1.2832372164552095,0.0,40,0.7377224449617474,0.33366484130111296,40,0.8422828201598328,0.13200283657991227,40,0.8367937813646588,0.14083863765481303,40,0.8302887191883712,0.14314836055355665,40,1.0985516190207847,0.40168147300860907,40,0.8560783656628999,0.3130219945757234,40,1.0924642167396106,0.40168147300860896,40,0.11925312445511727,2.5564426204776964,0.02004115008204054,0.10444122808062731,0.12448237816266791,0.0,0.10340380561575344,0.04090810287716036,0.0436463459993477,0.04436213654148758,0.12448237816266793,0.09700652113763944,0.12448237816266788,0.075,0.3,9.474375,14.425,0.013684413580246912,0.051496913580246904,0.06661618033209528,0.2636699382567814,0.08030059391234219,0.31516685183702836,1.2832372164552095,1.2832372164552095,0.6293355514440527,0.8244319597759031,0.7994033326578547,0.8765864101614154,0.791044093255046,0.8733935318523492,0.7837887461853745,0.8674886975907684,0.9680703646181812,1.2029366225428675,0.7543970453821162,0.9374234218875268,0.9619829623370073,1.1968492202616936
C,36,ConcederTBNegotiator,ConcederTBNegotiator,0.825,0.3848076442547927,40,1.75,0.588348405414552,40,0.47583719135802466,0.22144254713366077,40,0.49502153109507274,0.23046010255284896,40,0.9708587224530975,0.4519026496865097,40,1.2832372164552095,0.0,40,0.21074314835198535,0.31657819263896364,40,0.23017862356353874,0.31350650949354797,40,0.21945597408566445,0.317821901718838,40,0.2117799508155435,0.31885801843073147,40,0.31237849400211204,0.4519026496865098,40,0.24343004551022968,0.3521583101640686,40,0.30629109172093816,0.4519026496865098,40,0.11925312445511728,0.1823310598461364,0.06862575634153276,0.07142032571857282,0.14004608206010558,0.0,0.09810859833531028,0.09715667386630363,0.09849402777233575,0.09881512366800782,0.14004608206010558,0.10913499099329917,0.14004608206010558,0.7,0.925,1.55,1.925,0.4039043209876542,0.533383487654321,0.4201594194681223,0.5549112203966331,0.8240637404557767,1.0882947080509542,1.2832372164552095,1.2832372164552095,0.12847394259022357,0.31357965555418754,0.1487076564000159,0.3320173325179423,0.13686356552415507,0.3226964847875512,0.1289182865031771,0.31535703120600156,0.19494250840425545,0.4591734759994329,0.15191463114104573,0.35782431347170957,0.18885510612308154,0.45308607371825904
C,36,ConcederTBNegotiator,GeniusBOABaselineNegotiator,0.2,0.40509574683346666,40,11.775,8.01437010657283,40,0.030987654320987656,0.06057681769778228,40,0.1798923567093911,0.3624812183947372,40,0.21088001103037873,0.4230580360925194,40,1.2832372164552095,0.0,40,0.7150947733926386,0.3531813546025221,40,0.8387730822484325,0.12870098559619333,40,0.8326911057479645,0.13804091071993368,40,0.8260424000371156,0.14045941817905025,40,1.0723572054248307,0.42305803609251946,40,0.8356656054498561,0.3296803043642757,40,1.066269803143657,0.42305803609251946,40,0.12554047258318832,2.4836790277369802,0.018772950298319362,0.1123340933977087,0.13110704369602805,0.0,0.1094520357494611,0.03988484865606447,0.042779321439576516,0.043528824666250174,0.13110704369602805,0.10216898482588875,0.13110704369602805,0.075,0.325,9.275,14.200624999999995,0.012295524691358025,0.0496797839506173,0.0680418802392716,0.2917428331795106,0.08033740493062962,0.3414226171301279,1.2832372164552095,1.2832372164552095,0.6061139468339628,0.8240755999513144,0.7990599444895763,0.8784862200072887,0.7900959563916193,0.8667672252330408,0.7827009741899589,0.8609322478440756,0.9418145993250816,1.20289981152458,0.7339364750710182,0.9373947358286943,0.9357271970439077,1.1713566010539516
C,36,ConcederTBNegotiator,LinearTBNegotiator,0.65,0.48304589153964794,40,6.05,3.0377960972068423,40,0.26679783950617286,0.1974673714025505,40,0.5288727708277879,0.39233817887496286,40,0.7956706103339608,0.5898055502775135,40,1.2832372164552095,0.0,40,0.31131243356028193,0.42965197719001097,40,0.5250640963471132,0.28035240866769734,40,0.5081412899096983,0.2918355602682835,40,0.49916375246760214,0.29445357545045076,40,0.48756660612124864,0.5898055502775134,40,0.3799504876176313,0.45962316453600155,40,0.4814792038400748,0.5898055502775134,40,0.14969747270189077,0.9414227639657009,0.06119577240544886,0.12158686131216918,0.18278263371761808,0.0,0.13315052721328427,0.08688211157261701,0.09044077712255333,0.09125210843315913,0.18278263371761805,0.1424386944001931,0.18278263371761805,0.5,0.8,5.05,6.950624999999997,0.2054783950617284,0.31789737654320993,0.4070401916422677,0.6507053500133083,0.612518586703996,0.9788226339639255,1.2832372164552095,1.2832372164552095,0.17789281917730398,0.44473204794326,0.4380064025820003,0.612121790112226,0.4175177388000632,0.5987648410193334,0.40772723040799497,0.5906002745272093,0.3044145824912839,0.6707186297512134,0.23722393536262376,0.5226770398726387,0.29832718021011,0.6646312274700396
C,36,ConcederTBNegotiator,SmartAspirationNegotiator,0.175,0.38480764425479264,40,11.95,8.24916468187646,40,0.02292824074074074,0.04804157163613075,40,0.1633550705350013,0.3571531156551669,40,0.18628331127574208,0.40519468729129765,40,1.2832372164552095,0.0,40,0.7338078791063789,0.34227258338731076,40,0.8533538377450659,0.10765876688575853,40,0.8478179596185237,0.1165975630050151,40,0.8413309567079363,0.11886757536952404,40,1.0969539051794674,0.40519468729129765,40,0.8548333005877685,0.31575976919575316,40,1.0908665028982936,0.40519468729129765,40,0.11925312445511727,2.5564426204776964,0.01488823729694288,0.11068289725179502,0.12557113454873792,0.0,0.10607137252511353,0.03336379751752273,0.03613395913464176,0.036837443254723844,0.12557113454873792,0.09785496628255007,0.12557113454873792,0.05,0.3,9.324375,14.475,0.01044367283950617,0.038533950617283944,0.07054165557625765,0.2793718392334309,0.054660832700769255,0.3179057898507149,1.2832372164552095,1.2832372164552095,0.6226248671205639,0.822754288695031,0.8183822199468256,0.8813311319836583,0.8099426845473857,0.878118179675434,0.8027182962189146,0.8722210850991534,0.9653314266044946,1.2022518880394457,0.7522626481104625,0.9368898225696134,0.9592440243233208,1.1961644857582718
C,36,GeniusBOABaselineNegotiator,BoulwareTBNegotiator,0.075,0.26674678283691844,40,13.0,9.935690651280801,40,0.05118441358024691,0.17820167020077468,40,0.03936097206001375,0.13667883824867208,40,0.09054538564026066,0.31488050844944676,40,1.2832372164552095,0.0,40,0.8276221527242329,0.21994852510564822,40,0.8422194649275806,0.2137340170875613,40,0.842333850202221,0.20809625903372728,40,0.8377433971553225,0.2050225882133938,40,1.1926918308149488,0.3148805084494468,40,0.9294398693560482,0.24537981318782728,40,1.1866044285337751,0.3148805084494468,40,0.08266568444412337,3.0791024333191306,0.055225269746699085,0.04235721080753123,0.09758248055423031,0.0,0.06816275411820037,0.06623685813049608,0.06448969880848286,0.06353715835263737,0.09758248055423033,0.07604399194701533,0.09758248055423033,0.0,0.175,9.899375000000001,16.15,0.0010802469135802468,0.11798996913580244,0.0009315943571998935,0.09060014233043223,0.0020118412707801404,0.20859011146623468,1.2832372164552095,1.2832372164552095,0.7451662285078504,0.88946409588652,0.7620932812808853,0.9023141026626023,0.7643211908476932,0.9008433447181169,0.7800981129180786,0.8953886813925663,1.0746471049889748,1.2812253751844294,0.8374500764227832,0.9984322140559969,1.068559702707801,1.2751379729032555
C,36,GeniusBOABaselineNegotiator,ConcederTBNegotiator,0.2,0.40509574683346666,40,11.775,8.01437010657283,40,0.17586362241604656,0.35402001016622914,40,0.03546269186407594,0.06994200366763606,40,0.2113263142801225,0.42396201383386517,40,1.2832372164552095,0.0,40,0.723740811109057,0.33566898907310794,40,0.8196442557737308,0.16744601683027852,40,0.8232081215661022,0.15724849351674097,40,0.8204753102456559,0.15173544016285204,40,1.071910902175087,0.42396201383386517,40,0.8353178106352882,0.3303847553650368,40,1.0658234998939131,0.42396201383386517,40,0.12554047258318832,2.4836790277369802,0.10971193780132239,0.021675251499146873,0.13138718930046925,0.0,0.1040248974450049,0.05189205823404368,0.04873181301802597,0.04702330008291468,0.13138718930046925,0.10238729645280299,0.13138718930046925,0.075,0.325,9.324375,14.300624999999997,0.08792573661636914,0.28510323210508803,0.01388075592227841,0.05704462780587347,0.08050476864928352,0.34214785991096147,1.2832372164552095,1.2832372164552095,0.6201637581231427,0.8066024534977885,0.7679756014681862,0.8713129100792756,0.7746861070960931,0.8717301360361113,0.7736544532788366,0.8672961672124749,0.941089356544248,1.202732447805926,0.7333713084973452,0.9372643127732312,0.9350019542630742,1.1966450455247521
C,36,GeniusBOABaselineNegotiator,GeniusBOABaselineNegotiator,0.075,0.26674678283691844,40,13.0,9.935690651280801,40,0.0443665925032235,0.15395324569072497,40,0.03923121427454664,0.13621733862438679,40,0.08359780677777014,0.2901705843151118,40,1.2832372164552095,0.0,40,0.8323491990271183,0.20313619985743733,40,0.8446200202282557,0.20519614504119932,40,0.8435523259656635,0.20376259916888662,40,0.8383672056909598,0.2028039359468949,40,1.1996394096774394,0.2901705843151118,40,0.934853972667112,0.22612388465218738,40,1.1935520073962655,0.2901705843151118,40,0.08266568444412337,3.0791024333191306,0.04771060513670295,0.042214190592229986,0.08992479572893294,0.0,0.06295256054450597,0.06359094417081261,0.06314668370230218,0.06284959089183029,0.08992479572893294,0.07007651786887814,0.08992479572893294,0.0,0.175,10.099375,16.050624999999997,0.0010802469135802468,0.10208171995608115,0.0009315943571998935,0.07784999769120289,0.0020118412707801404,0.19237909412042348,1.2832372164552095,1.2832372164552095,0.7561960032145828,0.88946409588652,0.76769457698246,0.9023141026626023,0.7671643009623924,0.9008433447181169,0.7623385714221508,0.8953886813925663,1.0908581223347862,1.2812253751844294,0.850082984148599,0.9984322140559969,1.111286158843385,1.2751379729032555
C,36,GeniusBOABaselineNegotiator,LinearTBNegotiator,0.15,0.36162028533978946,40,12.575,9.18160786991707,40,0.10883444520709666,0.25977402622307777,40,0.04473649188182059,0.10560493028089052,40,0.15357093708891725,0.36537895650396823,40,1.2832372164552095,0.0,40,0.779665734595104,0.264702098266954,40,0.8158894811633626,0.20835264191292213,40,0.8177265882644169,0.20037803456869863,40,0.8139790618598154,0.19626246563224783,40,1.1296662793662922,0.3653789565039683,40,0.8803253715527838,0.28473220057729015,40,1.1235788770851183,0.3653789565039683,40,0.11206728747978564,2.845409758243563,0.08050480478208888,0.03272730695942813,0.11323211174151701,0.0,0.0820320301310298,0.06456915268591297,0.0620977962658942,0.06082236823864532,0.11323211174151702,0.08823942314758239,0.11323211174151702,0.05,0.275,9.599375,15.375624999999996,0.03699831301141905,0.19862961045169367,0.015533226865406796,0.08124057315233786,0.052531539876825836,0.2798701836040315,1.2832372164552095,1.2832372164552095,0.6881671001855908,0.8528646421227147,0.7582730668305363,0.8735058954961892,0.7484626245530002,0.8731377592335502,0.7461377122491892,0.868252141548316,1.0286268821542008,1.2307056765783837,0.7819030028001062,0.9590632665549258,0.9972796305700042,1.2246182742972098
C,36,GeniusBOABaselineNegotiator,SmartAspirationNegotiator,0.075,0.26674678283691844,40,12.85,9.651756848181073,40,0.0475733024691358,0.16535830658270084,40,0.04900186318871439,0.17096786081216386,40,0.09657516565785017,0.3363261673948646,40,1.2832372164552095,0.0,40,0.8233919151824651,0.23499388850434869,40,0.8384116363145397,0.22727703084920198,40,0.8352039254902861,0.23345471875076843,40,0.8292960066875465,0.23506677795534717,40,1.1866620507973593,0.33632616739486465,40,0.9247409875434975,0.2620919679402112,40,1.1805746485161854,0.33632616739486465,40,0.08266568444412337,2.991110436113257,0.05124507012531537,0.0529834889916021,0.10422855911691743,0.0,0.07282536054155327,0.07043388157773543,0.0723483668931118,0.07284794921644361,0.10422855911691745,0.0812231423624359,0.10422855911691745,0.0,0.175,9.924375000000001,15.85,0.0010802469135802468,0.10956404320987652,0.0009315943571998935,0.11309555496406705,0.0020118412707801404,0.2226595981739435,1.2832372164552095,1.2832372164552095,0.7352956742437253,0.88946409588652,0.7745091699664769,0.9023141026626023,0.7695645062624552,0.9008433447181169,0.7411724404141866,0.8953886813925663,1.060577618281266,1.2812253751844294,0.8264860188601653,0.9984322140559969,1.0860113241291154,1.2751379729032555
C,36,LinearTBNegotiator,BoulwareTBNegotiator,0.15,0.36162028533978946,40,12.575,9.18160786991707,40,0.04591820987654321,0.10809544640481054,40,0.1147191908437583,0.27431935406398716,40,0.1606374007203015,0.38241480046879767,40,1.2832372164552095,0.0,40,0.7679347054872836,0.29298328555561665,40,0.8256134480117749,0.1849100841372056,40,0.8208371106807618,0.1928791812103356,40,0.8144576566600872,0.19510866837733792,40,1.122599815734908,0.3824148004687977,40,0.8748186238207436,0.2980078784849875,40,1.116512413453734,0.3824148004687977,40,0.11206728747978564,2.845409758243563,0.033499125902522346,0.08501244858061992,0.11851157448314226,0.0,0.09079646087409543,0.05730422876428018,0.05977387753359526,0.06046480276485593,0.11851157448314227,0.0923535983553504,0.11851157448314227,0.05,0.275,9.9,15.5,0.016026234567901237,0.08328317901234568,0.03886079318605269,0.2095421879158903,0.05488702775395392,0.29282536692823596,1.2832372164552095,1.2832372164552095,0.66666021348792,0.8489542990867746,0.7616962358027521,0.8767472177789932,0.7541652489829659,0.8741746000389984,0.7470151360496878,0.8684116731484067,0.9904118495269735,1.2283501887012556,0.7718072986246992,0.9572276839775793,1.010101100656348,1.2222627864200817
C,36,LinearTBNegotiator,ConcederTBNegotiator,0.625,0.4902903378454601,40,7.325,3.9052069120138846,40,0.5147035058709254,0.40291923385517286,40,0.19174208144796384,0.14968406108829987,40,0.7064455873188893,0.5526032949434727,40,1.2832372164552095,0.0,40,0.3667980588726799,0.41001297258858127,40,0.5552446532512191,0.27226367617239183,40,0.5696837524246459,0.2597829574181291,40,0.5729281011314928,0.25295889094087187,40,0.5767916291363202,0.5526032949434727,40,0.44948168720483234,0.4306322228324812,40,0.5707042268551463,0.5526032949434727,40,0.15194254987178035,1.2102361604672716,0.12486596422309246,0.046387571121355345,0.17125353534444782,0.0,0.12706433663241787,0.0843753874018567,0.08050757258811066,0.07839277247680228,0.17125353534444782,0.13345430848515707,0.17125353534444782,0.475,0.775,6.073750000000002,8.450624999999995,0.3914339237211626,0.6379730880206882,0.14594756454618046,0.23753659834974714,0.5373814882673431,0.8755096863704355,1.2832372164552095,1.2832372164552095,0.24135820998935836,0.49223790775600157,0.4719479853924871,0.6385413211099511,0.49020545027421286,0.6491620545750789,0.495537561868835,0.6503186403941505,0.4077275300847741,0.7458557281878664,0.31773356076055287,0.5812298136491119,0.40164012780360014,0.7397683259066926
C,36,LinearTBNegotiator,GeniusBOABaselineNegotiator,0.15,0.36162028533978946,40,12.575,9.18160786991707,40,0.04962191358024691,0.11702434233912631,40,0.11439419191252698,0.2735358460223406,40,0.1640161054927739,0.39056018836146694,40,1.2832372164552095,0.0,40,0.7660680740029018,0.2974833642889925,40,0.8220647977380097,0.1934651769676729,40,0.8172616608506775,0.20149888246215647,40,0.8108844065014937,0.20372306665694473,40,1.1192211109624357,0.390560188361467,40,0.8721856696567383,0.3043554093921489,40,1.1131337086812618,0.390560188361467,40,0.11206728747978564,2.845409758243563,0.03626621942054174,0.08476963692290712,0.12103585634344888,0.0,0.09219104972195566,0.05995547950024861,0.0624451506267792,0.06313443244992449,0.12103585634344889,0.09432071856347499,0.12103585634344889,0.05,0.275,9.825,15.6,0.01726080246913581,0.09007330246913581,0.03875246020897559,0.2089463565419662,0.05601326267811139,0.299019659011102,1.2832372164552095,1.2832372164552095,0.6632380557665535,0.8483320885919806,0.7551903769675159,0.8755643343544047,0.7476102576278116,0.8729827834289704,0.7404641774255999,0.8672205897622088,0.9842175574441075,1.2272239537770981,0.7669802159906893,0.9563500325895774,0.9781301551629337,1.2211365514959245
C,36,LinearTBNegotiator,LinearTBNegotiator,0.375,0.49029033784546006,40,10.1,6.1510891259920335,40,0.21687885802469134,0.2821439305286606,40,0.2255179292380512,0.2936333600112165,40,0.44239678726274256,0.5757772905398773,40,1.2832372164552095,0.0,40,0.5809545742799133,0.4033579668721184,40,0.5967979757993915,0.399444280152,40,0.5911218126124567,0.40494259897092705,40,0.5846574402211924,0.4062627339014724,40,0.840840429192467,0.5757772905398773,40,0.6552494101715572,0.44869123429134455,40,0.834753026911293,0.5757772905398773,40,0.15194254987178032,1.9062422694252663,0.08743730994936248,0.0909979210350776,0.17843523098444017,0.0,0.12500192899368243,0.1237890649134575,0.12549301156887596,0.12590212562240458,0.17843523098444017,0.1390508541182637,0.17843523098444017,0.225,0.525,8.15,11.875,0.1305594135802469,0.30319830246913576,0.13568339528571066,0.31535246319039173,0.2662428088659576,0.6185507656595275,1.2832372164552095,1.2832372164552095,0.45755076563727065,0.7043583829225559,0.47459152505410723,0.7190044265446758,0.4672331997701926,0.7150104254547207,0.46036494375264275,0.708949936689742,0.664686450795682,1.016994407589252,0.5179762886177814,0.7925225317253332,0.6585990485145081,1.0109070053080782
C,36,LinearTBNegotiator,SmartAspirationNegotiator,0.15,0.36162028533978946,40,12.425,8.943949394380022,40,0.05425154320987655,0.12818546225702107,40,0.12030675406401418,0.28778986210440755,40,0.17455829727389077,0.4159753243614286,40,1.2832372164552095,0.0,40,0.7591218893741278,0.31422923940552666,40,0.8205979044739194,0.19700156603916164,40,0.8156408546049517,0.20540632524255562,40,0.8093014774247488,0.2075391950863127,40,1.1086789191813187,0.4159753243614286,40,0.8639703594662823,0.32416089482699945,40,1.1025915169001448,0.4159753243614286,40,0.11206728747978564,2.771758633625396,0.039725086318066,0.08918700227205922,0.1289120885901252,0.0,0.09738065018649222,0.06105141782777499,0.06365607969003775,0.06431706290261581,0.1289120885901252,0.10045850208913797,0.1289120885901252,0.05,0.275,9.749375,15.175624999999997,0.01880401234567902,0.09856095679012347,0.04072331425947133,0.2197860538196928,0.059527326605150345,0.2895892679426312,1.2832372164552095,1.2832372164552095,0.6505033839471344,0.8460166937157225,0.7525010726500173,0.8750753699330414,0.7446387795106476,0.8724425146803952,0.7375621407849006,0.8666929467366271,0.9936479485125783,1.2237098898500591,0.7519188139748534,0.9536115958594256,0.9588028035642194,1.2176224875688852
C,36,SmartAspirationNegotiator,BoulwareTBNegotiator,0.225,0.4229020617662604,40,16.0,10.55632026019945,40,0.12917052469135804,0.24075396695304546,40,0.15098150119776418,0.282028510980933,40,0.28015202588912225,0.5227824779339784,40,1.2832372164552095,0.0,40,0.6945823609852789,0.36629283329031354,40,0.7233693866096577,0.3363381749376369,40,0.7167171090583979,0.3460771763811355,40,0.7099074084721851,0.34862405660915413,40,1.0030851905660874,0.5227824779339784,40,0.7816833689853471,0.4073934820703711,40,0.9969977882849135,0.5227824779339784,40,0.13105870675153414,3.271437541776334,0.07461042734666812,0.08740154106094457,0.16201196840761264,0.0,0.11351532509178641,0.10423228029297515,0.10725042810929324,0.10803971446921565,0.16201196840761264,0.1262525481104355,0.16201196840761264,0.1,0.35,12.974375,19.175,0.05800925925925926,0.20033179012345678,0.06762044184189513,0.23434256055363326,0.1256297011011544,0.4346743506770901,1.2832372164552095,1.2832372164552095,0.5863147304845896,0.8028499914859684,0.604072909241028,0.8227831177501825,0.593966285285252,0.8190094622026862,0.5862532265252643,0.8129525600946191,0.8176584008205261,1.157607515354055,0.6612673439460972,0.902099394024597,0.8424754634969457,1.1515201130728812
C,36,SmartAspirationNegotiator,ConcederTBNegotiator,0.35,0.4830458915396479,40,13.775,7.895105591927969,40,0.3093384026402494,0.42543667330673296,40,0.052076124567474034,0.07058615769370953,40,0.3614145272077235,0.49602283100044253,40,1.2832372164552095,0.0,40,0.5964690325987934,0.40437160446438686,40,0.7670533041379223,0.18667763718205366,40,0.7743593539589101,0.1745644916622104,40,0.7736353908464269,0.16803550508498794,40,0.921822689247486,0.49602283100044253,40,0.7183571964924084,0.38654024730567493,40,0.9157352869663121,0.49602283100044253,40,0.14969747270189074,2.4467185717263775,0.13184419100579498,0.02187487690001012,0.15371906790580514,0.0,0.12531605853800912,0.057851999127954974,0.05409809643972161,0.05207474253684601,0.15371906790580514,0.11979006370344825,0.15371906790580514,0.2,0.5,11.275,16.25,0.17722776447167693,0.44144904080882197,0.030157040191642264,0.07399520894330583,0.23305642508738655,0.5154442497521278,1.2832372164552095,1.2832372164552095,0.47089971976119627,0.7220383454363904,0.7090843904844879,0.8250222177913565,0.7201519293478215,0.8285667785699987,0.7214554091837957,0.825815372509058,0.7677929667030817,1.0758524117918902,0.5983250461080132,0.8383893468768034,0.7617055644219078,1.0697650095107165
C,36,SmartAspirationNegotiator,GeniusBOABaselineNegotiator,0.225,0.4229020617662604,40,16.0,10.55632026019945,40,0.12917052469135804,0.24075396695304546,40,0.15098150119776418,0.282028510980933,40,0.28015202588912225,0.5227824779339784,40,1.2832372164552095,0.0,40,0.6945823609852789,0.36629283329031354,40,0.7233693866096577,0.3363381749376369,40,0.7167171090583979,0.3460771763811355,40,0.7099074084721851,0.34862405660915413,40,1.0030851905660874,0.5227824779339784,40,0.7816833689853471,0.4073934820703711,40,0.9969977882849135,0.5227824779339784,40,0.13105870675153414,3.271437541776334,0.07461042734666812,0.08740154106094457,0.16201196840761264,0.0,0.11351532509178641,0.10423228029297515,0.10725042810929324,0.10803971446921565,0.16201196840761264,0.1262525481104355,0.16201196840761264,0.1,0.35,12.698750000000002,19.25,0.05800925925925926,0.20033179012345678,0.06762044184189513,0.23434256055363326,0.1256297011011544,0.4655788156346836,1.2832372164552095,1.2832372164552095,0.5646612043844517,0.8028499914859684,0.6239556554691328,0.8227831177501825,0.593966285285252,0.8190094622026862,0.5862532265252643,0.8129525600946191,0.8485628657781195,1.157607515354055,0.6371841389382473,0.902099394024597,0.8424754634969457,1.1515201130728812
C,36,SmartAspirationNegotiator,LinearTBNegotiator,0.3,0.46409548089225705,40,15.05,9.339604120529152,40,0.22873052232421703,0.35217154680651425,40,0.1023822198562683,0.15694258942603476,40,0.33111274218048536,0.5091141362325489,40,1.2832372164552095,0.0,40,0.6537198116436975,0.36469285654424516,40,0.7191212815580366,0.2833965346884423,40,0.724899104365485,0.27218308945559194,40,0.7233090205304056,0.26620464319867027,40,0.9521244742747241,0.5091141362325489,40,0.7419707455998314,0.39674202844499507,40,0.9460370719935502,0.5091141362325489,40,0.14382467959824716,2.894373303586256,0.1091390930712919,0.048637012358150926,0.1577761054294428,0.0,0.11301948716114008,0.08782549600021063,0.08435041331958094,0.08249767362958443,0.1577761054294428,0.12295162843334655,0.1577761054294428,0.15,0.45,12.15,18.0,0.13387624090311837,0.3425556600295354,0.051656907106734096,0.1531075326058025,0.19398736680144152,0.495663192635338,1.2832372164552095,1.2832372164552095,0.5358476695222866,0.7715919537651088,0.6275248710057536,0.8107176921103193,0.6369269841891689,0.8128712245418008,0.6372691900993251,0.7950088792229726,0.7875740238198715,1.1166749247295766,0.6137400113717488,0.8702014798279141,0.7814866215386976,1.0831624473725943
C,36,SmartAspirationNegotiator,SmartAspirationNegotiator,0.225,0.4229020617662604,40,15.775,10.254423685815071,40,0.1433371913580247,0.2673811338049951,40,0.14358530742613787,0.2681268861131839,40,0.2869224987841626,0.535508019918179,40,1.2832372164552095,0.0,40,0.6893346743120529,0.37615620001747185,40,0.7074337799164819,0.3662901790533712,40,0.7007720143883466,0.37604701376345945,40,0.693926228079239,0.37866171944308946,40,0.996314717671047,0.5355080199181792,40,0.7764072806610519,0.4173102315388392,40,0.9902273153898731,0.5355080199181791,40,0.13105870675153414,3.17787882407634,0.08286227184583878,0.0830933828805308,0.16595565472636956,0.0,0.11657201410880981,0.11351450253523603,0.11653817693812744,0.11734848262327115,0.1659556547263696,0.12932578061038658,0.16595565472636958,0.1,0.35,12.724375,18.875624999999996,0.06430555555555555,0.23817515432098763,0.06433324461006122,0.23868778280542982,0.12863880016561677,0.44520619740270834,1.2832372164552095,1.2832372164552095,0.555915059929075,0.8005176862978679,0.5991669339464151,0.8157006258865488,0.5673911275018331,0.8119227534604413,0.5820026429051681,0.8058498132533097,0.8380310190525011,1.1545984162895926,0.6530600954416381,0.899754465880466,0.8319436167713272,1.148511014008419
D,12,BoulwareTBNegotiator,BoulwareTBNegotiator,0.575,0.5006406152531231,40,8.5,4.760952285695232,40,0.15820057189542486,0.13700970701455736,40,0.22960580065359476,0.19918076381069683,40,0.3878063725490196,0.3361904708252542,40,1.0000000000000002,0.0,40,0.4392274840440217,0.24173013447060868,40,0.48521478525516243,0.20168994182334568,40,0.48521478525516243,0.20168994182334568,40,0.48521478525516243,0.20168994182334568,40,0.6121936274509806,0.3361904708252542,40,0.6121936274509805,0.3361904708252541,40,0.6121936274509804,0.3361904708252542,40,0.15515013407201458,1.4754343993097983,0.042459748100398265,0.06172675821391641,0.10418650631431468,0.0,0.0749129447945386,0.06250436053624535,0.06250436053624535,0.06250436053624535,0.10418650631431468,0.10418650631431466,0.10418650631431468,0.425,0.725,6.9,9.925,0.11715025470972704,0.19925088908112268,0.16992803248750482,0.28928356881968476,0.28707828719723183,0.4885344579008074,1.0000000000000002,1.0000000000000002,0.3668012384181877,0.5116537296698556,0.4247852269018,0.5456443436085248,0.4247852269018,0.5456443436085248,0.4247852269018001,0.5456443436085248,0.5114655420991928,0.7129217128027684,0.5114655420991927,0.7129217128027683,0.5114655420991925,0.7129217128027682
D,12,BoulwareTBNegotiator,ConcederTBNegotiator,0.65,0.48304589153964794,40,6.05,3.0377960972068423,40,0.5589544886582084,0.4147606411569167,40,0.0916342272202999,0.06747274527873832,40,0.6505887158785082,0.4822333864356549,40,1.0000000000000002,0.0,40,0.2509014989634014,0.3462769664440294,40,0.5002375175582656,0.1609835212207948,40,0.5002375175582656,0.1609835212207948,40,0.5002375175582656,0.1609835212207948,40,0.34941128412149197,0.4822333864356549,40,0.3494112841214919,0.48223338643565483,40,0.34941128412149175,0.4822333864356549,40,0.14969747270189077,0.9414227639657009,0.12853565436506786,0.020910020396388194,0.149445674761456,0.0,0.10731234369124931,0.049889310095552634,0.049889310095552634,0.049889310095552634,0.149445674761456,0.149445674761456,0.149445674761456,0.5,0.8,5.075,6.925624999999997,0.4301590734332949,0.687749903883122,0.07068194925028837,0.11258650519031144,0.5008410226835832,0.8003364090734333,1.0000000000000002,1.0000000000000002,0.1612938207621866,0.3584307128048591,0.45024738493100747,0.550227650185524,0.45024738493100747,0.550227650185524,0.45024738493100747,0.550227650185524,0.19966359092656694,0.499158977316417,0.19966359092656688,0.49915897731641684,0.19966359092656671,0.49915897731641684
D,12,BoulwareTBNegotiator,GeniusBOABaselineNegotiator,0.575,0.5006406152531231,40,8.5,4.760952285695232,40,0.15820057189542486,0.13700970701455736,40,0.22960580065359476,0.19918076381069683,40,0.3878063725490196,0.3361904708252542,40,1.0000000000000002,0.0,40,0.4392274840440217,0.24173013447060868,40,0.48521478525516243,0.20168994182334568,40,0.48521478525516243,0.20168994182334568,40,0.48521478525516243,0.20168994182334568,40,0.6121936274509806,0.3361904708252542,40,0.6121936274509805,0.3361904708252541,40,0.6121936274509804,0.3361904708252542,40,0.15515013407201458,1.4754343993097983,0.042459748100398265,0.06172675821391641,0.10418650631431468,0.0,0.0749129447945386,0.06250436053624535,0.06250436053624535,0.06250436053624535,0.10418650631431468,0.10418650631431466,0.10418650631431468,0.425,0.725,7.024375000000002,9.925624999999997,0.11715025470972704,0.19925088908112268,0.16992803248750482,0.28928356881968476,0.28707828719723183,0.4885344579008075,1.0000000000000002,1.0000000000000002,0.3668012384181877,0.5116537296698555,0.4247852269018,0.5456443436085248,0.4247852269018,0.5456443436085248,0.4247852269018,0.5456443436085248,0.5114655420991928,0.7129217128027685,0.5114655420991927,0.7129217128027683,0.5114655420991925,0.7129217128027682
D,12,BoulwareTBNegotiator,LinearTBNegotiator,0.625,0.4902903378454601,40,7.325,3.9052069120138846,40,0.43127943579392536,0.33766367197685343,40,0.19435133121876202,0.15180197527726724,40,0.6256307670126875,0.4894656472541207,40,1.0000000000000002,0.0,40,0.2688230346036443,0.3514702305505669,40,0.3583667854891957,0.2812263331527642,40,0.3583667854891957,0.2812263331527642,40,0.3583667854891957,0.2812263331527642,40,0.37436923298731284,0.4894656472541207,40,0.37436923298731273,0.4894656472541206,40,0.3743692329873126,0.4894656472541207,40,0.15194254987178035,1.2102361604672716,0.10464305608119706,0.04704391952849601,0.15168697560969308,0.0,0.10892175291186017,0.0871529435764455,0.0871529435764455,0.0871529435764455,0.15168697560969308,0.15168697560969305,0.15168697560969308,0.475,0.775,6.05,8.475,0.32797421664744325,0.5345846549404076,0.1479088571703191,0.24079380526720495,0.47588307381776235,0.7753784602076126,1.0000000000000002,1.0000000000000002,0.1612938207621866,0.37635224844510207,0.2723280718602703,0.4444054991181211,0.2723280718602703,0.4444054991181211,0.2723280718602703,0.4444054991181211,0.22462153979238778,0.5241169261822378,0.22462153979238772,0.5241169261822376,0.22462153979238755,0.5241169261822376
D,12,BoulwareTBNegotiator,SmartAspirationNegotiator,0.575,0.5006406152531231,40,8.5,4.760952285695232,40,0.1845077614379085,0.15991483320260874,40,0.3912071078431373,0.3398836818230125,40,0.5757148692810458,0.4997985150256213,40,1.0000000000000002,0.0,40,0.30466610588413023,0.3588899451684803,40,0.5225751564262591,0.16916103885085365,40,0.5225751564262591,0.16916103885085365,40,0.5225751564262591,0.16916103885085365,40,0.42428513071895446,0.4997985150256213,40,0.4242851307189544,0.49979851502562117,40,0.4242851307189543,0.4997985150256213,40,0.15515013407201458,1.4754343993097983,0.04955812024748389,0.10533104426029959,0.1548891645077835,0.0,0.11122114629440329,0.05242354906463512,0.05242354906463512,0.05242354906463512,0.1548891645077835,0.15488916450778348,0.1548891645077835,0.425,0.725,7.075,9.95,0.13659469915417147,0.23242082372164555,0.28937247693194923,0.4930417387543253,0.4253432273644763,0.7254625624759707,1.0000000000000002,1.0000000000000002,0.1971368920426725,0.412195319725588,0.47189178185666114,0.5732585309958571,0.47189178185666103,0.5732585309958571,0.47189178185666114,0.5732585309958571,0.2745374375240294,0.5740328239138796,0.27453743752402937,0.5740328239138794,0.2745374375240292,0.5740328239138794
D,12,ConcederTBNegotiator,BoulwareTBNegotiator,0.65,0.48304589153964794,40,6.05,3.0377960972068423,40,0.07676494617454825,0.05642267586443265,40,0.57382376970396,0.4258107105712223,40,0.6505887158785082,0.4822333864356549,40,1.0000000000000002,0.0,40,0.2509014989634014,0.3462769664440294,40,0.6834844709834069,0.024804001237453754,40,0.6834844709834069,0.024804001237453754,40,0.6834844709834069,0.024804001237453754,40,0.34941128412149197,0.4822333864356549,40,0.3494112841214919,0.48223338643565483,40,0.34941128412149175,0.4822333864356549,40,0.14969747270189077,0.9414227639657009,0.017485568406475662,0.13196010635498037,0.149445674761456,0.0,0.10731234369124931,0.007686839621606906,0.007686839621606906,0.007686839621606906,0.149445674761456,0.149445674761456,0.149445674761456,0.5,0.8,5.075,6.95,0.05924404075355634,0.09428585159554018,0.4415969819300269,0.7060505574778931,0.5008410226835832,0.7753784602076126,1.0000000000000002,1.0000000000000002,0.14337228512194367,0.3584307128048591,0.6757820968388735,0.6911868451279404,0.6757820968388735,0.6911868451279404,0.6757820968388735,0.6911868451279404,0.19966359092656694,0.499158977316417,0.19966359092656688,0.49915897731641684,0.19966359092656674,0.49915897731641684
D,12,ConcederTBNegotiator,ConcederTBNegotiator,0.775,0.42290206176626033,40,2.525,0.9604352645732545,40,0.2407938052672049,0.13093745352408362,40,0.2813166810841984,0.15304997962950903,40,0.5221104863514033,0.28398743315359265,40,1.0000000000000002,0.0,40,0.35287560021362474,0.19861981421122832,40,0.37989797580736395,0.18387424214359666,40,0.37989797580736395,0.18387424214359666,40,0.37989797580736395,0.18387424214359666,40,0.4778895136485969,0.28398743315359265,40,0.4778895136485968,0.2839874331535926,40,0.47788951364859666,0.28398743315359265,40,0.1310587067515341,0.2976419721573951,0.04057793724753741,0.04743068008421895,0.08800861733175636,0.0,0.0615529181320022,0.0569832180046865,0.0569832180046865,0.0569832180046865,0.08800861733175636,0.08800861733175634,0.08800861733175636,0.65,0.9,2.225,2.8,0.20209174356016915,0.27949586697424067,0.23607867166474436,0.3265546905036525,0.4381704152249135,0.6060505574778932,1.0000000000000002,1.0000000000000002,0.2941682090207064,0.4233244696451267,0.32554903229085524,0.43424691932387277,0.32554903229085524,0.43424691932387277,0.32554903229085524,0.44511670802717446,0.39394944252210706,0.5786175990003846,0.393949442522107,0.5786175990003846,0.39394944252210684,0.5618295847750865
D,12,ConcederTBNegotiator,GeniusBOABaselineNegotiator,0.65,0.48304589153964794,40,6.05,3.0377960972068423,40,0.07676494617454825,0.05642267586443265,40,0.57382376970396,0.4258107105712223,40,0.6505887158785082,0.4822333864356549,40,1.0000000000000002,0.0,40,0.2509014989634014,0.3462769664440294,40,0.6834844709834069,0.024804001237453754,40,0.6834844709834069,0.024804001237453754,40,0.6834844709834069,0.024804001237453754,40,0.34941128412149197,0.4822333864356549,40,0.3494112841214919,0.48223338643565483,40,0.34941128412149175,0.4822333864356549,40,0.14969747270189077,0.9414227639657009,0.017485568406475662,0.13196010635498037,0.149445674761456,0.0,0.10731234369124931,0.007686839621606906,0.007686839621606906,0.007686839621606906,0.149445674761456,0.149445674761456,0.149445674761456,0.5,0.8,5.15,6.95,0.05924404075355634,0.09428585159554018,0.4415969819300269,0.7060505574778931,0.5008410226835833,0.8003364090734333,1.0000000000000002,1.0000000000000002,0.14337228512194367,0.3584307128048591,0.6757820968388735,0.6911868451279404,0.6757820968388735,0.6911868451279404,0.6770658258629624,0.6911868451279404,0.19966359092656694,0.499158977316417,0.19966359092656688,0.49915897731641684,0.19966359092656671,0.49915897731641684
D,12,ConcederTBNegotiator,LinearTBNegotiator,0.725,0.4522025867763026,40,4.0,1.7686732677928756,40,0.222943699538639,0.13853159310868615,40,0.5025188629373318,0.31291036840150865,40,0.7254625624759707,0.4514419615101949,40,1.0000000000000002,0.0,40,0.1971368920426725,0.3241665910208626,40,0.485294459408563,0.14443473259048695,40,0.485294459408563,0.14443473259048695,40,0.485294459408563,0.14443473259048695,40,0.2745374375240294,0.4514419615101949,40,0.27453743752402937,0.4514419615101947,40,0.2745374375240292,0.4514419615101949,40,0.14013903352723933,0.5481175243620847,0.04293138548728313,0.09697192782785254,0.1399033133151357,0.0,0.10046026735790489,0.04476078736588248,0.04476078736588248,0.04476078736588248,0.1399033133151357,0.13990331331513564,0.1399033133151357,0.575,0.8506249999999965,3.45,4.5,0.17699142156862746,0.2612372645136486,0.4160226835832372,0.5890150422914264,0.5757148692810459,0.8502523068050749,1.0000000000000002,1.0000000000000002,0.10752921384145772,0.30466610588413023,0.4453691204083638,0.533204866208802,0.4453691204083638,0.5332048662088019,0.4453691204083638,0.5332048662088019,0.14974769319492526,0.42428513071895446,0.14974769319492523,0.4242851307189543,0.14974769319492504,0.4242851307189543
D,12,ConcederTBNegotiator,SmartAspirationNegotiator,0.65,0.48304589153964794,40,6.05,3.0377960972068423,40,0.07676494617454825,0.05642267586443265,40,0.57382376970396,0.4258107105712223,40,0.6505887158785082,0.4822333864356549,40,1.0000000000000002,0.0,40,0.2509014989634014,0.3462769664440294,40,0.6834844709834069,0.024804001237453754,40,0.6834844709834069,0.024804001237453754,40,0.6834844709834069,0.024804001237453754,40,0.34941128412149197,0.4822333864356549,40,0.3494112841214919,0.48223338643565483,40,0.34941128412149175,0.4822333864356549,40,0.14969747270189077,0.9414227639657009,0.017485568406475662,0.13196010635498037,0.149445674761456,0.0,0.10731234369124931,0.007686839621606906,0.007686839621606906,0.007686839621606906,0.149445674761456,0.149445674761456,0.149445674761456,0.5,0.8,5.125,6.9,0.05924404075355634,0.09428585159554018,0.4415969819300269,0.7060505574778931,0.5008410226835832,0.8003364090734333,1.0000000000000002,1.0000000000000002,0.14337228512194367,0.3584307128048591,0.6757820968388735,0.6911868451279404,0.6757820968388735,0.6911868451279404,0.6757820968388735,0.6911868451279404,0.19966359092656694,0.499158977316417,0.19966359092656688,0.49915897731641684,0.19966359092656674,0.49915897731641684
D,12,GeniusBOABaselineNegotiator,BoulwareTBNegotiator,0.575,0.5006406152531231,40,8.5,4.760952285695232,40,0.15820057189542486,0.13700970701455736,40,0.22960580065359476,0.19918076381069683,40,0.3878063725490196,0.3361904708252542,40,1.0000000000000002,0.0,40,0.4392274840440217,0.24173013447060868,40,0.48521478525516243,0.20168994182334568,40,0.48521478525516243,0.20168994182334568,40,0.48521478525516243,0.20168994182334568,40,0.6121936274509806,0.3361904708252542,40,0.6121936274509805,0.3361904708252541,40,0.6121936274509804,0.3361904708252542,40,0.15515013407201458,1.4754343993097983,0.042459748100398265,0.06172675821391641,0.10418650631431468,0.0,0.0749129447945386,0.06250436053624535,0.06250436053624535,0.06250436053624535,0.10418650631431468,0.10418650631431466,0.10418650631431468,0.425,0.725,7.05,9.925,0.11715025470972702,0.19925088908112268,0.16992803248750482,0.28928356881968476,0.28707828719723183,0.4885344579008075,1.0000000000000002,1.0000000000000002,0.3668012384181877,0.5116537296698556,0.4247852269018,0.5456443436085248,0.4247852269018,0.5456443436085248,0.4247852269018,0.5456443436085248,0.5114655420991928,0.7133414131583986,0.5114655420991927,0.7129217128027683,0.5114655420991926,0.7133414131583983
D,12,GeniusBOABaselineNegotiator,ConcederTBNegotiator,0.65,0.48304589153964794,40,6.05,3.0377960972068423,40,0.5568303056516725,0.41318205981201583,40,0.09375841022683584,0.06905132662363914,40,0.6505887158785082,0.4822333864356549,40,1.0000000000000002,0.0,40,0.2509014989634014,0.3462769664440294,40,0.4972334691414601,0.16321597236806265,40,0.4972334691414601,0.16321597236806265,40,0.4972334691414601,0.16321597236806265,40,0.34941128412149197,0.4822333864356549,40,0.3494112841214919,0.48223338643565483,40,0.34941128412149175,0.4822333864356549,40,0.14969747270189077,0.9414227639657009,0.12804644693793749,0.02139922782351856,0.149445674761456,0.0,0.10731234369124931,0.05058115387381403,0.05058115387381403,0.05058115387381403,0.149445674761456,0.149445674761456,0.149445674761456,0.5,0.8,5.1,6.975624999999996,0.42852508650519033,0.6851355247981546,0.07231593617839294,0.11520088427527875,0.5008410226835833,0.8003364090734333,1.0000000000000002,1.0000000000000002,0.14337228512194367,0.3584307128048591,0.4465500945718621,0.5479168437110582,0.4465500945718621,0.5479168437110582,0.4465500945718621,0.5479168437110582,0.19966359092656694,0.499158977316417,0.19966359092656688,0.49915897731641684,0.19966359092656674,0.49915897731641684
D,12,GeniusBOABaselineNegotiator,GeniusBOABaselineNegotiator,0.575,0.5006406152531231,40,8.5,4.760952285695232,40,0.15820057189542486,0.13700970701455736,40,0.22960580065359476,0.19918076381069683,40,0.3878063725490196,0.3361904708252542,40,1.0000000000000002,0.0,40,0.4392274840440217,0.24173013447060868,40,0.48521478525516243,0.20168994182334568,40,0.48521478525516243,0.20168994182334568,40,0.48521478525516243,0.20168994182334568,40,0.6121936274509806,0.3361904708252542,40,0.6121936274509805,0.3361904708252541,40,0.6121936274509804,0.3361904708252542,40,0.15515013407201458,1.4754343993097983,0.042459748100398265,0.06172675821391641,0.10418650631431468,0.0,0.0749129447945386,0.06250436053624535,0.06250436053624535,0.06250436053624535,0.10418650631431468,0.10418650631431466,0.10418650631431468,0.425,0.725,7.05,9.925624999999997,0.11715025470972704,0.19925088908112268,0.16992803248750482,0.28928356881968476,0.28707828719723183,0.4885344579008075,1.0000000000000002,1.0000000000000002,0.3668012384181877,0.5116537296698555,0.4247852269018,0.5456443436085248,0.4247852269018,0.5456443436085248,0.4247852269018,0.5456443436085248,0.5114655420991928,0.7129217128027684,0.5114655420991927,0.7129217128027683,0.5114655420991925,0.7129217128027682
D,12,GeniusBOABaselineNegotiator,LinearTBNegotiator,0.625,0.4902903378454601,40,7.325,3.9052069120138846,40,0.43127943579392536,0.33766367197685343,40,0.19435133121876202,0.15180197527726724,40,0.6256307670126875,0.4894656472541207,40,1.0000000000000002,0.0,40,0.2688230346036443,0.3514702305505669,40,0.3583667854891957,0.2812263331527642,40,0.3583667854891957,0.2812263331527642,40,0.3583667854891957,0.2812263331527642,40,0.37436923298731284,0.4894656472541207,40,0.37436923298731273,0.4894656472541206,40,0.3743692329873126,0.4894656472541207,40,0.15194254987178035,1.2102361604672716,0.10464305608119706,0.04704391952849601,0.15168697560969308,0.0,0.10892175291186017,0.0871529435764455,0.0871529435764455,0.0871529435764455,0.15168697560969308,0.15168697560969305,0.15168697560969308,0.475,0.775,6.025,8.45,0.32797421664744325,0.5345846549404076,0.1479088571703191,0.24079380526720495,0.47588307381776246,0.7753784602076126,1.0000000000000002,1.0000000000000002,0.16129382076218662,0.37635224844510207,0.2723280718602703,0.4444054991181211,0.2723280718602703,0.4444054991181211,0.2723280718602703,0.4444054991181211,0.22462153979238778,0.5241169261822378,0.22462153979238772,0.5241169261822376,0.22462153979238755,0.5241169261822376
D,12,GeniusBOABaselineNegotiator,SmartAspirationNegotiator,0.575,0.5006406152531231,40,8.5,4.760952285695232,40,0.1939031862745098,0.1680952354126271,40,0.381811683006536,0.33170327961299423,40,0.5757148692810458,0.4997985150256213,40,1.0000000000000002,0.0,40,0.30466610588413023,0.3588899451684803,40,0.5092880191980805,0.18072987460192846,40,0.5092880191980805,0.18072987460192846,40,0.5092880191980805,0.18072987460192846,40,0.42428513071895446,0.4997985150256213,40,0.4242851307189544,0.49979851502562117,40,0.4242851307189543,0.4997985150256213,40,0.15515013407201458,1.4754343993097983,0.05209325315715734,0.10279591135062618,0.1548891645077835,0.0,0.11122114629440329,0.05600876840791367,0.05600876840791367,0.05600876840791367,0.1548891645077835,0.15488916450778348,0.1548891645077835,0.425,0.725,6.925,9.9,0.14353914359861591,0.24426722895040376,0.28242803248750487,0.4811953335255671,0.42596717608612067,0.7254625624759707,1.0000000000000002,1.0000000000000002,0.1971368920426725,0.412195319725588,0.45513843491678374,0.5634376034793773,0.45513843491678374,0.5634376034793773,0.45513843491678374,0.5634376034793773,0.2745374375240294,0.5740328239138796,0.27453743752402937,0.5740328239138794,0.2745374375240292,0.5740328239138794
D,12,LinearTBNegotiator,BoulwareTBNegotiator,0.625,0.4902903378454601,40,7.325,3.9052069120138846,40,0.14533172337562478,0.11334783113252526,40,0.4802990436370627,0.3761178161215954,40,0.6256307670126875,0.4894656472541207,40,1.0000000000000002,0.0,40,0.2688230346036443,0.3514702305505669,40,0.5836704167496152,0.10448362357119612,40,0.5836704167496152,0.10448362357119612,40,0.5836704167496152,0.10448362357119612,40,0.37436923298731284,0.4894656472541207,40,0.37436923298731273,0.4894656472541206,40,0.3743692329873126,0.4894656472541207,40,0.15194254987178035,1.2102361604672716,0.03512685679345441,0.11656011881623865,0.15168697560969308,0.0,0.10892175291186017,0.0323798104099183,0.0323798104099183,0.0323798104099183,0.15168697560969308,0.15168697560969305,0.15168697560969308,0.475,0.775,6.05,8.45,0.11065395520953478,0.18000949154171475,0.3652291186082276,0.5953689686658977,0.47588307381776246,0.7753784602076125,1.0000000000000002,1.0000000000000002,0.16129382076218662,0.37635224844510207,0.5517045746231904,0.61563625887604,0.5517045746231904,0.6156362588760399,0.5517045746231904,0.61563625887604,0.22462153979238778,0.5241169261822378,0.22462153979238772,0.5241169261822376,0.22462153979238755,0.5241169261822376
D,12,LinearTBNegotiator,ConcederTBNegotiator,0.75,0.4385290096535146,40,3.275,1.3584965294445257,40,0.5198180988081507,0.303448670967711,40,0.23060241253364092,0.13434271299674783,40,0.7504205113417916,0.4377913839644588,40,1.0000000000000002,0.0,40,0.17921535640242964,0.3143645310314363,40,0.2901340671767899,0.24950976784753648,40,0.2901340671767899,0.24950976784753648,40,0.2901340671767899,0.24950976784753648,40,0.24957948865820861,0.4377913839644588,40,0.24957948865820856,0.4377913839644587,40,0.2495794886582084,0.4377913839644588,40,0.13590154807518112,0.4210024361949124,0.09403971741447978,0.041633238091370726,0.1356729555058505,0.0,0.09742257749574199,0.0773238781560902,0.0773238781560902,0.0773238781560902,0.1356729555058505,0.13567295550585048,0.1356729555058505,0.6,0.875,2.825,3.675,0.4328894385572864,0.6063142781622453,0.1846501345636294,0.27655469050365244,0.6006728181468667,0.8752102556708958,1.0000000000000002,1.0000000000000002,0.08960767820121487,0.28674457024388733,0.21901284077130184,0.36125529358227804,0.21901284077130184,0.3754795388633756,0.21901284077130184,0.3754795388633756,0.12478974432910442,0.3993271818531336,0.12478974432910439,0.39932718185313354,0.1247897443291042,0.39932718185313343
D,12,LinearTBNegotiator,GeniusBOABaselineNegotiator,0.625,0.4902903378454601,40,7.325,3.9052069120138846,40,0.14533172337562478,0.11334783113252526,40,0.4802990436370627,0.3761178161215954,40,0.6256307670126875,0.4894656472541207,40,1.0000000000000002,0.0,40,0.2688230346036443,0.3514702305505669,40,0.5836704167496152,0.10448362357119612,40,0.5836704167496152,0.10448362357119612,40,0.5836704167496152,0.10448362357119612,40,0.37436923298731284,0.4894656472541207,40,0.37436923298731273,0.4894656472541206,40,0.3743692329873126,0.4894656472541207,40,0.15194254987178035,1.2102361604672716,0.03512685679345441,0.11656011881623865,0.15168697560969308,0.0,0.10892175291186017,0.0323798104099183,0.0323798104099183,0.0323798104099183,0.15168697560969308,0.15168697560969305,0.15168697560969308,0.475,0.775,6.074375000000002,8.5,0.1106539552095348,0.18000949154171475,0.3652291186082276,0.5953689686658977,0.47588307381776235,0.7753784602076125,1.0000000000000002,1.0000000000000002,0.16129382076218662,0.37635224844510207,0.5517045746231904,0.6209638992304439,0.5517045746231904,0.6156362588760399,0.5517045746231904,0.6156362588760399,0.22462153979238778,0.5241169261822378,0.22462153979238772,0.5241169261822376,0.22462153979238755,0.5241169261822376
D,12,LinearTBNegotiator,LinearTBNegotiator,0.65,0.48304589153964794,40,6.7,3.4729725684978363,40,0.20209174356016915,0.14955897521358047,40,0.23607867166474436,0.17481627673199343,40,0.4381704152249135,0.32437525194557393,40,1.0000000000000002,0.0,40,0.41158299140654303,0.22686691295000078,40,0.43424691932387277,0.21002427100135948,40,0.43424691932387277,0.21002427100135948,40,0.43424691932387277,0.21002427100135948,40,0.5618295847750867,0.3243752519455739,40,0.5618295847750866,0.3243752519455738,40,0.5618295847750865,0.3243752519455739,40,0.14969747270189077,1.0762853496383538,0.046348806607167024,0.05417612544125281,0.10052493204841983,0.0,0.07030678472400888,0.06508719590751337,0.06508719590751337,0.06508719590751337,0.10052493204841982,0.10052493204841981,0.10052493204841982,0.5,0.8,5.6,7.725,0.15564926951172625,0.2485342176086121,0.18179306036139947,0.29036428296808925,0.3374423298731258,0.5388985005767013,1.0000000000000002,1.0000000000000002,0.3411341219750411,0.48203186083804506,0.36902818710406227,0.49946565154368316,0.36902818710406227,0.49946565154368316,0.36902818710406227,0.49946565154368316,0.4611014994232989,0.6625576701268745,0.4611014994232988,0.6625576701268743,0.46110149942329864,0.6625576701268743
D,12,LinearTBNegotiator,SmartAspirationNegotiator,0.625,0.4902903378454601,40,7.325,3.9052069120138846,40,0.14533172337562478,0.11334783113252526,40,0.4802990436370627,0.3761178161215954,40,0.6256307670126875,0.4894656472541207,40,1.0000000000000002,0.0,40,0.2688230346036443,0.3514702305505669,40,0.5836704167496152,0.10448362357119612,40,0.5836704167496152,0.10448362357119612,40,0.5836704167496152,0.10448362357119612,40,0.37436923298731284,0.4894656472541207,40,0.37436923298731273,0.4894656472541206,40,0.3743692329873126,0.4894656472541207,40,0.15194254987178035,1.2102361604672716,0.03512685679345441,0.11656011881623865,0.15168697560969308,0.0,0.10892175291186017,0.0323798104099183,0.0323798104099183,0.0323798104099183,0.15168697560969308,0.15168697560969305,0.15168697560969308,0.475,0.775,6.1,8.525,0.11065395520953478,0.18000949154171475,0.3652291186082276,0.5953689686658977,0.47588307381776235,0.7753784602076125,1.0000000000000002,1.0000000000000002,0.16129382076218662,0.37635224844510207,0.5517045746231904,0.6156362588760399,0.5517045746231904,0.6156362588760399,0.5517045746231904,0.61563625887604,0.22462153979238778,0.5241169261822378,0.22462153979238772,0.5241169261822376,0.22462153979238755,0.5241169261822376
D,12,SmartAspirationNegotiator,BoulwareTBNegotiator,0.575,0.5006406152531231,40,9.3,4.0837388600304845,40,0.13189338235294118,0.11410458082650597,40,0.4438214869281046,0.3856939341991152,40,0.5757148692810458,0.49979851502562134,40,1.0000000000000002,0.0,40,0.30466610588413023,0.3588899451684803,40,0.5969831249040591,0.10437555864483486,40,0.5969831249040591,0.10437555864483486,40,0.5969831249040591,0.10437555864483486,40,0.42428513071895446,0.4997985150256213,40,0.4242851307189544,0.49979851502562106,40,0.4242851307189543,0.4997985150256213,40,0.15515013407201458,1.2655637843695164,0.035361375953312624,0.11952778855447084,0.15488916450778353,0.0,0.11122114629440329,0.03234632074227527,0.03234632074227527,0.03234632074227527,0.1548891645077835,0.15488916450778345,0.1548891645077835,0.425,0.725,7.975,10.45,0.09770581026528258,0.16608095444059978,0.32826136582083815,0.559381608035371,0.4259671760861208,0.7254625624759707,1.0000000000000002,1.0000000000000002,0.1971368920426725,0.412195319725588,0.5657105247199742,0.6282557250881442,0.5657105247199742,0.6282557250881442,0.5657105247199742,0.6282557250881442,0.2745374375240294,0.5740328239138796,0.27453743752402937,0.5740328239138794,0.2745374375240292,0.5740328239138794
D,12,SmartAspirationNegotiator,ConcederTBNegotiator,0.75,0.43852900965351455,40,6.7,2.5640512815384513,40,0.6497200595924644,0.3794030419207708,40,0.10070045174932721,0.058388342043688125,40,0.7504205113417916,0.4377913839644588,40,1.0000000000000002,0.0,40,0.17921535640242955,0.3143645310314364,40,0.4738431818968244,0.14209406632420238,40,0.4738431818968244,0.14209406632420238,40,0.4738431818968244,0.14209406632420238,40,0.24957948865820861,0.4377913839644589,40,0.24957948865820856,0.43779138396445877,40,0.2495794886582084,0.4377913839644589,40,0.1359015480751811,0.7946077245392444,0.1175782208392661,0.01809473466658446,0.1356729555058505,0.0,0.09742257749574201,0.0440354073747919,0.0440354073747919,0.0440354073747919,0.13567295550585054,0.1356729555058505,0.13567295550585054,0.6,0.875,5.85,7.4,0.5415735534409842,0.7578665657439447,0.08072856593617841,0.11734368992695118,0.6256307670126875,0.8752102556708958,1.0000000000000002,1.0000000000000002,0.08960767820121478,0.2688230346036443,0.4333401412780088,0.5143462225156401,0.4333401412780088,0.5143462225156401,0.4333401412780087,0.5224468306394032,0.12478974432910442,0.37436923298731284,0.12478974432910439,0.37436923298731273,0.12478974432910421,0.3743692329873126
D,12,SmartAspirationNegotiator,GeniusBOABaselineNegotiator,0.575,0.5006406152531231,40,9.3,4.0837388600304845,40,0.13377246732026143,0.11574066126850965,40,0.4419424019607844,0.38405785375711154,40,0.5757148692810458,0.49979851502562134,40,1.0000000000000002,0.0,40,0.3046661058841303,0.3588899451684803,40,0.5943256974584235,0.10668932579504982,40,0.5943256974584235,0.10668932579504982,40,0.5943256974584235,0.10668932579504982,40,0.42428513071895446,0.4997985150256213,40,0.4242851307189544,0.49979851502562106,40,0.4242851307189543,0.4997985150256213,40,0.15515013407201458,1.2655637843695164,0.03586840253524732,0.11902076197253617,0.15488916450778353,0.0,0.11122114629440329,0.03306336461093098,0.03306336461093098,0.03306336461093098,0.1548891645077835,0.15488916450778345,0.1548891645077835,0.425,0.725,8.025,10.55,0.09909469915417146,0.16845023548635144,0.3268724769319492,0.5570123269896193,0.42596717608612067,0.7254625624759707,1.0000000000000002,1.0000000000000002,0.1971368920426725,0.412195319725588,0.5623598553319986,0.6262915395848483,0.5623598553319986,0.6262915395848483,0.5623598553319986,0.6262915395848483,0.2745374375240294,0.5746567726355216,0.27453743752402937,0.5740328239138794,0.2745374375240292,0.5740328239138794
D,12,SmartAspirationNegotiator,LinearTBNegotiator,0.7,0.46409548089225705,40,8.125,3.3450115940161647,40,0.4829320453671665,0.31962323572311085,40,0.2175725682429835,0.14369161551558854,40,0.7005046136101499,0.46331485123869937,40,1.0000000000000002,0.0,40,0.21505842768291544,0.3326921480514512,40,0.315347428674733,0.2662011878464489,40,0.315347428674733,0.2662011878464489,40,0.315347428674733,0.2662011878464489,40,0.2994953863898503,0.46331485123869937,40,0.29949538638985024,0.46331485123869925,40,0.29949538638985007,0.46331485123869937,40,0.14382467959824716,1.0366298328026307,0.09905226696379668,0.04453049299844807,0.14358275996224473,0.0,0.10310236485466043,0.08249660280483695,0.08249660280483695,0.08249660280483695,0.14358275996224473,0.1435827599622447,0.14358275996224473,0.55,0.85,7.05,9.125,0.37962682622068433,0.5862372645136487,0.17113009419454056,0.26401504229142636,0.550756920415225,0.8259183066608964,1.0000000000000002,1.0000000000000002,0.10752921384145772,0.3225876415243732,0.2436485006506285,0.4013861423036584,0.24364850065062846,0.4013861423036584,0.2436485006506285,0.3870463566988375,0.14974769319492526,0.4492430795847753,0.17408169333910162,0.44924307958477516,0.14974769319492504,0.4492430795847751
D,12,SmartAspirationNegotiator,SmartAspirationNegotiator,0.575,0.5006406152531231,40,9.3,4.0837388600304845,40,0.17699142156862746,0.15337051143459407,40,0.3987234477124183,0.3464280035910272,40,0.5757148692810458,0.49979851502562134,40,1.0000000000000002,0.0,40,0.30466610588413023,0.3588899451684803,40,0.5332048662088019,0.15990597024999384,40,0.5332048662088019,0.15990597024999384,40,0.5332048662088019,0.15990597024999384,40,0.42428513071895446,0.4997985150256213,40,0.4242851307189544,0.49979851502562106,40,0.4242851307189543,0.4997985150256213,40,0.15515013407201458,1.2655637843695164,0.047530013919745144,0.10735915058803835,0.15488916450778353,0.0,0.11122114629440329,0.04955537359001229,0.04955537359001229,0.04955537359001229,0.1548891645077835,0.15488916450778345,0.1548891645077835,0.425,0.725,7.974375000000001,10.45,0.13103914359861593,0.222943699538639,0.29492803248750477,0.5025188629373318,0.42596717608612067,0.7254625624759707,1.0000000000000002,1.0000000000000002,0.1971368920426725,0.412195319725588,0.485294459408563,0.581115273009041,0.485294459408563,0.581115273009041,0.485294459408563,0.581115273009041,0.2745374375240294,0.5740328239138796,0.27453743752402937,0.5740328239138794,0.27453743752402926,0.5740328239138794
D,24,BoulwareTBNegotiator,BoulwareTBNegotiator,0.175,0.38480764425479264,40,11.95,8.24916468187646,40,0.05044874567474048,0.10908246297755164,40,0.06874939926951174,0.14932378525256265,40,0.11919814494425221,0.2584062482301143,40,1.0000000000000002,0.0,40,0.6328168527683069,0.1848056805000217,40,0.6447473984748464,0.1585715937114068,40,0.6447473984748464,0.1585715937114068,40,0.6447473984748464,0.1585715937114068,40,0.8808018550557482,0.2584062482301144,40,0.8808018550557479,0.2584062482301143,40,0.8808018550557477,0.2584062482301144,40,0.11925312445511727,2.5564426204776964,0.03380500550742547,0.04627592048312402,0.0800809259905495,0.0,0.057271873741908494,0.04914184601642608,0.04914184601642608,0.04914184601642608,0.08008092599054951,0.0800809259905495,0.08008092599054951,0.075,0.3,9.325,14.275624999999996,0.022101475394079195,0.08588283352556708,0.029944612648981163,0.11725538254517494,0.05204608804306036,0.20313821607074206,1.0000000000000002,1.0000000000000002,0.5727850150244418,0.6808423229633991,0.5932373790927953,0.6859554139804874,0.5932373790927953,0.6859554139804874,0.5932373790927953,0.6859554139804874,0.7968617839292582,0.94837361231257,0.796861783929258,0.9479539119569396,0.796861783929258,0.9479539119569396
D,24,BoulwareTBNegotiator,ConcederTBNegotiator,0.375,0.49029033784546006,40,9.725,5.791184724460144,40,0.3277315215301807,0.42739000831458457,40,0.04831975682429836,0.06207563893953599,40,0.37605127835447905,0.4894656472541207,40,1.0000000000000002,0.0,40,0.44803839100607384,0.35147023055056686,40,0.59881851346497,0.15433413140189478,40,0.59881851346497,0.15433413140189478,40,0.59881851346497,0.15433413140189478,40,0.6239487216455213,0.4894656472541207,40,0.6239487216455211,0.48946564725412056,40,0.623948721645521,0.4894656472541207,40,0.15194254987178032,1.794706739846731,0.1324495357962941,0.019237439813398954,0.15168697560969308,0.0,0.10892175291186015,0.04782864284150289,0.04782864284150289,0.04782864284150289,0.15168697560969308,0.15168697560969305,0.15168697560969308,0.225,0.525,7.925,11.4,0.19697532199154172,0.45848772106881974,0.029328263168012302,0.0673112504805844,0.226303585159554,0.5257989715494041,1.0000000000000002,1.0000000000000002,0.34050917716461615,0.5555676048475316,0.5516013486070708,0.6460356783228693,0.5516013486070708,0.6460356783228693,0.5516013486070708,0.6460356783228693,0.47420102845059614,0.7736964148404463,0.4742010284505961,0.773696414840446,0.474201028450596,0.773696414840446
D,24,BoulwareTBNegotiator,GeniusBOABaselineNegotiator,0.175,0.38480764425479264,40,11.95,8.24916468187646,40,0.05044874567474048,0.10908246297755164,40,0.06874939926951174,0.14932378525256265,40,0.11919814494425221,0.2584062482301143,40,1.0000000000000002,0.0,40,0.6328168527683069,0.1848056805000217,40,0.6447473984748464,0.1585715937114068,40,0.6447473984748464,0.1585715937114068,40,0.6447473984748464,0.1585715937114068,40,0.8808018550557482,0.2584062482301144,40,0.8808018550557479,0.2584062482301143,40,0.8808018550557477,0.2584062482301144,40,0.11925312445511727,2.5564426204776964,0.03380500550742547,0.04627592048312402,0.0800809259905495,0.0,0.057271873741908494,0.04914184601642608,0.04914184601642608,0.04914184601642608,0.08008092599054951,0.0800809259905495,0.08008092599054951,0.075,0.3,9.599375,14.475,0.022101475394079195,0.08588283352556708,0.020243415993848525,0.11725538254517494,0.052046088043060344,0.20313821607074206,1.0000000000000002,1.0000000000000002,0.5727850150244418,0.6811424821521168,0.5932373790927953,0.6859554139804874,0.5932373790927953,0.6859554139804874,0.5932373790927953,0.6859554139804874,0.7968617839292582,0.9479539119569399,0.796861783929258,0.9479539119569396,0.796861783929258,0.9479539119569396
D,24,BoulwareTBNegotiator,LinearTBNegotiator,0.275,0.45220258677630265,40,11.1,7.196152818320035,40,0.18394307477893118,0.3010880785511479,40,0.09227640811226452,0.150353882959047,40,0.2762194828911957,0.4514419615101949,40,1.0000000000000002,0.0,40,0.5197245335670457,0.32416659102086265,40,0.5502271790299949,0.2740088630868043,40,0.5502271790299949,0.2740088630868043,40,0.5502271790299949,0.2740088630868043,40,0.7237805171088045,0.45144196151019483,40,0.7237805171088044,0.4514419615101947,40,0.7237805171088043,0.45144196151019483,40,0.14013903352723936,2.230110863060055,0.09330816224544107,0.04659515106969462,0.1399033133151357,0.0,0.1004602673579049,0.08491622642989864,0.08491622642989864,0.08491622642989864,0.13990331331513567,0.13990331331513564,0.13990331331513567,0.15,0.4006249999999966,8.875,13.35,0.10071486928104574,0.2838169213763937,0.05071486928104575,0.14215025470972703,0.12647178969627065,0.4259671760861208,1.0000000000000002,1.0000000000000002,0.412195319725588,0.6093322117682606,0.4593357718046912,0.6259700183844146,0.47448433967557513,0.6259700183844146,0.4593357718046912,0.6259700183844146,0.5740328239138796,0.8485702614379088,0.5740328239138794,0.8485702614379086,0.5740328239138794,0.8485702614379086
D,24,BoulwareTBNegotiator,SmartAspirationNegotiator,0.175,0.38480764425479264,40,11.95,8.24916468187646,40,0.11278534698193003,0.24615446697680787,40,0.06360234044598231,0.13800591336271578,40,0.17638768742791233,0.38416038033952365,40,1.0000000000000002,0.0,40,0.5914106761280176,0.27585375644600796,40,0.6043511923850262,0.24739884458143438,40,0.6043511923850262,0.24739884458143438,40,0.6043511923850262,0.24739884458143438,40,0.823612312572088,0.3841603803395237,40,0.8236123125720877,0.38416038033952365,40,0.8236123125720877,0.3841603803395237,40,0.11925312445511727,2.5564426204776964,0.07628405964339863,0.042768475646208795,0.11905253528960742,0.0,0.08548796480530851,0.0766696962583912,0.0766696962583912,0.0766696962583912,0.11905253528960744,0.11905253528960742,0.11905253528960744,0.075,0.3,9.35,14.45,0.048817161668589,0.19274557862360633,0.02773873029603998,0.10843185313341022,0.07655589196462897,0.3011774317570165,1.0000000000000002,1.0000000000000002,0.5018029979268027,0.6630968186889894,0.5239867400816749,0.6686427542277075,0.5239867400816749,0.6686427542277074,0.5239867400816749,0.6686427542277075,0.6988225682429837,0.9234441080353711,0.6988225682429835,0.9234441080353711,0.6988225682429835,0.9234441080353711
D,24,ConcederTBNegotiator,BoulwareTBNegotiator,0.375,0.49029033784546006,40,9.725,5.791184724460144,40,0.04586877643214149,0.058871126927474156,40,0.33018250192233756,0.4305945203266464,40,0.37605127835447905,0.4894656472541207,40,1.0000000000000002,0.0,40,0.44803839100607384,0.35147023055056686,40,0.6958723853925355,0.02744192965102536,40,0.6958723853925355,0.02744192965102536,40,0.6958723853925355,0.02744192965102536,40,0.6239487216455213,0.4894656472541207,40,0.6239487216455211,0.48946564725412056,40,0.623948721645521,0.4894656472541207,40,0.15194254987178032,1.794706739846731,0.018244351252145484,0.13344262435754756,0.15168697560969308,0.0,0.10892175291186015,0.008504342106560274,0.008504342106560274,0.008504342106560274,0.15168697560969308,0.15168697560969305,0.15168697560969308,0.225,0.525,7.9,11.525,0.02785767493271819,0.06387987793156479,0.19844591022683583,0.46191909361783934,0.226303585159554,0.5257989715494041,1.0000000000000002,1.0000000000000002,0.34050917716461615,0.5555676048475316,0.6874767693056623,0.7042680014794085,0.6874767693056623,0.7042680014794086,0.6874767693056623,0.7042680014794085,0.47420102845059614,0.7736964148404463,0.4742010284505961,0.773696414840446,0.44924307958477516,0.773696414840446
D,24,ConcederTBNegotiator,ConcederTBNegotiator,0.725,0.4522025867763026,40,4.0,1.7686732677928756,40,0.24189794790465208,0.150353882959047,40,0.24663650999615533,0.1533094554216372,40,0.4885344579008074,0.3036633383806842,40,1.0000000000000002,0.0,40,0.3859672536472369,0.20638786277329207,40,0.38915100579799583,0.20440206834815025,40,0.38915100579799583,0.20440206834815025,40,0.38915100579799583,0.20440206834815025,40,0.5114655420991928,0.30366333838068427,40,0.5114655420991927,0.30366333838068416,40,0.5114655420991926,0.30366333838068427,40,0.14013903352723933,0.5481175243620847,0.04659515106969462,0.04751109246529748,0.0941062435349921,0.0,0.06396026132223209,0.06334485725409744,0.06334485725409744,0.06334485725409744,0.09410624353499211,0.0941062435349921,0.09410624353499211,0.575,0.85,3.425,4.525,0.20033640907343334,0.2834594867358709,0.1957822712418301,0.28901504229142644,0.3878063725490197,0.5724745290272972,1.0000000000000002,1.0000000000000002,0.32891653434336077,0.4544281168118882,0.3326492092787333,0.4569531616211108,0.3326492092787333,0.45695316162111077,0.3326492092787333,0.4569531616211108,0.42752547097270294,0.6121936274509806,0.42752547097270294,0.6121936274509805,0.42752547097270277,0.6121936274509803
D,24,ConcederTBNegotiator,GeniusBOABaselineNegotiator,0.375,0.49029033784546006,40,9.725,5.791184724460144,40,0.04586877643214149,0.058871126927474156,40,0.33018250192233756,0.4305945203266464,40,0.37605127835447905,0.4894656472541207,40,1.0000000000000002,0.0,40,0.44803839100607384,0.35147023055056686,40,0.6958723853925355,0.02744192965102536,40,0.6958723853925355,0.02744192965102536,40,0.6958723853925355,0.02744192965102536,40,0.6239487216455213,0.4894656472541207,40,0.6239487216455211,0.48946564725412056,40,0.623948721645521,0.4894656472541207,40,0.15194254987178032,1.794706739846731,0.018244351252145484,0.13344262435754756,0.15168697560969308,0.0,0.10892175291186015,0.008504342106560274,0.008504342106560274,0.008504342106560274,0.15168697560969308,0.15168697560969305,0.15168697560969308,0.225,0.525,7.875,11.45,0.02785767493271819,0.06387987793156479,0.19844591022683583,0.46191909361783934,0.226303585159554,0.5257989715494041,1.0000000000000002,1.0000000000000002,0.34050917716461615,0.5555676048475316,0.6874767693056623,0.7042680014794086,0.6874767693056623,0.7042680014794086,0.6874767693056623,0.7042680014794086,0.47420102845059614,0.7736964148404463,0.4742010284505961,0.7493624146962673,0.474201028450596,0.773696414840446
D,24,ConcederTBNegotiator,LinearTBNegotiator,0.65,0.48304589153964794,40,6.05,3.0377960972068423,40,0.1808499134948097,0.13377316176457238,40,0.4697388023836987,0.34846022467108256,40,0.6505887158785082,0.4822333864356549,40,1.0000000000000002,0.0,40,0.2509014989634014,0.3462769664440294,40,0.5362860985599329,0.13419410745358012,40,0.5362860985599329,0.13419410745358012,40,0.5362860985599329,0.13419410745358012,40,0.34941128412149197,0.4822333864356549,40,0.3494112841214919,0.48223338643565483,40,0.34941128412149175,0.4822333864356549,40,0.14969747270189077,0.9414227639657009,0.04145673233586341,0.10798894242559264,0.149445674761456,0.0,0.10731234369124931,0.041587184756415756,0.041587184756415756,0.041587184756415756,0.149445674761456,0.149445674761456,0.149445674761456,0.5,0.8,5.125,6.9,0.1393094002306805,0.22239042675893889,0.3615316224529028,0.5779459823144946,0.5008410226835832,0.8003364090734333,1.0000000000000002,1.0000000000000002,0.1608457823711813,0.3584307128048591,0.4946148692407516,0.577957327879114,0.4946148692407516,0.577957327879114,0.4946148692407516,0.577957327879114,0.22462153979238778,0.499158977316417,0.19966359092656688,0.49915897731641684,0.19966359092656671,0.49915897731641684
D,24,ConcederTBNegotiator,SmartAspirationNegotiator,0.375,0.49029033784546006,40,9.725,5.791184724460144,40,0.04586877643214149,0.058871126927474156,40,0.33018250192233756,0.4305945203266464,40,0.37605127835447905,0.4894656472541207,40,1.0000000000000002,0.0,40,0.44803839100607384,0.35147023055056686,40,0.6958723853925355,0.02744192965102536,40,0.6958723853925355,0.02744192965102536,40,0.6958723853925355,0.02744192965102536,40,0.6239487216455213,0.4894656472541207,40,0.6239487216455211,0.48946564725412056,40,0.623948721645521,0.4894656472541207,40,0.15194254987178032,1.794706739846731,0.018244351252145484,0.13344262435754756,0.15168697560969308,0.0,0.10892175291186015,0.008504342106560274,0.008504342106560274,0.008504342106560274,0.15168697560969308,0.15168697560969305,0.15168697560969308,0.225,0.525,7.9,11.475,0.030859525182622072,0.0638798779315648,0.19844591022683583,0.46191909361783934,0.226303585159554,0.5257989715494041,1.0000000000000002,1.0000000000000002,0.34050917716461615,0.5555676048475316,0.6874767693056623,0.7042680014794086,0.6874767693056623,0.7042680014794085,0.6874767693056623,0.7042680014794085,0.47420102845059614,0.7736964148404462,0.4742010284505961,0.773696414840446,0.474201028450596,0.773696414840446
D,24,GeniusBOABaselineNegotiator,BoulwareTBNegotiator,0.175,0.38480764425479264,40,11.95,8.24916468187646,40,0.05044874567474048,0.10908246297755164,40,0.06874939926951174,0.14932378525256265,40,0.11919814494425221,0.2584062482301143,40,1.0000000000000002,0.0,40,0.6328168527683069,0.1848056805000217,40,0.6447473984748464,0.1585715937114068,40,0.6447473984748464,0.1585715937114068,40,0.6447473984748464,0.1585715937114068,40,0.8808018550557482,0.2584062482301144,40,0.8808018550557479,0.2584062482301143,40,0.8808018550557477,0.2584062482301144,40,0.11925312445511727,2.5564426204776964,0.03380500550742547,0.04627592048312402,0.0800809259905495,0.0,0.057271873741908494,0.04914184601642608,0.04914184601642608,0.04914184601642608,0.08008092599054951,0.0800809259905495,0.08008092599054951,0.075,0.3,9.5,14.326874999999989,0.022101475394079192,0.08588283352556707,0.029944612648981163,0.11725538254517494,0.05204608804306036,0.20313821607074206,1.0000000000000002,1.0000000000000002,0.5727850150244418,0.6811424821521168,0.5932373790927953,0.6859554139804874,0.5932373790927953,0.6859554139804874,0.5932373790927953,0.6859554139804874,0.7968617839292582,0.9479539119569399,0.796861783929258,0.9479539119569396,0.796861783929258,0.9479539119569396
D,24,GeniusBOABaselineNegotiator,ConcederTBNegotiator,0.375,0.49029033784546006,40,9.725,5.791184724460144,40,0.3265060313341023,0.42578775230855376,40,0.04954524702037679,0.0636778949455669,40,0.37605127835447905,0.4894656472541207,40,1.0000000000000002,0.0,40,0.44803839100607384,0.35147023055056686,40,0.5970854086091206,0.15660006357601747,40,0.5970854086091206,0.15660006357601747,40,0.5970854086091206,0.15660006357601747,40,0.6239487216455213,0.4894656472541207,40,0.6239487216455211,0.48946564725412056,40,0.623948721645521,0.4894656472541207,40,0.15194254987178032,1.794706739846731,0.1319529915156674,0.019733984094025686,0.15168697560969308,0.0,0.10892175291186015,0.04853086249748401,0.04853086249748401,0.04853086249748401,0.15168697560969308,0.15168697560969305,0.15168697560969308,0.225,0.525,8.0,11.425,0.19624002787389466,0.45677203479430994,0.03322933186755109,0.06902693675509422,0.226303585159554,0.5257989715494041,1.0000000000000002,1.0000000000000002,0.34050917716461615,0.5555676048475316,0.5491750018088817,0.6449958154093597,0.5491750018088817,0.6449958154093597,0.5491750018088817,0.6449958154093597,0.47420102845059614,0.7736964148404463,0.4742010284505961,0.773696414840446,0.474201028450596,0.773696414840446
D,24,GeniusBOABaselineNegotiator,GeniusBOABaselineNegotiator,0.175,0.38480764425479264,40,11.95,8.24916468187646,40,0.05044874567474048,0.10908246297755164,40,0.06874939926951174,0.14932378525256265,40,0.11919814494425221,0.2584062482301143,40,1.0000000000000002,0.0,40,0.6328168527683069,0.1848056805000217,40,0.6447473984748464,0.1585715937114068,40,0.6447473984748464,0.1585715937114068,40,0.6447473984748464,0.1585715937114068,40,0.8808018550557482,0.2584062482301144,40,0.8808018550557479,0.2584062482301143,40,0.8808018550557477,0.2584062482301144,40,0.11925312445511727,2.5564426204776964,0.03380500550742547,0.04627592048312402,0.0800809259905495,0.0,0.057271873741908494,0.04914184601642608,0.04914184601642608,0.04914184601642608,0.08008092599054951,0.0800809259905495,0.08008092599054951,0.075,0.3,9.399375000000001,14.475,0.022101475394079192,0.08588283352556707,0.029944612648981163,0.11725538254517494,0.05204608804306036,0.20313821607074206,1.0000000000000002,1.0000000000000002,0.5727850150244418,0.6808423229633991,0.5932373790927953,0.6859554139804874,0.5932373790927953,0.6859554139804874,0.5932373790927953,0.6859554139804874,0.7968617839292582,0.9479539119569399,0.796861783929258,0.9479539119569396,0.796861783929258,0.9479539119569396
D,24,GeniusBOABaselineNegotiator,LinearTBNegotiator,0.275,0.45220258677630265,40,11.1,7.196152818320035,40,0.18394307477893118,0.3010880785511479,40,0.09227640811226452,0.150353882959047,40,0.2762194828911957,0.4514419615101949,40,1.0000000000000002,0.0,40,0.5197245335670457,0.32416659102086265,40,0.5502271790299949,0.2740088630868043,40,0.5502271790299949,0.2740088630868043,40,0.5502271790299949,0.2740088630868043,40,0.7237805171088045,0.45144196151019483,40,0.7237805171088044,0.4514419615101947,40,0.7237805171088043,0.45144196151019483,40,0.14013903352723936,2.230110863060055,0.09330816224544107,0.04659515106969462,0.1399033133151357,0.0,0.1004602673579049,0.08491622642989864,0.08491622642989864,0.08491622642989864,0.13990331331513567,0.13990331331513564,0.13990331331513567,0.15,0.425,8.9,13.3,0.10071486928104574,0.2838169213763937,0.05071486928104575,0.14215025470972703,0.15142973856209146,0.4259671760861208,1.0000000000000002,1.0000000000000002,0.412195319725588,0.6093322117682606,0.4593357718046912,0.6259700183844146,0.4593357718046912,0.6259700183844146,0.4593357718046912,0.6259700183844146,0.5740328239138796,0.8485702614379086,0.5740328239138794,0.8485702614379086,0.5740328239138794,0.8485702614379086
D,24,GeniusBOABaselineNegotiator,SmartAspirationNegotiator,0.175,0.38480764425479264,40,11.95,8.24916468187646,40,0.11335724240676663,0.24741200829790194,40,0.06303044502114571,0.1367483720416217,40,0.17638768742791233,0.38416038033952365,40,1.0000000000000002,0.0,40,0.5914106761280176,0.27585375644600796,40,0.6051599746510893,0.24562041258989856,40,0.6051599746510893,0.24562041258989856,40,0.6051599746510893,0.24562041258989856,40,0.823612312572088,0.3841603803395237,40,0.8236123125720877,0.38416038033952365,40,0.8236123125720877,0.3841603803395237,40,0.11925312445511727,2.5564426204776964,0.0766737757363892,0.04237875955321822,0.11905253528960742,0.0,0.08548796480530851,0.07611855447420887,0.07611855447420887,0.07611855447420887,0.11905253528960744,0.11905253528960742,0.11905253528960744,0.05,0.3,9.475,14.576249999999993,0.04906225970780469,0.19372597078046905,0.018609429065743945,0.10745146097654748,0.07655589196462897,0.30117743175701656,1.0000000000000002,1.0000000000000002,0.5018029979268027,0.6630968186889894,0.5253732239663543,0.6689893751988774,0.5253732239663543,0.6689893751988774,0.5253732239663543,0.6689893751988774,0.6988225682429837,0.9234441080353711,0.6988225682429835,0.9234441080353711,0.6988225682429835,0.9234441080353711
D,24,LinearTBNegotiator,BoulwareTBNegotiator,0.275,0.45220258677630265,40,11.1,7.196152818320035,40,0.0743025519031142,0.12079815833314486,40,0.20191693098808156,0.33064380317705,40,0.2762194828911957,0.4514419615101949,40,1.0000000000000002,0.0,40,0.5197245335670457,0.32416659102086265,40,0.6442770025407546,0.11935586862345779,40,0.6442770025407546,0.11935586862345779,40,0.6442770025407546,0.11935586862345779,40,0.7237805171088045,0.45144196151019483,40,0.7237805171088044,0.4514419615101947,40,0.7237805171088043,0.45144196151019483,40,0.14013903352723936,2.230110863060055,0.0374357371136659,0.10246757620146979,0.1399033133151357,0.0,0.1004602673579049,0.03698876690187935,0.03698876690187935,0.03698876690187935,0.13990331331513567,0.13990331331513564,0.13990331331513567,0.15,0.425,8.625,13.25,0.0409109477124183,0.11437247693194927,0.1105187908496732,0.3115946991541715,0.12647178969627068,0.4259671760861208,1.0000000000000002,1.0000000000000002,0.412195319725588,0.6093322117682606,0.6046854990485926,0.6772699221175562,0.6046854990485926,0.6772699221175562,0.6112840829639529,0.6772699221175562,0.5740328239138796,0.8485702614379088,0.5989907727797001,0.8485702614379086,0.5740328239138794,0.8485702614379086
D,24,LinearTBNegotiator,ConcederTBNegotiator,0.7,0.4640954808922571,40,5.4,2.6194538479496945,40,0.5058078623606306,0.33478975470651795,40,0.1946967512495194,0.12852509653218144,40,0.7005046136101499,0.4633148512386994,40,1.0000000000000002,0.0,40,0.21505842768291544,0.3326921480514512,40,0.3476987193172548,0.24475249100612553,40,0.3476987193172548,0.24475249100612553,40,0.3476987193172548,0.24475249100612553,40,0.2994953863898503,0.4633148512386994,40,0.29949538638985024,0.4633148512386993,40,0.29949538638985007,0.4633148512386994,40,0.14382467959824718,0.8117771577509149,0.10375241989184397,0.03983034007040078,0.14358275996224476,0.0,0.10310236485466043,0.07584958278876483,0.07584958278876483,0.07584958278876483,0.14358275996224476,0.14358275996224473,0.14358275996224476,0.55,0.85,4.55,6.175,0.4151843491685899,0.5959805123029606,0.15315623798539021,0.23623726451364863,0.550756920415225,0.8259183066608964,1.0000000000000002,1.0000000000000002,0.12545074948170068,0.32258764152437325,0.2817768074793149,0.42680501352278266,0.2817768074793149,0.41362063115519476,0.2817768074793149,0.42680501352278266,0.17408169333910165,0.4492430795847753,0.17470564206074604,0.4242851307189544,0.17470564206074587,0.4492430795847751
D,24,LinearTBNegotiator,GeniusBOABaselineNegotiator,0.275,0.45220258677630265,40,11.1,7.196152818320035,40,0.0743025519031142,0.12079815833314486,40,0.20191693098808156,0.33064380317705,40,0.2762194828911957,0.4514419615101949,40,1.0000000000000002,0.0,40,0.5197245335670457,0.32416659102086265,40,0.6442770025407546,0.11935586862345779,40,0.6442770025407546,0.11935586862345779,40,0.6442770025407546,0.11935586862345779,40,0.7237805171088045,0.45144196151019483,40,0.7237805171088044,0.4514419615101947,40,0.7237805171088043,0.45144196151019483,40,0.14013903352723936,2.230110863060055,0.0374357371136659,0.10246757620146979,0.1399033133151357,0.0,0.1004602673579049,0.03698876690187935,0.03698876690187935,0.03698876690187935,0.13990331331513567,0.13990331331513564,0.13990331331513567,0.15,0.425,9.099375,13.325,0.0409109477124183,0.1076941560938101,0.1105187908496732,0.3115946991541715,0.15142973856209146,0.4259671760861208,1.0000000000000002,1.0000000000000002,0.4301168553658309,0.6093322117682606,0.6046854990485926,0.6772699221175562,0.6112840829639529,0.6772699221175562,0.6046854990485926,0.6772699221175562,0.5740328239138796,0.8485702614379088,0.5740328239138794,0.8485702614379086,0.5740328239138794,0.8485702614379086
D,24,LinearTBNegotiator,LinearTBNegotiator,0.375,0.49029033784546006,40,10.475,6.527996904850951,40,0.12184916858900423,0.1582109993013909,40,0.13165309015763169,0.17102904734963822,40,0.2535022587466359,0.32924004665102913,40,1.0000000000000002,0.0,40,0.5434221592525936,0.2267615906610755,40,0.549997407770542,0.21816484181498827,40,0.549997407770542,0.21816484181498827,40,0.549997407770542,0.21816484181498827,40,0.7464977412533643,0.32924004665102913,40,0.7464977412533641,0.329240046651029,40,0.7464977412533641,0.32924004665102913,40,0.15194254987178032,2.0230472002301316,0.04903009665100294,0.05300245089601681,0.10203254754701974,0.0,0.07027414500851303,0.06760998493955915,0.06760998493955915,0.06760998493955915,0.10203254754701974,0.10203254754701971,0.10203254754701974,0.225,0.55,8.549375000000001,12.425,0.07344591022683583,0.17025242695117265,0.07932826316801231,0.18397791714725106,0.15277417339484814,0.3542303440984237,1.0000000000000002,1.0000000000000002,0.4740464527097439,0.6127978657954436,0.4832518006348715,0.6167430149062125,0.4832518006348715,0.6167430149062125,0.4832518006348715,0.6167430149062125,0.6457696559015765,0.8472258266051522,0.6457696559015764,0.8472258266051519,0.6457696559015762,0.8472258266051519
D,24,LinearTBNegotiator,SmartAspirationNegotiator,0.275,0.45220258677630265,40,11.1,7.196152818320035,40,0.06711300941945406,0.10897586848278401,40,0.20910647347174166,0.3424660930274108,40,0.2762194828911957,0.4514419615101949,40,1.0000000000000002,0.0,40,0.5197245335670457,0.32416659102086254,40,0.6544445510284043,0.10263662597877174,40,0.6544445510284043,0.10263662597877174,40,0.6544445510284043,0.10263662597877174,40,0.7237805171088045,0.45144196151019483,40,0.7237805171088044,0.4514419615101947,40,0.7237805171088043,0.45144196151019483,40,0.14013903352723936,2.230110863060055,0.03377197153125441,0.10613134178388127,0.1399033133151357,0.0,0.10046026735790488,0.03180741992587728,0.03180741992587728,0.03180741992587728,0.13990331331513567,0.13990331331513564,0.13990331331513567,0.15,0.4006249999999966,8.9,13.300624999999997,0.030964653018069978,0.10326136582083816,0.0955071366782007,0.32270581026528256,0.15142973856209146,0.4259671760861208,1.0000000000000002,1.0000000000000002,0.41219531972558804,0.6093322117682606,0.6203989830749603,0.6828158576562743,0.6203989830749602,0.6828158576562743,0.6203989830749602,0.6828158576562743,0.5740328239138796,0.8485702614379088,0.5740328239138794,0.8485702614379086,0.5740328239138794,0.8485702614379086
D,24,SmartAspirationNegotiator,BoulwareTBNegotiator,0.35,0.4830458915396479,40,13.775,7.895105591927969,40,0.12636365820838139,0.17323769538709258,40,0.22472967128027682,0.30899569104856234,40,0.3510933294886582,0.48223338643565483,40,1.0000000000000002,0.0,40,0.4659599266463168,0.3462769664440294,40,0.579189443895143,0.19000538613527734,40,0.579189443895143,0.19000538613527734,40,0.579189443895143,0.19000538613527734,40,0.648906670511342,0.48223338643565494,40,0.648906670511342,0.48223338643565483,40,0.6489066705113419,0.48223338643565494,40,0.14969747270189074,2.4467185717263775,0.05368691801412244,0.09575875674733358,0.149445674761456,0.0,0.10731234369124931,0.05888327921295091,0.05888327921295091,0.05888327921295091,0.14944567476145604,0.149445674761456,0.14944567476145604,0.2,0.5,11.274375000000001,16.125,0.0725682429834679,0.18015907343329488,0.1287773933102653,0.32068194925028837,0.20134563629373314,0.5008410226835832,1.0000000000000002,1.0000000000000002,0.3584307128048591,0.5734891404877746,0.5201871660174681,0.6381917217728181,0.5201871660174681,0.6381917217728181,0.520187166017468,0.6381917217728181,0.499158977316417,0.7986543637062671,0.49915897731641684,0.7986543637062669,0.49915897731641684,0.7986543637062669
D,24,SmartAspirationNegotiator,ConcederTBNegotiator,0.525,0.505736325340815,40,11.45,5.706271853105008,40,0.46191909361783934,0.444159865313376,40,0.06387987793156479,0.06072578858439189,40,0.525798971549404,0.5048856538977677,40,1.0000000000000002,0.0,40,0.34050917716461615,0.36254286316643697,40,0.5564540422034491,0.1545216012217558,40,0.5564540422034491,0.1545216012217558,40,0.5564540422034491,0.1545216012217558,40,0.47420102845059614,0.5048856538977677,40,0.4742010284505961,0.5048856538977676,40,0.474201028450596,0.5048856538977677,40,0.15672931098896883,1.7683919683843154,0.13764656832314073,0.018819116854379984,0.15646568517752066,0.0,0.1123531973103811,0.047886740340586514,0.047886740340586514,0.047886740340586514,0.15646568517752066,0.15646568517752063,0.15646568517752066,0.375,0.675,9.75,13.075624999999995,0.33018250192233756,0.6156117839292581,0.04586877643214149,0.08189097943098808,0.3510933294886583,0.6755466647443292,1.0000000000000002,1.0000000000000002,0.2329799633231584,0.44803839100607384,0.5106233612302293,0.6022847231766688,0.5106233612302293,0.6022847231766688,0.5106233612302293,0.6022847231766688,0.32445333525567116,0.6239487216455212,0.32445333525567105,0.623948721645521,0.32445333525567094,0.623948721645521
D,24,SmartAspirationNegotiator,GeniusBOABaselineNegotiator,0.35,0.4830458915396479,40,13.775,7.895105591927969,40,0.12521986735870821,0.1716591140421918,40,0.22587346212995002,0.31057427239346314,40,0.3510933294886582,0.48223338643565483,40,1.0000000000000002,0.0,40,0.4659599266463168,0.3462769664440294,40,0.5808070084272692,0.1877729349880094,40,0.5808070084272692,0.1877729349880094,40,0.5808070084272692,0.1877729349880094,40,0.648906670511342,0.48223338643565494,40,0.648906670511342,0.48223338643565483,40,0.6489066705113419,0.48223338643565494,40,0.14969747270189074,2.4467185717263775,0.05319771058699209,0.09624796417446395,0.149445674761456,0.0,0.10731234369124931,0.05819143543468949,0.05819143543468949,0.05819143543468949,0.14944567476145604,0.149445674761456,0.14944567476145604,0.2,0.5,11.374375,16.275,0.07191464821222608,0.17852508650519033,0.1455047337562476,0.322315936178393,0.20134563629373314,0.5008410226835832,1.0000000000000002,1.0000000000000002,0.3584307128048591,0.5734891404877746,0.5224979724919339,0.6391160443626045,0.5224979724919339,0.6391160443626045,0.5224979724919339,0.6391160443626045,0.499158977316417,0.7986543637062671,0.49915897731641684,0.7986543637062669,0.49915897731641684,0.7986543637062669
D,24,SmartAspirationNegotiator,LinearTBNegotiator,0.375,0.4902903378454601,40,13.075,7.173267681522086,40,0.29586877643214154,0.38573135215778087,40,0.08018250192233757,0.1037342950963398,40,0.37605127835447905,0.4894656472541207,40,1.0000000000000002,0.0,40,0.44803839100607384,0.35147023055056686,40,0.5537577872128862,0.21324836792908405,40,0.5537577872128862,0.21324836792908405,40,0.5537577872128862,0.21324836792908405,40,0.6239487216455213,0.4894656472541207,40,0.6239487216455211,0.48946564725412056,40,0.623948721645521,0.4894656472541207,40,0.15194254987178035,2.223018685689141,0.11953938449999905,0.03214759110969402,0.15168697560969308,0.0,0.10892175291186015,0.06608635389701194,0.06608635389701194,0.06608635389701194,0.15168697560969308,0.15168697560969305,0.15168697560969308,0.225,0.525,10.875,15.125624999999996,0.17785767493271823,0.4138798779315649,0.048445910226835844,0.11191909361783932,0.226303585159554,0.5257989715494041,1.0000000000000002,1.0000000000000002,0.34050917716461615,0.5555676048475316,0.48851633185415333,0.618999242571619,0.48851633185415333,0.618999242571619,0.48851633185415333,0.618999242571619,0.47420102845059614,0.7736964148404463,0.4742010284505961,0.773696414840446,0.474201028450596,0.773696414840446
D,24,SmartAspirationNegotiator,SmartAspirationNegotiator,0.35,0.4830458915396479,40,13.775,7.895105591927969,40,0.12521986735870821,0.1716591140421918,40,0.22587346212995002,0.31057427239346314,40,0.3510933294886582,0.48223338643565483,40,1.0000000000000002,0.0,40,0.4659599266463168,0.3462769664440294,40,0.5808070084272692,0.1877729349880094,40,0.5808070084272692,0.1877729349880094,40,0.5808070084272692,0.1877729349880094,40,0.648906670511342,0.48223338643565494,40,0.648906670511342,0.48223338643565483,40,0.6489066705113419,0.48223338643565494,40,0.14969747270189074,2.4467185717263775,0.05319771058699209,0.09624796417446395,0.149445674761456,0.0,0.10731234369124931,0.05819143543468949,0.05819143543468949,0.05819143543468949,0.14944567476145604,0.149445674761456,0.14944567476145604,0.2,0.5,11.274375000000001,16.225,0.07191464821222608,0.17852508650519033,0.12943098808150713,0.32231593617839294,0.2013456362937332,0.5008410226835833,1.0000000000000002,1.0000000000000002,0.3584307128048591,0.5734891404877746,0.5224979724919339,0.6391160443626045,0.5224979724919339,0.6391160443626045,0.5224979724919339,0.6293978717067154,0.499158977316417,0.7986543637062671,0.49915897731641684,0.7986543637062669,0.49915897731641684,0.7986543637062669
D,36,BoulwareTBNegotiator,BoulwareTBNegotiator,0.05,0.22072142786315224,40,13.125,10.18844871310089,40,0.015995049980776627,0.06689637085827421,40,0.019263023836985776,0.08132260797351291,40,0.0352580738177624,0.14821897883178714,40,1.0000000000000002,0.0,40,0.6932219506363159,0.1043547734012924,40,0.695391867807173,0.09477582907536528,40,0.695391867807173,0.09477582907536528,40,0.695391867807173,0.09477582907536528,40,0.9647419261822379,0.14821897883178714,40,0.9647419261822376,0.1482189788317871,40,0.9647419261822376,0.14821897883178714,40,0.06840227916430705,3.1574329682066007,0.020731400112923033,0.025202137313204538,0.04593353742612757,0.0,0.03233987932856635,0.029371333726878508,0.029371333726878508,0.029371333726878508,0.04593353742612757,0.04593353742612756,0.04593353742612757,0.0,0.125,10.175,16.4,0.0008410226835832372,0.0387260909265667,0.0008410226835832372,0.046896025567089585,0.0016820453671664744,0.08562211649365628,1.0000000000000002,1.0000000000000002,0.6577627381762123,0.7168614256097182,0.6631875311033552,0.7168614256097182,0.6631875311033552,0.7168614256097182,0.6631875311033552,0.7168614256097182,0.914377883506344,0.9983179546328337,0.9143778835063436,0.9983179546328336,0.9143778835063436,0.9983179546328336
D,36,BoulwareTBNegotiator,ConcederTBNegotiator,0.2,0.40509574683346666,40,11.775,8.01437010657283,40,0.17583621683967704,0.35444904434465163,40,0.02550941945405614,0.04996531306459498,40,0.2013456362937332,0.4044143574092466,40,1.0000000000000002,0.0,40,0.5734891404877746,0.29039751458347235,40,0.6548295283889722,0.12564428866067476,40,0.6548295283889722,0.12564428866067476,40,0.6548295283889722,0.12564428866067476,40,0.7986543637062671,0.40441435740924664,40,0.7986543637062669,0.4044143574092465,40,0.7986543637062669,0.40441435740924664,40,0.12554047258318832,2.4836790277369802,0.10984489687071405,0.015484410942173819,0.12532930781288787,0.0,0.0899951221477021,0.0389375684616211,0.0389375684616211,0.0389375684616211,0.1253293078128879,0.12532930781288784,0.1253293078128879,0.075,0.325,9.325,14.25,0.08833861976163013,0.28520821318723566,0.013175221068819683,0.040927167435601694,0.076555891964629,0.3261353806228374,1.0000000000000002,1.0000000000000002,0.48388146228655976,0.6630968186889894,0.6083056054734127,0.6935994641519384,0.616059592626006,0.6935994641519384,0.616059592626006,0.6858454769993452,0.6738646193771629,0.8984861591695505,0.6738646193771627,0.923444108035371,0.6738646193771627,0.923444108035371
D,36,BoulwareTBNegotiator,GeniusBOABaselineNegotiator,0.05,0.22072142786315224,40,13.125,10.18844871310089,40,0.016158448673587084,0.06761768271403613,40,0.01909962514417532,0.08060129611775098,40,0.0352580738177624,0.14821897883178714,40,1.0000000000000002,0.0,40,0.6932982851972427,0.10401779993563075,40,0.6952556228983774,0.0953772724915343,40,0.6952556228983774,0.0953772724915343,40,0.6952556228983774,0.0953772724915343,40,0.9647419261822379,0.14821897883178714,40,0.9647419261822376,0.1482189788317871,40,0.9647419261822376,0.14821897883178714,40,0.06840227916430705,3.1574329682066007,0.020954936972937103,0.024978600453190464,0.04593353742612757,0.0,0.03223545016963828,0.02955772297260156,0.02955772297260156,0.02955772297260156,0.04593353742612757,0.04593353742612756,0.04593353742612757,0.0,0.125,10.1,16.450624999999995,0.0008410226835832372,0.039134587658592845,0.0008410226835832372,0.046487528835063435,0.0016820453671664744,0.08562211649365628,1.0000000000000002,1.0000000000000002,0.6579535745785294,0.7168614256097182,0.662846918831366,0.7168614256097182,0.6628469188313661,0.7168614256097182,0.6628469188313661,0.7168614256097182,0.914377883506344,0.9983179546328337,0.9143778835063436,0.9983179546328336,0.9143778835063436,0.9983179546328336
D,36,BoulwareTBNegotiator,LinearTBNegotiator,0.15,0.36162028533978946,40,12.575,9.18160786991707,40,0.10855800653594772,0.2596843095775569,40,0.04287173202614379,0.10132771403660336,40,0.1514297385620915,0.3610120236141603,40,1.0000000000000002,0.0,40,0.6093322117682605,0.2592316332780745,40,0.6370618894618506,0.1923808735451649,40,0.6370618894618506,0.1923808735451649,40,0.6370618894618506,0.1923808735451649,40,0.8485702614379088,0.3610120236141603,40,0.8485702614379086,0.36101202361416024,40,0.8485702614379086,0.3610120236141603,40,0.11206728747978564,2.845409758243563,0.08047700130558905,0.03140178391248031,0.11187878521806936,0.0,0.08033671546697324,0.05961945038824418,0.05961945038824418,0.05961945038824418,0.11187878521806936,0.11187878521806935,0.11187878521806936,0.05,0.275,9.725,15.45,0.036746683967704724,0.19832215974625145,0.014851259131103417,0.07789732314494424,0.05159794309880814,0.2762194828911957,1.0000000000000002,1.0000000000000002,0.5197245335670458,0.6810183543292323,0.5705622760052942,0.6902615802270957,0.5705622760052943,0.6902615802270957,0.5705622760052942,0.6902615802270957,0.7237805171088045,0.9484020569011922,0.7237805171088043,0.9484020569011917,0.7237805171088044,0.9484020569011917
D,36,BoulwareTBNegotiator,SmartAspirationNegotiator,0.075,0.26674678283691844,40,13.075,10.085245633457792,40,0.04489559304113802,0.15668553216187217,40,0.03166029892349097,0.10961257048476891,40,0.07655589196462899,0.26629810264664106,40,1.0000000000000002,0.0,40,0.6630968186889893,0.1912204790212793,40,0.6630968186889893,0.1912204790212793,40,0.6630968186889893,0.1912204790212793,40,0.6630968186889893,0.1912204790212793,40,0.9234441080353714,0.2662981026466411,40,0.9234441080353711,0.26629810264664106,40,0.923444108035371,0.2662981026466411,40,0.08266568444412337,3.1254500024714384,0.04855734948665408,0.03396928752592642,0.08252663701258049,0.0,0.059259840399617396,0.059259840399617396,0.059259840399617396,0.059259840399617396,0.0825266370125805,0.08252663701258049,0.0825266370125805,0.0,0.1506249999999966,10.15,16.175624999999997,0.0008410226835832372,0.1036350201845444,0.0008410226835832372,0.07275266724336793,0.0016820453671664744,0.1763876874279123,1.0000000000000002,1.0000000000000002,0.6093322117682605,0.7168614256097182,0.6093322117682605,0.7168614256097182,0.6088841733772552,0.7168614256097182,0.5914106761280176,0.7168614256097182,0.823612312572088,0.9983179546328337,0.8236123125720877,0.9983179546328336,0.8236123125720877,0.9983179546328336
D,36,ConcederTBNegotiator,BoulwareTBNegotiator,0.2,0.40509574683346666,40,11.775,8.01437010657283,40,0.02550941945405613,0.049965313064594966,40,0.17583621683967704,0.35444904434465163,40,0.2013456362937332,0.4044143574092466,40,1.0000000000000002,0.0,40,0.5734891404877746,0.29039751458347235,40,0.7047429482374344,0.024545718208048954,40,0.7047429482374344,0.024545718208048954,40,0.7047429482374344,0.024545718208048954,40,0.7986543637062671,0.40441435740924664,40,0.7986543637062669,0.4044143574092465,40,0.7986543637062669,0.40441435740924664,40,0.12554047258318832,2.4836790277369802,0.015484410942173813,0.10984489687071405,0.12532930781288787,0.0,0.0899951221477021,0.007606796881525939,0.007606796881525939,0.007606796881525939,0.1253293078128879,0.12532930781288784,0.1253293078128879,0.1,0.325,9.325,14.226249999999993,0.010091671472510574,0.040927167435601694,0.0664642204921184,0.28520821318723566,0.076555891964629,0.32613538062283737,1.0000000000000002,1.0000000000000002,0.48388146228655976,0.6630968186889894,0.6971688998797569,0.7123169965951118,0.697168899879757,0.7123169965951118,0.6971688998797569,0.7123169965951118,0.6738646193771629,0.9234441080353711,0.6738646193771627,0.923444108035371,0.6738646193771627,0.923444108035371
D,36,ConcederTBNegotiator,ConcederTBNegotiator,0.65,0.48304589153964794,40,6.05,3.0377960972068423,40,0.21483684159938488,0.1590304632829853,40,0.22333357362552864,0.16534478866258853,40,0.4381704152249135,0.32437525194557393,40,1.0000000000000002,0.0,40,0.4188329106553496,0.2214791534005697,40,0.4245396552574638,0.2172382002711584,40,0.4245396552574638,0.2172382002711584,40,0.4245396552574638,0.2172382002711584,40,0.5618295847750867,0.3243752519455739,40,0.5618295847750866,0.3243752519455738,40,0.5618295847750865,0.3243752519455739,40,0.14969747270189077,0.9414227639657009,0.04928405116994918,0.05124088087847063,0.10052493204841983,0.0,0.06863710074117946,0.06732281574996152,0.06732281574996152,0.06732281574996152,0.10052493204841982,0.10052493204841981,0.10052493204841982,0.5,0.8,5.075,6.95,0.16545319108035375,0.26422049211841603,0.17198913879277203,0.27467800845828527,0.3374423298731258,0.5388985005767013,1.0000000000000002,1.0000000000000002,0.3500570995120338,0.48760872179866543,0.3570807851761743,0.49199852533875327,0.3570807851761743,0.49199852533875327,0.3570807851761743,0.49199852533875327,0.4611014994232989,0.6625576701268745,0.4611014994232988,0.6625576701268743,0.46110149942329864,0.6625576701268743
D,36,ConcederTBNegotiator,GeniusBOABaselineNegotiator,0.2,0.40509574683346666,40,11.775,8.01437010657283,40,0.02550941945405613,0.049965313064594966,40,0.17583621683967704,0.35444904434465163,40,0.2013456362937332,0.4044143574092466,40,1.0000000000000002,0.0,40,0.5734891404877746,0.29039751458347235,40,0.7047429482374344,0.024545718208048954,40,0.7047429482374344,0.024545718208048954,40,0.7047429482374344,0.024545718208048954,40,0.7986543637062671,0.40441435740924664,40,0.7986543637062669,0.4044143574092465,40,0.7986543637062669,0.40441435740924664,40,0.12554047258318832,2.4836790277369802,0.015484410942173813,0.10984489687071405,0.12532930781288787,0.0,0.0899951221477021,0.007606796881525939,0.007606796881525939,0.007606796881525939,0.1253293078128879,0.12532930781288784,0.1253293078128879,0.1,0.325,9.275,14.200624999999995,0.013175221068819683,0.040927167435601694,0.06646422049211842,0.28520821318723566,0.07655589196462899,0.32613538062283737,1.0000000000000002,1.0000000000000002,0.48388146228655976,0.6630968186889894,0.6971688998797569,0.7108021869235763,0.697168899879757,0.7108021869235763,0.697168899879757,0.7108021869235763,0.6738646193771629,0.8984861591695505,0.6738646193771627,0.8984861591695502,0.6738646193771627,0.923444108035371
D,36,ConcederTBNegotiator,LinearTBNegotiator,0.6,0.49613893835683387,40,7.925,4.334639842490096,40,0.1611207227989235,0.1325350004256277,40,0.43955209534794315,0.36276940972847216,40,0.6006728181468666,0.4953044101540998,40,1.0000000000000002,0.0,40,0.2867445702438873,0.355662866650972,40,0.5584954116410703,0.1309525767370142,40,0.5584954116410703,0.1309525767370142,40,0.5584954116410703,0.1309525767370142,40,0.39932718185313365,0.4953044101540998,40,0.39932718185313354,0.4953044101540997,40,0.39932718185313343,0.4953044101540998,40,0.15375504994833628,1.3433188044006565,0.04107302216156417,0.11242340481732806,0.1534964269788922,0.0,0.11022106430065778,0.040582623979780644,0.040582623979780644,0.040582623979780644,0.1534964269788922,0.15349642697889218,0.1534964269788922,0.45,0.75,6.55,9.2,0.12105079777008845,0.2011906478277586,0.3298743271818532,0.5492298635140331,0.4509251249519416,0.7504205113417916,1.0000000000000002,1.0000000000000002,0.17921535640242955,0.394273784085345,0.5189039081489083,0.5980869151332323,0.5189039081489083,0.6046854990485926,0.5189039081489083,0.5980869151332323,0.24957948865820861,0.5490748750480587,0.2495794886582085,0.5490748750480585,0.24957948865820842,0.5490748750480585
D,36,ConcederTBNegotiator,SmartAspirationNegotiator,0.2,0.40509574683346666,40,11.775,8.01437010657283,40,0.02550941945405613,0.049965313064594966,40,0.17583621683967704,0.35444904434465163,40,0.2013456362937332,0.4044143574092466,40,1.0000000000000002,0.0,40,0.5734891404877746,0.29039751458347235,40,0.7047429482374344,0.024545718208048954,40,0.7047429482374344,0.024545718208048954,40,0.7047429482374344,0.024545718208048954,40,0.7986543637062671,0.40441435740924664,40,0.7986543637062669,0.4044143574092465,40,0.7986543637062669,0.40441435740924664,40,0.12554047258318832,2.4836790277369802,0.015484410942173813,0.10984489687071405,0.12532930781288787,0.0,0.0899951221477021,0.007606796881525939,0.007606796881525939,0.007606796881525939,0.1253293078128879,0.12532930781288784,0.1253293078128879,0.0993750000000011,0.325,9.225,14.15,0.010091671472510574,0.040927167435601694,0.06646422049211842,0.28520821318723566,0.07655589196462897,0.3261353806228374,1.0000000000000002,1.0000000000000002,0.48388146228655976,0.6630968186889894,0.697168899879757,0.7123169965951118,0.697168899879757,0.7123169965951118,0.6971688998797569,0.7123169965951118,0.6738646193771629,0.9234441080353711,0.6738646193771627,0.923444108035371,0.6489066705113419,0.923444108035371
D,36,GeniusBOABaselineNegotiator,BoulwareTBNegotiator,0.05,0.22072142786315224,40,13.125,10.18844871310089,40,0.015995049980776627,0.06689637085827421,40,0.019263023836985776,0.08132260797351291,40,0.0352580738177624,0.14821897883178714,40,1.0000000000000002,0.0,40,0.6932219506363159,0.1043547734012924,40,0.695391867807173,0.09477582907536528,40,0.695391867807173,0.09477582907536528,40,0.695391867807173,0.09477582907536528,40,0.9647419261822379,0.14821897883178714,40,0.9647419261822376,0.1482189788317871,40,0.9647419261822376,0.14821897883178714,40,0.06840227916430705,3.1574329682066007,0.020731400112923033,0.025202137313204538,0.04593353742612757,0.0,0.03233987932856635,0.029371333726878508,0.029371333726878508,0.029371333726878508,0.04593353742612757,0.04593353742612756,0.04593353742612757,0.0,0.125,10.1,16.226249999999993,0.0008410226835832372,0.0387260909265667,0.0008410226835832372,0.04689602556708958,0.0016820453671664744,0.08562211649365628,1.0000000000000002,1.0000000000000002,0.6577627381762123,0.7168614256097182,0.6631875311033552,0.7168614256097182,0.6631875311033552,0.7168614256097182,0.6631875311033552,0.7168614256097182,0.914377883506344,0.9983179546328337,0.9143778835063436,0.9983179546328336,0.9143778835063436,0.9983179546328336
D,36,GeniusBOABaselineNegotiator,ConcederTBNegotiator,0.2,0.40509574683346666,40,11.775,8.01437010657283,40,0.17583621683967704,0.35444904434465163,40,0.02550941945405614,0.04996531306459498,40,0.2013456362937332,0.4044143574092466,40,1.0000000000000002,0.0,40,0.5734891404877746,0.29039751458347235,40,0.6548295283889722,0.12564428866067476,40,0.6548295283889722,0.12564428866067476,40,0.6548295283889722,0.12564428866067476,40,0.7986543637062671,0.40441435740924664,40,0.7986543637062669,0.4044143574092465,40,0.7986543637062669,0.40441435740924664,40,0.12554047258318832,2.4836790277369802,0.10984489687071405,0.015484410942173819,0.12532930781288787,0.0,0.0899951221477021,0.0389375684616211,0.0389375684616211,0.0389375684616211,0.1253293078128879,0.12532930781288784,0.1253293078128879,0.075,0.325,9.25,14.275,0.06646422049211842,0.28520821318723566,0.010091671472510574,0.040927167435601694,0.076555891964629,0.3261353806228374,1.0000000000000002,1.0000000000000002,0.48388146228655976,0.6630968186889894,0.616059592626006,0.6935994641519384,0.6083056054734127,0.6935994641519384,0.616059592626006,0.6935994641519384,0.6738646193771629,0.9234441080353711,0.6738646193771627,0.923444108035371,0.6738646193771627,0.8984861591695502
D,36,GeniusBOABaselineNegotiator,GeniusBOABaselineNegotiator,0.05,0.22072142786315224,40,13.125,10.18844871310089,40,0.016158448673587084,0.06761768271403613,40,0.01909962514417532,0.08060129611775098,40,0.0352580738177624,0.14821897883178714,40,1.0000000000000002,0.0,40,0.6932982851972427,0.10401779993563075,40,0.6952556228983774,0.0953772724915343,40,0.6952556228983774,0.0953772724915343,40,0.6952556228983774,0.0953772724915343,40,0.9647419261822379,0.14821897883178714,40,0.9647419261822376,0.1482189788317871,40,0.9647419261822376,0.14821897883178714,40,0.06840227916430705,3.1574329682066007,0.020954936972937103,0.024978600453190464,0.04593353742612757,0.0,0.03223545016963828,0.02955772297260156,0.02955772297260156,0.02955772297260156,0.04593353742612757,0.04593353742612756,0.04593353742612757,0.0,0.125,10.025,16.275624999999994,0.0008410226835832372,0.039134587658592845,0.0008410226835832372,0.046487528835063435,0.0016820453671664744,0.0856221164936563,1.0000000000000002,1.0000000000000002,0.6579535745785294,0.7168614256097182,0.6628469188313661,0.7168614256097182,0.662846918831366,0.7168614256097182,0.6628469188313661,0.7168614256097182,0.914377883506344,0.9983179546328337,0.9143778835063436,0.9983179546328336,0.9143778835063436,0.9983179546328336
D,36,GeniusBOABaselineNegotiator,LinearTBNegotiator,0.15,0.36162028533978946,40,12.575,9.18160786991707,40,0.10806781045751634,0.25850254393919153,40,0.04336192810457516,0.10250947967496868,40,0.1514297385620915,0.3610120236141603,40,1.0000000000000002,0.0,40,0.6093322117682605,0.2592316332780745,40,0.6363686475195108,0.19405214253848765,40,0.6363686475195108,0.19405214253848765,40,0.6363686475195108,0.19405214253848765,40,0.8485702614379088,0.3610120236141603,40,0.8485702614379086,0.36101202361416024,40,0.8485702614379086,0.3610120236141603,40,0.11206728747978564,2.845409758243563,0.08011076833996882,0.031768016878100526,0.11187878521806936,0.0,0.08033671546697324,0.06013738201521241,0.06013738201521241,0.06013738201521241,0.11187878521806936,0.11187878521806935,0.11187878521806936,0.05,0.275,9.675,15.250624999999996,0.03658328527489427,0.19742346693579393,0.015014657823913874,0.07879601595540175,0.05159794309880814,0.2762194828911957,1.0000000000000002,1.0000000000000002,0.5197245335670458,0.6810183543292323,0.569291332444338,0.6900304995796491,0.569291332444338,0.6900304995796491,0.569291332444338,0.6900304995796491,0.7237805171088045,0.9484020569011922,0.7237805171088043,0.9484020569011917,0.7237805171088043,0.9484020569011917
D,36,GeniusBOABaselineNegotiator,SmartAspirationNegotiator,0.075,0.26674678283691844,40,13.075,10.085245633457792,40,0.04489559304113802,0.15668553216187217,40,0.03166029892349097,0.10961257048476891,40,0.07655589196462899,0.26629810264664106,40,1.0000000000000002,0.0,40,0.6630968186889893,0.1912204790212793,40,0.6630968186889893,0.1912204790212793,40,0.6630968186889893,0.1912204790212793,40,0.6630968186889893,0.1912204790212793,40,0.9234441080353714,0.2662981026466411,40,0.9234441080353711,0.26629810264664106,40,0.923444108035371,0.2662981026466411,40,0.08266568444412337,3.1254500024714384,0.04855734948665408,0.03396928752592642,0.08252663701258049,0.0,0.059259840399617396,0.059259840399617396,0.059259840399617396,0.059259840399617396,0.0825266370125805,0.08252663701258049,0.0825266370125805,0.0,0.175,10.25,16.1,0.0008410226835832372,0.1036350201845444,0.0008410226835832372,0.07275266724336793,0.0016820453671664744,0.1763876874279123,1.0000000000000002,1.0000000000000002,0.6093322117682605,0.7168614256097182,0.5914106761280176,0.7168614256097182,0.6088841733772552,0.7168614256097182,0.5914106761280176,0.7168614256097182,0.823612312572088,0.9983179546328337,0.8236123125720877,0.9983179546328336,0.8236123125720877,0.9983179546328336
D,36,LinearTBNegotiator,BoulwareTBNegotiator,0.15,0.36162028533978946,40,12.575,9.18160786991707,40,0.04140114379084968,0.09778241712150741,40,0.11002859477124186,0.2632296064926529,40,0.1514297385620915,0.3610120236141603,40,1.0000000000000002,0.0,40,0.6093322117682605,0.2592316332780745,40,0.6765766801752164,0.09711854092576866,40,0.6765766801752164,0.09711854092576866,40,0.6765766801752164,0.09711854092576866,40,0.8485702614379088,0.3610120236141603,40,0.8485702614379086,0.36101202361416024,40,0.8485702614379086,0.3610120236141603,40,0.11206728747978564,2.845409758243563,0.030303085015619676,0.0815757002024497,0.11187878521806936,0.0,0.08033671546697324,0.030097347651055255,0.030097347651055255,0.030097347651055255,0.11187878521806936,0.11187878521806935,0.11187878521806936,0.05,0.275,9.825,15.3,0.01436106305267205,0.0752012447135717,0.0372368800461361,0.201018238177624,0.05159794309880814,0.2762194828911957,1.0000000000000002,1.0000000000000002,0.5197245335670457,0.6810183543292323,0.6430060589797983,0.703433177131551,0.6430060589797983,0.703433177131551,0.6430060589797983,0.703433177131551,0.7237805171088045,0.9484020569011922,0.7237805171088043,0.9484020569011917,0.7237805171088043,0.9484020569011917
D,36,LinearTBNegotiator,ConcederTBNegotiator,0.6,0.49613893835683387,40,7.925,4.334639842490096,40,0.42386582083813923,0.3497984570916922,40,0.17680699730872743,0.14550595306240766,40,0.6006728181468666,0.4953044101540998,40,1.0000000000000002,0.0,40,0.2867445702438873,0.355662866650972,40,0.38657140994081163,0.2731162295397222,40,0.38657140994081163,0.2731162295397222,40,0.38657140994081163,0.2731162295397222,40,0.39932718185313365,0.4953044101540998,40,0.39932718185313354,0.4953044101540997,40,0.39932718185313343,0.4953044101540998,40,0.15375504994833628,1.3433188044006565,0.10840366494939771,0.045092762029494526,0.1534964269788922,0.0,0.11022106430065778,0.08463959642768251,0.08463959642768251,0.08463959642768251,0.1534964269788922,0.15349642697889218,0.1534964269788922,0.45,0.75,6.575,9.175,0.3181096212995002,0.5296220203767782,0.13281550365244135,0.22079849096501344,0.4509251249519416,0.7504205113417917,1.0000000000000002,1.0000000000000002,0.17921535640242955,0.394273784085345,0.30399890602358504,0.46914391385803833,0.30399890602358504,0.4691439138580383,0.30399890602358504,0.46914391385803833,0.24957948865820861,0.5490748750480587,0.2495794886582085,0.5490748750480585,0.24957948865820842,0.5490748750480584
D,36,LinearTBNegotiator,GeniusBOABaselineNegotiator,0.15,0.36162028533978946,40,12.575,9.18160786991707,40,0.04140114379084968,0.09778241712150741,40,0.11002859477124186,0.2632296064926529,40,0.1514297385620915,0.3610120236141603,40,1.0000000000000002,0.0,40,0.6093322117682605,0.2592316332780745,40,0.6765766801752164,0.09711854092576866,40,0.6765766801752164,0.09711854092576866,40,0.6765766801752164,0.09711854092576866,40,0.8485702614379088,0.3610120236141603,40,0.8485702614379086,0.36101202361416024,40,0.8485702614379086,0.3610120236141603,40,0.11206728747978564,2.845409758243563,0.030303085015619676,0.0815757002024497,0.11187878521806936,0.0,0.08033671546697324,0.030097347651055255,0.030097347651055255,0.030097347651055255,0.11187878521806936,0.11187878521806935,0.11187878521806936,0.05,0.275,9.824375,15.375,0.014361063052672046,0.0752012447135717,0.0372368800461361,0.201018238177624,0.05159794309880814,0.27621948289119563,1.0000000000000002,1.0000000000000002,0.5197245335670457,0.6810183543292323,0.6430060589797983,0.703433177131551,0.6430060589797983,0.703433177131551,0.6430060589797983,0.703433177131551,0.7237805171088045,0.9484020569011922,0.7237805171088043,0.9484020569011917,0.7237805171088043,0.9484020569011917
D,36,LinearTBNegotiator,LinearTBNegotiator,0.15,0.36162028533978946,40,12.275,8.714819385568294,40,0.04973447712418301,0.1178724329737179,40,0.1016952614379085,0.2431395906404424,40,0.1514297385620915,0.3610120236141603,40,1.0000000000000002,0.0,40,0.6093322117682605,0.2592316332780745,40,0.6647915671554407,0.12553011381225523,40,0.6647915671554407,0.12553011381225523,40,0.6647915671554407,0.12553011381225523,40,0.8485702614379088,0.3610120236141603,40,0.8485702614379086,0.36101202361416024,40,0.8485702614379086,0.3610120236141603,40,0.11206728747978564,2.700750508227724,0.03652904543116331,0.07534973978690607,0.11187878521806936,0.0,0.08033671546697324,0.0389021853095151,0.0389021853095151,0.0389021853095151,0.11187878521806936,0.11187878521806935,0.11187878521806936,0.05,0.275,9.724375,14.950624999999995,0.017138840830449826,0.09047902249134947,0.03445910226835832,0.1857404603998462,0.05159794309880814,0.2762194828911957,1.0000000000000002,1.0000000000000002,0.5376460692072886,0.6810183543292323,0.6214000184435428,0.6995048061249591,0.6214000184435428,0.6995048061249591,0.6214000184435428,0.6995048061249591,0.7237805171088045,0.9484020569011922,0.7237805171088043,0.9484020569011917,0.7237805171088043,0.9484020569011917
D,36,LinearTBNegotiator,SmartAspirationNegotiator,0.15,0.36162028533978946,40,12.575,9.18160786991707,40,0.04140114379084968,0.09778241712150741,40,0.11002859477124186,0.2632296064926529,40,0.1514297385620915,0.3610120236141603,40,1.0000000000000002,0.0,40,0.6093322117682605,0.2592316332780745,40,0.6765766801752164,0.09711854092576866,40,0.6765766801752164,0.09711854092576866,40,0.6765766801752164,0.09711854092576866,40,0.8485702614379088,0.3610120236141603,40,0.8485702614379086,0.36101202361416024,40,0.8485702614379086,0.3610120236141603,40,0.11206728747978564,2.845409758243563,0.030303085015619676,0.0815757002024497,0.11187878521806936,0.0,0.08033671546697324,0.030097347651055255,0.030097347651055255,0.030097347651055255,0.11187878521806936,0.11187878521806935,0.11187878521806936,0.05,0.275,9.675,15.45,0.014361063052672046,0.0752012447135717,0.0372368800461361,0.20101823817762404,0.05159794309880814,0.2762194828911957,1.0000000000000002,1.0000000000000002,0.5197245335670457,0.6810183543292323,0.6430060589797983,0.703433177131551,0.6430060589797983,0.703433177131551,0.6430060589797983,0.703433177131551,0.7237805171088045,0.9484020569011922,0.7237805171088043,0.9484020569011917,0.7237805171088044,0.9484020569011917
D,36,SmartAspirationNegotiator,BoulwareTBNegotiator,0.2,0.40509574683346655,40,16.425,11.149077229839387,40,0.0830257593233372,0.16646343633696448,40,0.118319876970396,0.2379509210722821,40,0.2013456362937332,0.4044143574092466,40,1.0000000000000002,0.0,40,0.5734891404877746,0.29039751458347235,40,0.6234025603362368,0.18929894413084658,40,0.6234025603362368,0.18929894413084658,40,0.6234025603362368,0.18929894413084658,40,0.7986543637062671,0.4044143574092466,40,0.7986543637062669,0.4044143574092465,40,0.7986543637062669,0.4044143574092466,40,0.12554047258318826,3.4551348298304787,0.051587553384397904,0.07374175442848996,0.12532930781288787,0.0,0.0899951221477021,0.058664350567606945,0.058664350567606945,0.058664350567606945,0.12532930781288787,0.12532930781288784,0.12532930781288787,0.075,0.325,12.949375,19.650624999999994,0.03166029892349097,0.1343912197231834,0.04489559304113803,0.19174416089965401,0.10088989210880539,0.32613538062283737,1.0000000000000002,1.0000000000000002,0.48388146228655976,0.6630968186889894,0.5649907695403108,0.6818143511321627,0.5649907695403108,0.6818143511321626,0.5649907695403108,0.6818143511321627,0.6738646193771629,0.9234441080353711,0.6738646193771627,0.923444108035371,0.6738646193771627,0.923444108035371
D,36,SmartAspirationNegotiator,ConcederTBNegotiator,0.35,0.4830458915396479,40,13.775,7.895105591927969,40,0.3070826124567474,0.4226535478814206,40,0.04401071703191081,0.05957983855423428,40,0.3510933294886582,0.48223338643565483,40,1.0000000000000002,0.0,40,0.4659599266463168,0.3462769664440294,40,0.6083056054734126,0.14982126548445532,40,0.6083056054734126,0.14982126548445532,40,0.6083056054734126,0.14982126548445532,40,0.648906670511342,0.48223338643565494,40,0.648906670511342,0.48223338643565483,40,0.6489066705113419,0.48223338643565494,40,0.14969747270189074,2.4467185717263775,0.13098169150071962,0.018463983260736387,0.149445674761456,0.0,0.10731234369124931,0.04643009120424559,0.04643009120424559,0.04643009120424559,0.14944567476145604,0.149445674761456,0.14944567476145604,0.2,0.5,11.35,16.275,0.17583621683967704,0.43832900807381775,0.02550941945405614,0.06251201460976548,0.2013456362937332,0.5008410226835833,1.0000000000000002,1.0000000000000002,0.3584307128048591,0.5734891404877746,0.5617816825578531,0.6548295283889722,0.5617816825578531,0.6548295283889722,0.5617816825578531,0.6548295283889722,0.499158977316417,0.7986543637062671,0.49915897731641684,0.7986543637062669,0.49915897731641684,0.7986543637062669
D,36,SmartAspirationNegotiator,GeniusBOABaselineNegotiator,0.2,0.40509574683346655,40,16.425,11.149077229839387,40,0.0830257593233372,0.16646343633696448,40,0.118319876970396,0.2379509210722821,40,0.2013456362937332,0.4044143574092466,40,1.0000000000000002,0.0,40,0.5734891404877746,0.29039751458347235,40,0.6234025603362368,0.18929894413084658,40,0.6234025603362368,0.18929894413084658,40,0.6234025603362368,0.18929894413084658,40,0.7986543637062671,0.4044143574092466,40,0.7986543637062669,0.4044143574092465,40,0.7986543637062669,0.4044143574092466,40,0.12554047258318826,3.4551348298304787,0.051587553384397904,0.07374175442848996,0.12532930781288787,0.0,0.0899951221477021,0.058664350567606945,0.058664350567606945,0.058664350567606945,0.12532930781288787,0.12532930781288784,0.12532930781288787,0.075,0.325,12.949375,20.05,0.03166029892349097,0.1343912197231834,0.05958044982698961,0.19174416089965401,0.07655589196462899,0.3261353806228374,1.0000000000000002,1.0000000000000002,0.48388146228655976,0.6630968186889894,0.5649907695403108,0.6818143511321627,0.5649907695403108,0.6818143511321627,0.5649907695403108,0.6818143511321626,0.6738646193771629,0.9234441080353711,0.6738646193771627,0.923444108035371,0.6738646193771627,0.923444108035371
D,36,SmartAspirationNegotiator,LinearTBNegotiator,0.225,0.4229020617662604,40,15.775,10.254423685815071,40,0.1741812043444829,0.32580408982814474,40,0.05212238081507113,0.09638663148435649,40,0.226303585159554,0.42219072131250124,40,1.0000000000000002,0.0,40,0.5555676048475316,0.30316217489105046,40,0.6137999280040709,0.19371075478287456,40,0.6137999280040709,0.19371075478287456,40,0.6137999280040709,0.19371075478287456,40,0.7736964148404463,0.4221907213125012,40,0.773696414840446,0.4221907213125011,40,0.7736964148404459,0.4221907213125012,40,0.13105870675153414,3.17787882407634,0.10096773349579333,0.029870526565222537,0.13083826006101587,0.0,0.09395093136047075,0.060031584853655444,0.060031584853655444,0.060031584853655444,0.13083826006101584,0.13083826006101584,0.13083826006101584,0.1,0.375,12.574375,18.825624999999995,0.07788110342176087,0.27048130526720493,0.02363273740868897,0.08630995290272972,0.10151384083044981,0.35109332948865823,1.0000000000000002,1.0000000000000002,0.4659599266463168,0.6451752830487465,0.5565435404453778,0.6710563155627638,0.5565435404453778,0.6710563155627638,0.5565435404453778,0.6710563155627638,0.6482827217896976,0.8984861591695503,0.6489066705113419,0.8984861591695502,0.6489066705113418,0.8984861591695502
D,36,SmartAspirationNegotiator,SmartAspirationNegotiator,0.2,0.40509574683346655,40,16.425,11.149077229839387,40,0.0830257593233372,0.16646343633696448,40,0.118319876970396,0.2379509210722821,40,0.2013456362937332,0.4044143574092466,40,1.0000000000000002,0.0,40,0.5734891404877746,0.29039751458347235,40,0.6234025603362368,0.18929894413084658,40,0.6234025603362368,0.18929894413084658,40,0.6234025603362368,0.18929894413084658,40,0.7986543637062671,0.4044143574092466,40,0.7986543637062669,0.4044143574092465,40,0.7986543637062669,0.4044143574092466,40,0.12554047258318826,3.4551348298304787,0.051587553384397904,0.07374175442848996,0.12532930781288787,0.0,0.0899951221477021,0.058664350567606945,0.058664350567606945,0.058664350567606945,0.12532930781288787,0.12532930781288784,0.12532930781288787,0.075,0.325,12.8,19.900624999999994,0.041933391003460205,0.1343912197231834,0.04489559304113803,0.19174416089965401,0.07655589196462899,0.3510933294886581,1.0000000000000002,1.0000000000000002,0.48388146228655976,0.6630968186889894,0.5649907695403108,0.6818143511321627,0.5649907695403108,0.6818143511321626,0.5649907695403108,0.6818143511321626,0.6738646193771629,0.9234441080353711,0.6738646193771627,0.923444108035371,0.6738646193771627,0.923444108035371
E,12,BoulwareTBNegotiator,BoulwareTBNegotiator,0.6,0.49613893835683387,40,7.925,4.334639842490096,40,0.33419354838709675,0.2756772004256924,40,0.394112763585474,0.32520466383341023,40,0.7283063119725708,0.6008818642591026,40,1.228334128605403,0.0,40,0.2974240448198172,0.36890912459674874,40,0.40941904035407006,0.37898383049156653,40,0.37327355906308285,0.3973838383414849,40,0.38532810717479815,0.3833740364857705,40,0.5000278166328322,0.6008818642591026,40,0.40707801321171627,0.48918437603074466,40,0.4996251594386534,0.6008818642591026,40,0.15375504994833628,1.3433188044006565,0.08543324952774493,0.10078196945545015,0.1862152189831951,0.0,0.11432612216776801,0.11744830587139503,0.12315052738092554,0.11880884480461786,0.1862152189831951,0.1515998087544923,0.1862152189831951,0.45,0.75,6.524375000000002,9.150624999999996,0.2508467741935484,0.4175403225806452,0.29579212030645885,0.49243340686448905,0.5466388945000072,0.9099737294451344,1.228334128605403,1.228334128605403,0.18589002801238577,0.4089580616272487,0.2948390907093015,0.5239989899988386,0.25313064919868583,0.49341646892748,0.26942084606902716,0.5012353682805692,0.3183603991602687,0.6816952341053957,0.2591806184866989,0.5549754079367336,0.31795774196608984,0.6812925769112169
E,12,BoulwareTBNegotiator,ConcederTBNegotiator,0.65,0.48304589153964794,40,6.7,3.4729725684978363,40,0.5857904032004386,0.43472937604767264,40,0.08409671323639872,0.06187931034674589,40,0.6698871164368374,0.49660868639441863,40,1.228334128605403,0.0,40,0.28206065620814125,0.34296217860303435,40,0.6494226789762549,0.16224111403675096,40,0.6743045117099048,0.13342521712022662,40,0.6572998661641336,0.14242963740371373,40,0.5584470121685656,0.4966086863944186,40,0.45463770741484,0.404294462580997,40,0.5580443549743868,0.4966086863944186,40,0.14969747270189077,1.0762853496383538,0.13472402942126038,0.019176596952141776,0.15390062637340218,0.0,0.10628508029654721,0.0502790421469663,0.041348903173436,0.044139401929749356,0.15390062637340216,0.1252921520206674,0.15390062637340216,0.5,0.7756249999999966,5.6,7.7,0.4507941066802381,0.7207866997206391,0.06488136182863288,0.10331206464416458,0.515675468508871,0.8240987643648037,1.228334128605403,1.228334128605403,0.17556078178320242,0.38856053063308016,0.5990420266785111,0.6998033312739986,0.632872045522805,0.7157369778970047,0.6130712618332685,0.7015284704949987,0.40423536424059936,0.712658660096532,0.32909234940785254,0.5801830654218275,0.4038327070464205,0.7122560029023532
E,12,BoulwareTBNegotiator,GeniusBOABaselineNegotiator,0.575,0.5006406152531231,40,8.5,4.760952285695232,40,0.3921091676627998,0.34069918697989277,40,0.2843499213295698,0.2468547695551801,40,0.6764590889923696,0.5875539565350729,40,1.228334128605403,0.0,40,0.3373720458223782,0.3536595537120768,40,0.4300518066356725,0.381085052413426,40,0.45038984530715415,0.35128023697388044,40,0.4347967994866183,0.36060085825118837,40,0.5518750396130334,0.5875539565350729,40,0.4492873940086712,0.47833398328039284,40,0.5514723824188545,0.5875539565350729,40,0.15515013407201458,1.4754343993097983,0.10558377192675636,0.07650108566089522,0.18208485758765158,0.0,0.1096002311888643,0.11809948129136513,0.10886287329243333,0.11175136375195717,0.18208485758765158,0.14823723720384024,0.18208485758765158,0.425,0.725,6.95,9.925,0.2900301982584789,0.4941881370671206,0.210388252409529,0.35831159024961057,0.5004184506680079,0.8524997273167312,1.228334128605403,1.228334128605403,0.23140994158920472,0.44333415005555155,0.31587258081894065,0.5442310324524043,0.3451406227297149,0.5556390678845934,0.3267549685010711,0.5428386304721654,0.37583440128867185,0.7279156779373951,0.30597082059046743,0.592603967426875,0.375431744094493,0.7275130207432163
E,12,BoulwareTBNegotiator,LinearTBNegotiator,0.625,0.4902903378454601,40,7.325,3.9052069120138846,40,0.4068159558677687,0.3185000592153372,40,0.15465756619780674,0.1206721216252072,40,0.5614735220655754,0.4391721808405444,40,1.228334128605403,0.0,40,0.3826408057475402,0.28312839779481297,40,0.5404887951186662,0.2567160552667875,40,0.5543607678368423,0.23493491631908756,40,0.5392211742860785,0.24297689113455687,40,0.6668606065398276,0.4391721808405444,40,0.5428983783890724,0.35753478684107015,40,0.6664579493456487,0.4391721808405444,40,0.15194254987178035,1.2102361604672716,0.09870419095785873,0.0373966779332104,0.13610086889106912,0.0,0.08774239951596871,0.07955712976451788,0.07280708487199905,0.0752993186876534,0.13610086889106912,0.11080117837773679,0.13610086889106912,0.475,0.775,6.05,8.4,0.309373674846601,0.5042582368889363,0.11773899602299234,0.1915761363726211,0.42711267086959337,0.6958343732615576,1.228334128605403,1.228334128605403,0.29602017223505955,0.4692614392600209,0.46194878460319144,0.6190288056341411,0.48248450447272334,0.6262370312009612,0.46488453973124566,0.6135578088409115,0.5324997553438455,0.8012214577358098,0.43351376709562117,0.6522829896825236,0.5320970981496665,0.8008188005416308
E,12,BoulwareTBNegotiator,SmartAspirationNegotiator,0.6,0.49613893835683387,40,7.925,4.334639842490096,40,0.33419354838709675,0.2756772004256924,40,0.394112763585474,0.32520466383341023,40,0.7283063119725708,0.6008818642591026,40,1.228334128605403,0.0,40,0.2974240448198172,0.36890912459674874,40,0.40941904035407006,0.37898383049156653,40,0.37327355906308285,0.3973838383414849,40,0.38532810717479815,0.3833740364857705,40,0.5000278166328322,0.6008818642591026,40,0.40707801321171627,0.48918437603074466,40,0.4996251594386534,0.6008818642591026,40,0.15375504994833628,1.3433188044006565,0.08543324952774493,0.10078196945545015,0.1862152189831951,0.0,0.11432612216776801,0.11744830587139503,0.12315052738092554,0.11880884480461786,0.1862152189831951,0.1515998087544923,0.1862152189831951,0.45,0.75,6.575,9.2,0.2508467741935484,0.4175403225806452,0.29579212030645885,0.49243340686448905,0.5466388945000072,0.9099737294451344,1.228334128605403,1.228334128605403,0.18589002801238577,0.4089580616272487,0.2948390907093015,0.5239989899988386,0.25313064919868583,0.49341646892748,0.26942084606902716,0.5012353682805692,0.3183603991602687,0.6816952341053958,0.2591806184866989,0.5549754079367337,0.31795774196608984,0.6812925769112169
E,12,ConcederTBNegotiator,BoulwareTBNegotiator,0.65,0.48304589153964794,40,6.7,3.4729725684978363,40,0.0834954041383218,0.061450090450954516,40,0.560928864536635,0.4162359436384242,40,0.6444242686749568,0.4776860340893788,40,1.228334128605403,0.0,40,0.28541085795557314,0.3404724844646868,40,0.678782861369187,0.14042216714481168,40,0.639974861329319,0.15893721184997198,40,0.6517602648902411,0.1465463783823623,40,0.5839098599304462,0.4776860340893788,40,0.4753672851159741,0.3888893282088667,40,0.5835072027362673,0.4776860340893788,40,0.14969747270189077,1.0762853496383538,0.019043580328341213,0.12899285534083554,0.1480364356691768,0.0,0.10551351608942104,0.043517280451137876,0.04925515225145631,0.045415193176638405,0.1480364356691768,0.1205180514175332,0.1480364356691768,0.5,0.8,5.6,7.75,0.0644133381709175,0.10257747010572608,0.43167532436727624,0.6901824047059939,0.49608866253819367,0.7680372737889262,1.228334128605403,1.228334128605403,0.17968410701081083,0.39113760890033544,0.6351776357775044,0.7223880869608694,0.5906201681313148,0.6893295545273234,0.6062532910346315,0.6972672387458505,0.43557425379368303,0.7322454660672093,0.3747326106937026,0.5961288944226999,0.43517159659950416,0.7318428088730304
E,12,ConcederTBNegotiator,ConcederTBNegotiator,0.925,0.2667467828369185,40,0.925,0.2667467828369185,40,0.43852374551971324,0.12622668101807943,40,0.5393512259145932,0.15529594994054902,40,0.9778749714343065,0.28152263095862845,40,1.228334128605403,0.0,40,0.14731235538744825,0.17194288741983096,40,0.21610497779460433,0.18791484977978906,40,0.17750533664654705,0.19503944028031178,40,0.18541178664772004,0.19134982850465382,40,0.2504591571710966,0.28152263095862845,40,0.20390148847810413,0.2291905959482352,40,0.25005649997691776,0.28152263095862845,40,0.0826656844441234,0.0826656844441234,0.03911805372306591,0.04812671349473925,0.08724476721780518,0.0,0.053285652867832656,0.058235415284307326,0.060443348755317115,0.05929992621981709,0.08724476721780518,0.0710269015458026,0.08724476721780518,0.8493750000000011,1.0,0.825,1.0,0.39120295698924734,0.4740143369175627,0.48113273559619535,0.5830150936533915,0.8723356925854426,1.0570294305709542,1.228334128605403,1.228334128605403,0.09896794268511624,0.21177157232389093,0.16326979986445242,0.2865518817014735,0.12266696946756399,0.23234370382553005,0.1316108111112204,0.2571464206963862,0.1713046980344488,0.3559984360199604,0.13946099358888667,0.28982214833039405,0.17090204084026994,0.35559577882578147
E,12,ConcederTBNegotiator,GeniusBOABaselineNegotiator,0.65,0.48304589153964794,40,6.7,3.4729725684978363,40,0.0684274193548387,0.05025235484565691,40,0.5575009685555476,0.41368851122259415,40,0.6259283879103863,0.46394086606825113,40,1.228334128605403,0.0,40,0.2981548134049582,0.3310018455080871,40,0.690594600459675,0.13164430246850628,40,0.6518329882966236,0.15012487413779974,40,0.6634087294433104,0.13788985077450785,40,0.6024057406950167,0.46394086606825113,40,0.4904249801957078,0.37769923937144806,40,0.6020030835008379,0.46394086606825113,40,0.14969747270189077,1.0762853496383538,0.015573366111728954,0.12820339785613746,0.14377676396786646,0.0,0.10257853466942343,0.04079699200489143,0.04652418050071227,0.042732507477481405,0.14377676396786646,0.1170502069588381,0.14377676396786646,0.5,0.8,5.575,7.675,0.05282258064516128,0.08403225806451611,0.42903848130490124,0.685963455806194,0.48186106195006256,0.7699957138707101,1.228334128605403,1.228334128605403,0.1953689752562079,0.4009406515537085,0.6497151608119512,0.7314740401073987,0.605214785937228,0.6984511906560191,0.6205898627922555,0.7062275960943655,0.458338414734693,0.7464730666553405,0.37313822359968973,0.6077117367917257,0.457935757540514,0.7460704094611617
E,12,ConcederTBNegotiator,LinearTBNegotiator,0.7,0.4640954808922571,40,4.7,2.1862038284403353,40,0.15602802209471592,0.10291089913944033,40,0.4354736434292402,0.28816580331151703,40,0.5915016655239561,0.3910767024509574,40,1.228334128605403,0.0,40,0.2842744865560801,0.3045034046146997,40,0.5513091008847028,0.20979087349743222,40,0.5147000560715294,0.22485103996743924,40,0.5228312559056973,0.2162193634181181,40,0.6368324630814469,0.3910767024509574,40,0.5184521444539515,0.31837974158950455,40,0.636429805887268,0.3910767024509574,40,0.14382467959824718,0.6775115856706426,0.03189241805897636,0.08930350765917557,0.12119592571815194,0.0,0.09436658275811122,0.06501486527167775,0.06968205921435672,0.0670070749380284,0.12119592571815194,0.09866690413930981,0.12119592571815194,0.55,0.825,4.0,5.325,0.12276625699147034,0.18374615968075392,0.34233576065213445,0.5130885457434949,0.4651020176436048,0.6973613706237476,1.228334128605403,1.228334128605403,0.18585613823605235,0.3826928348761079,0.4835027284457508,0.6191154733236545,0.4541384234913254,0.587374015167774,0.4645944888178072,0.5927153764111657,0.5314994231811543,0.7632321109617983,0.43269938594362384,0.6213554546663445,0.5310967659869753,0.7628294537676193
E,12,ConcederTBNegotiator,SmartAspirationNegotiator,0.65,0.48304589153964794,40,6.7,3.4729725684978363,40,0.05883511052479175,0.04312385427529742,40,0.56778465649881,0.4213308084700844,40,0.6266197670236018,0.464454662745382,40,1.228334128605403,0.0,40,0.2919876549097317,0.33558495408284555,40,0.7038053519202342,0.12182676521131466,40,0.665018670538821,0.1403259670081985,40,0.6766917148855822,0.12801863301255356,40,0.6017143615818012,0.464454662745382,40,0.4898621210378332,0.3781175267617969,40,0.6013117043876224,0.464454662745382,40,0.14969747270189077,1.0762853496383538,0.013364220897522709,0.13057177031023173,0.14393599120775452,0.0,0.10399885473171175,0.03775450568775522,0.04348746771993201,0.03967338539956744,0.14393599120775452,0.11717983556410105,0.14393599120775452,0.5,0.8,5.625,7.7,0.045443881545125166,0.07222633950445832,0.43694901049202617,0.6986203025055938,0.4823928920371513,0.7708466420100522,1.228334128605403,1.228334128605403,0.18777862633900605,0.39619668348045745,0.6722796813408284,0.7416361566155212,0.621443317927625,0.7085940231500173,0.6369381525673591,0.7164452772038052,0.4574874865953508,0.7459412365682516,0.392014915062073,0.6072787682087453,0.45708482940117195,0.7455385793740728
E,12,GeniusBOABaselineNegotiator,BoulwareTBNegotiator,0.6,0.49613893835683387,40,7.925,4.334639842490096,40,0.33419354838709675,0.2756772004256924,40,0.394112763585474,0.32520466383341023,40,0.7283063119725708,0.6008818642591026,40,1.228334128605403,0.0,40,0.2974240448198172,0.36890912459674874,40,0.40941904035407006,0.37898383049156653,40,0.37327355906308285,0.3973838383414849,40,0.38532810717479815,0.3833740364857705,40,0.5000278166328322,0.6008818642591026,40,0.40707801321171627,0.48918437603074466,40,0.4996251594386534,0.6008818642591026,40,0.15375504994833628,1.3433188044006565,0.08543324952774493,0.10078196945545015,0.1862152189831951,0.0,0.11432612216776801,0.11744830587139503,0.12315052738092554,0.11880884480461786,0.1862152189831951,0.1515998087544923,0.1862152189831951,0.45,0.75,6.574375000000002,9.175,0.2508467741935484,0.4175403225806452,0.29579212030645885,0.49243340686448905,0.5466388945000072,0.9099737294451344,1.228334128605403,1.228334128605403,0.18589002801238577,0.4089580616272487,0.2948390907093015,0.5239989899988388,0.25313064919868583,0.49341646892748,0.26942084606902716,0.5012353682805692,0.3183603991602687,0.6816952341053958,0.2591806184866989,0.5549754079367337,0.31795774196608984,0.6812925769112169
E,12,GeniusBOABaselineNegotiator,ConcederTBNegotiator,0.65,0.48304589153964794,40,6.05,3.0377960972068423,40,0.5559274193548387,0.41253677350039275,40,0.14497141772812447,0.10711819635200477,40,0.7008988370829631,0.5196549698523976,40,1.228334128605403,0.0,40,0.2602460392173401,0.3591736572382921,40,0.5817830522133094,0.21250733528769877,40,0.6069828337599282,0.1834551554975982,40,0.5899754084948496,0.19246164152260992,40,0.52743529152244,0.5196549698523977,40,0.4293907327326865,0.42305668934102736,40,0.5270326343282611,0.5196549698523977,40,0.14969747270189077,0.9414227639657009,0.12784647063814697,0.03319627297350452,0.16104274361165152,0.0,0.11130906957575132,0.06585670550221573,0.056853341707531556,0.05964448064377585,0.16104274361165158,0.13110662633341663,0.16104274361165158,0.5,0.8,5.075,6.95,0.4278225806451612,0.6840322580645161,0.11170805759149886,0.17823477786475012,0.53953063823666,0.835372336121549,1.228334128605403,1.228334128605403,0.1487120224099086,0.37178005602477154,0.5157932552779628,0.6477728491486558,0.5500145957382183,0.6641884394400607,0.5302103908556883,0.649740426134011,0.36606709267613696,0.688803490368743,0.2980191497990482,0.5607623156663248,0.3656644354819581,0.688400833174564
E,12,GeniusBOABaselineNegotiator,GeniusBOABaselineNegotiator,0.575,0.5006406152531231,40,8.5,4.760952285695232,40,0.3921091676627998,0.34069918697989277,40,0.2843499213295698,0.2468547695551801,40,0.6764590889923696,0.5875539565350729,40,1.228334128605403,0.0,40,0.3373720458223782,0.3536595537120768,40,0.4300518066356725,0.381085052413426,40,0.45038984530715415,0.35128023697388044,40,0.4347967994866183,0.36060085825118837,40,0.5518750396130334,0.5875539565350729,40,0.4492873940086712,0.47833398328039284,40,0.5514723824188545,0.5875539565350729,40,0.15515013407201458,1.4754343993097983,0.10558377192675636,0.07650108566089522,0.18208485758765158,0.0,0.1096002311888643,0.11809948129136513,0.10886287329243333,0.11175136375195717,0.18208485758765158,0.14823723720384024,0.18208485758765158,0.425,0.725,7.0,9.9,0.2730170366910921,0.4941881370671206,0.210388252409529,0.35831159024961057,0.5004184506680079,0.8524997273167312,1.228334128605403,1.228334128605403,0.23140994158920467,0.44333415005555166,0.31587258081894065,0.5442310324524043,0.3451406227297149,0.5556390678845934,0.3267549685010711,0.5428386304721654,0.37583440128867185,0.7572557843247887,0.3059708205904674,0.592603967426875,0.375431744094493,0.7275130207432163
E,12,GeniusBOABaselineNegotiator,LinearTBNegotiator,0.6,0.49613893835683387,40,7.925,4.334639842490096,40,0.3413803937463157,0.28161999013678835,40,0.1464313669679072,0.1203973552191145,40,0.48781176071422294,0.40201734535590283,40,1.228334128605403,0.0,40,0.44368129696019076,0.24796926159022753,40,0.5595306018924128,0.25485684586370005,40,0.5660925470480811,0.23794215835162472,40,0.5530331938923105,0.24469899701732498,40,0.7405223678911801,0.4020173453559029,40,0.6028672090483531,0.32728663642386613,40,0.7401197106970013,0.4020173453559029,40,0.15375504994833628,1.3433188044006565,0.0872749391397077,0.037311526941770735,0.12458646608147841,0.0,0.0768464703208521,0.07898095480114395,0.07373903883322379,0.07583300482988256,0.12458646608147844,0.10142717944581456,0.12458646608147844,0.45,0.75,6.6,9.25,0.2562369082129626,0.4265238792796688,0.11003107284328376,0.18283166109253063,0.36626798105624636,0.6093555403721995,1.228334128605403,1.228334128605403,0.36871159318785274,0.5186510007325289,0.4824785426322299,0.6365826611525958,0.4941543841799335,0.6380307099162286,0.4790522044659175,0.6270141833187035,0.6189785882332035,0.8620661475491568,0.5039171132824949,0.7018173048142113,0.6185759310390246,0.8616634903549778
E,12,GeniusBOABaselineNegotiator,SmartAspirationNegotiator,0.575,0.5006406152531231,40,8.5,4.760952285695232,40,0.3675738447144879,0.3193367884124546,40,0.26897894478838047,0.2334715779854022,40,0.6365527895028683,0.5528083663978568,40,1.228334128605403,0.0,40,0.3619532001037216,0.33225725075026163,40,0.43989854506821446,0.3725117007836793,40,0.4531480312529547,0.34887874148016196,40,0.43815986706738,0.3576727048202834,40,0.5917813391025347,0.5528083663978568,40,0.48177554080860513,0.45004722536325786,40,0.5913786819083559,0.5528083663978568,40,0.15515013407201458,1.4754343993097983,0.09896349602252892,0.07235359162405469,0.17131708764658363,0.0,0.10296758878469854,0.11544257209487656,0.10811864212845679,0.11084391960230776,0.17131708764658363,0.13947108010512543,0.17131708764658363,0.425,0.725,7.0,9.95,0.27189539434016147,0.4632522950888143,0.19902709583560646,0.33893079374115453,0.4709224901757679,0.8021830888299688,1.228334128605403,1.228334128605403,0.26240357090046385,0.4615028293069794,0.3282880336251892,0.5515090565112397,0.34861833544398524,0.5576777270619242,0.3309953580594229,0.5453243760753372,0.4261510397754343,0.7574116384296351,0.34693413612081886,0.6166169454963913,0.4257483825812553,0.7570089812354562
E,12,LinearTBNegotiator,BoulwareTBNegotiator,0.6,0.49613893835683387,40,7.925,4.334639842490096,40,0.33419354838709675,0.2756772004256924,40,0.394112763585474,0.32520466383341023,40,0.7283063119725708,0.6008818642591026,40,1.228334128605403,0.0,40,0.2974240448198172,0.36890912459674874,40,0.40941904035407006,0.37898383049156653,40,0.37327355906308285,0.3973838383414849,40,0.38532810717479815,0.3833740364857705,40,0.5000278166328322,0.6008818642591026,40,0.40707801321171627,0.48918437603074466,40,0.4996251594386534,0.6008818642591026,40,0.15375504994833628,1.3433188044006565,0.08543324952774493,0.10078196945545015,0.1862152189831951,0.0,0.11432612216776801,0.11744830587139503,0.12315052738092554,0.11880884480461786,0.1862152189831951,0.1515998087544923,0.1862152189831951,0.45,0.75,6.575,9.25,0.2508467741935484,0.4175403225806452,0.29579212030645885,0.49243340686448916,0.5466388945000072,0.9099737294451342,1.228334128605403,1.228334128605403,0.18589002801238577,0.4089580616272487,0.2948390907093015,0.5239989899988388,0.25313064919868583,0.49341646892748,0.26942084606902716,0.5012353682805692,0.3183603991602687,0.6816952341053958,0.2591806184866989,0.5549754079367337,0.31795774196608984,0.7115704798233108
E,12,LinearTBNegotiator,ConcederTBNegotiator,0.75,0.4385290096535146,40,3.275,1.3584965294445257,40,0.5201848553335311,0.30368332935870695,40,0.2802130031547238,0.1633566242148034,40,0.800397858488255,0.4670399535735104,40,1.228334128605403,0.0,40,0.2506657241626048,0.2881979837117791,40,0.3854156905684903,0.28201692344708934,40,0.411424148253076,0.25868595336495503,40,0.39289682934200837,0.2666609086148415,40,0.4279362701171481,0.4670399535735104,40,0.3483875113060713,0.3802222397775166,40,0.4275336129229692,0.4670399535735104,40,0.13590154807518112,0.4210024361949124,0.09411243880326632,0.050624742332709374,0.1447371811359757,0.0,0.08931348046853829,0.08739795004700236,0.08016760750988493,0.08263907174698566,0.1447371811359757,0.11783209288526732,0.1447371811359757,0.6243750000000011,0.875,2.85,3.675,0.43362178804675977,0.6067479226203025,0.22433644061766173,0.3267768052689422,0.6406456152070673,0.9335247278892446,1.228334128605403,1.228334128605403,0.16851665951478173,0.33281478881042786,0.30502849917438124,0.46580288196259934,0.3376873065418102,0.49990835830659497,0.31688677563269596,0.4689068830513207,0.29480940071615835,0.5610631395181378,0.24000749783845218,0.4567675247736904,0.2944067435219795,0.5606604823239589
E,12,LinearTBNegotiator,GeniusBOABaselineNegotiator,0.6,0.49613893835683387,40,7.925,4.334639842490096,40,0.1718279569892473,0.14141738018934483,40,0.39323987760620505,0.3244828759616418,40,0.5650678345954524,0.4659002561509867,40,1.228334128605403,0.0,40,0.3209624547927946,0.3494452550390805,40,0.5613192315586729,0.25337783115748036,40,0.5265539815472801,0.2706365282044906,40,0.5340614917441571,0.26038666395500315,40,0.6632662940099506,0.4659002561509867,40,0.5399722099743286,0.3792943998714336,40,0.6628636368157718,0.4659002561509867,40,0.15375504994833628,1.3433188044006565,0.04382570016896574,0.10055828507654734,0.14438398524551307,0.0,0.10829420649926876,0.07852260339501912,0.08387112902232582,0.08069466318220639,0.14438398524551307,0.11754455231935985,0.14438398524551307,0.45,0.75,6.6,9.150624999999996,0.1290725806451613,0.21458333333333335,0.2951374558220071,0.49134229939040297,0.4242100364671685,0.7059256327237364,1.228334128605403,1.228334128605403,0.2153130404786075,0.4266118691069817,0.484714329715055,0.6379241334022907,0.4447311773039323,0.6083767857906278,0.45533757678072584,0.6127854067075884,0.5224084958816668,0.8041240921382347,0.4252983644399643,0.6546460555086929,0.5220058386874878,0.8037214349440557
E,12,LinearTBNegotiator,LinearTBNegotiator,0.65,0.48304589153964794,40,6.7,3.4729725684978363,40,0.20704749103942652,0.1532675180951517,40,0.25679174869739163,0.190217198606325,40,0.4638392397368182,0.34348471670147673,40,1.228334128605403,0.0,40,0.4534552720922867,0.2155906939340305,40,0.5471420706083772,0.23825069504641114,40,0.5281173817392995,0.24206382100987814,40,0.52540643196534,0.24044591665107093,40,0.7644948888685849,0.34348471670147673,40,0.6223834957159083,0.27963459510113453,40,0.764092231674406,0.34348471670147673,40,0.14969747270189077,1.0762853496383538,0.04749809595317161,0.05894892057779414,0.10644701653096575,0.0,0.06681224824644275,0.07383465534555579,0.0750163553244244,0.07451496156903019,0.10644701653096575,0.08665965884365767,0.10644701653096575,0.5,0.8,5.674375000000001,7.725624999999996,0.15945340501792113,0.2546415770609319,0.19772369679862742,0.3158598005961558,0.3571771018165485,0.5705013776570877,1.228334128605403,1.228334128605403,0.3865080013329198,0.5204025428516535,0.4731582009949692,0.621125940221785,0.45294942402052135,0.6032853394580775,0.45074088128090717,0.6000719826497727,0.6578327509483153,0.8711570267888543,0.5355487042399367,0.7092182871918802,0.6574300937541364,0.8707543695946756
E,12,LinearTBNegotiator,SmartAspirationNegotiator,0.6,0.49613893835683387,40,7.925,4.334639842490096,40,0.14749874773386487,0.12129960010430037,40,0.3941127635854741,0.3252046638334103,40,0.5416115113193388,0.44650426393771064,40,1.228334128605403,0.0,40,0.325126102228381,0.3460023423417738,40,0.5854364817239504,0.23343531966900213,40,0.550817250135823,0.25057327434017984,40,0.558187342375674,0.24043704075620914,40,0.6867226172860642,0.44650426393771064,40,0.5590682545519916,0.3635039143988062,40,0.6863199600918852,0.44650426393771064,40,0.15375504994833628,1.3433188044006565,0.037591135528524326,0.10078196945545018,0.1383731049839745,0.0,0.10722723680022564,0.07234235505538787,0.07765346223275695,0.0745122109007147,0.1383731049839745,0.11265103017293615,0.1383731049839745,0.45,0.75,6.525,9.2,0.11082567370362444,0.18417182176410526,0.2957921203064589,0.4924334068644892,0.40661779401008324,0.6766052286285944,1.228334128605403,1.228334128605403,0.22051759977309054,0.42973460468367153,0.5148608924216518,0.6560120710262488,0.475060263039611,0.6265742372320351,0.48549489007012203,0.6308797946812261,0.5517288999768086,0.8217163345953196,0.449168420162043,0.6689680889419402,0.5513262427826298,0.8213136774011408
E,12,SmartAspirationNegotiator,BoulwareTBNegotiator,0.6,0.49613893835683376,40,8.725,3.70714832694198,40,0.33419354838709675,0.2756772004256924,40,0.394112763585474,0.3252046638334102,40,0.7283063119725708,0.6008818642591026,40,1.228334128605403,0.0,40,0.2974240448198172,0.36890912459674874,40,0.40941904035407006,0.37898383049156653,40,0.37327355906308285,0.39738383834148494,40,0.38532810717479815,0.38337403648577056,40,0.5000278166328322,0.6008818642591026,40,0.40707801321171627,0.4891843760307447,40,0.4996251594386534,0.6008818642591026,40,0.15375504994833625,1.148857169047482,0.08543324952774493,0.10078196945545013,0.1862152189831951,0.0,0.11432612216776801,0.11744830587139503,0.12315052738092555,0.11880884480461788,0.1862152189831951,0.15159980875449233,0.1862152189831951,0.45,0.75,7.574375000000002,9.825,0.2508467741935484,0.4175403225806452,0.29579212030645885,0.49243340686448905,0.5466388945000072,0.9099737294451344,1.228334128605403,1.228334128605403,0.18589002801238577,0.4089580616272487,0.2948390907093015,0.5239989899988386,0.25313064919868583,0.49341646892748,0.26942084606902716,0.5012353682805692,0.3183603991602687,0.6816952341053958,0.2591806184866989,0.5549754079367337,0.31795774196608984,0.6812925769112169
E,12,SmartAspirationNegotiator,ConcederTBNegotiator,0.75,0.43852900965351455,40,6.7,2.5640512815384513,40,0.6498976282157181,0.37952708113395595,40,0.12186603097796438,0.07077030302772748,40,0.7717636591936825,0.4502973841616834,40,1.228334128605403,0.0,40,0.209854240012486,0.31206067668090137,40,0.581464347116006,0.16738622584751053,40,0.6118382846613811,0.1415027363520238,40,0.5929813915406561,0.1496703954042681,40,0.45657046941172047,0.4502973841616834,40,0.37169892033374563,0.3665919342914712,40,0.4561678122175417,0.4502973841616834,40,0.1359015480751811,0.7946077245392444,0.11761666098968443,0.02193194413025706,0.1395486051199415,0.0,0.09670860563553411,0.051873528816513186,0.04385215231783268,0.04638333608199754,0.1395486051199415,0.1136080174523677,0.1395486051199415,0.6,0.875,5.875,7.425,0.5200793928951551,0.7580794909828539,0.10159252769278225,0.14203867106272286,0.6177382557714093,0.9001181620455769,1.228334128605403,1.228334128605403,0.12090326133964316,0.2988052186853289,0.5337519318131496,0.6291767624188624,0.5715037990181662,0.6602396674332391,0.5503187648644519,0.6441765435521013,0.3282159665598262,0.6105958728339937,0.2672041417040723,0.4970926546893537,0.32781330936564734,0.584522315069436
E,12,SmartAspirationNegotiator,GeniusBOABaselineNegotiator,0.6,0.49613893835683376,40,8.725,3.70714832694198,40,0.28224060880007906,0.23271740660699286,40,0.3847292393083327,0.3174454442118995,40,0.6669698481084116,0.5501628508188923,40,1.228334128605403,0.0,40,0.32862372530801603,0.3431101640059364,40,0.45179469664329436,0.3439434752857168,40,0.41610562994026196,0.36196607472043785,40,0.42462965863772917,0.3508756531214454,40,0.5613642804969914,0.5501628508188923,40,0.45701268687725866,0.44789348273138285,40,0.5609616233028125,0.5501628508188923,40,0.15375504994833625,1.148857169047482,0.07211987149247023,0.09837736238224469,0.1704972338747149,0.0,0.10633094144804278,0.10658918728915631,0.11217444871907332,0.10873749145756775,0.1704972338747149,0.13880362834849344,0.1704972338747149,0.45,0.75,7.525,9.75,0.21188206950328511,0.352599148096873,0.2887544770986029,0.4811038963606009,0.5006365466018879,0.8333031496149355,1.228334128605403,1.228334128605403,0.22488962862263423,0.4323578219933978,0.3478086610708318,0.5557807322157569,0.3066707377951596,0.5255405220853643,0.3185477853976909,0.5307115318777674,0.3950309789904676,0.7276975820035151,0.3215989605686268,0.5924264131858904,0.3946283217962887,0.7272949248093361
E,12,SmartAspirationNegotiator,LinearTBNegotiator,0.7,0.46409548089225705,40,8.125,3.3450115940161647,40,0.4575,0.3027848742272871,40,0.31657929900298076,0.20933962052312485,40,0.7740792990029808,0.512124494750412,40,1.228334128605403,0.0,40,0.28220182833975826,0.3058775636313128,40,0.3582288571570877,0.33780182858823465,40,0.3794589846541236,0.31451499721864645,40,0.3620088833988391,0.32284355814212395,40,0.4542548296024223,0.512124494750412,40,0.36981373310710125,0.41692604872247246,40,0.45385217240824344,0.512124494750412,40,0.14382467959824716,1.0366298328026307,0.09383400467337255,0.06487502052610356,0.15870902519947613,0.0,0.09479243904936717,0.10468587125864305,0.09746920745025967,0.10005025522092675,0.15870902519947613,0.12920672112210008,0.15870902519947613,0.55,0.825,7.05,9.05,0.3596370967741935,0.5390524193548387,0.2489187757457878,0.38423982226017384,0.6085558725199813,0.9396027254859802,1.228334128605403,1.228334128605403,0.19981642053443954,0.3810643177061407,0.2672449318399347,0.4674095675376713,0.2778047959684348,0.4811131733398123,0.2576628259276156,0.4663549408700627,0.31631864086658934,0.6197782560854217,0.257518401141979,0.504568131465248,0.31591598367241047,0.6193755988912428
E,12,SmartAspirationNegotiator,SmartAspirationNegotiator,0.6,0.49613893835683376,40,8.725,3.70714832694198,40,0.33419354838709675,0.2756772004256924,40,0.394112763585474,0.3252046638334102,40,0.7283063119725708,0.6008818642591026,40,1.228334128605403,0.0,40,0.2974240448198172,0.36890912459674874,40,0.40941904035407006,0.37898383049156653,40,0.37327355906308285,0.39738383834148494,40,0.38532810717479815,0.38337403648577056,40,0.5000278166328322,0.6008818642591026,40,0.40707801321171627,0.4891843760307447,40,0.4996251594386534,0.6008818642591026,40,0.15375504994833625,1.148857169047482,0.08543324952774493,0.10078196945545013,0.1862152189831951,0.0,0.11432612216776801,0.11744830587139503,0.12315052738092555,0.11880884480461788,0.1862152189831951,0.15159980875449233,0.1862152189831951,0.425,0.75,7.55,9.825,0.2508467741935484,0.4175403225806452,0.29579212030645885,0.49243340686448905,0.5466388945000072,0.9099737294451344,1.228334128605403,1.228334128605403,0.18589002801238577,0.4089580616272487,0.2948390907093015,0.5239989899988386,0.25313064919868583,0.49341646892748,0.26942084606902716,0.5012353682805692,0.3183603991602687,0.6816952341053958,0.25918061848669893,0.5549754079367336,0.31795774196608984,0.6812925769112169
E,24,BoulwareTBNegotiator,BoulwareTBNegotiator,0.2,0.40509574683346666,40,11.775,8.01437010657283,40,0.08353597555711818,0.1675668914367946,40,0.1027190714517264,0.2063737616777814,40,0.1862550470088446,0.37394065311457597,40,1.228334128605403,0.0,40,0.6288813047019767,0.2322794855421682,40,0.7415449318738329,0.2556030751301247,40,0.7244875009448721,0.26201126554063003,40,0.7210388132752188,0.25909587398257733,40,1.0420790815965586,0.373940653114576,40,0.8483677668222812,0.30442909987295713,40,1.0416764244023795,0.373940653114576,40,0.12554047258318832,2.4836790277369802,0.05192951766269469,0.063955891347459,0.11588540901015368,0.0,0.07198415834844944,0.07921221364672465,0.08119813242969479,0.08029464322541677,0.1158854090101537,0.09434355548007523,0.1158854090101537,0.075,0.325,9.225,14.175,0.031830023091983836,0.13524192802225254,0.0390385208377808,0.16639962206567208,0.07086854392976462,0.3016415500879246,1.228334128605403,1.228334128605403,0.5572070501097477,0.7005555592942057,0.662673739961763,0.8204161237859026,0.6436389399599978,0.8053360619297465,0.6410898518235539,0.8009877747268834,0.9266925785174784,1.1343882840598225,0.7544303760163407,0.9423051576282215,0.9262899213232995,1.1339856268656434
E,24,BoulwareTBNegotiator,ConcederTBNegotiator,0.375,0.49029033784546006,40,10.1,6.1510891259920335,40,0.35249688965346754,0.4598144631571363,40,0.05084620128560924,0.06539297824201291,40,0.40334309093907683,0.5252074413991492,40,1.228334128605403,0.0,40,0.46472507003096447,0.36456033854517866,40,0.7475417904699146,0.15715053733083767,40,0.7565694499662378,0.12718229232779502,40,0.7446964829957953,0.13631466248776222,40,0.8249910376663262,0.5252074413991492,40,0.6716340598652788,0.42757701603182424,40,0.8245883804721474,0.5252074413991492,40,0.15194254987178032,1.9062422694252663,0.14249797845708456,0.02026549391420624,0.16276347237129082,0.0,0.1129784194077543,0.04870145608150695,0.03941420073612466,0.04224435156996742,0.16276347237129082,0.13250749008829169,0.16276347237129082,0.225,0.525,8.125,11.9,0.2118207144372418,0.49317306486969326,0.030839796959130906,0.07085260561208759,0.24266051139637274,0.5640256704817809,1.228334128605403,1.228334128605403,0.35319105322353295,0.5762590868383959,0.6994629710846226,0.7956206098552066,0.7176591505444645,0.7954797493880111,0.7029922155549604,0.78640075043663,0.6643084581236222,0.9856736172090302,0.540820646966676,0.8024474727638815,0.6639058009294433,0.9852709600148515
E,24,BoulwareTBNegotiator,GeniusBOABaselineNegotiator,0.2,0.40509574683346666,40,11.775,8.01437010657283,40,0.10194846704485513,0.20486100138824287,40,0.10239173920950054,0.20571075718214563,40,0.20434020625435564,0.4105717585703884,40,1.228334128605403,0.0,40,0.6213378187452442,0.2475586559290199,40,0.7250504349440532,0.2890123278921818,40,0.7106680046041367,0.2900023614956928,40,0.7056554503839155,0.2902545483788908,40,1.0239939223510475,0.4105717585703884,40,0.8336444445402208,0.3342508760515624,40,1.0235912651568686,0.4105717585703884,40,0.12554047258318832,2.4836790277369802,0.06348708207671684,0.06375042412555526,0.1272375062022721,0.0,0.07671922230811369,0.08956584834465708,0.08987266293708258,0.08995081646188119,0.1272375062022721,0.10358541966649744,0.1272375062022721,0.075,0.325,9.424375000000001,14.1,0.0387347073998852,0.16516222668982508,0.0389157712469461,0.165867707172055,0.10298842416833613,0.33102993386188,1.228334128605403,1.228334128605403,0.5449488854300574,0.6977267520604309,0.635870182450871,0.8142306874372351,0.6211822584063027,0.8001537508019707,0.6160918871251863,0.7773063009908989,0.897304194743523,1.1506836499585718,0.7299892799718326,0.9166717156621615,0.8969015375493441,1.1502809927643929
E,24,BoulwareTBNegotiator,LinearTBNegotiator,0.35,0.48304589153964794,40,10.825,6.894395717370181,40,0.2565236166116506,0.3529232169966033,40,0.14591150960253643,0.20023124327545025,40,0.4024351262141869,0.5531544602720534,40,1.228334128605403,0.0,40,0.49547914124984593,0.34238426775417447,40,0.6337616930260682,0.32291914012738854,40,0.6408366133132304,0.2939797769917921,40,0.6294248318489941,0.30298338604248226,40,0.8258990023912162,0.5531544602720534,40,0.6723732436946174,0.4503289841014847,40,0.8254963451970372,0.5531544602720534,40,0.14969747270189077,2.1365953686252266,0.10937203807658534,0.06205230517281424,0.17142434324939954,0.0,0.10610598386898919,0.10007367832083107,0.09110527676959777,0.09389552412226272,0.17142434324939954,0.13955839804274373,0.17142434324939954,0.2,0.5,8.674375000000001,12.9,0.1651960576835265,0.3661166873253994,0.08373380140262657,0.20808921780244632,0.23066434730052823,0.5742059051278456,1.228334128605403,1.228334128605403,0.3891587251928329,0.5840794879640235,0.533485773351607,0.7340376127005295,0.5495472196528987,0.732126006973562,0.5353395519566133,0.7235101117413747,0.6541282234775574,0.9976697813048748,0.532532808658688,0.8122136787305466,0.6537255662833784,0.9972671241106958
E,24,BoulwareTBNegotiator,SmartAspirationNegotiator,0.225,0.4229020617662602,40,11.575,7.7588245871626045,40,0.13671370967741936,0.2554464873088137,40,0.13505419957778883,0.2522827119576234,40,0.2717679092552082,0.5077291992664372,40,1.228334128605403,0.0,40,0.5762590868383959,0.3144531044329033,40,0.6799036257642516,0.35304843965079924,40,0.6670250662702942,0.3511405293694657,40,0.6579417924883588,0.359025729761956,40,0.9565662193501948,0.5077291992664372,40,0.7787508277053561,0.41334779148641804,40,0.9561635621560161,0.5077291992664372,40,0.13105870675153408,2.404484650792646,0.0791636865781444,0.07818322243888808,0.15734690901703252,0.0,0.09745002667723891,0.10941084497917261,0.10881957745726649,0.11126322637588454,0.15734690901703252,0.12809780771594884,0.15734690901703252,0.1,0.35,9.15,13.9,0.061209677419354847,0.2122177419354839,0.06048530562869139,0.20962309352688635,0.1216949830480462,0.4218408354623701,1.228334128605403,1.228334128605403,0.48331407283220307,0.6692041008445887,0.5755507295593111,0.7842565219691922,0.5424783114367097,0.7708140286316147,0.5518221485386234,0.7640614364380941,0.8064932931430329,1.106639145557357,0.6321396514344029,0.9009268079311503,0.806090635948854,1.106236488363178
E,24,ConcederTBNegotiator,BoulwareTBNegotiator,0.375,0.49029033784546006,40,10.1,6.1510891259920335,40,0.04100495416959656,0.052557166398407365,40,0.3244414004127233,0.4231025318764893,40,0.3654463545823198,0.4756596982748967,40,1.228334128605403,0.0,40,0.48412634525440995,0.33919431778801623,40,0.7655947990708913,0.13354729550123795,40,0.7373399119404485,0.152323776848532,40,0.7420069946950615,0.13983100949469068,40,0.8628877740230833,0.4756596982748966,40,0.7024861997466181,0.3872396664700182,40,0.8624851168289045,0.4756596982748966,40,0.15194254987178032,1.9062422694252663,0.016287634611976708,0.13112083308234274,0.14740846769431948,0.0,0.10511740813251556,0.04138673565566805,0.04720562751077743,0.043334078797337576,0.14740846769431945,0.12000681594810088,0.14740846769431945,0.225,0.525,8.15,11.95,0.024925553146919226,0.05708435519227391,0.19499691643539935,0.4538858843900472,0.21992246958231848,0.5109702395823211,1.228334128605403,1.228334128605403,0.3803528385363567,0.5878998519724632,0.7247371831259901,0.8064524150157926,0.6907377973083595,0.7839420265725374,0.6992269319339331,0.7847870574561898,0.717363889023082,1.0084116590230845,0.5840136428005511,0.8209587566926851,0.7169612318289031,1.0080090018289056
E,24,ConcederTBNegotiator,ConcederTBNegotiator,0.775,0.42290206176626033,40,2.525,0.9604352645732545,40,0.4730082368889364,0.2576711078231527,40,0.3698585513571638,0.20137142538019767,40,0.8428667882461001,0.4590425332033504,40,1.228334128605403,0.0,40,0.2395839418815177,0.27500975670338274,40,0.2859134770854258,0.3174905098236138,40,0.30155028387075034,0.30137633304319006,40,0.2844031678728038,0.3080658628331503,40,0.3854673403593029,0.4590425332033504,40,0.31381309969539456,0.3737114540035839,40,0.38506468316512404,0.4590425332033504,40,0.1310587067515341,0.2976419721573951,0.07985310361811936,0.062405651267854155,0.14225875488597353,0.0,0.08522640657524193,0.09839132836000695,0.09339749323802263,0.0954705999979812,0.14225875488597353,0.11581437946976847,0.14225875488597353,0.6493750000000011,0.9,2.225,2.8,0.3968466586186084,0.5491698151592642,0.31033784798817177,0.4293792547261558,0.7071845066067801,0.97854906988542,1.228334128605403,1.228334128605403,0.15829746282215873,0.33712771675274833,0.1920706767874066,0.379756277383445,0.2124704589272147,0.408446073802993,0.19334607372359755,0.37546026202201,0.24978505871998297,0.5211496219986229,0.2033526976927508,0.4242735016980383,0.2493824015258041,0.520746964804444
E,24,ConcederTBNegotiator,GeniusBOABaselineNegotiator,0.375,0.49029033784546006,40,10.1,6.1510891259920335,40,0.04100495416959656,0.052557166398407365,40,0.3244414004127233,0.4231025318764893,40,0.3654463545823198,0.4756596982748967,40,1.228334128605403,0.0,40,0.48412634525440995,0.33919431778801623,40,0.7655947990708913,0.13354729550123795,40,0.7373399119404485,0.152323776848532,40,0.7420069946950615,0.13983100949469068,40,0.8628877740230833,0.4756596982748966,40,0.7024861997466181,0.3872396664700182,40,0.8624851168289045,0.4756596982748966,40,0.15194254987178032,1.9062422694252663,0.016287634611976708,0.13112083308234274,0.14740846769431948,0.0,0.10511740813251556,0.04138673565566805,0.04720562751077743,0.043334078797337576,0.14740846769431945,0.12000681594810088,0.14740846769431945,0.225,0.525,8.175,12.1,0.024925553146919226,0.05976425536272012,0.19499691643539935,0.4538858843900472,0.21992246958231848,0.5109702395823211,1.228334128605403,1.228334128605403,0.3803528385363567,0.5878998519724632,0.7247371831259901,0.8064524150157926,0.6907377973083595,0.7839420265725374,0.699226931933933,0.7847870574561898,0.7173638890230819,1.0084116590230845,0.5840136428005511,0.8209587566926851,0.7169612318289031,1.0080090018289056
E,24,ConcederTBNegotiator,LinearTBNegotiator,0.65,0.48304589153964794,40,6.7,3.4729725684978363,40,0.15229838709677418,0.11258085697980506,40,0.44603524751535845,0.3308530364595667,40,0.5983336346121326,0.4434338934393718,40,1.228334128605403,0.0,40,0.2867989097116189,0.33944095723699097,40,0.5729703094355553,0.21905650327537543,40,0.5357981610073367,0.23635586890334226,40,0.5450126866166308,0.2258755770237076,40,0.6300004939932704,0.4434338934393718,40,0.51289016507955,0.3610042928163424,40,0.6295978367990915,0.4434338934393718,40,0.14969747270189077,1.0762853496383538,0.03488916904100519,0.10253241826750628,0.13742158730851148,0.0,0.10519384248963724,0.06788631368898747,0.07324744264010707,0.06999956653757183,0.13742158730851148,0.11187638941900437,0.13742158730851148,0.5,0.8,5.6,7.675624999999997,0.11733870967741936,0.18725806451612903,0.34329561896629424,0.5487748760644227,0.4606343286437136,0.7360329405805517,1.228334128605403,1.228334128605403,0.18139247840286715,0.39220534102037063,0.5049468026284193,0.6409938162426913,0.4624026908119518,0.6091936312027215,0.4748716562363421,0.6151537169969197,0.4923011880248513,0.7676997999616895,0.40078768191826486,0.6249926482408352,0.4918985308306724,0.7672971427675106
E,24,ConcederTBNegotiator,SmartAspirationNegotiator,0.375,0.49029033784546006,40,10.1,6.1510891259920335,40,0.041077846365923605,0.052652468637243335,40,0.3386939917929742,0.4417369527911468,40,0.3797718381588978,0.49438942142839015,40,1.228334128605403,0.0,40,0.4732451148104254,0.35342088352283096,40,0.7724153239014606,0.124629862372003,40,0.7441355579542916,0.1434388713018511,40,0.7490414549757223,0.13063386840784896,40,0.8485622904465051,0.49438942142839015,40,0.6908236697859448,0.40248773514882175,40,0.8481596332523264,0.49438942142839015,40,0.15194254987178032,1.9062422694252663,0.016317169081778538,0.13689569995326514,0.1532128690350437,0.0,0.10952626653091947,0.03862319449774679,0.04445216675512587,0.04048385524529662,0.1532128690350437,0.12473224138858287,0.1532128690350437,0.225,0.525,8.2,11.900624999999996,0.02496928846471545,0.05718640426713175,0.20354847126354994,0.4738395123223986,0.22851775972826535,0.5310259165895304,1.228334128605403,1.228334128605403,0.36511911591477836,0.5813711137060725,0.7342859178887869,0.8105447299141343,0.7002517017277399,0.7880194141808434,0.7090751763268581,0.7890077336245863,0.6973082120158727,0.9998163688771378,0.5676861008556084,0.8139612387162811,0.6969055548216938,0.9994137116829588
E,24,GeniusBOABaselineNegotiator,BoulwareTBNegotiator,0.2,0.40509574683346666,40,11.775,8.01437010657283,40,0.08353597555711818,0.1675668914367946,40,0.1027190714517264,0.2063737616777814,40,0.1862550470088446,0.37394065311457597,40,1.228334128605403,0.0,40,0.6288813047019767,0.2322794855421682,40,0.7415449318738329,0.2556030751301247,40,0.7244875009448721,0.26201126554063003,40,0.7210388132752188,0.25909587398257733,40,1.0420790815965586,0.373940653114576,40,0.8483677668222812,0.30442909987295713,40,1.0416764244023795,0.373940653114576,40,0.12554047258318832,2.4836790277369802,0.05192951766269469,0.063955891347459,0.11588540901015368,0.0,0.07198415834844944,0.07921221364672465,0.08119813242969479,0.08029464322541677,0.1158854090101537,0.09434355548007523,0.1158854090101537,0.075,0.325,9.25,14.100624999999996,0.031830023091983836,0.13524192802225254,0.05177463096056991,0.16639962206567205,0.07086854392976462,0.30164155008792454,1.228334128605403,1.228334128605403,0.5572070501097477,0.7005555592942057,0.662673739961763,0.8204161237859026,0.6436389399599978,0.8053360619297465,0.641089851823554,0.8009877747268834,0.9266925785174784,1.1349652165752147,0.7544303760163408,0.9235176794670334,0.9262899213232995,1.1570629274814594
E,24,GeniusBOABaselineNegotiator,ConcederTBNegotiator,0.375,0.49029033784546006,40,10.1,6.1510891259920335,40,0.35249688965346754,0.4598144631571363,40,0.05084620128560924,0.06539297824201291,40,0.40334309093907683,0.5252074413991492,40,1.228334128605403,0.0,40,0.46472507003096447,0.36456033854517866,40,0.7475417904699146,0.15715053733083767,40,0.7565694499662378,0.12718229232779502,40,0.7446964829957953,0.13631466248776222,40,0.8249910376663262,0.5252074413991492,40,0.6716340598652788,0.42757701603182424,40,0.8245883804721474,0.5252074413991492,40,0.15194254987178032,1.9062422694252663,0.14249797845708456,0.02026549391420624,0.16276347237129082,0.0,0.1129784194077543,0.04870145608150695,0.03941420073612466,0.04224435156996742,0.16276347237129082,0.13250749008829169,0.16276347237129082,0.225,0.525,8.15,11.925,0.2118207144372418,0.49317306486969326,0.030839796959130906,0.07085260561208757,0.24266051139637274,0.5640256704817809,1.228334128605403,1.228334128605403,0.35319105322353295,0.5762590868383959,0.6994629710846226,0.7956206098552066,0.7176591505444645,0.7954797493880111,0.7029922155549604,0.78640075043663,0.6643084581236222,0.9856736172090302,0.540820646966676,0.8024474727638816,0.6639058009294433,0.9852709600148515
E,24,GeniusBOABaselineNegotiator,GeniusBOABaselineNegotiator,0.2,0.40509574683346666,40,11.775,8.01437010657283,40,0.10194846704485513,0.20486100138824287,40,0.10239173920950054,0.20571075718214563,40,0.20434020625435564,0.4105717585703884,40,1.228334128605403,0.0,40,0.6213378187452442,0.2475586559290199,40,0.7250504349440532,0.2890123278921818,40,0.7106680046041367,0.2900023614956928,40,0.7056554503839155,0.2902545483788908,40,1.0239939223510475,0.4105717585703884,40,0.8336444445402208,0.3342508760515624,40,1.0235912651568686,0.4105717585703884,40,0.12554047258318832,2.4836790277369802,0.06348708207671684,0.06375042412555526,0.1272375062022721,0.0,0.07671922230811369,0.08956584834465708,0.08987266293708258,0.08995081646188119,0.1272375062022721,0.10358541966649744,0.1272375062022721,0.075,0.325,9.35,14.35,0.0387347073998852,0.16516222668982508,0.038915771246946104,0.165867707172055,0.10298842416833613,0.33102993386188,1.228334128605403,1.228334128605403,0.5449488854300574,0.6977267520604309,0.6358701824508711,0.7968405382010623,0.6211822584063027,0.8001537508019707,0.6160918871251863,0.7952190136426448,0.897304194743523,1.125345704437067,0.7305049773079928,0.936783911772449,0.8969015375493441,1.1502809927643929
E,24,GeniusBOABaselineNegotiator,LinearTBNegotiator,0.35,0.48304589153964794,40,10.825,6.894395717370181,40,0.2559261974272863,0.35209870018936296,40,0.12885386275765554,0.1766894540532961,40,0.38478006018494176,0.528788154242659,40,1.228334128605403,0.0,40,0.5027520434397899,0.3323467091186829,40,0.6489402972803487,0.3019706760578558,40,0.6550445578441726,0.27437095061209255,40,0.6436594923619948,0.28333768810457743,40,0.8435540684204612,0.528788154242659,40,0.6867464224723576,0.4304921127959069,40,0.8431514112262825,0.528788154242659,40,0.14969747270189077,2.1365953686252266,0.10911651767074834,0.05475662910732839,0.1638731467780767,0.0,0.10299531222029597,0.09358168204652259,0.08502843851653863,0.08780725925493238,0.1638731467780767,0.13341088793497186,0.1638731467780767,0.2,0.5,8.725,12.95,0.1465891635068364,0.36526323134773614,0.0739865746341232,0.18372115088118787,0.22057573814095957,0.548984382228924,1.228334128605403,1.228334128605403,0.3995485854641812,0.6059555014153982,0.5551694937148649,0.7427111008458327,0.5698442832685304,0.7402448324198149,0.5556747812609002,0.7316442034630894,0.679349746376479,1.0077583904644434,0.5530659211983169,0.8204269237463983,0.6789470891823001,1.0073557332702645
E,24,GeniusBOABaselineNegotiator,SmartAspirationNegotiator,0.225,0.4229020617662602,40,11.575,7.7588245871626045,40,0.13671370967741936,0.2554464873088137,40,0.13505419957778883,0.2522827119576234,40,0.2717679092552082,0.5077291992664372,40,1.228334128605403,0.0,40,0.5762590868383959,0.3144531044329033,40,0.6799036257642516,0.35304843965079924,40,0.6670250662702942,0.3511405293694657,40,0.6579417924883588,0.359025729761956,40,0.9565662193501948,0.5077291992664372,40,0.7787508277053561,0.41334779148641804,40,0.9561635621560161,0.5077291992664372,40,0.13105870675153408,2.404484650792646,0.0791636865781444,0.07818322243888808,0.15734690901703252,0.0,0.09745002667723891,0.10941084497917261,0.10881957745726649,0.11126322637588454,0.15734690901703252,0.12809780771594884,0.15734690901703252,0.1,0.35,9.275,13.975,0.061209677419354847,0.2122177419354839,0.06048530562869139,0.20962309352688635,0.12169498304804623,0.4518554207038026,1.228334128605403,1.228334128605403,0.48331407283220307,0.6692041008445887,0.554680150318323,0.7842565219691922,0.5424783114367097,0.7708140286316147,0.5518221485386234,0.7640614364380941,0.8064932931430329,1.106639145557357,0.6321396514344029,0.9009268079311503,0.7760760507074216,1.106236488363178
E,24,LinearTBNegotiator,BoulwareTBNegotiator,0.275,0.45220258677630265,40,11.1,7.196152818320035,40,0.06675488753799089,0.10844383025154865,40,0.1878859397360785,0.307589431599147,40,0.25464082727406934,0.41603326185069567,40,1.228334128605403,0.0,40,0.5488207975659867,0.32022407911457496,40,0.7409279668379207,0.2085243796102512,40,0.7172236295874684,0.2246568250219315,40,0.7182621457717743,0.21491134441203633,40,0.9736933013313337,0.41603326185069567,40,0.7926941690017378,0.338697144500122,40,0.9732906441371547,0.41603326185069567,40,0.14013903352723936,2.230110863060055,0.033607091175181285,0.09532295242888747,0.1289300436040688,0.0,0.09923847025993718,0.06462237474971286,0.06962187137917862,0.06660171564839162,0.1289300436040688,0.1049633325343246,0.1289300436040688,0.125,0.425,8.874375,13.300624999999997,0.03677832575386013,0.10272676167894779,0.10286059916032164,0.28991634842698677,0.13963892491418176,0.3926431101059345,1.228334128605403,1.228334128605403,0.4425993533022286,0.637338667785785,0.6717584002405258,0.7985692723357497,0.6427027738057216,0.7793243427389243,0.6588553249417252,0.7776689666018235,0.8586913989714461,1.0886952036912212,0.6803450291235299,0.8863184522335779,0.8352883613052896,1.0882925464970423
E,24,LinearTBNegotiator,ConcederTBNegotiator,0.7,0.4640954808922571,40,5.4,2.6194538479496945,40,0.5048759144499135,0.33419479965492005,40,0.3519675514125097,0.23280180340874906,40,0.8568434658624232,0.5669966030636692,40,1.228334128605403,0.0,40,0.22306803361486294,0.3450828877739333,40,0.3455806911270322,0.34618748101126856,40,0.37694110461925073,0.31618433542666546,40,0.35964643154616527,0.32440984846876886,40,0.3714906627429798,0.5669966030636692,40,0.3024345364113216,0.46159802114056075,40,0.37108800554880095,0.5669966030636692,40,0.14382467959824718,0.8117771577509149,0.10356804141113367,0.072146026332307,0.1757140677434407,0.0,0.10694229487756231,0.10728461186832616,0.0979865407206631,0.1005356536220369,0.1757140677434407,0.1430507088026112,0.1757140677434407,0.55,0.825,4.55,6.2,0.3968610295562685,0.6128907993435586,0.27672383121041766,0.4272112716146017,0.6735848607666861,1.0401020709581605,1.228334128605403,1.228334128605403,0.13012301960867004,0.33460205042229435,0.23368965945429387,0.45747172279977055,0.27474737021180357,0.47913483902669796,0.2722695172512158,0.46449872870010456,0.21877515849653215,0.5547492678387169,0.17748556837936438,0.4516273340614211,0.21837250130235328,0.554346610644538
E,24,LinearTBNegotiator,GeniusBOABaselineNegotiator,0.275,0.45220258677630265,40,11.1,7.196152818320035,40,0.06675488753799089,0.10844383025154865,40,0.1878859397360785,0.307589431599147,40,0.25464082727406934,0.41603326185069567,40,1.228334128605403,0.0,40,0.5488207975659867,0.32022407911457496,40,0.7409279668379207,0.2085243796102512,40,0.7172236295874684,0.2246568250219315,40,0.7182621457717743,0.21491134441203633,40,0.9736933013313337,0.41603326185069567,40,0.7926941690017378,0.338697144500122,40,0.9732906441371547,0.41603326185069567,40,0.14013903352723936,2.230110863060055,0.033607091175181285,0.09532295242888747,0.1289300436040688,0.0,0.09923847025993718,0.06462237474971286,0.06962187137917862,0.06660171564839162,0.1289300436040688,0.1049633325343246,0.1289300436040688,0.15,0.4,8.824375,13.3,0.03677832575386013,0.10272676167894779,0.10286059916032164,0.28991634842698677,0.13963892491418176,0.3926431101059345,1.228334128605403,1.228334128605403,0.4425993533022286,0.637338667785785,0.6717584002405259,0.7985692723357497,0.6427027738057216,0.7793243427389243,0.6588553249417252,0.7776689666018235,0.8356910184994686,1.0886952036912212,0.6803450291235299,0.8863184522335779,0.8352883613052896,1.0882925464970423
E,24,LinearTBNegotiator,LinearTBNegotiator,0.45,0.5038314736557788,40,8.95,5.113832423073917,40,0.22372889951007605,0.24958965652219153,40,0.23818164567470768,0.2657447410009489,40,0.4619105451847837,0.5153343975231404,40,1.228334128605403,0.0,40,0.4669014009089495,0.30975414696371945,40,0.5466325405457136,0.35951879892598126,40,0.5283407622828621,0.3644430662026418,40,0.524869772660536,0.3628564927183156,40,0.7664235834206193,0.5153343975231404,40,0.6239536666548403,0.4195392650273656,40,0.7660209262264405,0.5153343975231404,40,0.1561389913358755,1.584793086874475,0.07734863591286407,0.08235514846190421,0.15970378437476823,0.0,0.09599380467061253,0.1114160300929114,0.11294207633227622,0.1124503921154776,0.15970378437476823,0.13001656524523092,0.15970378437476823,0.3,0.6,7.275,10.525,0.14942141687768512,0.298036382142467,0.15906449393960959,0.31729879740980577,0.3084859108172947,0.6153351795522728,1.228334128605403,1.228334128605403,0.37468183052875165,0.5591209712891473,0.43959710774990335,0.6536679733415239,0.41983928353692584,0.6368422410287984,0.4168406463480873,0.6328988989729848,0.6129989490531303,0.9198482177881084,0.49904902483585845,0.7488583084738221,0.6125962918589515,0.9194455605939295
E,24,LinearTBNegotiator,SmartAspirationNegotiator,0.275,0.45220258677630265,40,11.1,7.196152818320035,40,0.06675488753799089,0.10844383025154865,40,0.1878859397360785,0.307589431599147,40,0.25464082727406934,0.41603326185069567,40,1.228334128605403,0.0,40,0.5488207975659867,0.32022407911457496,40,0.7409279668379207,0.2085243796102512,40,0.7172236295874684,0.2246568250219315,40,0.7182621457717743,0.21491134441203633,40,0.9736933013313337,0.41603326185069567,40,0.7926941690017378,0.338697144500122,40,0.9732906441371547,0.41603326185069567,40,0.14013903352723936,2.230110863060055,0.033607091175181285,0.09532295242888747,0.1289300436040688,0.0,0.09923847025993718,0.06462237474971286,0.06962187137917862,0.06660171564839162,0.1289300436040688,0.1049633325343246,0.1289300436040688,0.15,0.425,8.85,13.176249999999994,0.03677832575386013,0.10272676167894779,0.10286059916032167,0.28991634842698677,0.13963892491418176,0.3926431101059345,1.228334128605403,1.228334128605403,0.4425993533022286,0.637338667785785,0.6717584002405259,0.7985692723357497,0.6427027738057216,0.7793243427389243,0.6469739607757153,0.7776689666018235,0.8356910184994686,1.0886952036912212,0.6803450291235299,0.8863184522335779,0.8352883613052896,1.0882925464970423
E,24,SmartAspirationNegotiator,BoulwareTBNegotiator,0.375,0.4902903378454601,40,13.075,7.173267681522086,40,0.22245656707282238,0.2897944266462106,40,0.23190184776678763,0.3021125357942399,40,0.45435841483961,0.5919069624404505,40,1.228334128605403,0.0,40,0.46472507003096447,0.36456033854517866,40,0.5619334869528017,0.3998224248997123,40,0.5336532490754194,0.4186320508504238,40,0.5394232821099667,0.40469724118891387,40,0.773975713765793,0.5919069624404505,40,0.630101937039339,0.4818778121165419,40,0.7735730565716141,0.5919069624404505,40,0.15194254987178035,2.223018685689141,0.08980822325961234,0.09362564483429657,0.1834338680939089,0.0,0.1129784194077543,0.12390625318488155,0.12973541665900729,0.12541697440446073,0.1834338680939089,0.14933548113832168,0.1834338680939089,0.225,0.525,10.9,15.25,0.13379652088885471,0.31111661325679,0.13947318484783794,0.3243305106857373,0.2732697057366926,0.6354471239425273,1.228334128605403,1.228334128605403,0.35319105322353295,0.5762590868383959,0.4396113461606646,0.6842556277449389,0.40557646929731883,0.6617300288535202,0.4156097343148005,0.6632368299051329,0.5928870046628758,0.9550644228687105,0.48267567501036046,0.7775281990683177,0.5924843474686968,0.9546617656745315
E,24,SmartAspirationNegotiator,ConcederTBNegotiator,0.55,0.5038314736557788,40,10.4,4.876947342817573,40,0.4971370967741935,0.4546672734038843,40,0.09038995232334733,0.08204186690023299,40,0.5875270490975407,0.5367091403041172,40,1.228334128605403,0.0,40,0.3400030324190211,0.3696813784263062,40,0.6672902454783776,0.18362238224098795,40,0.6867159398456824,0.15309996488948624,40,0.6715751623072234,0.16249205284419324,40,0.6408070795078623,0.5367091403041172,40,0.5216879223533476,0.4369406725786195,40,0.6404044223136834,0.5367091403041172,40,0.1561389913358755,1.5113816399369358,0.14090284782648765,0.025425037963917207,0.1663278857904048,0.0,0.11456544610902056,0.056905165812222366,0.04744617067677338,0.05035680888908102,0.1663278857904048,0.13540931731600284,0.1663278857904048,0.4,0.7,8.949375,11.775624999999996,0.361774193548387,0.6325,0.0659645627268199,0.11481534191987475,0.4277387562752069,0.7473153419198747,1.228334128605403,1.228334128605403,0.22994201070160597,0.4500640541364362,0.6126224472634411,0.721958043693314,0.6411352329343218,0.732296646757043,0.6231982561370437,0.7199520684774031,0.48101878668552833,0.8005953723301961,0.39160255787377346,0.6517732868329216,0.4806161294913496,0.8001927151360174
E,24,SmartAspirationNegotiator,GeniusBOABaselineNegotiator,0.375,0.4902903378454601,40,13.075,7.173267681522086,40,0.22245656707282238,0.2897944266462106,40,0.23190184776678763,0.3021125357942399,40,0.45435841483961,0.5919069624404505,40,1.228334128605403,0.0,40,0.46472507003096447,0.36456033854517866,40,0.5619334869528017,0.3998224248997123,40,0.5336532490754194,0.4186320508504238,40,0.5394232821099667,0.40469724118891387,40,0.773975713765793,0.5919069624404505,40,0.630101937039339,0.4818778121165419,40,0.7735730565716141,0.5919069624404505,40,0.15194254987178035,2.223018685689141,0.08980822325961234,0.09362564483429657,0.1834338680939089,0.0,0.1129784194077543,0.12390625318488155,0.12973541665900729,0.12541697440446073,0.1834338680939089,0.14933548113832168,0.1834338680939089,0.225,0.525,10.774375000000001,15.225,0.13379652088885471,0.31111661325679,0.13947318484783794,0.3243305106857373,0.2732697057366926,0.6354471239425272,1.228334128605403,1.228334128605403,0.35319105322353295,0.5762590868383959,0.4396113461606646,0.6842556277449388,0.40557646929731883,0.6617300288535202,0.4156097343148004,0.6632368299051329,0.5928870046628758,0.9550644228687105,0.48267567501036035,0.7775281990683177,0.5924843474686968,0.9546617656745315
E,24,SmartAspirationNegotiator,LinearTBNegotiator,0.4,0.49613893835683387,40,12.7,6.809495632514259,40,0.27594291885617184,0.3412647869033127,40,0.1454699273385675,0.17940351373618477,40,0.4214128461947393,0.5206683006394973,40,1.228334128605403,0.0,40,0.484140155345707,0.3217708547690426,40,0.6143034625562562,0.3143478964442348,40,0.6212527573921963,0.28849541702826464,40,0.6091550796125683,0.2974378635264069,40,0.8069212824106637,0.5206683006394973,40,0.6569232781367127,0.4238816528126932,40,0.806518625216485,0.5206683006394973,40,0.15375504994833628,2.110284559739971,0.10575905315899387,0.05559772491707751,0.16135677807607135,0.0,0.09971782100148388,0.09741742238375961,0.08940565600828526,0.09217694888954123,0.16135677807607135,0.1313622851619932,0.16135677807607135,0.25,0.55,10.624375,14.675624999999997,0.1727667436399461,0.3791190940723975,0.0912300260126347,0.19970982866450027,0.2639967696525808,0.5788289227368978,1.228334128605403,1.228334128605403,0.3868576715817685,0.5814226391096454,0.5192651964149231,0.7093417286975894,0.5340305919690183,0.7084749228153744,0.5192293026180755,0.699080856607061,0.6495052058685052,0.9643373589528222,0.5287691603960603,0.7850773958773651,0.6491025486743264,0.9639347017586435
E,24,SmartAspirationNegotiator,SmartAspirationNegotiator,0.375,0.4902903378454601,40,13.075,7.173267681522086,40,0.22245656707282238,0.2897944266462106,40,0.23190184776678763,0.3021125357942399,40,0.45435841483961,0.5919069624404505,40,1.228334128605403,0.0,40,0.46472507003096447,0.36456033854517866,40,0.5619334869528017,0.3998224248997123,40,0.5336532490754194,0.4186320508504238,40,0.5394232821099667,0.40469724118891387,40,0.773975713765793,0.5919069624404505,40,0.630101937039339,0.4818778121165419,40,0.7735730565716141,0.5919069624404505,40,0.15194254987178035,2.223018685689141,0.08980822325961234,0.09362564483429657,0.1834338680939089,0.0,0.1129784194077543,0.12390625318488155,0.12973541665900729,0.12541697440446073,0.1834338680939089,0.14933548113832168,0.1834338680939089,0.225,0.525,10.725,15.125624999999996,0.1337965208888547,0.31111661325679,0.13947318484783794,0.3243305106857373,0.2732697057366926,0.6354471239425272,1.228334128605403,1.228334128605403,0.35319105322353295,0.5762590868383959,0.4396113461606646,0.6842556277449388,0.40557646929731883,0.6617300288535202,0.4156097343148004,0.6632368299051329,0.5928870046628758,0.9550644228687105,0.48267567501036035,0.7775281990683177,0.5924843474686968,0.9546617656745315
E,36,BoulwareTBNegotiator,BoulwareTBNegotiator,0.075,0.26674678283691844,40,13.075,10.085245633457792,40,0.040732526881720424,0.14200202839015524,40,0.03449678597689698,0.11973941387590792,40,0.07522931285861742,0.2617414422660632,40,1.228334128605403,0.0,40,0.7001038697020562,0.15455750453831468,40,0.8158033309957933,0.18471506209719593,40,0.8031049451157326,0.18046399141463096,40,0.7975961312842699,0.18267182575836963,40,1.1531048157467856,0.2617414422660632,40,0.9387550088313272,0.2130865178868172,40,1.1527021585526067,0.2617414422660632,40,0.08266568444412337,3.1254500024714384,0.044006884523524824,0.03710762880706105,0.08111451333058588,0.0,0.047897866893662766,0.057243790807924605,0.05592637035449995,0.05661058530631057,0.08111451333058588,0.06603619604926207,0.08111451333058588,0.0,0.175,10.073750000000002,16.025,0.0008064516129032258,0.09396729390681001,0.000830190469413411,0.06816338148438056,0.0016366420823166368,0.1733528738936851,1.228334128605403,1.228334128605403,0.6421622132387402,0.7435601120495431,0.7638678230584419,0.8677388389331446,0.7523646917107942,0.8538451985206711,0.7291147708661201,0.8489571515978824,1.054981254711718,1.2266974865230864,0.8588715644573824,0.9986675921117858,1.0545785975175392,1.2262948293289075
E,36,BoulwareTBNegotiator,ConcederTBNegotiator,0.225,0.4229020617662602,40,11.575,7.7588245871626045,40,0.20291684120325545,0.37987955760952036,40,0.03628169548613582,0.0666333980635059,40,0.2391985366893913,0.44651295567302624,40,1.228334128605403,0.0,40,0.5797812447285613,0.30783298072793763,40,0.7862592605721915,0.15314614080307817,40,0.7859318893752193,0.12764745981769315,40,0.7768487400917801,0.1355324262072026,40,0.9891355919160117,0.44651295567302624,40,0.805265903536388,0.36351099043383067,40,0.9887329347218328,0.44651295567302624,40,0.13105870675153408,2.404484650792646,0.11772589458115683,0.020649903999498502,0.13837579858065532,0.0,0.09539842908586203,0.047460480740652365,0.03955835763475572,0.042001934035098706,0.13837579858065532,0.11265322305890925,0.13837579858065532,0.1,0.35,9.125,13.95,0.09063329143083756,0.3152003909756734,0.016586414921290035,0.055976976050981606,0.10721970635212759,0.37117736702665505,1.228334128605403,1.228334128605403,0.48879298510579366,0.670769504351329,0.7409928281494398,0.831525692994943,0.7406563499449182,0.823661505567137,0.7367885114772788,0.8169089687062814,0.8307609955112953,1.1211144222532754,0.676331444486123,0.9127112860782756,0.8567541043845692,1.1207117650590965
E,36,BoulwareTBNegotiator,GeniusBOABaselineNegotiator,0.075,0.26674678283691844,40,13.075,10.085245633457792,40,0.028324430938719565,0.09787109940445791,40,0.03007780070684789,0.10402274582005025,40,0.058402231645567446,0.20189384522450815,40,1.228334128605403,0.0,40,0.7096258404264083,0.12069143711180433,40,0.8278233851341005,0.14196425181827527,40,0.8136922528314251,0.14280892112042515,40,0.8088722653338214,0.14256685935096047,40,1.1699318969598356,0.20189384522450815,40,0.9524541162819642,0.16436394668422152,40,1.1695292397656567,0.20189384522450815,40,0.08266568444412337,3.1254500024714384,0.030330567939837925,0.03223698291509962,0.06256755085493754,0.0,0.03740266386452302,0.043995177442610105,0.04425694317132312,0.044181927451779145,0.06256755085493754,0.05093691480018878,0.06256755085493754,0.0,0.175,10.274375000000001,16.15,0.0008064516129032258,0.06501507003980801,0.000830190469413411,0.06907461435676052,0.0016366420823166368,0.11564086778850945,1.228334128605403,1.228334128605403,0.6643801449288953,0.7435601120495431,0.7746027800687085,0.8677388389331446,0.7601549919124304,0.8538451985206711,0.7554257503150735,0.8489571515978824,1.1126932608168918,1.2266974865230864,0.9062406404521426,0.9986675921117858,1.0938417870146555,1.2262948293289075
E,36,BoulwareTBNegotiator,LinearTBNegotiator,0.15,0.36162028533978946,40,12.575,9.18160786991707,40,0.10819496919321074,0.258892442464052,40,0.07165492540145638,0.17074440570160224,40,0.17984989459466713,0.4296368481656543,40,1.228334128605403,0.0,40,0.6349892991590134,0.2617427222469749,40,0.7589115824639399,0.26236095691426825,40,0.7543601193794156,0.23983881804074905,40,0.7467096048312024,0.24649858024706844,40,1.0484842340107359,0.4296368481656543,40,0.8535822701605948,0.3497719701506994,40,1.048081576816557,0.4296368481656543,40,0.11206728747978564,2.845409758243563,0.08023159914466892,0.05291423953539251,0.13314583868006144,0.0,0.08111491000078005,0.08130650290913814,0.07432681976048205,0.07639070145069565,0.13314583868006144,0.1083954565613425,0.13314583868006144,0.05,0.275,9.824375,15.376249999999994,0.0366026241396724,0.1976854005101337,0.024438435446761067,0.13067553784482552,0.061041059586433466,0.32836093835495916,1.228334128605403,1.228334128605403,0.5445136217502388,0.7073698410860332,0.668222202072936,0.8314630867767431,0.6714558867617028,0.8206835054735858,0.6615033158589692,0.8148746360089891,0.8999731902504438,1.1672930690189696,0.7326778352012691,0.9503058181280555,0.899570533056265,1.1668904118247907
E,36,BoulwareTBNegotiator,SmartAspirationNegotiator,0.075,0.26674678283691844,40,12.85,9.651756848181073,40,0.043983033089257204,0.15356285603618014,40,0.048517517018904624,0.16960587918893796,40,0.09250055010816183,0.32316873522511813,40,1.228334128605403,0.0,40,0.6877931036458274,0.1983422677350742,40,0.8083568176356873,0.21119950852600128,40,0.7916776753013435,0.2211064908759345,40,0.7889182765710896,0.2135356901139304,40,1.1358335784972413,0.32316873522511813,40,0.9246943091834607,0.26309513649354505,40,1.1354309213030622,0.32316873522511813,40,0.08266568444412337,2.991110436113257,0.04758962212933681,0.052561406513654756,0.10015102864299158,0.0,0.061466905587924545,0.06545140578973087,0.06852161142828875,0.06617539596460015,0.10015102864299158,0.08153402751798382,0.10015102864299158,0.0,0.175,9.85,15.9,0.0008064516129032258,0.0871596145656112,0.000830190469413411,0.11210061908489291,0.0016366420823166368,0.2136524274759554,1.228334128605403,1.228334128605403,0.6134370924408731,0.7435601120495431,0.7291807892390777,0.8677388389331446,0.7087876443422398,0.8538451985206711,0.7288794015442968,0.8489571515978824,1.0146817011294478,1.2266974865230864,0.8260632652790271,0.9986675921117858,1.0142790439352687,1.2262948293289075
E,36,ConcederTBNegotiator,BoulwareTBNegotiator,0.175,0.38480764425479264,40,11.95,8.24916468187646,40,0.02140696959614788,0.04529849597463353,40,0.15506297587703693,0.33914259896892895,40,0.1764699454731848,0.38444109494356254,40,1.228334128605403,0.0,40,0.6192538543582785,0.27333713250459846,40,0.8199747858861599,0.10502841561754923,40,0.799368250794309,0.11978940526155939,40,0.7990128869167727,0.10982248477700354,40,1.0518641831322182,0.38444109494356254,40,0.8563339230234195,0.31297762228591675,40,1.0514615259380393,0.38444109494356254,40,0.11925312445511727,2.5564426204776964,0.014038149342261464,0.10510138030442698,0.11913952964668846,0.0,0.08470805496575004,0.032548643214245054,0.0371231212979816,0.034034340639061016,0.11913952964668846,0.0969927700225624,0.11913952964668846,0.075,0.3,9.475,14.45,0.00963524503429379,0.036121625298465486,0.06692995564410921,0.2652292511681966,0.05158901447970754,0.30135087646666203,1.228334128605403,1.228334128605403,0.5304636702930895,0.6902860016104297,0.7858576051383137,0.8540919666340061,0.7604561452754789,0.8304979352093731,0.7633384121445517,0.8275524667345497,0.9269832521387409,1.1517689279270003,0.7546670165317293,0.9376674482167717,0.9265805949445621,1.1513662707328212
E,36,ConcederTBNegotiator,ConcederTBNegotiator,0.75,0.4385290096535146,40,3.275,1.3584965294445257,40,0.3557123655913978,0.20751538530288624,40,0.3567269147750184,0.20809471739822247,40,0.7124392803664161,0.4156101027011086,40,1.228334128605403,0.0,40,0.32006339374049203,0.24762079529544218,40,0.36680430664789626,0.2928990991257286,40,0.35167089848493555,0.29362399795749067,40,0.34641265362757684,0.29384045466898767,40,0.5158948482389869,0.4156101027011087,40,0.419995533971454,0.33835264609392096,40,0.515492191044808,0.4156101027011087,40,0.13590154807518112,0.4210024361949124,0.06430968417428597,0.0644892210506902,0.12879890522497614,0.0,0.0767384794972786,0.09077037122917604,0.09099501970456926,0.09106210033443898,0.12879890522497617,0.10485657137216309,0.12879890522497617,0.625,0.875,2.85,3.675,0.28473118279569887,0.41486335125448026,0.28554756991389735,0.41604303549261923,0.5702787527095963,0.8309063867470993,1.228334128605403,1.228334128605403,0.2494806073556502,0.4047627374023023,0.28331521793368825,0.4502933953621044,0.26797518181231295,0.45210575849208257,0.26265523729919255,0.43058885703760075,0.39742774185830365,0.6580553758958068,0.32355019094806536,0.5164408769948426,0.3970250846641248,0.6576527187016279
E,36,ConcederTBNegotiator,GeniusBOABaselineNegotiator,0.175,0.38480764425479264,40,11.95,8.24916468187646,40,0.029444785064091296,0.0629728550327709,40,0.15391731302924644,0.3366233999885375,40,0.18336209809333773,0.3995962550213084,40,1.228334128605403,0.0,40,0.6134370924408731,0.28612761507961443,40,0.8124506508968572,0.12157324224776983,40,0.791844794411563,0.13633273970326315,40,0.7915496850599121,0.12623332549206942,40,1.0449720305120653,0.3995962550213084,40,0.8507229475895789,0.3253156007925894,40,1.0445693733178865,0.3995962550213084,40,0.11925312445511727,2.5564426204776964,0.019515489961381024,0.10432067245202033,0.12383616241340134,0.0,0.08867186658210513,0.037675938107367385,0.04224995375709161,0.0391201128668888,0.12383616241340134,0.1008163491752847,0.12383616241340134,0.075,0.3,9.475,14.550624999999997,0.013080023091983823,0.04990073752922562,0.06643895728077041,0.26326525771484144,0.07951898037275423,0.313165995244067,1.228334128605403,1.228334128605403,0.5204920784346803,0.6877931036458274,0.7729590880137949,0.8440439012033071,0.7475587914764859,0.8272735967596248,0.7505443518185049,0.8243539516530379,0.915168133361336,1.1488151482326487,0.7450482015022882,0.9352627444594113,0.9147654761671571,1.1490615105242201
E,36,ConcederTBNegotiator,LinearTBNegotiator,0.45,0.5038314736557788,40,8.95,5.113832423073917,40,0.10872207403577394,0.12082508239065684,40,0.3069214165421381,0.3427075411229446,40,0.415643490577912,0.4635326235136014,40,1.228334128605403,0.0,40,0.42489577925826894,0.3567847119816959,40,0.6602301391409601,0.23233203113931325,40,0.6302826311754305,0.250306350577382,40,0.6350925966097056,0.2394482086720677,40,0.812690638027491,0.4635326235136014,40,0.6616201724771618,0.3773668847253117,40,0.8122879808333121,0.4635326235136014,40,0.1561389913358755,1.584793086874475,0.03744408096553384,0.10620616732390374,0.14365024828943757,0.0,0.11056872777055399,0.07200044239771265,0.07757074170165469,0.07420576866299958,0.14365024828943757,0.11694720918691054,0.14365024828943757,0.3,0.6,7.325,10.525,0.07275019989481704,0.14469394817673084,0.2048910078512299,0.4089518252330464,0.2776412077460469,0.5536457734097772,1.228334128605403,1.228334128605403,0.3186743349945108,0.531117223522027,0.5910605725435651,0.7293997057383548,0.5557617753936835,0.7048034869571774,0.5638044116136466,0.7063807816057646,0.6746883551956259,0.9506929208593562,0.5492710325989538,0.7739693123553699,0.6742856980014469,0.9502902636651772
E,36,ConcederTBNegotiator,SmartAspirationNegotiator,0.175,0.38480764425479264,40,12.125,8.494907977044926,40,0.019012096774193545,0.04003240815231311,40,0.15070309226183415,0.3295556472935504,40,0.16971518903602772,0.3695880554458636,40,1.228334128605403,0.0,40,0.6236433008760011,0.26368517493850013,40,0.8200461593441336,0.10487147246197694,40,0.7994572957680429,0.11959360419541487,40,0.7990018071716515,0.10984684803768395,40,1.0586189395693753,0.36958805544586354,40,0.8618330427497648,0.30088560338665976,40,1.0582162823751964,0.36958805544586354,40,0.11925312445511727,2.632599256657542,0.01240617181831462,0.10213035319943498,0.11453652501774962,0.0,0.08171688232650978,0.03250000602643636,0.03706244191892562,0.034041890891768914,0.11453652501774961,0.0932454145418799,0.11453652501774961,0.075,0.3,9.525,14.725624999999996,0.008608870967741933,0.032016129032258055,0.0650614340947366,0.2577551649707061,0.07367030506247853,0.2897712940029642,1.228334128605403,1.228334128605403,0.5379884357520425,0.6921671929751679,0.785979959637697,0.8472991191092827,0.76060879380188,0.8305360973409733,0.7633194182957722,0.8275477182723548,0.9385628346024391,1.1546638235429245,0.7640940789197497,0.9400242138137767,0.9381601774082601,1.1782723873421328
E,36,GeniusBOABaselineNegotiator,BoulwareTBNegotiator,0.075,0.26674678283691844,40,12.925,9.791119733770273,40,0.03871639784946236,0.13483141594830259,40,0.041057069664840254,0.14307187478599304,40,0.07977346751430262,0.27790329073429565,40,1.228334128605403,0.0,40,0.6964550308205761,0.16753505164131524,40,0.8132631508402769,0.19374952722133149,40,0.7985855882417837,0.19653764350286818,40,0.7939472924027899,0.19564937286137024,40,1.1485606610911003,0.27790329073429565,40,0.9350555637456122,0.22624405221876798,40,1.1481580038969217,0.27790329073429565,40,0.08266568444412337,3.0342994418092792,0.0417846887051344,0.044338433356547025,0.08612312206168143,0.0,0.05191965040784772,0.06004360055681977,0.06090764674426319,0.06063236882049554,0.08612312206168143,0.07011375818358306,0.08612312206168143,0.0,0.1506249999999966,9.925,15.975,0.0008064516129032258,0.08926299283154121,0.000830190469413411,0.0812839488602671,0.0016366420823166368,0.18395590142361723,1.228334128605403,1.228334128605403,0.6336482558486203,0.7435601120495431,0.7406289000497868,0.8677388389331446,0.7249061078699339,0.8538451985206711,0.7206008134760001,0.8489571515978824,1.0443782271817859,1.2266974865230864,0.8502395259240474,0.9986675921117858,1.0693700382530034,1.2262948293289075
E,36,GeniusBOABaselineNegotiator,ConcederTBNegotiator,0.2,0.40509574683346666,40,11.775,8.01437010657283,40,0.17562142157135255,0.3540840040649402,40,0.04125335041153728,0.0818762508306167,40,0.2168747719828898,0.435960254895557,40,1.228334128605403,0.0,40,0.5948480896396344,0.3012130389062858,40,0.7851853853487951,0.1672102646671696,40,0.7833860387414668,0.1427135297600765,40,0.7747695388090788,0.150265432042362,40,1.0114593566225132,0.43596025489555695,40,0.8234399200247575,0.3549199234499226,40,1.0110566994283343,0.435960254895557,40,0.12554047258318832,2.4836790277369802,0.10973176971599793,0.025373713012200184,0.13510548272819817,0.0,0.09334688786070809,0.05181899788176758,0.04422738108247838,0.046567739846624885,0.13510548272819814,0.10999082381728743,0.13510548272819817,0.1,0.325,9.5,14.175,0.06636206534732172,0.28488077779538334,0.015988875447709862,0.06651782537536469,0.08235094079503157,0.351398603170748,1.228334128605403,1.228334128605403,0.5019030756334416,0.6877931036458274,0.7335894768585768,0.82646211214097,0.7393490638794642,0.818615618631069,0.7284022808160765,0.821136796802081,0.876935525434655,1.1190784215727998,0.6920191659594863,0.9329572150791501,0.876532868240476,1.1455805306161924
E,36,GeniusBOABaselineNegotiator,GeniusBOABaselineNegotiator,0.075,0.26674678283691844,40,12.925,9.791119733770273,40,0.03871639784946236,0.13483141594830259,40,0.041057069664840254,0.14307187478599304,40,0.07977346751430262,0.27790329073429565,40,1.228334128605403,0.0,40,0.6964550308205761,0.16753505164131524,40,0.8132631508402769,0.19374952722133149,40,0.7985855882417837,0.19653764350286818,40,0.7939472924027899,0.19564937286137024,40,1.1485606610911003,0.27790329073429565,40,0.9350555637456122,0.22624405221876798,40,1.1481580038969217,0.27790329073429565,40,0.08266568444412337,3.0342994418092792,0.0417846887051344,0.044338433356547025,0.08612312206168143,0.0,0.05191965040784772,0.06004360055681977,0.06090764674426319,0.06063236882049554,0.08612312206168143,0.07011375818358306,0.08612312206168143,0.0,0.1506249999999966,9.949375,16.025,0.0008064516129032258,0.07662634408602151,0.000830190469413411,0.09469290859207605,0.0016366420823166368,0.18395590142361723,1.228334128605403,1.228334128605403,0.6336482558486203,0.7435601120495431,0.7406289000497868,0.8677388389331446,0.7249061078699339,0.8538451985206711,0.7206008134760001,0.8489571515978824,1.0704238356591145,1.2266974865230864,0.8502395259240474,0.9986675921117858,1.043975569987607,1.2262948293289075
E,36,GeniusBOABaselineNegotiator,LinearTBNegotiator,0.1,0.3038218101251,40,12.675,9.346293657284964,40,0.06787343480001316,0.20376412231537394,40,0.02871589300821493,0.08472284621948777,40,0.0965893278082281,0.28848696853486167,40,1.228334128605403,0.0,40,0.6827250763767523,0.18483010657132354,40,0.8122690611308652,0.16852928299125616,40,0.8031205810669558,0.1541124509269102,40,0.7965222010729324,0.1593088158231036,40,1.131744800797175,0.28848696853486167,40,0.9213655913656886,0.23486033792971067,40,1.131342143602996,0.28848696853486167,40,0.09415535443739124,2.8964464125049543,0.06314715573028896,0.026255882062765183,0.08940303779305413,0.0,0.05727944345982964,0.05222776589536953,0.047759943350556444,0.04937031351583738,0.08940303779305413,0.07278397278968259,0.08940303779305413,0.025,0.2,9.725,15.6,0.01757319740968071,0.13494041798712314,0.007801616104113791,0.05660159554701646,0.025374813513794503,0.19154201353413955,1.228334128605403,1.228334128605403,0.6218900407039614,0.7283513531313452,0.7567992833285857,0.8538713944825748,0.7523959636132405,0.8411640441572423,0.7440872505479824,0.8358484139666448,1.0367921150712633,1.2029593150916085,0.8440635906195915,0.9793420919252614,1.0363894578770847,1.2025566578974296
E,36,GeniusBOABaselineNegotiator,SmartAspirationNegotiator,0.075,0.26674678283691844,40,12.85,9.651756848181073,40,0.043983033089257204,0.15356285603618014,40,0.048517517018904624,0.16960587918893796,40,0.09250055010816183,0.32316873522511813,40,1.228334128605403,0.0,40,0.6877931036458274,0.1983422677350742,40,0.8083568176356873,0.21119950852600128,40,0.7916776753013435,0.2211064908759345,40,0.7889182765710896,0.2135356901139304,40,1.1358335784972413,0.32316873522511813,40,0.9246943091834607,0.26309513649354505,40,1.1354309213030622,0.32316873522511813,40,0.08266568444412337,2.991110436113257,0.04758962212933681,0.052561406513654756,0.10015102864299158,0.0,0.061466905587924545,0.06545140578973087,0.06852161142828875,0.06617539596460015,0.10015102864299158,0.08153402751798382,0.10015102864299158,0.0,0.175,9.874375,15.75,0.0008064516129032258,0.0871596145656112,0.000830190469413411,0.11210061908489291,0.0016366420823166368,0.2136524274759554,1.228334128605403,1.228334128605403,0.613437092440873,0.7435601120495431,0.74897479633823,0.8677388389331446,0.7295101520820158,0.8538451985206711,0.7088664432020326,0.8489571515978824,1.0146817011294478,1.2266974865230864,0.8260632652790271,0.9986675921117858,1.044567013277217,1.2262948293289075
E,36,LinearTBNegotiator,BoulwareTBNegotiator,0.075,0.26674678283691844,40,12.85,9.651756848181073,40,0.015017979325816338,0.05054505728823043,40,0.04412580943570768,0.15398622760256087,40,0.05914378876152402,0.2045312848907913,40,1.228334128605403,0.0,40,0.698421281103998,0.16054183914324904,40,0.8361822698804412,0.11223484362906246,40,0.8200663963108499,0.1201384909007255,40,0.8164098514390579,0.11575850143191928,40,1.169190339843879,0.20453128489079136,40,0.9518504066734079,0.1665111146288895,40,1.1687876826497001,0.20453128489079136,40,0.08266568444412337,2.991110436113257,0.015664075538461195,0.047720826337075806,0.06338490187553701,0.0,0.0497524314016141,0.0347819383926662,0.03723130405836722,0.03587393125916731,0.06338490187553703,0.051602329040146,0.06338490187553703,0.0,0.175,10.05,15.825624999999995,0.0008064516129032258,0.029347936436336413,0.000830190469413411,0.10185330139076672,0.0016366420823166368,0.13581998433380052,1.228334128605403,1.228334128605403,0.6382361731766046,0.7435601120495431,0.7941068444768367,0.8677388389331446,0.7750279933644215,0.8538451985206711,0.773013451227292,0.8489571515978824,1.1116831931646716,1.2266974865230864,0.889427492755571,0.9986675921117858,1.0921114870774236,1.2262948293289075
E,36,LinearTBNegotiator,ConcederTBNegotiator,0.45,0.5038314736557788,40,8.95,5.113832423073917,40,0.35759986725201154,0.3994750053158462,40,0.11641405156668802,0.12941063792769938,40,0.4740139188186996,0.5288856432435457,40,1.228334128605403,0.0,40,0.4218655464743303,0.360177437868478,40,0.642907980185557,0.25172636196909187,40,0.6550727503232815,0.22255070110546174,40,0.6418231568867144,0.23191250177674674,40,0.7543202097867034,0.5288856432435456,40,0.61410018025236,0.430571479638052,40,0.7539175525925247,0.5288856432435456,40,0.1561389913358755,1.584793086874475,0.12379858674038259,0.04010477219207644,0.16390335893245908,0.0,0.11162014441588089,0.0780108077911712,0.06896917681533997,0.07187042890127184,0.16390335893245903,0.13343548397417548,0.16390335893245903,0.3,0.6,7.3,10.450624999999995,0.23866872870564207,0.4765310057983809,0.0778860978675965,0.1549420052657796,0.3165548265732386,0.6314730110641605,1.228334128605403,1.228334128605403,0.31463402461592593,0.5290970683327345,0.5679643606030277,0.7178515997680861,0.5888152675908183,0.7213302330557447,0.5727784919829918,0.7108678217904372,0.5968611175412425,0.9117793020321645,0.48591104296588467,0.7422893175388352,0.5964584603470636,0.9113766448379856
E,36,LinearTBNegotiator,GeniusBOABaselineNegotiator,0.1,0.3038218101251,40,12.775,9.517830769881472,40,0.02411290322580645,0.07081008316625315,40,0.06834127944211199,0.20511341255201962,40,0.09245418266791844,0.2759234957182728,40,1.228334128605403,0.0,40,0.6735558550907371,0.21268820065687039,40,0.8221758938076226,0.1384301646266667,40,0.80474253411989,0.14918460380210585,40,0.8019809166576893,0.1427240473239143,40,1.1358799459374846,0.2759234957182728,40,0.9247320574143073,0.2246322798435506,40,1.1354772887433058,0.2759234957182728,40,0.09415535443739124,2.94960631445222,0.02194427212290812,0.0635653051067869,0.08550957722969503,0.0,0.06591275626082582,0.042899952475049234,0.046232787704758055,0.04423064050928042,0.08550957722969503,0.06961426474959127,0.08550957722969503,0.025,0.2,9.775,15.725,0.006633064516129031,0.04741935483870967,0.01770796271258806,0.13585236841481058,0.024341027228717088,0.18327172325352023,1.228334128605403,1.228334128605403,0.6035515981319313,0.7260590478098415,0.7766129486821006,0.8563481026517641,0.7556398697191092,0.8415695324204758,0.7550046817174962,0.8372130928628341,1.0450624053518829,1.203993101376686,0.8507965227168288,0.9801837084374162,1.044659748157704,1.2035904441825072
E,36,LinearTBNegotiator,LinearTBNegotiator,0.2,0.40509574683346666,40,11.775,8.01437010657283,40,0.10160708465378983,0.2041695386149208,40,0.08900748752737653,0.17860124002726005,40,0.19061457218116634,0.3827707786421809,40,1.228334128605403,0.0,40,0.6318547418814271,0.22625685176780905,40,0.7340588909165309,0.2707658918922454,40,0.7222229645477405,0.26659803585576797,40,0.7161723735200984,0.26895274421767995,40,1.0377195564242367,0.3827707786421809,40,0.8448186305809301,0.31161779985447624,40,1.0373168992300577,0.3827707786421809,40,0.12554047258318832,2.4836790277369802,0.06327279554318722,0.05534909771882435,0.1186218932620116,0.0,0.07011772480492635,0.08391121924450858,0.08261958727708342,0.08334931895869385,0.1186218932620116,0.09657135668508188,0.1186218932620116,0.075,0.325,9.3,14.125,0.0386066890032357,0.16460748030434394,0.033896676866149576,0.14411829818860347,0.07250336586938527,0.3087257784929474,1.228334128605403,1.228334128605403,0.5620388855263545,0.687707426965485,0.6505089234061474,0.8176088584269143,0.639959068314659,0.8044868607808221,0.6331818872214836,0.7991628598187133,0.9196083501124555,1.1322085214736615,0.7486630296241453,0.9409742315377148,0.9192056929182766,1.1554281055418387
E,36,LinearTBNegotiator,SmartAspirationNegotiator,0.1,0.3038218101251,40,12.775,9.517830769881472,40,0.02444871602016027,0.07183035567669059,40,0.06983245965669649,0.20964394327219754,40,0.09428117567685676,0.2814742989488882,40,1.228334128605403,0.0,40,0.6729034078547815,0.2146704776592621,40,0.8221836155798148,0.13840670419861867,40,0.8046854915948056,0.14935791143435853,40,0.8019921307557087,0.1426899764483222,40,1.1340529529285464,0.28147429894888815,40,0.9232446827933541,0.2291512483402719,40,1.1336502957343675,0.28147429894888815,40,0.09415535443739124,2.94960631445222,0.02226045784967806,0.06496933112312916,0.08722978897280725,0.0,0.06652707026835684,0.042892682013072836,0.04628649629643137,0.044220081835543185,0.08722978897280723,0.07101470759576155,0.08722978897280723,0.025,0.2,9.925,15.675624999999997,0.006717017714717485,0.048090980427417315,0.018080757766234183,0.13883472884397957,0.02479777548095167,0.18692570927139687,1.228334128605403,1.228334128605403,0.6022467036600199,0.7258959360008527,0.776628392226485,0.856350033094812,0.7555257846689403,0.8415552717892048,0.755027109913535,0.8372158963873388,1.041408419334006,1.2035363531244514,0.8478217734749224,0.9798118647821777,1.0410057621398274,1.2031336959302723
E,36,SmartAspirationNegotiator,BoulwareTBNegotiator,0.225,0.4229020617662604,40,16.0,10.55632026019945,40,0.1312701612903226,0.2452149858144687,40,0.1309216300196874,0.24451528001756304,40,0.2621917913100099,0.4897302658320317,40,1.228334128605403,0.0,40,0.5830935839080573,0.3016072248689242,40,0.6854746686670604,0.3425773039628609,40,0.6706469556110953,0.3443329539485146,40,0.6647762895580203,0.3461798501979769,40,0.966142337295393,0.4897302658320317,40,0.7865468481221058,0.39869466656279445,40,0.9657396801012142,0.4897302658320317,40,0.13105870675153414,3.271437541776334,0.07599291141480083,0.07577607034179681,0.15176898175659764,0.0,0.09346904735614123,0.10616580640984181,0.10670988797725516,0.10728224705478684,0.15176898175659764,0.12355675725538096,0.15176898175659764,0.1,0.35,12.849375,19.250624999999996,0.05879032258064517,0.20375000000000004,0.05864860804731298,0.20319465199206183,0.1174389306279581,0.40694465199206176,1.228334128605403,1.228334128605403,0.4939455127183431,0.6722416550977716,0.5842167962970135,0.7867325410371071,0.5688701539946642,0.7724237572275262,0.5624535884247635,0.767098990691277,0.7924389044769309,1.1108951979774448,0.6451330187956525,0.9043917058941503,0.7920362472827519,1.110492540783266
E,36,SmartAspirationNegotiator,ConcederTBNegotiator,0.35,0.4830458915396479,40,13.775,7.895105591927969,40,0.3073300682245538,0.42304278189752,40,0.05043960561999415,0.06846749762906514,40,0.35776967384454794,0.49151027952658516,40,1.228334128605403,0.0,40,0.4975968209652872,0.33946159207948673,40,0.7419102016508031,0.1736600179350503,40,0.7486620733304122,0.14516650423558558,40,0.7372560651620993,0.15416214538091452,40,0.870564454760855,0.4915102795265852,40,0.7087358679427527,0.400143794819594,40,0.8701617975666762,0.4915102795265852,40,0.14969747270189074,2.4467185717263775,0.1311023163720211,0.02121829734360237,0.1523206137156235,0.0,0.1052002372935789,0.053817797127684065,0.0449875657481952,0.04777534382140619,0.15232061371562353,0.12400584675487417,0.15232061371562353,0.2,0.5,11.45,16.15,0.19785734800610716,0.43869733248668974,0.02917842769831669,0.07170078354167161,0.20514123166073453,0.5103981160283613,1.228334128605403,1.228334128605403,0.39218398192917747,0.6030096600013968,0.6879836428155139,0.7868490006802108,0.7035835911060156,0.7937405555548089,0.6893841709753351,0.7851279593488634,0.7179360125770415,1.0231928969446684,0.5844794147274527,0.8329923211580524,0.7175333553828628,1.0227902397504895
E,36,SmartAspirationNegotiator,GeniusBOABaselineNegotiator,0.225,0.4229020617662604,40,16.0,10.55632026019945,40,0.13033619604196517,0.24345953768492024,40,0.14389217011788705,0.26889424957201014,40,0.2742283661598522,0.5123537872569304,40,1.228334128605403,0.0,40,0.5762590868383959,0.31445310443290325,40,0.6895927750407729,0.33483705651390194,40,0.667342628862688,0.35054364992474046,40,0.668840526517504,0.33854085379943333,40,0.9541057624455508,0.5123537872569304,40,0.7767477433268104,0.4171127182134347,40,0.953703105251372,0.5123537872569304,40,0.13105870675153414,3.271437541776334,0.0754488924032426,0.08333119128019222,0.15878008368343483,0.0,0.09745002667723889,0.10376707887382401,0.10863460260094739,0.10491489754437917,0.15878008368343483,0.12926457059668836,0.15878008368343483,0.1,0.375,12.724375,19.225,0.05837522691470853,0.2022971651692218,0.0644132925354017,0.23926682321686946,0.1227885194501102,0.42566821286959416,1.228334128605403,1.228334128605403,0.48331407283220307,0.6692041008445887,0.5906227395450108,0.7885628105365349,0.5430075824240328,0.7709551675615675,0.5687757348061828,0.7689053182288254,0.8026659157358088,1.1055456091552929,0.6534589384462685,0.9000365482073522,0.7719752891996816,1.1051429519611138
E,36,SmartAspirationNegotiator,LinearTBNegotiator,0.25,0.4385290096535146,40,15.3,9.645511776774596,40,0.18205645161290324,0.3179335319987981,40,0.07609090980968872,0.13201603487240818,40,0.2581473614225919,0.4499495668712063,40,1.228334128605403,0.0,40,0.5768131771733946,0.2924934728559859,40,0.7263720746719339,0.24797370851756229,40,0.7259907213374841,0.22427158903564343,40,0.7165451517678568,0.23226601260680974,40,0.9701867671828112,0.4499495668712063,40,0.7898394619095367,0.36630877250155003,40,0.9697841099886322,0.4499495668712063,40,0.13590154807518112,2.9891750684333607,0.09852862235450631,0.040912193070380555,0.13944081542488687,0.0,0.09064466634583994,0.07684784843791087,0.06950248551015212,0.07197998304252434,0.13944081542488687,0.11352026470452457,0.13944081542488687,0.125,0.375,12.325,18.325,0.09143145161290324,0.2726814516129033,0.03846055013955106,0.11372126947982637,0.12989200175245424,0.4120537930267571,1.228334128605403,1.228334128605403,0.47676501624770556,0.6601866446114688,0.6553352756306762,0.7970554568025392,0.6620634827458907,0.7899179599290778,0.6370979518698416,0.7827511516828697,0.8419314075126734,1.0984421268529487,0.6849033264829074,0.8942535270106612,0.8158776783844672,1.0980394696587699
E,36,SmartAspirationNegotiator,SmartAspirationNegotiator,0.225,0.4229020617662604,40,16.0,10.55632026019945,40,0.13033619604196517,0.24345953768492024,40,0.14389217011788705,0.26889424957201014,40,0.2742283661598522,0.5123537872569304,40,1.228334128605403,0.0,40,0.5762590868383959,0.31445310443290325,40,0.6895927750407729,0.33483705651390194,40,0.667342628862688,0.35054364992474046,40,0.668840526517504,0.33854085379943333,40,0.9541057624455508,0.5123537872569304,40,0.7767477433268104,0.4171127182134347,40,0.953703105251372,0.5123537872569304,40,0.13105870675153414,3.271437541776334,0.0754488924032426,0.08333119128019222,0.15878008368343483,0.0,0.09745002667723889,0.10376707887382401,0.10863460260094739,0.10491489754437917,0.15878008368343483,0.12926457059668836,0.15878008368343483,0.1,0.35,12.85,19.400624999999994,0.05837522691470853,0.2166893589946731,0.0644132925354017,0.2233710477003724,0.1227885194501102,0.42566821286959416,1.228334128605403,1.228334128605403,0.46472507003096447,0.6692041008445887,0.5708287324458583,0.7885628105365349,0.5430075824240328,0.7709551675615675,0.5687757348061828,0.7689053182288254,0.8026659157358088,1.1055456091552929,0.6534589384462685,0.9000365482073522,0.8015060593080825,1.1051429519611138
F,12,BoulwareTBNegotiator,BoulwareTBNegotiator,0.6,0.49613893835683387,40,7.925,4.334639842490096,40,0.3215168769877911,0.2653049992669775,40,0.42405099004822,0.3500902759322455,40,0.7455678670360111,0.6153952751992229,40,1.5123193082912176,0.0,40,0.4716733051110594,0.37381382033383587,40,0.5711622390962188,0.4113887670136731,40,0.5711622390962188,0.4113887670136731,40,0.562093483057555,0.4183168810671387,40,0.7667514412552066,0.6153952751992229,40,0.5070036711503508,0.4069215223434284,40,0.7667514412552066,0.6153952751992229,40,0.15375504994833628,1.3433188044006565,0.08221887108666921,0.1084941005450269,0.1907129716316961,0.0,0.11584610312418077,0.12749069974201216,0.12749069974201216,0.1296377445312527,0.1907129716316961,0.12610628627573647,0.1907129716316961,0.45,0.75,6.6,9.225,0.24130597876269624,0.40172777521288594,0.31820656355801785,0.529895416538422,0.5595125423207141,0.931623191751308,1.5123193082912176,1.5123193082912176,0.3586564287582764,0.5846901814638426,0.4467851538055073,0.6955393243869303,0.4467851538055073,0.6955393243869303,0.4356217887215193,0.688565177393591,0.5806961165399095,0.9528067659705035,0.3839771887829978,0.6300301535177038,0.5806961165399095,0.9528067659705035
F,12,BoulwareTBNegotiator,ConcederTBNegotiator,0.7,0.4640954808922571,40,5.4,2.6194538479496945,40,0.6489930187919346,0.4298317986423374,40,0.1600785284361,0.10568464790393191,40,0.8090715472280348,0.5355164465462693,40,1.5123193082912176,0.0,40,0.28547210903744236,0.4231680285057734,40,0.6944995190170362,0.24807299800440782,40,0.6944995190170362,0.24807299800440782,40,0.7098186422135103,0.2374588406145659,40,0.703247761063183,0.5355164465462693,40,0.4650127504209336,0.35410276362295073,40,0.703247761063183,0.5355164465462693,40,0.14382467959824718,0.8117771577509149,0.13320625445871234,0.03275201170675775,0.1659582661654701,0.0,0.1311411306980477,0.07687861856867272,0.07687861856867272,0.07358925711472271,0.1659582661654701,0.10973758336325665,0.1659582661654701,0.55,0.825,4.6,6.175,0.5100673613552511,0.787918676228618,0.12592026178995247,0.19423679508224756,0.6641137608086648,0.9533081506303939,1.5123193082912176,1.5123193082912176,0.17149555520087995,0.42224397364131727,0.6276832580809597,0.7616498612577914,0.6143200058937444,0.7746790321403281,0.645861210394191,0.7865675603966935,0.5301638369803519,0.8763316851460139,0.3691614406977517,0.57946207546354,0.5590111576608237,0.8482055474825501
F,12,BoulwareTBNegotiator,GeniusBOABaselineNegotiator,0.6,0.49613893835683387,40,7.925,4.334639842490096,40,0.3215168769877911,0.2653049992669775,40,0.42405099004822,0.3500902759322455,40,0.7455678670360111,0.6153952751992229,40,1.5123193082912176,0.0,40,0.4716733051110594,0.37381382033383587,40,0.5711622390962188,0.4113887670136731,40,0.5711622390962188,0.4113887670136731,40,0.562093483057555,0.4183168810671387,40,0.7667514412552066,0.6153952751992229,40,0.5070036711503508,0.4069215223434284,40,0.7667514412552066,0.6153952751992229,40,0.15375504994833628,1.3433188044006565,0.08221887108666921,0.1084941005450269,0.1907129716316961,0.0,0.11584610312418077,0.12749069974201216,0.12749069974201216,0.1296377445312527,0.1907129716316961,0.12610628627573647,0.1907129716316961,0.45,0.75,6.549375000000001,9.225,0.24097176668675888,0.40172777521288594,0.31820656355801785,0.529895416538422,0.559512542320714,0.931623191751308,1.5123193082912176,1.5123193082912176,0.3586564287582764,0.5846901814638426,0.4467851538055073,0.6955393243869303,0.4467851538055073,0.6955393243869303,0.4356217887215193,0.688565177393591,0.5806961165399096,0.9528067659705035,0.3839771887829978,0.6300301535177039,0.5806961165399096,0.9528067659705035
F,12,BoulwareTBNegotiator,LinearTBNegotiator,0.625,0.4902903378454601,40,7.325,3.9052069120138846,40,0.47233638969562214,0.3700029814366216,40,0.21284994741971888,0.16644506871699108,40,0.6851863371153409,0.5364480501536125,40,1.5123193082912176,0.0,40,0.42670090515492254,0.38991018100031044,40,0.6507395565313151,0.32785206851132387,40,0.6507395565313151,0.32785206851132387,40,0.6612145188630338,0.3190933005487214,40,0.8271329711758767,0.5364480501536125,40,0.5469301136612883,0.35471877348425174,40,0.8271329711758767,0.5364480501536125,40,0.15194254987178035,1.2102361604672716,0.11466511191448694,0.0515818611999953,0.1662469731144822,0.0,0.1208344169752501,0.10160240866514852,0.10160240866514852,0.09888803835179237,0.1662469731144822,0.10992848679709452,0.1662469731144822,0.475,0.775,6.05,8.5,0.35913724434965155,0.5855355350415927,0.16192754821996513,0.2637723466194727,0.5210647925696167,0.8493078816610652,1.5123193082912176,1.5123193082912176,0.3074113278667779,0.5459904824430672,0.5504361108366552,0.7510430022259751,0.5504361108366551,0.7510430022259751,0.5635907408937545,0.7588382968323134,0.6630114266301523,0.9912545157216008,0.43840703679125453,0.6554531905313222,0.6630114266301523,0.9912545157216008
F,12,BoulwareTBNegotiator,SmartAspirationNegotiator,0.6,0.49613893835683387,40,7.925,4.334639842490096,40,0.4910453594976799,0.40548780148981295,40,0.40202369959987694,0.3318759484357145,40,0.893069059097557,0.7373637499255278,40,1.5123193082912176,0.0,40,0.3694963242088768,0.45830378504936153,40,0.47761895209721816,0.4887395455171611,40,0.47761895209721816,0.4887395455171611,40,0.49219274614788633,0.4761176767350111,40,0.6192502491936608,0.7373637499255278,40,0.4094705700037361,0.4875714711059804,40,0.6192502491936608,0.7373637499255278,40,0.15375504994833628,1.3433188044006565,0.12566197157995854,0.10284942197317438,0.22851139355313302,0.0,0.14202981446115626,0.151461954350117,0.151461954350117,0.1475503966895388,0.22851139355313302,0.15109996433975967,0.22851139355313302,0.45,0.75,6.475,9.175,0.3679415363998946,0.6136383783502468,0.3016860957217605,0.5023613034779932,0.6701384363668733,1.11599968182824,1.5123193082912176,1.5123193082912176,0.23093520263054795,0.5080574457872056,0.3298560450567565,0.6253818591376799,0.3298560450567565,0.6253818591376799,0.34824586758443327,0.6361396247113392,0.39631962646297736,0.8793359757127914,0.2620608123497294,0.5568803276577429,0.39631962646297736,0.8421808719243442
F,12,ConcederTBNegotiator,BoulwareTBNegotiator,0.65,0.48304589153964794,40,6.7,3.4729725684978363,40,0.23400757925515542,0.17340180405550495,40,0.5628087488457987,0.4177495796004146,40,0.7968163281009542,0.5911513836559197,40,1.5123193082912176,0.0,40,0.3477409972923416,0.42805283585889803,40,0.6545894027588691,0.3077234023928757,40,0.6545894027588691,0.3077234023928757,40,0.6398342325512557,0.31817566112642465,40,0.7155029801902635,0.5911513836559197,40,0.4731163427376434,0.3908905879961729,40,0.7155029801902635,0.5911513836559197,40,0.14969747270189077,1.0762853496383538,0.05373777581736656,0.12946193598528205,0.18319971180264868,0.0,0.1326549481804149,0.09536447040800357,0.09536447040800357,0.09860365894856093,0.18319971180264868,0.12113824825105719,0.18319971180264868,0.5,0.8,5.575,7.7,0.18016120344721454,0.28785395506309636,0.4330851800554017,0.6925323176361957,0.6132463835026162,0.9803862726992921,1.5123193082912176,1.5123193082912176,0.21481796347006848,0.4806640311146147,0.5590322079511317,0.7501465975666066,0.5590322079511317,0.7501465975666066,0.557498457964632,0.7386371620552039,0.5625280263583152,0.8990729247886016,0.3719637931449281,0.5944994022489019,0.5625280263583152,0.8990729247886016
F,12,ConcederTBNegotiator,ConcederTBNegotiator,0.775,0.42290206176626033,40,2.525,0.9604352645732545,40,0.3200923155404246,0.17430060254046606,40,0.31287078716528166,0.17035995836117376,40,0.6329631027057062,0.3446605609016398,40,1.5123193082912176,0.0,40,0.5579230866086414,0.19961944474023366,40,0.6220721086001836,0.24369988960800212,40,0.6220721086001836,0.24369988960800212,40,0.6214174251558019,0.2436804435273245,40,0.8793562055855114,0.3446605609016398,40,0.5814619973205946,0.22790197745413612,40,0.8793562055855114,0.3446605609016398,40,0.1310587067515341,0.2976419721573951,0.05401631635362516,0.05279509807024999,0.10681141442387515,0.0,0.061862706842451196,0.07552337823590276,0.07552337823590276,0.0755173518330653,0.10681141442387515,0.0706275545371184,0.10681141442387515,0.65,0.9,2.225,2.8,0.2685731169189709,0.3716115141618784,0.26251635118498,0.36322522314558325,0.5107147411835998,0.7348367373074616,1.5123193082912176,1.5123193082912176,0.4989202279129074,0.6169259453043754,0.5500400970422994,0.6941041201580676,0.5500400970422994,0.7085105224696444,0.5493911614064638,0.6938038202238848,0.7774825709837561,0.9812298401872667,0.5140994806594383,0.6488245139817508,0.7774825709837561,1.0016045671076177
F,12,ConcederTBNegotiator,GeniusBOABaselineNegotiator,0.65,0.48304589153964794,40,6.7,3.4729725684978363,40,0.23400757925515542,0.17340180405550495,40,0.5628087488457987,0.4177495796004146,40,0.7968163281009542,0.5911513836559197,40,1.5123193082912176,0.0,40,0.3477409972923416,0.42805283585889803,40,0.6545894027588691,0.3077234023928757,40,0.6545894027588691,0.3077234023928757,40,0.6398342325512557,0.31817566112642465,40,0.7155029801902635,0.5911513836559197,40,0.4731163427376434,0.3908905879961729,40,0.7155029801902635,0.5911513836559197,40,0.14969747270189077,1.0762853496383538,0.05373777581736656,0.12946193598528205,0.18319971180264868,0.0,0.1326549481804149,0.09536447040800357,0.09536447040800357,0.09860365894856093,0.18319971180264868,0.12113824825105719,0.18319971180264868,0.5,0.8,5.625,7.725,0.18016120344721454,0.27910391899430476,0.4330851800554016,0.6925323176361957,0.6132463835026162,0.9803862726992921,1.5123193082912176,1.5123193082912176,0.21481796347006848,0.48066403111461475,0.5590322079511317,0.7501465975666066,0.5590322079511317,0.7501465975666066,0.5410313030473073,0.738637162055204,0.5319330355919256,0.8990729247886016,0.35173328322638503,0.5944994022489019,0.5319330355919256,0.8990729247886016
F,12,ConcederTBNegotiator,LinearTBNegotiator,0.75,0.4385290096535146,40,3.275,1.3584965294445257,40,0.27865731491083146,0.1625387489819819,40,0.5854509720939777,0.3419226405186552,40,0.8641082870048089,0.5044613895006369,40,1.5123193082912176,0.0,40,0.3042249743892723,0.3622342214453844,40,0.5696310447028667,0.2917910844072126,40,0.5696310447028667,0.2917910844072126,40,0.5548159511306915,0.3000499151121927,40,0.6482110212864086,0.5044613895006369,40,0.42862047567112516,0.3335680413091017,40,0.6482110212864086,0.5044613895006369,40,0.13590154807518112,0.4210024361949124,0.05037128017210885,0.10596292410655682,0.1563342042786656,0.0,0.11225754825007203,0.09042699391040894,0.09042699391040894,0.09298643206248114,0.1563342042786656,0.10337380698743376,0.1563342042786656,0.6,0.875,2.825,3.675,0.2323266431069281,0.3249879867147348,0.4879880240928832,0.682913920095072,0.6915559432388119,1.0079019068098067,1.5123193082912176,1.5123193082912176,0.20097233503378567,0.42812814161585616,0.4864577887768336,0.6694389518141063,0.4864577887768336,0.6528043006288997,0.46928856625219034,0.6574488129848929,0.47565867752041147,0.8207633650524059,0.33353895484635215,0.5237019964958981,0.504417401481411,0.7920046410914063
F,12,ConcederTBNegotiator,SmartAspirationNegotiator,0.65,0.48304589153964794,40,6.7,3.4729725684978363,40,0.13412128945658494,0.099171554965754,40,0.5708334402038234,0.4237131091255955,40,0.7049547296604083,0.5228846640913495,40,1.5123193082912176,0.0,40,0.34212648331430007,0.43222524802825946,40,0.7530871280323131,0.23452506159389405,40,0.7530871280323131,0.23452506159389405,40,0.738766532013482,0.24465436759442685,40,0.8073645786308093,0.5228846640913495,40,0.5338585404580052,0.345750174070158,40,0.8073645786308093,0.5228846640913495,40,0.14969747270189077,1.0762853496383538,0.03073358329365171,0.131310052932219,0.1620436362258707,0.0,0.13394799210804917,0.07268006957674246,0.07268006957674246,0.07581917402843491,0.1620436362258707,0.10714908904321613,0.1620436362258707,0.5,0.8,5.6,7.775,0.1033255959098526,0.16491698300331728,0.43925801956157445,0.7024088608460722,0.5425836154714271,0.8673258438493894,1.5123193082912176,1.5123193082912176,0.20790779242017116,0.476345174208429,0.6802601775184474,0.8259140785461788,0.6802601775184474,0.8259140785461788,0.662794133154663,0.8147389308723014,0.6449934644418281,0.9697356928197906,0.4264929111899072,0.6412241697261031,0.6449934644418281,0.9697356928197906
F,12,GeniusBOABaselineNegotiator,BoulwareTBNegotiator,0.575,0.5006406152531231,40,8.5,4.760952285695232,40,0.23485945349658593,0.20390105728135866,40,0.29432448231934616,0.25567602878722184,40,0.5291839358159321,0.45957708606858055,40,1.5123193082912176,0.0,40,0.6017420868264028,0.28035763329005264,40,0.7015668152097561,0.3196296605148242,40,0.7015668152097561,0.3196296605148242,40,0.6981829516127435,0.3219748733757418,40,0.9831353724752855,0.4595770860685805,40,0.6500845205673784,0.3038889231586023,40,0.9831353724752855,0.4595770860685805,40,0.15515013407201458,1.4754343993097983,0.06318959231590425,0.07923482221929111,0.14242441453519536,0.0,0.08688373069985958,0.0990542580273767,0.0990542580273767,0.0997810470227418,0.14242441453519536,0.09417615298195317,0.14242441453519536,0.425,0.725,6.949375000000002,9.850624999999996,0.17376740930288828,0.2959514976902836,0.21771982191101538,0.3709291427276769,0.3914872312139036,0.6668806404179606,1.5123193082912176,1.5123193082912176,0.5177424197753273,0.6857417538774783,0.6058006156316755,0.7977320406194097,0.6058006156316755,0.7973330147878366,0.6017140884504073,0.7946518147750796,0.8454386678732572,1.120832077077314,0.5590344996841476,0.7411345414506092,0.8454386678732572,1.120832077077314
F,12,GeniusBOABaselineNegotiator,ConcederTBNegotiator,0.65,0.48304589153964794,40,6.05,3.0377960972068423,40,0.5647093336411204,0.41916199448795743,40,0.23358522707841733,0.17308793408049544,40,0.7982945607195377,0.5922499285684529,40,1.5123193082912176,0.0,40,0.3354581970762401,0.4371807684450367,40,0.6292571381397927,0.32654901215847587,40,0.6292571381397927,0.32654901215847587,40,0.6430965932255315,0.3157512458642255,40,0.71402474757168,0.5922499285684529,40,0.47213888208467203,0.3916169854616491,40,0.71402474757168,0.5922499285684529,40,0.14969747270189077,0.9414227639657009,0.12989964789376712,0.05364050650436988,0.183540154398137,0.0,0.1354837237958805,0.10119858731768247,0.10119858731768247,0.09785232487474381,0.183540154398137,0.12136336115785007,0.183540154398137,0.5,0.8,5.1,6.9,0.4345471683594952,0.6948714989227455,0.179836317157416,0.2873341369994187,0.6143834855169112,0.982205635922164,1.5123193082912176,1.5123193082912176,0.19970067089640503,0.47121572325607514,0.5447545531168557,0.730660240167317,0.5278540361122683,0.730660240167317,0.5450465161848778,0.7411466702661855,0.5301136723690535,0.8979358227743063,0.3505302547304202,0.5937475094389237,0.5301136723690535,0.8979358227743063
F,12,GeniusBOABaselineNegotiator,GeniusBOABaselineNegotiator,0.575,0.5006406152531231,40,8.5,4.760952285695232,40,0.31466229153098396,0.27338373890307405,40,0.29320362461954114,0.2547001211551495,40,0.6078659161505252,0.5280838600582236,40,1.5123193082912176,0.0,40,0.5649457221634754,0.3123954674534027,40,0.6396611728258819,0.3735296238030025,40,0.6396611728258819,0.3735296238030025,40,0.6398265178470387,0.3727846140791166,40,0.9044533921406925,0.5280838600582236,40,0.5980571610651735,0.34918806971717503,40,0.9044533921406925,0.5280838600582236,40,0.15515013407201458,1.4754343993097983,0.08472249843827662,0.07893238531076867,0.1636548837490453,0.0,0.09681235837084383,0.11575802970680668,0.11575802970680668,0.11552714880137435,0.1636548837490453,0.10821450394226624,0.1636548837490453,0.425,0.725,7.024375000000002,9.900624999999996,0.23275211567613896,0.39657246738582896,0.21689136187202904,0.36951588736705315,0.44964347754816814,0.7660883547528823,1.5123193082912176,1.5123193082912176,0.47134700346120156,0.6585444408657493,0.5277456752346168,0.751576670417147,0.5277456752346168,0.7515766704171472,0.5281342371806058,0.7515187985134717,0.7462309535383354,1.0626758307430495,0.4934347855291937,0.7026795366011533,0.7462309535383354,1.0626758307430495
F,12,GeniusBOABaselineNegotiator,LinearTBNegotiator,0.625,0.4902903378454601,40,7.325,3.9052069120138846,40,0.47233638969562214,0.3700029814366216,40,0.21284994741971888,0.16644506871699108,40,0.6851863371153409,0.5364480501536125,40,1.5123193082912176,0.0,40,0.42670090515492254,0.38991018100031044,40,0.6507395565313151,0.32785206851132387,40,0.6507395565313151,0.32785206851132387,40,0.6612145188630338,0.3190933005487214,40,0.8271329711758767,0.5364480501536125,40,0.5469301136612883,0.35471877348425174,40,0.8271329711758767,0.5364480501536125,40,0.15194254987178035,1.2102361604672716,0.11466511191448694,0.0515818611999953,0.1662469731144822,0.0,0.1208344169752501,0.10160240866514852,0.10160240866514852,0.09888803835179237,0.1662469731144822,0.10992848679709452,0.1662469731144822,0.475,0.775,6.2,8.475,0.35913724434965155,0.5855355350415927,0.16192754821996513,0.26377234661947263,0.5210647925696167,0.8219542909034445,1.5123193082912176,1.5123193082912176,0.30741132786677783,0.5459904824430671,0.5504361108366551,0.751043002225975,0.5504361108366551,0.751043002225975,0.5635907408937545,0.7588382968323135,0.6630114266301523,0.9912545157216008,0.4384070367912544,0.6554531905313222,0.6630114266301523,0.9912545157216008
F,12,GeniusBOABaselineNegotiator,SmartAspirationNegotiator,0.625,0.4902903378454601,40,7.325,3.9052069120138846,40,0.4260565751000308,0.33369810794302524,40,0.4991559903047092,0.391042007106237,40,0.9252125654047401,0.7247401150492622,40,1.5123193082912176,0.0,40,0.34640280394582196,0.4529011940725646,40,0.46849830204865783,0.47081387047881584,40,0.46849830204865783,0.47081387047881584,40,0.45285571454352586,0.4825433942493417,40,0.5871067428864777,0.7247401150492622,40,0.38821612583248344,0.47922426902566767,40,0.5871067428864777,0.7247401150492622,40,0.15194254987178035,1.2102361604672716,0.10341411505489113,0.12118517351942686,0.224599288574318,0.0,0.14035553417136692,0.14590673010183167,0.14590673010183167,0.14954174717825855,0.224599288574318,0.14851313961473822,0.224599288574318,0.475,0.775,6.149375000000002,8.5,0.3239645852570021,0.5281485649430594,0.37952014081255775,0.6187918397968606,0.7034847260695598,1.14694040473992,1.5123193082912176,1.5123193082912176,0.20784168236749317,0.4849639255241508,0.3244569552781602,0.6125396488191556,0.3244569552781602,0.6125396488191556,0.30522582353756444,0.6004856055494873,0.3653789035512976,0.8088345822216578,0.24160169188353633,0.5348305597814305,0.36537890355129765,0.8088345822216578
F,12,LinearTBNegotiator,BoulwareTBNegotiator,0.625,0.4902903378454601,40,7.325,3.9052069120138846,40,0.3208746387777436,0.25118660859151504,40,0.48859718588625567,0.38275899944932856,40,0.8094718246639993,0.6339456080408437,40,1.5123193082912176,0.0,40,0.403890380638824,0.4078042286345986,40,0.5650439703234588,0.3950772171732672,40,0.5650439703234588,0.3950772171732672,40,0.5521080880672997,0.40468342665424595,40,0.7028474836272185,0.6339456080408437,40,0.4647480725623822,0.4191876705965912,40,0.7028474836272185,0.6339456080408437,40,0.15194254987178035,1.2102361604672716,0.07784353648647585,0.11861824285232724,0.19646177933880313,0.0,0.12637983978947215,0.12243569807503438,0.12243569807503438,0.12541269323581286,0.19646177933880313,0.12990760500227092,0.19646177933880313,0.475,0.775,6.125,8.425,0.2440263136520639,0.3977229639034232,0.371495449454533,0.5861819662460246,0.6155217631065968,1.0034218862214013,1.5123193082912176,1.5123193082912176,0.27912627746681573,0.5286544838108324,0.4441735839389134,0.6859143567080043,0.4441735839389134,0.6859143567080043,0.42829876670704403,0.6759174094275553,0.5088974220698163,0.8967975451846207,0.3365013058286109,0.5929948392961536,0.5088974220698163,0.8976056704411055
F,12,LinearTBNegotiator,ConcederTBNegotiator,0.75,0.4385290096535146,40,3.275,1.3584965294445257,40,0.5410721165780107,0.31597408644002395,40,0.4380338180978763,0.25572704245485517,40,0.9791059346758871,0.5717011288948792,40,1.5123193082912176,0.0,40,0.32407602201275365,0.35062720777217105,40,0.39030386808639983,0.39664464329465277,40,0.39030386808639983,0.39664464329465277,40,0.3994704213446745,0.39088127688707625,40,0.5332133736153306,0.5717011288948792,40,0.3525798888449113,0.3780293789549306,40,0.5332133736153306,0.5717011288948792,40,0.13590154807518112,0.4210024361949124,0.09792138388465721,0.07925063151868007,0.17717201540333732,0.0,0.108660497446145,0.12292144846258132,0.12292144846258132,0.121135362708453,0.17717201540333732,0.11715251827573735,0.17717201540333732,0.6,0.875,2.825,3.65,0.43299235007989073,0.6311385886597771,0.36477592865112407,0.5109272404329538,0.7835540613756742,1.142065829092731,1.5123193082912176,1.5123193082912176,0.2241318905945139,0.4240201534309934,0.2772427493909556,0.5259772105209327,0.2772427493909556,0.5259772105209327,0.28805211483517046,0.5331723891560791,0.3702534791984866,0.7287652469155435,0.244824936882436,0.48188583119988165,0.3702534791984866,0.7287652469155435
F,12,LinearTBNegotiator,GeniusBOABaselineNegotiator,0.6,0.49613893835683387,40,7.925,4.334639842490096,40,0.3128777181721437,0.258161294128492,40,0.3990997229916898,0.3294581173521042,40,0.7119774411638334,0.587619411480596,40,1.5123193082912176,0.0,40,0.4932851377033357,0.3559430342033732,40,0.5849659931620738,0.399974467201053,40,0.5849659931620738,0.399974467201053,40,0.5778337621606918,0.40530127212768785,40,0.8003418671273842,0.587619411480596,40,0.5292148706556535,0.3885551207731073,40,0.8003418671273842,0.587619411480596,40,0.15375504994833628,1.3433188044006565,0.08000501392798345,0.10210012835744174,0.18210514228542518,0.0,0.11030788912467988,0.12395337158222872,0.12395337158222872,0.1256041655317468,0.18210514228542518,0.12041447946015273,0.18210514228542518,0.425,0.75,6.6,9.175,0.23482660965096072,0.39092882669332685,0.29949311326562017,0.49870633271775927,0.5343197229165808,0.8896351594110861,1.5123193082912176,1.5123193082912176,0.38567121949862165,0.6008990559080498,0.46403984638782614,0.7058921399363216,0.46403984638782614,0.7058921399363216,0.4552971376004402,0.7003703867209434,0.6226841488801316,0.9779995853746367,0.4117411881646261,0.6466885531466808,0.6226841488801316,0.9779995853746367
F,12,LinearTBNegotiator,LinearTBNegotiator,0.7,0.4640954808922571,40,5.4,2.6194538479496945,40,0.3586566632299934,0.2373406692780168,40,0.5266802178448069,0.34873920124971436,40,0.8853368810748006,0.5860798705277311,40,1.5123193082912176,0.0,40,0.361291894284644,0.37290000036941956,40,0.5031384405342677,0.37494415763658123,40,0.5031384405342677,0.37494415763658123,40,0.49004860149141943,0.38316495880689394,40,0.6269824272164172,0.5860798705277311,40,0.41458336462347356,0.3875371208411984,40,0.6269824272164172,0.5860798705277311,40,0.14382467959824718,0.8117771577509149,0.07355263543811384,0.10807539816301974,0.18162803360113355,0.0,0.1155629073832096,0.11619639828347159,0.11619639828347159,0.11874405096064904,0.18162803360113355,0.12009899801276533,0.18162803360113355,0.55,0.825,4.625,6.150624999999997,0.2819459391280116,0.4353673873319752,0.413964446325365,0.6206100274443418,0.6959103854533767,1.0747633766962241,1.5123193082912176,1.5123193082912176,0.2608545878136533,0.4818166620498328,0.3819529820218111,0.6243238990467241,0.40215055844055386,0.6243238990467241,0.3868465195431553,0.6138910998293363,0.46912701419856406,0.8164089228378408,0.3096817811991403,0.5398389866226785,0.43755593159499345,0.8164089228378408
F,12,LinearTBNegotiator,SmartAspirationNegotiator,0.65,0.48304589153964794,40,6.7,3.4729725684978363,40,0.31784448633767654,0.23570499409489426,40,0.5657652140829657,0.4199466694254812,40,0.8836097004206422,0.6556516635203755,40,1.5123193082912176,0.0,40,0.3233092836827672,0.44620920337024916,40,0.5770863182777843,0.3653196278393962,40,0.5770863182777843,0.3653196278393962,40,0.5614350182575933,0.3764378432256401,40,0.6287096078705754,0.6556516635203755,40,0.415725438684612,0.43354049632626984,40,0.6287096078705754,0.6556516635203755,40,0.14969747270189077,1.0762853496383538,0.07304573444720758,0.13014282117625883,0.20318855562346644,0.0,0.13828166476676826,0.11321372559787979,0.11321372559787979,0.11665929624329201,0.20318855562346644,0.13435559177846568,0.20318855562346644,0.5,0.8,5.65,7.7,0.24465113197223073,0.3910378407031223,0.43535938408399166,0.6961710440819397,0.6800105160562223,1.087208884785062,1.5123193082912176,1.5123193082912176,0.1847481621044384,0.4618704052610959,0.46364379628210417,0.6905288402734644,0.46364379628210417,0.6905288402734644,0.4445399623781846,0.6783300741370022,0.4251104235061556,0.8323087922349952,0.2810983243918848,0.5503525529773391,0.4251104235061556,0.8323087922349952
F,12,SmartAspirationNegotiator,BoulwareTBNegotiator,0.7,0.46409548089225705,40,8.125,3.3450115940161647,40,0.49757040627885496,0.32943958411059515,40,0.5425996460449369,0.3592936793726702,40,1.040170052323792,0.6887332634832655,40,1.5123193082912176,0.0,40,0.27712224315665757,0.42870393567910003,40,0.3704856204219754,0.4628921209819074,40,0.3704856204219754,0.4628921209819074,40,0.35346087956782674,0.47372173664990497,40,0.4721492559674257,0.6887332634832654,40,0.31220209474208926,0.4554152418125712,40,0.4721492559674257,0.6887332634832654,40,0.14382467959824716,1.0366298328026307,0.10209438484639348,0.11134626482054974,0.21344064966694326,0.0,0.1328567261051794,0.14345175449840636,0.14345175449840636,0.14680788716452794,0.21344064966694323,0.14113464563783928,0.21344064966694323,0.55,0.8256249999999965,7.025,9.05,0.39109245152354566,0.6040483610341643,0.42647256848261,0.6587267236072638,0.8175650200061557,1.262775084641428,1.5123193082912176,1.5123193082912176,0.13856112157832878,0.41568336473498635,0.220874557599742,0.5200966832442088,0.24580973473678086,0.5200966832442088,0.22523016925746336,0.5065721754607992,0.2866450623693955,0.6947542882850619,0.18954004012107611,0.459396560287305,0.2866450623693955,0.6947542882850619
F,12,SmartAspirationNegotiator,ConcederTBNegotiator,0.725,0.45220258677630254,40,7.425,2.9516401351078496,40,0.6118583673208516,0.38121306984448483,40,0.12525825253924286,0.07770709656187888,40,0.7371166198600945,0.4589201664063636,40,1.5123193082912176,0.0,40,0.33046344172262976,0.3700435322027593,40,0.7083627070268821,0.22473400318822223,40,0.7083627070268821,0.22473400318822223,40,0.7225860156745209,0.21543195989417513,40,0.7752026884311232,0.4589201664063636,40,0.5125919401948462,0.303454544215865,40,0.7752026884311232,0.4589201664063636,40,0.14013903352723933,0.9147227546905771,0.11813915430427539,0.02408167871842931,0.14222083302270466,0.0,0.11467767872710923,0.06964578914070779,0.06964578914070779,0.06676305605784473,0.14222083302270466,0.09404153755293994,0.14222083302270466,0.575,0.85,6.524375000000002,8.25,0.48540628113462264,0.7383104535070806,0.09948205216989844,0.14684582034856822,0.5848883333045212,0.8639735253230724,1.5123193082912176,1.5123193082912176,0.22817424020546379,0.4532104835432288,0.646240659917885,0.7829091635576784,0.646240659917885,0.7829091635576785,0.6630352838250075,0.7940468938939369,0.6483457829681452,0.9274309749866966,0.428709584949171,0.6132507664896567,0.6483457829681453,0.9274309749866966
F,12,SmartAspirationNegotiator,GeniusBOABaselineNegotiator,0.7,0.46409548089225705,40,8.125,3.3450115940161647,40,0.4843502710851351,0.3206747198246093,40,0.5466932132963989,0.3620076880328589,40,1.031043484381534,0.6826824078574683,40,1.5123193082912176,0.0,40,0.27712224315665757,0.42870393567910003,40,0.38407621303334394,0.4538816458196449,40,0.38407621303334394,0.4538816458196449,40,0.3672689015305865,0.46456710723136513,40,0.48127582390968354,0.6826824078574683,40,0.31823691020217226,0.4514141981225095,40,0.48127582390968354,0.6826824078574683,40,0.14382467959824716,1.0366298328026307,0.09937812526284738,0.11218734481820032,0.2115654700810477,0.0,0.1328567261051794,0.14065937931572012,0.14065937931572012,0.1439708381149858,0.2115654700810477,0.13989470935215217,0.2115654700810477,0.55,0.85,7.024375000000002,9.05,0.39754752609715155,0.570721161620443,0.42968894275161584,0.6636974838411819,0.8103941451943817,1.214917933704161,1.5123193082912176,1.5123193082912176,0.1616546418413836,0.41568336473498635,0.2618272188858938,0.530775006010284,0.2618272188858938,0.530775006010284,0.21711646748677685,0.5174213355743962,0.29740137458705657,0.701925163096836,0.19665250119903105,0.46413820100594166,0.26062648472253114,0.701925163096836
F,12,SmartAspirationNegotiator,LinearTBNegotiator,0.75,0.43852900965351455,40,6.7,2.5640512815384513,40,0.6580630578639581,0.384379315267436,40,0.31473947111931877,0.18363617861967704,40,0.972802528983277,0.568015493887113,40,1.5123193082912176,0.0,40,0.23093520263054795,0.4050871428148317,40,0.5199141254058651,0.3208608329169963,40,0.5199141254058651,0.3208608329169963,40,0.5366256819297189,0.31068586276290383,40,0.5395167793079406,0.568015493887113,40,0.35674792773593905,0.3755923043321576,40,0.5395167793079406,0.568015493887113,40,0.1359015480751811,0.7946077245392444,0.11912038392670107,0.056909441354274094,0.17602982528097516,0.0,0.12553780617018845,0.09943580230773075,0.09943580230773075,0.09628254638823643,0.17602982528097516,0.11639726102543302,0.17602982528097516,0.6,0.875,5.85,7.45,0.5484980955678671,0.7676280201600493,0.2519262337129373,0.3670838356246366,0.7785113368215862,1.1347118557846858,1.5123193082912176,1.5123193082912176,0.11546760131527398,0.36949632420887674,0.42845471626366527,0.6113735345480651,0.42845471626366527,0.6296654163765051,0.4480665855177223,0.6428965976241148,0.37760745250653166,0.7338079714696314,0.24968764892196846,0.4852202623127038,0.37760745250653166,0.7014261061093496
F,12,SmartAspirationNegotiator,SmartAspirationNegotiator,0.7,0.46409548089225705,40,8.125,3.3450115940161647,40,0.4843502710851351,0.3206747198246093,40,0.5466932132963989,0.3620076880328589,40,1.031043484381534,0.6826824078574683,40,1.5123193082912176,0.0,40,0.27712224315665757,0.42870393567910003,40,0.38407621303334394,0.4538816458196449,40,0.38407621303334394,0.4538816458196449,40,0.3672689015305865,0.46456710723136513,40,0.48127582390968354,0.6826824078574683,40,0.31823691020217226,0.4514141981225095,40,0.48127582390968354,0.6826824078574683,40,0.14382467959824716,1.0366298328026307,0.09937812526284738,0.11218734481820032,0.2115654700810477,0.0,0.1328567261051794,0.14065937931572012,0.14065937931572012,0.1439708381149858,0.2115654700810477,0.13989470935215217,0.2115654700810477,0.55,0.825,7.1,9.125,0.3807052024427658,0.570721161620443,0.4296889427516158,0.6441967720837181,0.8103941451943817,1.214917933704161,1.5123193082912176,1.5123193082912176,0.16107730383480823,0.41568336473498635,0.2618272188858938,0.530775006010284,0.2618272188858938,0.5063252071807941,0.24214187316074506,0.5174213355743962,0.29740137458705657,0.701925163096836,0.17233561939840286,0.46413820100594166,0.29740137458705657,0.701925163096836
F,24,BoulwareTBNegotiator,BoulwareTBNegotiator,0.25,0.43852900965351455,40,11.35,7.485199070713159,40,0.15766870575561712,0.2753881871371765,40,0.16822751017407067,0.29390955531617485,40,0.32589621592968776,0.5692977424533514,40,1.5123193082912176,0.0,40,0.7244538161423589,0.34957251312885473,40,0.841386043052351,0.39868345204327044,40,0.841386043052351,0.39868345204327044,40,0.8391269183663601,0.4014353177546157,40,1.18642309236153,0.5692977424533514,40,0.7845056833282644,0.37644017327042245,40,1.18642309236153,0.5692977424533514,40,0.1359015480751811,2.3196872247164744,0.0853436833816999,0.0910835148468635,0.17642719822856343,0.0,0.10833364418987688,0.12355328183977404,0.12355328183977404,0.12440609385912556,0.17642719822856343,0.11666001833165113,0.17642719822856343,0.125,0.4,9.15,13.575,0.07917099492151432,0.2518659587565405,0.0844503971307411,0.2687600458260661,0.1636213920522554,0.5206260045826065,1.5123193082912176,1.5123193082912176,0.6048816195144592,0.8240973133322754,0.7050153207283227,0.9550283116557079,0.7050153207283227,0.9550283116557079,0.7018149131451572,0.9535535893840293,0.9916933037086111,1.3486979162389623,0.6557433329533653,0.8918076419740137,0.9916933037086111,1.3486979162389623
F,24,BoulwareTBNegotiator,ConcederTBNegotiator,0.45,0.5038314736557788,40,8.95,5.113832423073917,40,0.42273872730070794,0.4725552316296325,40,0.09525334718374887,0.10589425015174268,40,0.5179920744844568,0.5784494817813751,40,1.5123193082912176,0.0,40,0.5137999097365971,0.4589802847879637,40,0.8372333786702063,0.25912299185618703,40,0.8372333786702063,0.25912299185618703,40,0.8468915730038422,0.24753653151174168,40,0.9943272338067608,0.5784494817813751,40,0.657484982407756,0.3824916329574408,40,0.9943272338067608,0.5784494817813751,40,0.1561389913358755,1.584793086874475,0.1464463835134519,0.032816968116323515,0.1792633516297754,0.0,0.14223946390218442,0.08030304714151569,0.08030304714151569,0.07671236588016438,0.1792633516297754,0.11853538511805857,0.1792633516297754,0.3,0.6,7.3743750000000015,10.475624999999996,0.28205024622960917,0.5634272083718067,0.06372665948496975,0.12678003488252798,0.34577690571457886,0.6902072432543347,1.5123193082912176,1.5123193082912176,0.3771529428080656,0.6504468766651288,0.7600876448072533,0.9143791125331591,0.7600876448072533,0.9143791125331591,0.7731953438712234,0.9205878021364609,0.8221120650368828,1.1665424025766389,0.5436101096704202,0.7713598551450916,0.8221120650368828,1.1665424025766389
F,24,BoulwareTBNegotiator,GeniusBOABaselineNegotiator,0.25,0.43852900965351455,40,11.35,7.485199070713159,40,0.15766870575561712,0.2753881871371765,40,0.16822751017407067,0.29390955531617485,40,0.32589621592968776,0.5692977424533514,40,1.5123193082912176,0.0,40,0.7244538161423589,0.34957251312885473,40,0.841386043052351,0.39868345204327044,40,0.841386043052351,0.39868345204327044,40,0.8391269183663601,0.4014353177546157,40,1.18642309236153,0.5692977424533514,40,0.7845056833282644,0.37644017327042245,40,1.18642309236153,0.5692977424533514,40,0.1359015480751811,2.3196872247164744,0.0853436833816999,0.0910835148468635,0.17642719822856343,0.0,0.10833364418987688,0.12355328183977404,0.12355328183977404,0.12440609385912556,0.17642719822856343,0.11666001833165113,0.17642719822856343,0.125,0.4,9.124375,13.600624999999996,0.07917099492151432,0.2518659587565405,0.0844503971307411,0.2687600458260661,0.1636213920522554,0.5206260045826065,1.5123193082912176,1.5123193082912176,0.6243121014664937,0.8240973133322754,0.7050153207283227,0.9550283116557079,0.7050153207283227,0.9550283116557079,0.724700247348691,0.9535535893840293,0.9916933037086111,1.3486979162389623,0.6772037246825151,0.8918076419740137,1.0241482684840975,1.3486979162389623
F,24,BoulwareTBNegotiator,LinearTBNegotiator,0.35,0.48304589153964794,40,10.825,6.894395717370181,40,0.2651750451336862,0.36504711136687057,40,0.2040926054170514,0.2807453355087601,40,0.4692676505507376,0.6457924468756305,40,1.5123193082912176,0.0,40,0.6328472874136715,0.40147120346589854,40,0.7501877397048877,0.43954807901592013,40,0.7501877397048877,0.43954807901592013,40,0.7555946944250467,0.431133040632312,40,1.04305165774048,0.6457924468756306,40,0.689703326554121,0.427021227154282,40,1.04305165774048,0.6457924468756306,40,0.14969747270189077,2.1365953686252266,0.11312927186807642,0.08700388086223117,0.20013315273030755,0.0,0.12441721495627023,0.13621736094251305,0.13621736094251305,0.1336095135292986,0.2001331527303076,0.13233524933067192,0.2001331527303076,0.2,0.5,8.674375000000001,12.775624999999996,0.15181714754242565,0.37853294272494675,0.1169128962757772,0.29127231455832564,0.2687300438182028,0.6698052572832724,1.5123193082912176,1.5123193082912176,0.5081786346528772,0.757515940174466,0.6136950937530974,0.886680385656678,0.6136950937530974,0.886680385656678,0.6217151661493389,0.8894742227007544,0.8425140510079452,1.2435892644730149,0.5571006376688459,0.8223060154393961,0.8425140510079452,1.2435892644730149
F,24,BoulwareTBNegotiator,SmartAspirationNegotiator,0.275,0.45220258677630265,40,11.1,7.196152818320035,40,0.20794427131425058,0.3408308239551076,40,0.208748364881502,0.34215305374100324,40,0.41669263619575253,0.6829838776961109,40,1.5123193082912176,0.0,40,0.6697120876285891,0.41771798402897364,40,0.7817314120736053,0.47183503309420133,40,0.7817314120736053,0.47183503309420133,40,0.7742856887912313,0.48294343637967724,40,1.095626672095465,0.6829838776961109,40,0.7244678197843172,0.4516135408386871,40,1.095626672095465,0.6829838776961109,40,0.14013903352723936,2.230110863060055,0.1056245666480218,0.10603432990394941,0.2116588965519712,0.0,0.12945214441624872,0.14622319167498288,0.14622319167498288,0.14966572151886343,0.2116588965519712,0.13995648629992458,0.2116588965519712,0.15,0.425,8.95,13.350624999999996,0.1137301862111419,0.30262942684287225,0.11416878270236996,0.30332794706063404,0.22789896891351188,0.6432450369344413,1.5123193082912176,1.5123193082912176,0.5311509660502602,0.7851796889438631,0.651304517443851,0.9121583067033597,0.6252191385179001,0.9382436856293104,0.6140886497309765,0.9077832213414435,0.8690742713567763,1.2844203393777058,0.5746632120558923,0.8499291787568698,0.8690742713567762,1.2844203393777058
F,24,ConcederTBNegotiator,BoulwareTBNegotiator,0.375,0.49029033784546006,40,9.725,5.791184724460144,40,0.07936817097568485,0.10288891381109812,40,0.34033308325638656,0.4440851138322077,40,0.41970125423207144,0.5469740276433058,40,1.5123193082912176,0.0,40,0.57733800657637,0.45290119407256463,40,0.8877510169964673,0.2365416367863254,40,0.8877510169964673,0.2365416367863254,40,0.8789627043358699,0.24712928379263532,40,1.0926180540591461,0.5469740276433058,40,0.7224784131690447,0.3616789289434758,40,1.0926180540591461,0.5469740276433058,40,0.15194254987178032,1.794706739846731,0.03188560473513489,0.13762340259912237,0.16950900733425725,0.0,0.14035553417136695,0.07330501270348784,0.07330501270348784,0.0765861585044645,0.16950900733425725,0.11208546132085485,0.16950900733425725,0.225,0.525,7.975,11.375624999999996,0.047890216220375516,0.1108461257309942,0.20446916358879658,0.4761970029239766,0.25235937980917206,0.5870431286549708,1.5123193082912176,1.5123193082912176,0.43819954699146574,0.7158991281546987,0.8153831916914284,0.9601188423015063,0.8153831916914284,0.9601188423015063,0.8033556819095384,0.9545697267622012,0.9252761796362469,1.2599599284820457,0.6118259381887574,0.8331308881493321,0.9252761796362469,1.2599599284820457
F,24,ConcederTBNegotiator,ConcederTBNegotiator,0.775,0.42290206176626033,40,2.525,0.9604352645732545,40,0.3616845013127526,0.19699662978754065,40,0.40124798014773777,0.21858563207136136,40,0.7629324814604904,0.415582261858902,40,1.5123193082912176,0.0,40,0.47624566399094403,0.24418918722381872,40,0.533575959648386,0.2919904752210205,40,0.533575959648386,0.2919904752210205,40,0.5306563565548525,0.2932069506750024,40,0.7493868268307272,0.415582261858902,40,0.49552156262387853,0.27479796070875534,40,0.7493868268307272,0.415582261858902,40,0.1310587067515341,0.2976419721573951,0.061049888067548845,0.06774038919103897,0.12879027725858783,0.0,0.07567501313803046,0.09048878576379141,0.09048878576379141,0.09086577541271389,0.12879027725858783,0.08516077031649424,0.12879027725858783,0.65,0.9,2.225,2.8,0.30345688563124595,0.4199121169942591,0.3366391582025239,0.46585680209295166,0.6400960438337698,0.885768919087211,1.5123193082912176,1.5123193082912176,0.404069027453646,0.548422300528242,0.4472703756789217,0.6198815436178504,0.4472703756789217,0.6198815436178504,0.4439912107731033,0.6173215023366019,0.6265503892040067,0.8722232644574479,0.4142976855277681,0.5767454397199889,0.6265503892040067,0.8967905519827919
F,24,ConcederTBNegotiator,GeniusBOABaselineNegotiator,0.375,0.49029033784546006,40,9.725,5.791184724460144,40,0.07936817097568485,0.10288891381109812,40,0.34033308325638656,0.4440851138322077,40,0.41970125423207144,0.5469740276433058,40,1.5123193082912176,0.0,40,0.57733800657637,0.45290119407256463,40,0.8877510169964673,0.2365416367863254,40,0.8877510169964673,0.2365416367863254,40,0.8789627043358699,0.24712928379263532,40,1.0926180540591461,0.5469740276433058,40,0.7224784131690447,0.3616789289434758,40,1.0926180540591461,0.5469740276433058,40,0.15194254987178032,1.794706739846731,0.03188560473513489,0.13762340259912237,0.16950900733425725,0.0,0.14035553417136695,0.07330501270348784,0.07330501270348784,0.0765861585044645,0.16950900733425725,0.11208546132085485,0.16950900733425725,0.225,0.525,7.95,11.475,0.047890216220375516,0.1108461257309942,0.20446916358879658,0.4761970029239766,0.25235937980917206,0.5870431286549709,1.5123193082912176,1.5123193082912176,0.4387768849980411,0.7158991281546987,0.8153831916914284,0.9601188423015063,0.8153831916914284,0.9601188423015063,0.8033556819095384,0.9545697267622014,0.9252761796362468,1.2599599284820457,0.6118259381887574,0.8331308881493321,0.9252761796362469,1.2599599284820457
F,24,ConcederTBNegotiator,LinearTBNegotiator,0.7,0.4640954808922571,40,4.7,2.1862038284403353,40,0.2826581255771007,0.1869541294506917,40,0.5692078331794399,0.3769347356638963,40,0.8518659587565404,0.5638888651145879,40,1.5123193082912176,0.0,40,0.32087334219369557,0.399697239468873,40,0.5839513090836281,0.3213657475055838,40,0.5839513090836281,0.3213657475055838,40,0.5690677597015803,0.33077576705082834,40,0.6604533495346772,0.5638888651145879,40,0.43671554407443824,0.3728636287476424,40,0.6604533495346772,0.5638888651145879,40,0.14382467959824718,0.6775115856706426,0.05793768496973866,0.11681328480527842,0.17475096977501706,0.0,0.12386745781793201,0.09959227695986152,0.09959227695986152,0.10250847222964964,0.17475096977501706,0.11555163570084259,0.17475096977501706,0.55,0.825,3.975,5.325,0.22223280240073873,0.3430834487534626,0.4473790012311481,0.6910366651277317,0.6696118036318868,1.0037444213604185,1.5123193082912176,1.5123193082912176,0.2132184371350355,0.45005922826408773,0.49739429637372873,0.6878197243355075,0.49739429637372873,0.6705083217935275,0.47997624171941633,0.675977581280177,0.5085748869307991,0.8427075046593309,0.3362880339770588,0.5572285561912935,0.5085748869307991,0.8427075046593309
F,24,ConcederTBNegotiator,SmartAspirationNegotiator,0.375,0.49029033784546006,40,10.1,6.1510891259920335,40,0.07766251795424234,0.10065887328808434,40,0.32961183569303376,0.43006771625897816,40,0.40727435364727604,0.5307265895470626,40,1.5123193082912176,0.0,40,0.5881940832868697,0.43870751535771885,40,0.8866032039744004,0.23804233447798562,40,0.8866032039744004,0.23804233447798562,40,0.8780492632546505,0.2483235540228032,40,1.1050449546439416,0.5307265895470626,40,0.730695527449518,0.35093553764564117,40,1.1050449546439416,0.5307265895470626,40,0.15194254987178032,1.9062422694252663,0.031194508017069616,0.1332793660855692,0.16447387410263883,0.0,0.13595686756604167,0.07377008373641818,0.07377008373641818,0.07695626668323277,0.16447387410263883,0.10875604986388705,0.16447387410263883,0.225,0.525,8.2,11.925,0.04686682440751001,0.10845821150097468,0.19803641505078487,0.46118725633528257,0.24490323945829484,0.5696454678362572,1.5123193082912176,1.5123193082912176,0.45397539239274076,0.7224127741809986,0.8137762534605347,0.9594301544882662,0.8137762534605347,0.9594301544882662,0.8020768643958313,0.9540216621134696,0.9426738404549603,1.2674160688329228,0.6233298981814202,0.838061156717616,0.9426738404549603,1.2674160688329228
F,24,GeniusBOABaselineNegotiator,BoulwareTBNegotiator,0.175,0.38480764425479264,40,11.95,8.24916468187646,40,0.10346319166581171,0.22602481250521167,40,0.07554733721486953,0.16464061714163036,40,0.17901052888068125,0.390665429646842,40,1.5123193082912176,0.0,40,0.8101837402322454,0.24970073546714414,40,0.9449719403340839,0.27200104129744995,40,0.9449719403340839,0.27200104129744995,40,0.9455657212091584,0.26917743113838444,40,1.3333087794105363,0.3906654296468421,40,0.8816317903902539,0.2583220537521658,40,1.3333087794105363,0.3906654296468421,40,0.11925312445511727,2.5564426204776964,0.07004581509243979,0.051022655863244656,0.12106847095568442,0.0,0.07738305963454567,0.08429399601087134,0.08429399601087134,0.08341895015682169,0.12106847095568446,0.08005483385151034,0.12106847095568446,0.075,0.3,9.525,14.5,0.0447261016210116,0.17688455422181187,0.032762163999179236,0.1290288037344824,0.07748826562019083,0.30591335795629426,1.5123193082912176,1.5123193082912176,0.7290715471679979,0.8750734946836435,0.8566157689590976,1.015656877434073,0.8566157689590976,1.015656877434073,0.8581267646430586,1.0155168864620385,1.2064059503349234,1.4348310426710267,0.7977190687977472,0.9487619676642591,1.2064059503349234,1.4348310426710267
F,24,GeniusBOABaselineNegotiator,ConcederTBNegotiator,0.45,0.5038314736557788,40,8.95,5.113832423073917,40,0.41969434528224586,0.46914666389911497,40,0.09379135887965528,0.10425737077014494,40,0.5134857041619012,0.57340403466926,40,1.5123193082912176,0.0,40,0.516729952392221,0.4556997343233921,40,0.8377387444267861,0.2585571714698031,40,0.8377387444267861,0.2585571714698031,40,0.8473260873045593,0.2470500382218419,40,0.9988336041293163,0.57340403466926,40,0.6604647567833455,0.3791554015911851,40,0.9988336041293163,0.57340403466926,40,0.1561389913358755,1.584793086874475,0.14539005742988803,0.03230969394044347,0.17769975137033153,0.0,0.14122281078036178,0.08012769758709777,0.08012769758709777,0.07656160004764213,0.17769975137033153,0.11750147630602954,0.17769975137033153,0.3,0.6,7.4,10.45,0.28002065821730115,0.5593680323471906,0.06275200061557404,0.12483071714373654,0.34277265883287517,0.6841987494909273,1.5123193082912176,1.5123193082912176,0.38105966634889726,0.6524002384355446,0.7607614658160265,0.9147160230375457,0.7607614658160265,0.9147160230375457,0.7737746962721797,0.9208774783369391,0.8281205588002903,1.1695466494583424,0.5475831421712064,0.7733463713954847,0.8281205588002903,1.1695466494583424
F,24,GeniusBOABaselineNegotiator,GeniusBOABaselineNegotiator,0.175,0.38480764425479264,40,11.95,8.24916468187646,40,0.06667332662717115,0.14512754794537722,40,0.07526306171129579,0.16401552350249005,40,0.14193638833846695,0.3091430714478673,40,1.5123193082912176,0.0,40,0.8405541607473028,0.18291919276184887,40,0.9697986968864359,0.2174094658494623,40,0.9697986968864359,0.2174094658494623,40,0.9687541724058761,0.21818832668737773,40,1.3703829199527506,0.30914307144786723,40,0.9061465475179034,0.20441653409634147,40,1.3703829199527506,0.30914307144786723,40,0.11925312445511727,2.5564426204776964,0.04497549306878281,0.050828937337489104,0.09580443040627193,0.0,0.05668724513490916,0.0673758915025597,0.0673758915025597,0.06761726297691545,0.0958044304062719,0.06334934023590702,0.0958044304062719,0.075,0.3,9.423750000000004,14.525,0.02895901660445136,0.1138162141555709,0.03264033164050477,0.12854147429978457,0.06159934824495613,0.24235768845535546,1.5123193082912176,1.5123193082912176,0.7811351251938106,0.8880893891900966,0.8991759230488441,1.0262969159565096,0.8991759230488441,1.0262969159565096,0.8978783952660031,1.0254547941177747,1.269961619835862,1.4507199600462615,0.839744366730861,0.9592682921475376,1.269961619835862,1.4507199600462615
F,24,GeniusBOABaselineNegotiator,LinearTBNegotiator,0.35,0.48304589153964794,40,10.825,6.894395717370181,40,0.2645864325775452,0.3642347488612917,40,0.1802134631168565,0.24778898813276073,40,0.44479989569440165,0.6120237369940525,40,1.5123193082912176,0.0,40,0.6338420272621612,0.4000983320460019,40,0.7740241735252087,0.40665067494202645,40,0.7740241735252087,0.40665067494202645,40,0.779469896139996,0.39818213178063616,40,1.067519412596816,0.6120237369940524,40,0.7058822873874534,0.4046921398402188,40,1.067519412596816,0.6120237369940524,40,0.14969747270189077,2.1365953686252266,0.11287751811934807,0.07679060299757978,0.18966812111692785,0.0,0.12399175769537081,0.12602234979643323,0.12602234979643323,0.12339792108079647,0.18966812111692782,0.12541539348012123,0.18966812111692782,0.2,0.5,8.725,12.825,0.15148079751034507,0.3776920676447454,0.10326767210423722,0.2571592541294757,0.25474846961458225,0.6348513217742211,1.5123193082912176,1.5123193082912176,0.509599691579291,0.7580843629450316,0.6477471420678418,0.9003012049825756,0.6477471420678418,0.9003012049825756,0.6558225971706949,0.9031171951092969,0.8774679865169965,1.2575708386766355,0.5802134388593206,0.8315511359155859,0.8774679865169965,1.2575708386766355
F,24,GeniusBOABaselineNegotiator,SmartAspirationNegotiator,0.275,0.45220258677630265,40,11.1,7.196152818320035,40,0.20794427131425058,0.3408308239551076,40,0.208748364881502,0.34215305374100324,40,0.41669263619575253,0.6829838776961109,40,1.5123193082912176,0.0,40,0.6697120876285891,0.41771798402897364,40,0.7817314120736053,0.47183503309420133,40,0.7817314120736053,0.47183503309420133,40,0.7742856887912313,0.48294343637967724,40,1.095626672095465,0.6829838776961109,40,0.7244678197843172,0.4516135408386871,40,1.095626672095465,0.6829838776961109,40,0.14013903352723936,2.230110863060055,0.1056245666480218,0.10603432990394941,0.2116588965519712,0.0,0.12945214441624872,0.14622319167498288,0.14622319167498288,0.14966572151886343,0.2116588965519712,0.13995648629992458,0.2116588965519712,0.15,0.4,8.899375000000001,13.25,0.1137301862111419,0.32100117343798096,0.11416878270236996,0.3222438634964604,0.22789896891351188,0.6432450369344413,1.5123193082912176,1.5123193082912176,0.5542444863133151,0.785179688943863,0.6252191385179001,0.9121583067033597,0.6252191385179001,0.9121583067033597,0.6140886497309765,0.9077832213414435,0.8690742713567762,1.2844203393777058,0.5746632120558923,0.8493049928913381,0.8690742713567762,1.2844203393777058
F,24,LinearTBNegotiator,BoulwareTBNegotiator,0.275,0.45220258677630265,40,11.1,7.196152818320035,40,0.08606395495005127,0.1404141172750893,40,0.22098845584966315,0.3622803293707476,40,0.3070524107997144,0.502694446645837,40,1.5123193082912176,0.0,40,0.6920838856230531,0.3809304024873973,40,0.9028049241256791,0.2727450136758754,40,0.9028049241256791,0.2727450136758754,40,0.896779081853658,0.2815186029039109,40,1.2052668974915033,0.5026944466458368,40,0.7969658860292834,0.33239967504867446,40,1.2052668974915033,0.5026944466458368,40,0.14013903352723936,2.230110863060055,0.04351478577066522,0.11227183724418063,0.15578662301484586,0.0,0.11805155478275486,0.0845245554396149,0.0845245554396149,0.08724351891071534,0.15578662301484583,0.10301172653205787,0.15578662301484583,0.15,0.425,8.974375,13.275,0.04725001364885138,0.13264068451149114,0.12084519595773058,0.3411603677199822,0.16809520960658195,0.4738010522314733,1.5123193082912176,1.5123193082912176,0.5657255629507956,0.7973824878499344,0.8123327480529234,0.978198404186309,0.8123327480529234,0.978198404186309,0.8033966208274542,0.9745977993754945,1.0385182560597443,1.3442240986846357,0.68670567807084,0.8888493926613197,1.0385182560597443,1.3442240986846357
F,24,LinearTBNegotiator,ConcederTBNegotiator,0.7,0.4640954808922571,40,4.7,2.1862038284403353,40,0.5482126352239527,0.3630150549616392,40,0.2815210235628057,0.18620023815619482,40,0.8297336587867583,0.549215293117834,40,1.5123193082912176,0.0,40,0.34265587800894487,0.3852555588485431,40,0.5572286709070385,0.3390826840988325,40,0.5572286709070385,0.3390826840988325,40,0.5699898070184473,0.3301644556323615,40,0.6825856495044593,0.549215293117834,40,0.45135021801428865,0.36316093440504776,40,0.6825856495044593,0.549215293117834,40,0.14382467959824718,0.6775115856706426,0.11249953106377882,0.05770405163705794,0.17020358270083677,0.0,0.11939193462583836,0.10508281249381564,0.10508281249381564,0.10231902485833133,0.17020358270083677,0.11254473957166575,0.17020358270083677,0.55,0.825,4.0,5.35,0.4308827742661224,0.6459875193554778,0.22133936510379265,0.3316724056119832,0.652222139369915,0.9776599249674611,1.5123193082912176,1.5123193082912176,0.23889071148872212,0.467174077833212,0.4658997585227482,0.666823365768187,0.44763397604589017,0.666823365768187,0.48061830600948957,0.676702047029144,0.5346593833237565,0.8600971689213026,0.3530469716716999,0.5687272285726046,0.5346593833237565,0.8600971689213026
F,24,LinearTBNegotiator,GeniusBOABaselineNegotiator,0.35,0.48304589153964794,40,10.825,6.894395717370181,40,0.1452895553640511,0.19958941625703985,40,0.2788002077562327,0.38385162229938674,40,0.4240897631202838,0.5834410385564266,40,1.5123193082912176,0.0,40,0.6289806297380284,0.4068076980493545,40,0.8216744815484212,0.34088700202427924,40,0.8216744815484212,0.34088700202427924,40,0.814110587343945,0.3503734358773184,40,1.0882295451709338,0.5834410385564266,40,0.7195765730191818,0.38579223009171354,40,1.0882295451709338,0.5834410385564266,40,0.14969747270189077,2.1365953686252266,0.06185340091909709,0.11895685018164064,0.18081025110073773,0.0,0.12607101176154772,0.10564197641202883,0.10564197641202883,0.10858185272114564,0.18081025110073773,0.11955825076718535,0.18081025110073773,0.2,0.5,8.574375,12.825624999999995,0.09364088705096554,0.20726795733975378,0.15960295475530933,0.3984941159779905,0.24291410814365774,0.6052654180969098,1.5123193082912176,1.5123193082912176,0.5026548379733868,0.7553064215026699,0.715819010672431,0.9275299524244114,0.715819010672431,0.9275299524244114,0.705309298890622,0.9229118757972679,0.9070538901943077,1.26940520014756,0.5997767040475042,0.8393764419908594,0.9070538901943077,1.2694052001475598
F,24,LinearTBNegotiator,LinearTBNegotiator,0.625,0.4902903378454601,40,7.325,3.9052069120138846,40,0.3986442943982764,0.3121941457568208,40,0.5320507271468145,0.4168467617296821,40,0.9306950215450909,0.729040907486503,40,1.5123193082912176,0.0,40,0.34640280394582196,0.4529011940725646,40,0.5100903954810196,0.4381863480137717,40,0.5100903954810196,0.4381863480137717,40,0.49410552509848554,0.4501843805644579,40,0.5816242867461268,0.729040907486503,40,0.384590928355804,0.4820681078986239,40,0.5816242867461268,0.729040907486503,40,0.15194254987178035,1.2102361604672716,0.09674996813069023,0.12918214982846787,0.22593211795915813,0.0,0.14035553417136692,0.13579535613284227,0.13579535613284227,0.13951358494234106,0.22593211795915813,0.1493944544121709,0.22593211795915813,0.475,0.775,6.1243750000000015,8.475,0.3031312519236688,0.49415733687288393,0.40452014081255766,0.6595813134810711,0.7076513927362266,1.153738650353955,1.5123193082912176,1.5123193082912176,0.20784168236749317,0.4849639255241508,0.37603115113428887,0.6441496398277505,0.3760311511342888,0.6441496398277505,0.379330578037843,0.6318354615712567,0.35858065793726246,0.804667915554991,0.2371064470124539,0.5320754096991542,0.35858065793726246,0.804667915554991
F,24,LinearTBNegotiator,SmartAspirationNegotiator,0.275,0.45220258677630265,40,11.1,7.196152818320035,40,0.10966616865018297,0.1792249612345316,40,0.20544264688280153,0.33671722017676564,40,0.31510881553298453,0.5159421814112973,40,1.5123193082912176,0.0,40,0.7053612433985459,0.3590974732814616,40,0.8780714384130419,0.31341609083678174,40,0.8780714384130419,0.31341609083678174,40,0.8726193719050859,0.32124617866576377,40,1.197210492758233,0.5159421814112972,40,0.7916387010299905,0.3411595544556425,40,1.197210492758233,0.5159421814112972,40,0.14013903352723936,2.230110863060055,0.05554239092353729,0.10434974762958037,0.15989213855311768,0.0,0.11128545992292599,0.09712865283426492,0.09712865283426492,0.09955522219250205,0.15989213855311765,0.10572644128559144,0.15989213855311765,0.15,0.425,8.949375,13.35,0.06012394839437777,0.16911683295714924,0.11236566379398791,0.3171350265893779,0.17248961218836567,0.48625185954652717,1.5123193082912176,1.5123193082912176,0.5862451158765573,0.8046246830002033,0.7741082701333932,0.964707411979416,0.7914354648466679,0.964707411979416,0.7660588872705698,0.9614197757671825,1.0260674487446906,1.3398296961028522,0.6784727557992054,0.8859436553889779,1.0538781933968921,1.339829696102852
F,24,SmartAspirationNegotiator,BoulwareTBNegotiator,0.4,0.49613893835683387,40,12.7,6.809495632514259,40,0.28080437529659624,0.3474598554831657,40,0.3056671283471838,0.3782983052410323,40,0.5864715036437801,0.7257581607241982,40,1.5123193082912176,0.0,40,0.5602780675047827,0.45082004863230035,40,0.6713138643091684,0.492860348000849,40,0.6713138643091684,0.492860348000849,40,0.6622698758834789,0.5032217986380306,40,0.9258478046474377,0.7257581607241982,40,0.6122039172359446,0.4798974374956823,40,0.9258478046474377,0.7257581607241982,40,0.15375504994833628,2.110284559739971,0.10767892480237536,0.11723585939524095,0.22491478419761635,0.0,0.13971058051750268,0.152739004270458,0.152739004270458,0.15595005109039387,0.22491478419761635,0.14872175668493542,0.22491478419761635,0.25,0.575,10.575,14.775,0.17575521609315198,0.38585353450004056,0.1912944367497692,0.4200398199445985,0.3670496528429211,0.8058933544446389,1.5123193082912176,1.5123193082912176,0.42397953887325424,0.6965765961363111,0.5223050958279571,0.8203226327903795,0.5223050958279571,0.8203226327903795,0.5101284816891466,0.8144112700778112,0.7064259538465786,1.1452696554482966,0.46711428596701265,0.7572935485048765,0.7064259538465787,1.1452696554482966
F,24,SmartAspirationNegotiator,ConcederTBNegotiator,0.55,0.5038314736557788,40,9.85,4.469555131880921,40,0.5177248795292804,0.47364884961372433,40,0.10715807855408503,0.09754616530559426,40,0.6248829580833654,0.5711950149193187,40,1.5123193082912176,0.0,40,0.42589059060588863,0.4560592908368814,40,0.7948591757251631,0.25082691536377155,40,0.7948591757251631,0.25082691536377155,40,0.806782567083487,0.23927203407273562,40,0.8874363502078522,0.5711950149193187,40,0.5868048799896458,0.377694718164193,40,0.8874363502078522,0.5711950149193187,40,0.1561389913358755,1.385129485754921,0.1467852992379974,0.030229869819335307,0.17701516905733275,0.0,0.14133423849831894,0.07773206640033235,0.07773206640033235,0.07415117158902339,0.17701516905733275,0.11704880582219353,0.17701516905733275,0.4,0.7,8.425,11.175624999999997,0.3767108080451343,0.6587389510134264,0.0779957655240076,0.13619938613590507,0.45482757901739934,0.7949383371493315,1.5123193082912176,1.5123193082912176,0.29011325790144227,0.561667923310335,0.7201833381250079,0.8695350133253182,0.7201833381250079,0.8695350133253182,0.7355468325421567,0.8898909240483726,0.7173809711418861,1.0574917292738184,0.4743581379996139,0.6992516219796778,0.7173809711418861,1.0574917292738184
F,24,SmartAspirationNegotiator,GeniusBOABaselineNegotiator,0.4,0.49613893835683387,40,12.7,6.809495632514259,40,0.28080437529659624,0.3474598554831657,40,0.3056671283471838,0.3782983052410323,40,0.5864715036437801,0.7257581607241982,40,1.5123193082912176,0.0,40,0.5602780675047827,0.45082004863230035,40,0.6713138643091684,0.492860348000849,40,0.6713138643091684,0.492860348000849,40,0.6622698758834789,0.5032217986380306,40,0.9258478046474377,0.7257581607241982,40,0.6122039172359446,0.4798974374956823,40,0.9258478046474377,0.7257581607241982,40,0.15375504994833628,2.110284559739971,0.10767892480237536,0.11723585939524095,0.22491478419761635,0.0,0.13971058051750268,0.152739004270458,0.152739004270458,0.15595005109039387,0.22491478419761635,0.14872175668493542,0.22491478419761635,0.25,0.55,10.575,14.750624999999996,0.17575521609315198,0.38585353450004056,0.1912944367497692,0.4200398199445985,0.3670496528429211,0.8058933544446389,1.5123193082912176,1.5123193082912176,0.42397953887325424,0.6965765961363111,0.5223050958279571,0.8203226327903795,0.5223050958279571,0.8203226327903795,0.48477158265675796,0.8144112700778112,0.7064259538465786,1.1452696554482966,0.46711428596701265,0.7572935485048764,0.7064259538465786,1.1452696554482964
F,24,SmartAspirationNegotiator,LinearTBNegotiator,0.525,0.505736325340815,40,11.45,5.706271853105008,40,0.44816990270297535,0.43107675333538176,40,0.24815119395711505,0.23839727379148437,40,0.6963210966600905,0.6694740271268662,40,1.5123193082912176,0.0,40,0.4490363582084974,0.4572862577829564,40,0.6543802452318896,0.39908889840163564,40,0.6543802452318896,0.39908889840163564,40,0.6657517764767282,0.3874696293478505,40,0.8159982116311273,0.6694740271268662,40,0.5395674095790859,0.4426803410209121,40,0.8159982116311273,0.6694740271268662,40,0.15672931098896883,1.7683919683843154,0.13359206991525846,0.07388008056927385,0.20747215048453235,0.0,0.14171447949432608,0.12367893096799662,0.12367893096799662,0.12007808218228212,0.20747215048453235,0.1371880589946027,0.20747215048453235,0.375,0.675,9.575,13.050624999999997,0.32031372595567137,0.5760260794502793,0.1774432197086283,0.3188591682056018,0.49775694566429973,0.8948852476558811,1.5123193082912176,1.5123193082912176,0.313406514690299,0.5846662017266959,0.5360115780812682,0.7727489123825111,0.5360115780812682,0.7727489123825111,0.5508293524981653,0.7806742004552911,0.5843400354693715,1.014562362626918,0.4082696407103209,0.6708651784478508,0.6174340606353366,1.014562362626918
F,24,SmartAspirationNegotiator,SmartAspirationNegotiator,0.4,0.49613893835683387,40,12.7,6.809495632514259,40,0.3021583564173592,0.3739462092905338,40,0.30332794706063404,0.3753969079406999,40,0.6054863034779933,0.7493431172312337,40,1.5123193082912176,0.0,40,0.5542444863133151,0.4583037850493615,40,0.6513045174438509,0.5176788882782796,40,0.6513045174438509,0.5176788882782796,40,0.640788156241019,0.5298665925817535,40,0.9068330048132243,0.7493431172312338,40,0.5996306466772964,0.4954926602622847,40,0.9068330048132243,0.7493431172312338,40,0.15375504994833628,2.110284559739971,0.11588713088692221,0.11633670705636177,0.232223837943284,0.0,0.14202981446115623,0.16043034958723418,0.16043034958723418,0.1642073582819003,0.23222383794328402,0.1535547662918327,0.23222383794328402,0.25,0.55,10.475,14.625624999999996,0.18910145429362885,0.41521525854108965,0.1898324484456756,0.41682344567559254,0.37893390273930444,0.8320387042166821,1.5123193082912176,1.5123193082912176,0.41568336473498635,0.6928056078916439,0.49479224388814574,0.8078167909995562,0.49479224388814574,0.8078167909995561,0.4805911171807643,0.8009851953012739,0.6802806040745355,1.1333854055519132,0.42485860432746725,0.7494352544057213,0.6802806040745355,1.1333854055519132
F,36,BoulwareTBNegotiator,BoulwareTBNegotiator,0.1,0.3038218101251,40,12.775,9.517830769881472,40,0.07097207578791245,0.21358306144053557,40,0.0694818491159673,0.20905542779086478,40,0.14045392490387976,0.42263848923140024,40,1.5123193082912176,0.0,40,0.8398944737470467,0.25474345811383337,40,0.9703754766483657,0.2986419630543685,40,0.9703754766483657,0.2986419630543685,40,0.9697099786386026,0.2985665488676736,40,1.371865383387338,0.42263848923140024,40,0.9071268057388092,0.2794637924109711,40,1.371865383387338,0.42263848923140024,40,0.09415535443739124,2.94960631445222,0.06619007649081005,0.06478694828591955,0.13097702477672957,0.0,0.07894581557340662,0.09255010319925468,0.09255010319925468,0.09252673210066585,0.13097702477672957,0.08660672654158043,0.13097702477672957,0.025,0.2,9.824375,15.750624999999996,0.018247982012536752,0.14127086748841342,0.01787542534455046,0.1382904141445231,0.03612340735708721,0.27956128163293653,1.5123193082912176,1.5123193082912176,0.7560481369719017,0.9027792263284056,0.8720803730376666,1.04409680435639,0.8720803730376666,1.04409680435639,0.8714396968755068,1.0434126899609244,1.232758026658281,1.4761959009341303,0.8151440108578557,0.9761139018995244,1.232758026658281,1.4761959009341303
F,36,BoulwareTBNegotiator,ConcederTBNegotiator,0.275,0.45220258677630265,40,11.1,7.196152818320035,40,0.25860216605109265,0.4241313004665317,40,0.05847221153517322,0.09504299819917704,40,0.3170743775862659,0.5191742986657087,40,1.5123193082912176,0.0,40,0.6732213711532173,0.41194741280145236,40,0.9272367348436512,0.23257000274388986,40,0.9272367348436512,0.23257000274388986,40,0.9328705069918973,0.22217083632952872,40,1.1952449307049517,0.5191742986657089,40,0.7903390006013142,0.34329674680430305,40,1.1952449307049517,0.5191742986657089,40,0.14013903352723936,2.230110863060055,0.1314396517714606,0.029454130296146745,0.16089378206760735,0.0,0.12766382586528702,0.07207419056202555,0.07207419056202555,0.06885145550164781,0.16089378206760738,0.10638876405631734,0.16089378206760738,0.15,0.425,8.825,13.2,0.14136176515851032,0.3992906471221914,0.026945523836394113,0.08999889923395235,0.17356173694470095,0.48928954635614375,1.5123193082912176,1.5123193082912176,0.5365744042246858,0.7870938435936603,0.8500910009806983,0.991524846396112,0.8500910009806983,0.991524846396112,0.8591742778592787,0.9942840312690798,1.023029761935074,1.3387575713465167,0.6764641278639786,0.8852347278824272,1.023029761935074,1.3387575713465167
F,36,BoulwareTBNegotiator,GeniusBOABaselineNegotiator,0.075,0.26674678283691844,40,13.0,9.935690651280801,40,0.0376091140703383,0.1313668509247615,40,0.04879530240073869,0.171151914249324,40,0.08640441647107698,0.3025187651740855,40,1.5123193082912176,0.0,40,0.8715445131419413,0.18564259202907882,40,1.010713849189412,0.206130287420991,40,1.010713849189412,0.206130287420991,40,1.009289076902155,0.20874245839192598,40,1.4259148918201405,0.3025187651740855,40,0.9428662875641611,0.20003630418228546,40,1.4259148918201405,0.3025187651740855,40,0.08266568444412337,3.0791024333191306,0.040711008880672216,0.053040527742717745,0.09375153662338996,0.0,0.05753123531183222,0.06388043789355771,0.06388043789355771,0.06468995806433867,0.09375153662338996,0.06199189292195221,0.09375153662338996,0.0,0.15,9.949375,16.075,0.0006732840874115113,0.07454494405326509,0.0006732840874115113,0.09691732071406588,0.0013465681748230226,0.1998148808660823,1.5123193082912176,1.5123193082912176,0.801949449968274,0.9237408105221918,0.9334382077632085,1.0686705802590648,0.9334382077632085,1.0686705802590648,0.9310341655694305,1.0679802604016984,1.3408570435238867,1.5109727401163946,0.8678752034900257,0.999109600619763,1.3125044274251354,1.5109727401163946
F,36,BoulwareTBNegotiator,LinearTBNegotiator,0.15,0.36162028533978946,40,12.425,8.943949394380022,40,0.12688808094798404,0.304278872365492,40,0.053983597517184775,0.1285206050268548,40,0.1808716784651688,0.43279947739234675,40,1.5123193082912176,0.0,40,0.7913770664817005,0.31910276592376924,40,0.9668615398043212,0.24544142839609712,40,0.9668615398043212,0.24544142839609712,40,0.9693899312818457,0.2376817529870989,40,1.3314476298260487,0.4327994773923467,40,0.8804011312468548,0.2861826037792049,40,1.3314476298260487,0.4327994773923467,40,0.11206728747978564,2.771758633625396,0.09429699949317684,0.03982894813847919,0.13412594763165603,0.0,0.09889097170191014,0.07606308669788589,0.07606308669788589,0.07365833837467464,0.134125947631656,0.08868890775666023,0.134125947631656,0.05,0.275,9.725,15.15,0.04274488304093568,0.21103127885503237,0.018443388564002603,0.0984088587086625,0.06118827160493828,0.33047593704045697,1.5123193082912176,1.5123193082912176,0.7031345704547062,0.8796195625086949,0.8820206727587016,1.034734233440817,0.8820206727587016,1.034734233440817,0.8872313236819686,1.0351168173617475,1.1818433712507608,1.4511310366862795,0.7814774067694312,0.9595401108287935,1.1818433712507608,1.4511310366862795
F,36,BoulwareTBNegotiator,SmartAspirationNegotiator,0.1,0.3038218101251,40,12.675,9.346293657284964,40,0.07786127832065762,0.23451396127870616,40,0.07458256386580486,0.2245525116731392,40,0.15244384218646248,0.45906647295184533,40,1.5123193082912176,0.0,40,0.8313667294699727,0.28065260513927937,40,0.9618035222331583,0.32468543012175,40,0.9618035222331583,0.32468543012175,40,0.9637077766836315,0.31680254749463077,40,1.359875466104755,0.45906647295184533,40,0.8991986405577868,0.30355128737366216,40,1.359875466104755,0.45906647295184533,40,0.09415535443739124,2.8964464125049543,0.07267662955342599,0.06958954433746939,0.14226617389089535,0.0,0.08697514342300004,0.10062105726110478,0.10062105726110478,0.09817812662541686,0.14226617389089535,0.0940715185681542,0.14226617389089535,0.025,0.2,9.824375,15.55,0.019970282645723043,0.15504927255390374,0.01915060403200985,0.14849184364419823,0.03912088667773289,0.303541116198102,1.5123193082912176,1.5123193082912176,0.7389926484177535,0.9006472902591369,0.8549364642072519,1.041953815752588,0.8549364642072519,1.041953815752588,0.8594352929655648,1.0419121394721818,1.2087781920931158,1.4731984216134848,0.7992876804958103,0.9741318606042689,1.2087781920931158,1.4731984216134848
F,36,ConcederTBNegotiator,BoulwareTBNegotiator,0.175,0.38480764425479264,40,11.95,8.24916468187646,40,0.05581861726685135,0.12125911858529084,40,0.15508762311480456,0.33954181737309724,40,0.2109062403816559,0.46080093595838806,40,1.5123193082912176,0.0,40,0.7620861686808083,0.35546252519905747,40,0.9654270300618404,0.2270223276336878,40,0.9654270300618404,0.2270223276336878,40,0.9609295940511275,0.23539379848153705,40,1.3014130679095617,0.460800935958388,40,0.8605411970703722,0.30469817678850575,40,1.3014130679095617,0.460800935958388,40,0.11925312445511727,2.5564426204776964,0.037578590175809404,0.10522509936964787,0.14280368954545727,0.0,0.11015897784147385,0.07035494823347287,0.07035494823347287,0.07294929392747351,0.14280368954545725,0.09442694328012805,0.14280368954545725,0.075,0.3,9.549375000000001,14.425624999999997,0.02430699830717144,0.09520814096645122,0.06685085795629425,0.26538357956294245,0.0911578562634657,0.3605917205293937,1.5123193082912176,1.5123193082912176,0.6466185673655342,0.8775537699960821,0.891681637063823,1.0244233444602542,0.891681637063823,1.0244233444602542,0.8844648323721482,1.022101403394311,1.1517275877618238,1.421161452027752,0.7615637659636645,0.9397231419557384,1.1517275877618238,1.421161452027752
F,36,ConcederTBNegotiator,ConcederTBNegotiator,0.75,0.4385290096535146,40,3.275,1.3584965294445257,40,0.37228733344722326,0.21728472138545404,40,0.36883303837078074,0.21526497658688962,40,0.741120371818004,0.43254969797234366,40,1.5123193082912176,0.0,40,0.4927057593460738,0.2520284988242868,40,0.5457840134979152,0.3057345710438577,40,0.5457840134979152,0.3057345710438577,40,0.5449083763345896,0.3058429270633963,40,0.7711989364732136,0.43254969797234366,40,0.5099445151861466,0.28601744062970746,40,0.7711989364732136,0.43254969797234366,40,0.13590154807518112,0.4210024361949124,0.06733723279264692,0.06671130739478423,0.13404854018743115,0.0,0.07810444097266583,0.09474812518740904,0.09474812518740904,0.09478170506576233,0.13404854018743115,0.08863772316634225,0.13404854018743115,0.6,0.875,2.825,3.675,0.29796452357526093,0.43422300834052524,0.3071662795283169,0.430192997418009,0.5931656110893678,0.8644160057585342,1.5123193082912176,1.5123193082912176,0.4208665841500541,0.5789127695812974,0.45863625237105693,0.650361326850145,0.45863625237105693,0.650361326850145,0.45772972899007147,0.6320870236791076,0.6479033025326834,0.9191536972018497,0.42841700094721064,0.5914720294250827,0.6479033025326834,0.9191536972018497
F,36,ConcederTBNegotiator,GeniusBOABaselineNegotiator,0.175,0.38480764425479264,40,11.95,8.24916468187646,40,0.05581861726685135,0.12125911858529084,40,0.15508762311480456,0.33954181737309724,40,0.2109062403816559,0.46080093595838806,40,1.5123193082912176,0.0,40,0.7620861686808083,0.35546252519905747,40,0.9654270300618404,0.2270223276336878,40,0.9654270300618404,0.2270223276336878,40,0.9609295940511275,0.23539379848153705,40,1.3014130679095617,0.460800935958388,40,0.8605411970703722,0.30469817678850575,40,1.3014130679095617,0.460800935958388,40,0.11925312445511727,2.5564426204776964,0.037578590175809404,0.10522509936964787,0.14280368954545727,0.0,0.11015897784147385,0.07035494823347287,0.07035494823347287,0.07294929392747351,0.14280368954545725,0.09442694328012805,0.14280368954545725,0.05,0.3,9.449375,14.425,0.02430699830717144,0.09520814096645122,0.04479166666666667,0.26538357956294245,0.0911578562634657,0.3605917205293937,1.5123193082912176,1.5123193082912176,0.6466185673655342,0.8544602497330274,0.891681637063823,1.0244233444602542,0.891681637063823,1.0244233444602542,0.8844648323721482,1.022101403394311,1.1517275877618238,1.421161452027752,0.7615637659636645,0.9397231419557384,1.1517275877618238,1.421161452027752
F,36,ConcederTBNegotiator,LinearTBNegotiator,0.65,0.48304589153964794,40,6.7,3.4729725684978363,40,0.2692463593154565,0.19958941625703985,40,0.5171947137580795,0.3838516222993867,40,0.7864410730735358,0.5834410385564266,40,1.5123193082912176,0.0,40,0.3763290462087453,0.40680769804935457,40,0.609963539796441,0.34088700202427924,40,0.609963539796441,0.34088700202427924,40,0.5965080104372992,0.3503734358773184,40,0.7258782352176818,0.5834410385564266,40,0.47997683507582656,0.38579223009171354,40,0.7258782352176818,0.5834410385564266,40,0.14969747270189077,1.0762853496383538,0.06185340091909709,0.11895685018164062,0.18081025110073773,0.0,0.12607101176154775,0.10564197641202883,0.10564197641202883,0.10858185272114564,0.18081025110073773,0.11955825076718535,0.18081025110073773,0.5,0.8,5.6243750000000015,7.725,0.20726795733975378,0.3312247612911591,0.39799746075715603,0.6165257579255156,0.6052654180969098,0.967616728050162,1.5123193082912176,1.5123193082912176,0.2500032544441038,0.5026548379733868,0.5041080689204509,0.715819010672431,0.5041080689204509,0.7158190106724311,0.48770672198397624,0.705309298890622,0.5447025802410558,0.9070538901943077,0.36017696610414884,0.5997767040475042,0.5447025802410558,0.9070538901943077
F,36,ConcederTBNegotiator,SmartAspirationNegotiator,0.175,0.38480764425479264,40,12.125,8.494907977044926,40,0.03660159322526589,0.07900278857940393,40,0.15417794150336855,0.3375415177278482,40,0.19077953472863446,0.4165443063072521,40,1.5123193082912176,0.0,40,0.7671523378123749,0.34432252171954625,40,0.9837058046595548,0.18682911510334033,40,0.9837058046595548,0.18682911510334033,40,0.9793457950664093,0.19489839888831795,40,1.3215397735625831,0.41654430630725203,40,0.873849699806982,0.2754340991506013,40,1.3215397735625831,0.41654430630725203,40,0.11925312445511727,2.632599256657542,0.02448321783473415,0.10460520008723011,0.12908841792196424,0.0,0.10670665499600313,0.05789894262211134,0.05789894262211134,0.06039963957509712,0.12908841792196424,0.08535791166206978,0.12908841792196424,0.075,0.3,9.675,14.775,0.016071130860777678,0.062264671180876176,0.06646099440853596,0.26382412537190925,0.08253212526931362,0.32608879655278544,1.5123193082912176,1.5123193082912176,0.6553034287339342,0.8566314650751273,0.9230166792313333,1.0322571050021319,0.9230166792313333,1.0322571050021319,0.9160354626840601,1.0299940609722888,1.186230511738432,1.429787183021904,0.784378342083567,0.945426785985714,1.186230511738432,1.429787183021904
F,36,GeniusBOABaselineNegotiator,BoulwareTBNegotiator,0.1,0.3038218101251,40,12.675,9.346293657284964,40,0.07070605688970769,0.21277483800873498,40,0.07692174515235459,0.2316594546000422,40,0.14762780204206227,0.44443429260877715,40,1.5123193082912176,0.0,40,0.8328751247678395,0.2760697712414583,40,0.9693314012715908,0.3018140917631568,40,0.9693314012715908,0.3018140917631568,40,0.9665526642721435,0.3081591585271894,40,1.3646915062491554,0.44443429260877715,40,0.9023831797738083,0.2938759626834013,40,1.3646915062491554,0.44443429260877715,40,0.09415535443739124,2.8964464125049543,0.0659396054543349,0.07179200876875341,0.1377316142230883,0.0,0.08555490848397654,0.0935331560708507,0.0935331560708507,0.09549951263310806,0.1377316142230883,0.09107310438211123,0.1377316142230883,0.025,0.2,9.9,15.725624999999996,0.01818147728798556,0.14073882969200388,0.019735399353647282,0.15317020621729766,0.03791687664163284,0.29390903590930156,1.5123193082912176,1.5123193082912176,0.7420094390134873,0.9010243890836037,0.8699922222841167,1.0438357855121962,0.8699922222841167,1.0438357855121962,0.8651250681425886,1.0426233613693097,1.2184102723819161,1.4744024316495847,0.8056567589278536,0.9749279954082744,1.2184102723819161,1.4744024316495847
F,36,GeniusBOABaselineNegotiator,ConcederTBNegotiator,0.275,0.45220258677630265,40,11.1,7.196152818320035,40,0.25860216605109265,0.4241313004665317,40,0.05847221153517322,0.09504299819917704,40,0.3170743775862659,0.5191742986657087,40,1.5123193082912176,0.0,40,0.6732213711532173,0.41194741280145236,40,0.9272367348436512,0.23257000274388986,40,0.9272367348436512,0.23257000274388986,40,0.9328705069918973,0.22217083632952872,40,1.1952449307049517,0.5191742986657089,40,0.7903390006013142,0.34329674680430305,40,1.1952449307049517,0.5191742986657089,40,0.14013903352723936,2.230110863060055,0.1314396517714606,0.029454130296146745,0.16089378206760735,0.0,0.12766382586528702,0.07207419056202555,0.07207419056202555,0.06885145550164781,0.16089378206760738,0.10638876405631734,0.16089378206760738,0.15,0.425,8.825,13.225624999999996,0.14136176515851032,0.3992906471221914,0.03219997178619063,0.08999889923395235,0.17356173694470095,0.4605870182278308,1.5123193082912176,1.5123193082912176,0.5593488987127744,0.7870938435936603,0.8500910009806983,0.991524846396112,0.8500910009806983,0.991524846396112,0.8591742778592787,0.9942840312690798,1.023029761935074,1.3387575713465167,0.6764641278639786,0.8852347278824274,1.023029761935074,1.3387575713465167
F,36,GeniusBOABaselineNegotiator,GeniusBOABaselineNegotiator,0.1,0.3038218101251,40,12.675,9.346293657284964,40,0.07070605688970769,0.21277483800873498,40,0.07692174515235459,0.2316594546000422,40,0.14762780204206227,0.44443429260877715,40,1.5123193082912176,0.0,40,0.8328751247678395,0.2760697712414583,40,0.9693314012715908,0.3018140917631568,40,0.9693314012715908,0.3018140917631568,40,0.9665526642721435,0.3081591585271894,40,1.3646915062491554,0.44443429260877715,40,0.9023831797738083,0.2938759626834013,40,1.3646915062491554,0.44443429260877715,40,0.09415535443739124,2.8964464125049543,0.0659396054543349,0.07179200876875341,0.1377316142230883,0.0,0.08555490848397654,0.0935331560708507,0.0935331560708507,0.09549951263310806,0.1377316142230883,0.09107310438211123,0.1377316142230883,0.025,0.2,9.975,15.575,0.01818147728798556,0.14073882969200388,0.019735399353647282,0.15317020621729766,0.03791687664163284,0.29390903590930156,1.5123193082912176,1.5123193082912176,0.7420094390134873,0.9010243890836037,0.8699922222841167,1.0438357855121962,0.8699922222841167,1.0438357855121962,0.8651250681425886,1.0426233613693097,1.2184102723819161,1.4744024316495847,0.8056567589278536,0.9749279954082744,1.2184102723819161,1.4744024316495847
F,36,GeniusBOABaselineNegotiator,LinearTBNegotiator,0.15,0.36162028533978946,40,12.425,8.943949394380022,40,0.12688808094798404,0.304278872365492,40,0.053983597517184775,0.1285206050268548,40,0.1808716784651688,0.43279947739234675,40,1.5123193082912176,0.0,40,0.7913770664817005,0.31910276592376924,40,0.9668615398043212,0.24544142839609712,40,0.9668615398043212,0.24544142839609712,40,0.9693899312818457,0.2376817529870989,40,1.3314476298260487,0.4327994773923467,40,0.8804011312468548,0.2861826037792049,40,1.3314476298260487,0.4327994773923467,40,0.11206728747978564,2.771758633625396,0.09429699949317684,0.03982894813847919,0.13412594763165603,0.0,0.09889097170191014,0.07606308669788589,0.07606308669788589,0.07365833837467464,0.134125947631656,0.08868890775666023,0.134125947631656,0.05,0.275,9.875,15.15,0.04274488304093568,0.23206707833179446,0.018443388564002603,0.0984088587086625,0.06118827160493828,0.33047593704045697,1.5123193082912176,1.5123193082912176,0.6810739464479576,0.8796195625086949,0.8820206727587016,1.034734233440817,0.8820206727587016,1.034734233440817,0.8872313236819686,1.0351168173617475,1.1818433712507608,1.4511310366862795,0.7814774067694311,0.9595401108287935,1.1818433712507608,1.4511310366862795
F,36,GeniusBOABaselineNegotiator,SmartAspirationNegotiator,0.1,0.3038218101251,40,12.675,9.346293657284964,40,0.07786127832065762,0.23451396127870616,40,0.07458256386580486,0.2245525116731392,40,0.15244384218646248,0.45906647295184533,40,1.5123193082912176,0.0,40,0.8313667294699727,0.28065260513927937,40,0.9618035222331583,0.32468543012175,40,0.9618035222331583,0.32468543012175,40,0.9637077766836315,0.31680254749463077,40,1.359875466104755,0.45906647295184533,40,0.8991986405577868,0.30355128737366216,40,1.359875466104755,0.45906647295184533,40,0.09415535443739124,2.8964464125049543,0.07267662955342599,0.06958954433746939,0.14226617389089535,0.0,0.08697514342300004,0.10062105726110478,0.10062105726110478,0.09817812662541686,0.14226617389089535,0.0940715185681542,0.14226617389089535,0.025,0.2,9.924375000000001,15.425,0.019970282645723043,0.15504927255390374,0.01915060403200985,0.14849184364419823,0.03912088667773289,0.303541116198102,1.5123193082912176,1.5123193082912176,0.7389926484177535,0.9006472902591369,0.8549364642072519,1.041953815752588,0.8549364642072519,1.041953815752588,0.8594352929655648,1.0419121394721818,1.2087781920931158,1.4731984216134848,0.7992876804958103,0.9741318606042689,1.2087781920931158,1.4731984216134848
F,36,LinearTBNegotiator,BoulwareTBNegotiator,0.1,0.3038218101251,40,12.675,9.346293657284964,40,0.06187423579045513,0.18594183927797536,40,0.07357541636742929,0.22149257791294488,40,0.13544965215788443,0.40743441719092016,40,1.5123193082912176,0.0,40,0.8407667469374491,0.25209330191751683,40,0.9778222573563191,0.2760170191114175,40,0.9778222573563191,0.2760170191114175,40,0.9756191292271975,0.28061326058638675,40,1.3768696561333331,0.4074344171909202,40,0.9104358111310964,0.26941031233098767,40,1.3768696561333331,0.4074344171909202,40,0.09415535443739124,2.8964464125049543,0.05762397299505735,0.06864126104066656,0.12626523403572387,0.0,0.0781245236593209,0.0855385604295058,0.0855385604295058,0.08696295041973519,0.1262652340357239,0.08349112078612027,0.1262652340357239,0.025,0.2,9.875,15.7,0.01597352201317242,0.12307518749349877,0.01889881715741596,0.14647754864744708,0.03487233917058838,0.2695527361409459,1.5123193082912176,1.5123193082912176,0.7577926833527064,0.9029972946260063,0.8869739344535736,1.0459584995333784,0.8869739344535736,1.0459584995333784,0.8832579980526966,1.0448899776080733,1.2427665721502719,1.4774469691206291,0.8217620216424295,0.9769411532475963,1.2427665721502719,1.4774469691206291
F,36,LinearTBNegotiator,ConcederTBNegotiator,0.65,0.48304589153964794,40,6.7,3.4729725684978363,40,0.5070955186787806,0.37634643046721317,40,0.26019341421292025,0.19286174250609514,40,0.7672889328917007,0.5692081729733083,40,1.5123193082912176,0.0,40,0.38649909738533916,0.39924984968381355,40,0.5949748938754433,0.3520257771502492,40,0.5949748938754433,0.3520257771502492,40,0.6066726921800614,0.3428195777932425,40,0.7450303753995169,0.5692081729733083,40,0.49264092001928683,0.376380946703948,40,0.7450303753995169,0.5692081729733083,40,0.14969747270189077,1.0762853496383538,0.11663096713595687,0.059768473223160756,0.17639944035911764,0.0,0.12372881028710929,0.10909391858679324,0.10909391858679324,0.1062408878477448,0.17639944035911764,0.11664166382854216,0.17639944035911764,0.5,0.8,5.574375000000002,7.675,0.39022884915769535,0.6239621881998657,0.20030415341472593,0.3200826750111146,0.5905330025724213,0.9440448632109802,1.5123193082912176,1.5123193082912176,0.26252024050760403,0.5104779542630744,0.5034240929493787,0.7042892830408943,0.4856605047099922,0.7042892830408944,0.517959698291285,0.713128284846593,0.5682744450802375,0.9217863057187964,0.37576353218840775,0.6095183078501659,0.5682744450802375,0.9217863057187964
F,36,LinearTBNegotiator,GeniusBOABaselineNegotiator,0.15,0.36162028533978946,40,12.275,8.714819385568294,40,0.059335783629358194,0.1414236654873602,40,0.12513369498307172,0.30004939534397396,40,0.18446947861242993,0.44147306083133414,40,1.5123193082912176,0.0,40,0.7918868950848398,0.3178736701574917,40,0.9670854163908705,0.24490170629537134,40,0.9670854163908705,0.24490170629537134,40,0.9632717817260188,0.2524313995746302,40,1.3278498296787877,0.4414730608313342,40,0.878022136197637,0.29191788956933856,40,1.3278498296787877,0.4414730608313342,40,0.11206728747978564,2.700750508227724,0.043827648003000895,0.09298627098464134,0.13681391898764222,0.0,0.09851007097768726,0.0758958250859871,0.0758958250859871,0.07822930120878929,0.13681391898764222,0.0904662912372847,0.13681391898764222,0.05,0.275,9.699375,14.85,0.02022745060139374,0.10822119991431375,0.04216008771929825,0.22885070406278857,0.06238753832069199,0.33707190397710235,1.5123193082912176,1.5123193082912176,0.6820086322203798,0.879789505376408,0.8824311131673752,1.0348088589696667,0.8824311131673752,1.0348088589696667,0.8760147161629523,1.033077434176472,1.1752474043141152,1.4499317699705254,0.7771159158458654,0.9587471124790543,1.1752474043141155,1.4499317699705254
F,36,LinearTBNegotiator,LinearTBNegotiator,0.45,0.5038314736557788,40,8.95,5.113832423073917,40,0.3070701394383977,0.3430497314555198,40,0.3261013004001231,0.36435750450602294,40,0.6331714398385208,0.7074072359615429,40,1.5123193082912176,0.0,40,0.5340416405525213,0.4363171268627843,40,0.6293398370699209,0.4918859016961665,40,0.6293398370699209,0.4918859016961665,40,0.6234569005190416,0.497699687742438,40,0.8791478684526968,0.7074072359615429,40,0.5813242373041269,0.4677631450469597,40,0.8791478684526968,0.7074072359615429,40,0.1561389913358755,1.584793086874475,0.1063122132066381,0.11291556048778138,0.21922777369441954,0.0,0.13521607849664946,0.15243702023198555,0.15243702023198555,0.1542387311940276,0.21922777369441954,0.14496130049554598,0.21922777369441954,0.3,0.6,7.3,10.475,0.2049378543214023,0.40920242455539313,0.21762529496255256,0.43457730583769366,0.4225631492839549,0.8437797303930867,1.5123193082912176,1.5123193082912176,0.4041419172292978,0.6639413638757448,0.48289625600687297,0.7757834181329689,0.48289625600687297,0.7757834181329689,0.47528244722482266,0.7716313538132604,0.6685395778981309,1.0897561590072626,0.44206244953224816,0.7205860250760056,0.6685395778981309,1.0897561590072626
F,36,LinearTBNegotiator,SmartAspirationNegotiator,0.075,0.26674678283691844,40,12.85,9.651756848181073,40,0.034394717605417055,0.11993445204769346,40,0.04930699830717144,0.17297182407374742,40,0.0837017159125885,0.29290627612144093,40,1.5123193082912176,0.0,40,0.8712770699024415,0.18659378701212004,40,1.0136277334096253,0.19576669753697648,40,1.0136277334096253,0.19576669753697648,40,1.0120891284764046,0.1987837284024779,40,1.4286175923786293,0.2929062761214409,40,0.9446534105240223,0.19368018018125957,40,1.4286175923786293,0.2929062761214409,40,0.08266568444412337,2.991110436113257,0.03716807176270576,0.05360452364048467,0.09077259540319045,0.0,0.0578260136910751,0.06066872811415983,0.06066872811415983,0.06160371566614917,0.09077259540319044,0.060022109686449186,0.09077259540319044,0.0,0.175,9.925,15.775,0.0006732840874115113,0.07935662896275777,0.0006732840874115113,0.09794071252693137,0.0013465681748230226,0.166056863650354,1.5123193082912176,1.5123193082912176,0.8013254157427742,0.9237408105221918,0.9402372709437058,1.0686705802590648,0.9585848865601856,1.0686705802590648,0.9375676192426802,1.0679802604016984,1.318810728728275,1.5109727401163946,0.8720451570630349,0.999109600619763,1.3462624446408635,1.5109727401163946
F,36,SmartAspirationNegotiator,BoulwareTBNegotiator,0.25,0.4385290096535146,40,15.3,9.645511776774596,40,0.18910145429362885,0.3305248754854254,40,0.1898324484456756,0.3318071240516638,40,0.37893390273930444,0.6623319995370893,40,1.5123193082912176,0.0,40,0.6928056078916439,0.40508714281483177,40,0.8078167909995561,0.4575678154733558,40,0.8078167909995561,0.4575678154733558,40,0.8009851953012739,0.4683403259234594,40,1.133385405551913,0.6623319995370892,40,0.7494352544057213,0.43795777512452955,40,1.133385405551913,0.6623319995370892,40,0.13590154807518112,2.9891750684333607,0.1024307201279946,0.10282809307558285,0.20525881320357747,0.0,0.12553780617018845,0.14180173512657715,0.14180173512657715,0.14514017070232585,0.20525881320357744,0.13572452066058793,0.20525881320357744,0.125,0.375,12.375,18.250624999999996,0.09488736919052018,0.28331553939673754,0.09525286626654356,0.28441203062480763,0.19014023545706374,0.6054863034779933,1.5123193082912176,1.5123193082912176,0.5542444863133151,0.8082732092069179,0.6773898963698018,0.9382436856293106,0.6773898963698018,0.9382436856293104,0.6674876627510614,0.934482727851486,0.9068330048132245,1.3221790728341538,0.5996306466772964,0.8742724275127423,0.9445917382696724,1.3221790728341538
F,36,SmartAspirationNegotiator,ConcederTBNegotiator,0.4,0.49613893835683387,40,12.7,6.809495632514259,40,0.37671080804513435,0.4664171447967926,40,0.07811677097226498,0.09605682341425648,40,0.45482757901739934,0.5624739682110491,40,1.5123193082912176,0.0,40,0.561667923310335,0.44909614467271086,40,0.869535013325318,0.24699727191898835,40,0.869535013325318,0.24699727191898835,40,0.8780183016248173,0.23561881138936588,40,1.0574917292738184,0.5624739682110491,40,0.6992516219796778,0.371928047950795,40,1.0574917292738184,0.5624739682110491,40,0.15375504994833628,2.110284559739971,0.1445441706964209,0.02976831798538493,0.17431248868180585,0.0,0.13917633714549346,0.07654524760097123,0.07654524760097123,0.07301902615005781,0.17431248868180585,0.1152616962080336,0.17431248868180585,0.25,0.55,10.599375,14.725624999999996,0.23569673656098827,0.5177248795292804,0.049075463390444926,0.10715807855408502,0.2847721999514332,0.6248829580833654,1.5123193082912176,1.5123193082912176,0.42589059060588863,0.6974452560147812,0.7948591757251631,0.9442108509254732,0.7948591757251631,0.944210850925473,0.8067825670834872,0.9492540361661478,0.8874363502078522,1.2275471083397842,0.5868048799896458,0.8116983639697096,0.8874363502078522,1.2275471083397842
F,36,SmartAspirationNegotiator,GeniusBOABaselineNegotiator,0.25,0.4385290096535146,40,15.3,9.645511776774596,40,0.18910145429362885,0.3305248754854254,40,0.1898324484456756,0.3318071240516638,40,0.37893390273930444,0.6623319995370893,40,1.5123193082912176,0.0,40,0.6928056078916439,0.40508714281483177,40,0.8078167909995561,0.4575678154733558,40,0.8078167909995561,0.4575678154733558,40,0.8009851953012739,0.4683403259234594,40,1.133385405551913,0.6623319995370892,40,0.7494352544057213,0.43795777512452955,40,1.133385405551913,0.6623319995370892,40,0.13590154807518112,2.9891750684333607,0.1024307201279946,0.10282809307558285,0.20525881320357747,0.0,0.12553780617018845,0.14180173512657715,0.14180173512657715,0.14514017070232585,0.20525881320357744,0.13572452066058793,0.20525881320357744,0.125,0.4,12.25,18.275,0.09488736919052018,0.28331553939673754,0.09525286626654356,0.28441203062480763,0.19014023545706374,0.5677275700215452,1.5123193082912176,1.5123193082912176,0.5542444863133151,0.8082732092069179,0.651304517443851,0.9382436856293106,0.6773898963698018,0.9382436856293106,0.6407881562410191,0.9344827278514861,0.9445917382696724,1.3221790728341538,0.5996306466772964,0.8742724275127423,0.9068330048132245,1.3221790728341538
F,36,SmartAspirationNegotiator,LinearTBNegotiator,0.3,0.46409548089225705,40,15.05,9.339604120529152,40,0.25310287780855656,0.3905047789648396,40,0.10729391094695806,0.16494050365138385,40,0.36039678875551456,0.5554452826162235,40,1.5123193082912176,0.0,40,0.659013322441209,0.4095294362878101,40,0.8650524993495775,0.31499410392682337,40,0.8650524993495775,0.31499410392682337,40,0.8707996021619933,0.3050355080280258,40,1.151922519535703,0.5554452826162235,40,0.7616926618739466,0.3672804278640241,40,1.151922519535703,0.5554452826162235,40,0.14382467959824716,2.894373303586256,0.1210186847935313,0.051115591655461826,0.17213427644899315,0.0,0.12691448718032056,0.09761768415738992,0.09761768415738992,0.09453148331432355,0.17213427644899315,0.11382138382104574,0.17213427644899315,0.175,0.45,12.4,17.875624999999996,0.14792388042474608,0.379317674669129,0.053983597517184775,0.16060422437673133,0.21079253018022642,0.5399218990458603,1.5123193082912176,1.5123193082912176,0.5266495784007177,0.7693164424749519,0.7632434588948339,0.9498933663951974,0.7632434588948339,0.9668615398043212,0.7722092730421407,0.9693899312818457,0.9723974092453573,1.3015267781109912,0.6429841925010382,0.8804011312468546,0.9723974092453573,1.3015267781109912
F,36,SmartAspirationNegotiator,SmartAspirationNegotiator,0.25,0.4385290096535146,40,15.3,9.645511776774596,40,0.18910145429362885,0.3305248754854254,40,0.1898324484456756,0.3318071240516638,40,0.37893390273930444,0.6623319995370893,40,1.5123193082912176,0.0,40,0.6928056078916439,0.40508714281483177,40,0.8078167909995561,0.4575678154733558,40,0.8078167909995561,0.4575678154733558,40,0.8009851953012739,0.4683403259234594,40,1.133385405551913,0.6623319995370892,40,0.7494352544057213,0.43795777512452955,40,1.133385405551913,0.6623319995370892,40,0.13590154807518112,2.9891750684333607,0.1024307201279946,0.10282809307558285,0.20525881320357747,0.0,0.12553780617018845,0.14180173512657715,0.14180173512657715,0.14514017070232585,0.20525881320357744,0.13572452066058793,0.20525881320357744,0.125,0.3756249999999966,12.275,18.2,0.09488736919052018,0.3021583564173592,0.09525286626654356,0.303327947060634,0.19014023545706374,0.6054863034779933,1.5123193082912176,1.5123193082912176,0.5773380065763699,0.8082732092069179,0.6773898963698017,0.9382436856293106,0.651304517443851,0.9382436856293106,0.6674876627510614,0.9344827278514861,0.9068330048132245,1.3221790728341538,0.6245980812987005,0.8742724275127423,0.9445917382696724,1.3221790728341538
