profile_id,n_steps,role,strategy,agreement_mean,agreement_std,agreement_count,rounds_mean,rounds_std,rounds_count,own_utility_mean,own_utility_std,own_utility_count,welfare_mean,welfare_std,welfare_count,pareto_distance_mean,pareto_distance_std,pareto_distance_count,nash_distance_mean,nash_distance_std,nash_distance_count,kalai_distance_mean,kalai_distance_std,kalai_distance_count,ks_distance_mean,ks_distance_std,ks_distance_count,money_left_on_table_mean,money_left_on_table_std,money_left_on_table_count,welfare_regret_mean,welfare_regret_std,welfare_regret_count,nash_gap_mean,nash_gap_std,nash_gap_count,agreement_ci95,rounds_ci95,own_utility_ci95,welfare_ci95,pareto_distance_ci95,nash_distance_ci95,kalai_distance_ci95,ks_distance_ci95,money_left_on_table_ci95,welfare_regret_ci95,nash_gap_ci95,agreement_boot_ci_low,agreement_boot_ci_high,rounds_boot_ci_low,rounds_boot_ci_high,own_utility_boot_ci_low,own_utility_boot_ci_high,welfare_boot_ci_low,welfare_boot_ci_high,pareto_distance_boot_ci_low,pareto_distance_boot_ci_high,nash_distance_boot_ci_low,nash_distance_boot_ci_high,kalai_distance_boot_ci_low,kalai_distance_boot_ci_high,ks_distance_boot_ci_low,ks_distance_boot_ci_high,money_left_on_table_boot_ci_low,money_left_on_table_boot_ci_high,welfare_regret_boot_ci_low,welfare_regret_boot_ci_high,nash_gap_boot_ci_low,nash_gap_boot_ci_high
A,12,buyer,BoulwareTBNegotiator,0.615,0.4878163836123209,200,7.43,4.0468487647332605,200,0.3788146352723915,0.32175002323914115,200,0.6170737149892274,0.4851888715430024,200,0.2707744530353965,0.34308627130995134,200,0.37357371958684427,0.30902752700050695,200,0.37357371958684427,0.30902752700050695,200,0.37357371958684427,0.30902752700050695,200,0.3829262850107726,0.48518887154300244,200,0.3829262850107726,0.48518887154300244,200,0.3829262850107726,0.48518887154300244,200,0.06760790147392938,0.5608646239799412,0.044592278162747884,0.06724374687996391,0.04754933127915375,0.042829030143412,0.042829030143412,0.042829030143412,0.06724374687996393,0.06724374687996393,0.06724374687996393,0.545,0.685,6.89,7.995,0.33246770160049244,0.42267944944598335,0.5474507540781779,0.6817236072637735,0.2250592856398101,0.3164896204309829,0.32962409376811586,0.4167616340366227,0.33340271917120406,0.41375402403907896,0.329833213987658,0.4151458380632684,0.31330332409972306,0.4525492459218221,0.3182763927362266,0.45254924592182205,0.3131789973838106,0.4525492459218221
A,12,buyer,ConcederTBNegotiator,0.725,0.4476347667709811,200,4.47,3.181147354723184,200,0.17778739612188363,0.17313853882923502,200,0.7264812249923053,0.44522368384746835,200,0.19341032359671181,0.3148261276156872,200,0.4586787447260511,0.24370674732177347,200,0.4586787447260511,0.24370674732177347,200,0.4586787447260511,0.24370674732177347,200,0.2735187750076948,0.4452236838474685,200,0.2735187750076948,0.4452236838474685,200,0.2735187750076948,0.4452236838474685,200,0.062039013499409386,0.4408845298297685,0.02399577723861296,0.061704854454706484,0.04363267518742374,0.03377603195581993,0.03377603195581993,0.03377603195581993,0.061704854454706505,0.061704854454706505,0.061704854454706505,0.665,0.785,4.055,4.885,0.15476877500769465,0.2028567924746075,0.6618313327177592,0.7861580486303477,0.15121170753924745,0.2391254909922982,0.42552792584054006,0.4908222289851264,0.42362802850479125,0.49360202098791794,0.4245462333671868,0.4920241004481641,0.21384195136965226,0.3381686672822407,0.21384195136965226,0.3381686672822407,0.20886888273314874,0.3381686672822407
A,12,buyer,GeniusBOABaselineNegotiator,0.615,0.4878163836123209,200,7.43,4.0468487647332605,200,0.3788146352723915,0.32175002323914115,200,0.6170737149892274,0.4851888715430024,200,0.2707744530353965,0.34308627130995134,200,0.37357371958684427,0.30902752700050695,200,0.37357371958684427,0.30902752700050695,200,0.37357371958684427,0.30902752700050695,200,0.3829262850107726,0.48518887154300244,200,0.3829262850107726,0.48518887154300244,200,0.3829262850107726,0.48518887154300244,200,0.06760790147392938,0.5608646239799412,0.044592278162747884,0.06724374687996391,0.04754933127915375,0.042829030143412,0.042829030143412,0.042829030143412,0.06724374687996393,0.06724374687996393,0.06724374687996393,0.545,0.68,6.9048750000000005,7.955,0.3346153912742382,0.4234014985380117,0.5524238227146814,0.6817236072637735,0.22154273430168808,0.3164896204309829,0.3294620016522662,0.4163603150475795,0.3300488037504598,0.41676844219369547,0.3318591774897921,0.416556987558269,0.31815206602031415,0.4525492459218221,0.3182763927362266,0.4525492459218221,0.31330332409972306,0.4475761772853186
A,12,buyer,LinearTBNegotiator,0.665,0.4731748855991926,200,6.13,3.644104483605977,200,0.25938173284087407,0.2409225780164916,200,0.6668044013542628,0.470626236630899,200,0.2356089396541762,0.3327887554239159,200,0.42739614732336956,0.2230816834175751,200,0.42739614732336956,0.2230816834175751,200,0.42739614732336956,0.2230816834175751,200,0.3331955986457373,0.4706262366308989,200,0.3331955986457373,0.4706262366308989,200,0.3331955986457373,0.4706262366308989,200,0.06557869337769415,0.5050471143751774,0.03339016577665562,0.06522546865189863,0.046122168389924945,0.030917543936203273,0.030917543936203273,0.030917543936203273,0.06522546865189861,0.06522546865189861,0.06522546865189861,0.6,0.725,5.6,6.64,0.2267806440443213,0.2920094163588796,0.6021545090797169,0.7314542936288089,0.18989377225858972,0.2813241070497626,0.39711264823499554,0.45781530925059294,0.39668682486592205,0.45748251615032975,0.39768900207762437,0.4563347873322793,0.2685457063711912,0.39784549092028326,0.2735187750076947,0.3978454909202832,0.2685457063711912,0.3978454909202832
A,12,buyer,SmartAspirationNegotiator,0.65,0.4781665150137575,200,8.2,3.4901152592161004,200,0.3981940597106802,0.3216598595175591,200,0.6518851954447521,0.47559097976822323,200,0.24615859366854229,0.3362994196433554,200,0.37740753656246634,0.2894458108630971,200,0.37740753656246634,0.2894458108630971,200,0.37740753656246634,0.2894458108630971,200,0.3481148045552478,0.47559097976822323,200,0.3481148045552478,0.47559097976822323,200,0.3481148045552478,0.47559097976822323,200,0.06627049791930313,0.48370529671521256,0.04457978210847414,0.0659135469455919,0.04660872162722774,0.04011514274687762,0.04011514274687762,0.04011514274687762,0.0659135469455919,0.0659135469455919,0.0659135469455919,0.585,0.715,7.655,8.66,0.3526386869036627,0.441406798245614,0.5872353031702062,0.7165350877192982,0.20044342627295586,0.29539031240225067,0.3366577761266964,0.4145236154816201,0.3361632115839927,0.4196054086792551,0.3370351373319388,0.41632936411326144,0.2834649122807018,0.41276469682979383,0.2834649122807018,0.41276469682979383,0.27849184364419827,0.41276469682979383
A,12,seller,BoulwareTBNegotiator,0.615,0.4878163836123209,200,7.59,3.9560271426987015,200,0.39545206217297624,0.33594449451956815,200,0.6170737149892274,0.48518887154300255,200,0.2707744530353965,0.3430862713099514,200,0.39623421760381666,0.30155619583393584,200,0.39623421760381666,0.30155619583393584,200,0.39623421760381666,0.30155619583393584,200,0.3829262850107726,0.4851888715430026,200,0.3829262850107726,0.4851888715430026,200,0.3829262850107726,0.4851888715430026,200,0.06760790147392938,0.5482773893554175,0.04655953151470642,0.06724374687996394,0.04754933127915375,0.04179355647266693,0.04179355647266693,0.04179355647266693,0.06724374687996394,0.06724374687996394,0.06724374687996394,0.545,0.685,7.04,8.145,0.35065270083102495,0.43991744575253927,0.5474507540781779,0.6817236072637735,0.2250592856398101,0.3200061717691049,0.3553911126717458,0.4369458859237851,0.35498535721967295,0.43513059078967525,0.3514823089638686,0.4370245379973703,0.3182763927362266,0.4525492459218222,0.31815206602031415,0.4477005040012305,0.3182763927362266,0.4525492459218221
A,12,seller,ConcederTBNegotiator,0.745,0.4369549727846178,200,4.6,3.1749648832782773,200,0.18793821175746384,0.17590907400569814,200,0.7463734995383194,0.43460141414388803,200,0.17934411824422367,0.3073149188489646,200,0.44130443747327497,0.244424310101161,200,0.44130443747327497,0.244424310101161,200,0.44130443747327497,0.244424310101161,200,0.2536265004616806,0.434601414143888,200,0.2536265004616806,0.434601414143888,200,0.2536265004616806,0.434601414143888,200,0.060558869568520565,0.4400276830030641,0.024379753823928374,0.06023268298266364,0.0425916747632677,0.033875481083237395,0.033875481083237395,0.033875481083237395,0.06023268298266364,0.06023268298266364,0.06023268298266364,0.685,0.805,4.14,5.035125,0.16370752539242847,0.2125289704524469,0.686696675900277,0.8060503231763618,0.13362895084863727,0.221542734301688,0.40666586803981236,0.4739804629051613,0.40655821765073774,0.47307721087175997,0.40720360390551574,0.4752681575989926,0.1939496768236381,0.31330332409972306,0.19394967682363812,0.31330332409972306,0.19394967682363812,0.31330332409972306
A,12,seller,GeniusBOABaselineNegotiator,0.615,0.4878163836123209,200,7.59,3.9560271426987015,200,0.39545206217297624,0.33594449451956815,200,0.6170737149892274,0.48518887154300255,200,0.2707744530353965,0.3430862713099514,200,0.3962342176038166,0.30155619583393584,200,0.3962342176038166,0.30155619583393584,200,0.3962342176038166,0.30155619583393584,200,0.3829262850107726,0.4851888715430026,200,0.3829262850107726,0.4851888715430026,200,0.3829262850107726,0.4851888715430026,200,0.06760790147392938,0.5482773893554175,0.04655953151470642,0.06724374687996394,0.04754933127915375,0.04179355647266693,0.04179355647266693,0.04179355647266693,0.06724374687996394,0.06724374687996394,0.06724374687996394,0.545,0.68,7.03,8.13025,0.3512988419513696,0.4399845529393659,0.5524238227146815,0.6817236072637735,0.2250592856398101,0.3200061717691049,0.35047418076759695,0.43914156035256613,0.35457113781962046,0.4374452398325189,0.35625744624320604,0.43955899153527667,0.31330332409972306,0.4475761772853186,0.3182763927362266,0.4525492459218221,0.31827639273622654,0.4475761772853186
A,12,seller,LinearTBNegotiator,0.68,0.4676467334823193,200,6.29,3.601493269304307,200,0.31132963988919665,0.25462579059243967,200,0.6817236072637733,0.46512786064885026,200,0.22505928563981012,0.3289007492791294,200,0.3796303469307641,0.23674031454822198,200,0.3796303469307641,0.23674031454822198,200,0.3796303469307641,0.23674031454822198,200,0.31827639273622665,0.4651278606488502,200,0.31827639273622665,0.4651278606488502,200,0.31827639273622665,0.4651278606488502,200,0.06481253058323687,0.4991415013720657,0.03528933414580838,0.06446343261918433,0.04558331822991134,0.032810533632267665,0.032810533632267665,0.032810533632267665,0.06446343261918432,0.06446343261918432,0.06446343261918432,0.615,0.745,5.7798750000000005,6.79,0.2760098107109879,0.34593396044936897,0.6170737149892274,0.7513465681748228,0.1793441182442237,0.2707744530353965,0.3470284008886336,0.4130641128625641,0.3484291021280694,0.41229144950938146,0.345776634598977,0.4125592693712022,0.2536265004616806,0.3878993536472761,0.2536265004616806,0.3829262850107726,0.26357263773468764,0.3829262850107726
A,12,seller,SmartAspirationNegotiator,0.615,0.4878163836123209,200,7.59,3.9560271426987015,200,0.39615381655894116,0.33622451466112324,200,0.6170737149892274,0.48518887154300255,200,0.2707744530353965,0.3430862713099514,200,0.397226648173903,0.30039218572805854,200,0.397226648173903,0.30039218572805854,200,0.397226648173903,0.30039218572805854,200,0.3829262850107726,0.4851888715430026,200,0.3829262850107726,0.4851888715430026,200,0.3829262850107726,0.4851888715430026,200,0.06760790147392938,0.5482773893554175,0.04659834032633506,0.06724374687996394,0.04754933127915375,0.04163223290257676,0.04163223290257676,0.04163223290257676,0.06724374687996394,0.06724374687996394,0.06724374687996394,0.545,0.68,7.024875000000001,8.130125,0.34957009849184373,0.44522330909510616,0.5524238227146815,0.6818479339796854,0.22154273430168803,0.3164896204309829,0.35710645583246414,0.4379714987093812,0.3554040696986689,0.44153933660753425,0.3545351914750418,0.43774279464807064,0.3182763927362266,0.4525492459218221,0.31330332409972306,0.4525492459218221,0.3182763927362266,0.44757617728531857
A,24,buyer,BoulwareTBNegotiator,0.255,0.4369549727846178,200,11.19,7.368539671089658,200,0.1692286088027085,0.29729015837949085,200,0.2590127731609726,0.4346014141438879,200,0.5239661493801827,0.3073149188489645,200,0.583057119574076,0.2335984524951237,200,0.583057119574076,0.2335984524951237,200,0.583057119574076,0.2335984524951237,200,0.7409872268390275,0.434601414143888,200,0.7409872268390275,0.434601414143888,200,0.7409872268390275,0.434601414143888,200,0.060558869568520565,1.0212274962984393,0.0412023138461515,0.060232682982663634,0.04259167476326769,0.032375093767461165,0.032375093767461165,0.032375093767461165,0.06023268298266364,0.06023268298266364,0.06023268298266364,0.195,0.315,10.234625,12.21,0.12890776969836876,0.21291241535857183,0.19933594952293013,0.3186895967990151,0.48176753332271827,0.566164765437647,0.5489182835925364,0.6146814236167751,0.5480610143864979,0.6153772484997003,0.5485492543065262,0.6159102746042596,0.6763373345644814,0.8006640504770699,0.6811860764850726,0.8056371191135735,0.6813104032009849,0.8006640504770699
A,24,buyer,ConcederTBNegotiator,0.52,0.5008535428214359,200,7.62,5.937327622464707,200,0.14073714989227454,0.17278070413047983,200,0.5225854108956601,0.49815580905739304,200,0.3375889284597151,0.35225543924237596,200,0.510230496380992,0.24276329848621045,200,0.510230496380992,0.24276329848621045,200,0.510230496380992,0.24276329848621045,200,0.4774145891043398,0.49815580905739304,200,0.4774145891043398,0.49815580905739304,200,0.4774145891043398,0.49815580905739304,200,0.06941475955602745,0.8228716262983152,0.023946183879574364,0.0690408727317029,0.04882011312043346,0.03364527661823141,0.03364527661823141,0.03364527661823141,0.0690408727317029,0.0690408727317029,0.0690408727317029,0.45,0.59,6.8,8.42,0.11676106109572178,0.16469537742382273,0.4529624499846106,0.5922083718067097,0.2882692959425537,0.3868206471934235,0.4793207665637743,0.5426706286539552,0.4760553036794437,0.5430955272809607,0.47628134900024427,0.5430012272103508,0.4077916281932903,0.5470375500153895,0.4077916281932903,0.5520106186518929,0.4077916281932903,0.5420644813788859
A,24,buyer,GeniusBOABaselineNegotiator,0.255,0.4369549727846178,200,11.19,7.368539671089658,200,0.16817597722376113,0.2960566350816725,200,0.2590127731609726,0.4346014141438879,200,0.5239661493801827,0.3073149188489645,200,0.5815684737189465,0.23719437349476744,200,0.5815684737189465,0.23719437349476744,200,0.5815684737189465,0.23719437349476744,200,0.7409872268390275,0.434601414143888,200,0.7409872268390275,0.434601414143888,200,0.7409872268390275,0.434601414143888,200,0.060558869568520565,1.0212274962984393,0.04103135623917826,0.060232682982663634,0.04259167476326769,0.03287346299165917,0.03287346299165917,0.03287346299165917,0.06023268298266364,0.06023268298266364,0.06023268298266364,0.2,0.32,10.169875,12.190374999999998,0.12935842759310556,0.20962741420437056,0.19933594952293013,0.318813923514927,0.48176753332271827,0.566164765437647,0.5455301586203569,0.612740017194852,0.546842176351991,0.6118081486430168,0.5484299475245689,0.611857263648152,0.6813104032009849,0.8006640504770699,0.6763373345644814,0.8006640504770699,0.6813104032009849,0.8006640504770699
A,24,buyer,LinearTBNegotiator,0.385,0.4878163836123209,200,9.66,6.430486434080589,200,0.18212411511234222,0.25708410250251845,200,0.38831255771006457,0.48518887154300255,200,0.43253581458900997,0.34308627130995134,200,0.5264032060096802,0.23865451278469402,200,0.5264032060096802,0.23865451278469402,200,0.5264032060096802,0.23865451278469402,200,0.6116874422899354,0.48518887154300244,200,0.6116874422899354,0.48518887154300244,200,0.6116874422899354,0.48518887154300244,200,0.06760790147392938,0.8912199505178311,0.0356300387940985,0.06724374687996394,0.04754933127915375,0.03307582797276243,0.03307582797276243,0.03307582797276243,0.06724374687996393,0.06724374687996393,0.06724374687996393,0.32,0.455,8.789874999999999,10.560125,0.14767608302554633,0.21820910280086173,0.3236626654355186,0.4529624499846106,0.3868206471934235,0.48176753332271827,0.4933378100766681,0.5582628543612069,0.49566388733570776,0.5587226282727882,0.4941935131938204,0.5609618305787862,0.5420644813788859,0.6813104032009849,0.546913223299477,0.6813104032009849,0.5420644813788859,0.6763373345644814
A,24,buyer,SmartAspirationNegotiator,0.395,0.49007742183963626,200,12.885,7.0269956839113386,200,0.25309133579562937,0.32807884721226116,200,0.3982586949830717,0.48743773120184214,200,0.42550271191276584,0.34467648271071366,200,0.5082879619674716,0.2784598565043105,200,0.5082879619674716,0.2784598565043105,200,0.5082879619674716,0.2784598565043105,200,0.6017413050169284,0.4874377312018422,200,0.6017413050169284,0.4874377312018422,200,0.6017413050169284,0.4874377312018422,200,0.0679212653846885,0.9738919146946124,0.045469408415020396,0.06755542292724559,0.047769723335093585,0.03859256715319646,0.03859256715319646,0.03859256715319646,0.0675554229272456,0.0675554229272456,0.0675554229272456,0.325,0.465,11.854875,13.845,0.2097105840258541,0.2994502731609726,0.32863573407202223,0.4629085872576178,0.3796996307337265,0.47121787930835224,0.47021802812843,0.5459845735807068,0.47063369308310704,0.5455654070022037,0.4688509093827987,0.5453587044546482,0.5321183441058789,0.6713642659279779,0.5321183441058788,0.6713642659279779,0.5321183441058788,0.6663911972914743
A,24,seller,BoulwareTBNegotiator,0.28,0.4501256106095644,200,11.635,7.418012506577396,200,0.18764081255771003,0.30849120109700995,200,0.28387811634349025,0.4477011113218857,200,0.5063833926895726,0.316577963662412,200,0.5721732692315489,0.24078571293245088,200,0.5721732692315489,0.24078571293245088,200,0.5721732692315489,0.24078571293245088,200,0.7161218836565098,0.44770111132188567,200,0.7161218836565098,0.44770111132188567,200,0.7161218836565098,0.44770111132188567,200,0.06238422684296063,1.0280840814801893,0.04275469916548741,0.06204820838504992,0.043875467276464304,0.03337119724376518,0.03337119724376518,0.03337119724376518,0.062048208385049916,0.062048208385049916,0.062048208385049916,0.22,0.34,10.625,12.625124999999999,0.14519747422283777,0.2305508329485994,0.22420129270544784,0.3485280086180363,0.46066822529398616,0.5485820087470369,0.5382473757667867,0.6048203630609951,0.5385821941040111,0.6048163549137997,0.5383578850355188,0.6037141999450327,0.6464989227454603,0.7757987072945522,0.6564450600184674,0.7759230340104643,0.6514719913819639,0.7708256386580488
A,24,seller,ConcederTBNegotiator,0.55,0.49874213637205833,200,7.74,5.791381571137631,200,0.15738150200061557,0.18995113768895772,200,0.5524238227146814,0.49605577521893096,200,0.3164896204309829,0.3507704654074005,200,0.49591279724785003,0.24407489761860648,200,0.49591279724785003,0.24407489761860648,200,0.49591279724785003,0.24407489761860648,200,0.4475761772853186,0.4960557752189309,200,0.4475761772853186,0.4960557752189309,200,0.4475761772853186,0.4960557752189309,200,0.06912213355166105,0.8026445355524832,0.026325884560576468,0.06874982289079494,0.04861430624698869,0.03382705498381167,0.03382705498381167,0.03382705498381167,0.06874982289079493,0.06874982289079493,0.06874982289079493,0.48,0.62,6.979875000000001,8.485,0.12978757887042167,0.18350905086180358,0.48764960372422295,0.6170737149892276,0.2707744530353964,0.36229270161002186,0.4611207639048566,0.529434369320678,0.4616496484361221,0.5283482312541548,0.46206706028107764,0.5288125341254878,0.3829262850107726,0.5171991381963682,0.3779532163742691,0.5171991381963682,0.3779532163742691,0.5171991381963682
A,24,seller,GeniusBOABaselineNegotiator,0.28,0.4501256106095644,200,11.635,7.418012506577396,200,0.18381040320098488,0.30412626078027954,200,0.28387811634349025,0.4477011113218857,200,0.5063833926895726,0.316577963662412,200,0.5667562523698275,0.25223928263773077,200,0.5667562523698275,0.25223928263773077,200,0.5667562523698275,0.25223928263773077,200,0.7161218836565098,0.44770111132188567,200,0.7161218836565098,0.44770111132188567,200,0.7161218836565098,0.44770111132188567,200,0.06238422684296063,1.0280840814801893,0.042149749301590225,0.06204820838504992,0.043875467276464304,0.03495858101801484,0.03495858101801484,0.03495858101801484,0.062048208385049916,0.062048208385049916,0.062048208385049916,0.22,0.345,10.625,12.700124999999998,0.14396878847337644,0.22805375692520768,0.22420129270544784,0.3435549399815328,0.46066822529398616,0.5485820087470369,0.5305035491998359,0.6006829206075058,0.5326149011710111,0.6008649343224215,0.5312168844557587,0.6006079394646535,0.6514719913819639,0.7807717759310557,0.6514719913819637,0.7757987072945522,0.6563207333025549,0.7757987072945522
A,24,seller,LinearTBNegotiator,0.41,0.49306751859096054,200,9.98,6.451956191223506,200,0.19743690366266542,0.26428439213579813,200,0.4131779008925822,0.4904117224766663,200,0.41495305789839976,0.34677944845711023,200,0.5136998996219948,0.24165539422093432,200,0.5136998996219948,0.24165539422093432,200,0.5136998996219948,0.24165539422093432,200,0.5868220991074178,0.49041172247666637,200,0.5868220991074178,0.49041172247666637,200,0.5868220991074178,0.49041172247666637,200,0.06833567165178449,0.8941955070476033,0.03662794802483355,0.06796759708917868,0.04806117951771008,0.03349172892093049,0.03349172892093049,0.03349172892093049,0.0679675970891787,0.0679675970891787,0.0679675970891787,0.345,0.485,9.10975,10.815,0.16315452831640506,0.23616151123422574,0.3435549399815328,0.48280086180363185,0.3657213391646913,0.46066822529398616,0.47975996657582065,0.546559542135842,0.480300380519789,0.547760163134835,0.4805895919216226,0.5453185756073998,0.5171991381963682,0.6514719913819639,0.5171991381963682,0.6514719913819639,0.5171991381963682,0.6514719913819639
A,24,seller,SmartAspirationNegotiator,0.29,0.45490072913420804,200,11.555,7.309866327686385,200,0.18755540166204984,0.3042293986340669,200,0.29382425361649733,0.45245050975598433,200,0.4993502900133285,0.31993635354991734,200,0.561005039179945,0.2559729846192549,200,0.561005039179945,0.2559729846192549,200,0.561005039179945,0.2559729846192549,200,0.7061757463835027,0.45245050975598433,200,0.7061757463835027,0.45245050975598433,200,0.7061757463835027,0.45245050975598433,200,0.06304602450615066,1.0130957857753526,0.04216404347884899,0.06270644142555426,0.04434091636807568,0.03547604571206765,0.03547604571206765,0.03547604571206765,0.06270644142555426,0.06270644142555426,0.06270644142555426,0.23,0.355,10.535,12.585125,0.14285807171437365,0.2294472337642351,0.23414742997845495,0.35847414589104337,0.45715167395586404,0.5415489060707929,0.5233997583205356,0.595313457710601,0.5278722565285554,0.594856125857329,0.526952249557318,0.5953066803857691,0.6415258541089567,0.7708256386580488,0.6464989227454602,0.7708256386580488,0.6464989227454602,0.7658525700215452
A,36,buyer,BoulwareTBNegotiator,0.1,0.30075282427025135,200,12.725,9.416086684085439,200,0.06821329639889197,0.20399763626161072,200,0.10484764542936287,0.2991328875436495,200,0.6329792408619657,0.21152254932630643,200,0.6573764923765892,0.1532954909251657,200,0.6573764923765892,0.1532954909251657,200,0.6573764923765892,0.1532954909251657,200,0.8951523545706372,0.29913288754364953,200,0.8951523545706372,0.29913288754364953,200,0.8951523545706372,0.29913288754364953,200,0.041682214854490154,1.3050030343252044,0.028272629941535888,0.04145770307857338,0.02931552968448946,0.02124567110706708,0.02124567110706708,0.02124567110706708,0.041457703078573396,0.041457703078573396,0.041457703078573396,0.06,0.14,11.395,14.010499999999997,0.04178708833487226,0.09876827485380114,0.06506309633733456,0.14960526315789477,0.6013302788188674,0.661111651566942,0.63460966845007,0.6766133000173434,0.6364838137364451,0.6764100144401609,0.6358602431454621,0.6774420608882082,0.8553678054786089,0.9349369036626655,0.8553678054786089,0.9349369036626655,0.8503947368421055,0.9349369036626655
A,36,buyer,ConcederTBNegotiator,0.38,0.48660447963206216,200,9.26,7.59677265513911,200,0.11965220067713142,0.17532820052279324,200,0.383339489073561,0.48398349520806655,200,0.436052365927132,0.34223392679726056,200,0.5394719015848837,0.2462399247760234,200,0.5394719015848837,0.2462399247760234,200,0.5394719015848837,0.2462399247760234,200,0.6166605109264389,0.4839834952080668,200,0.6166605109264389,0.4839834952080668,200,0.6166605109264389,0.4839834952080668,200,0.06743994015150215,1.052858974077954,0.02429924886648877,0.0670766902430222,0.04743120235652691,0.034127112439166336,0.034127112439166336,0.034127112439166336,0.06707669024302222,0.06707669024302222,0.06707669024302222,0.315,0.445,8.20475,10.320124999999999,0.09633482417666973,0.1440860937980917,0.31371652816251155,0.4529624499846106,0.3868206471934235,0.48176753332271827,0.5038504904105299,0.5729334361032338,0.5052116963062666,0.5748964658930736,0.5062133720431672,0.5730745434032835,0.5470375500153893,0.681310403200985,0.5470375500153893,0.6862834718374884,0.5470375500153895,0.6813104032009849
A,36,buyer,GeniusBOABaselineNegotiator,0.1,0.30075282427025135,200,12.725,9.416086684085439,200,0.06821329639889197,0.20399763626161072,200,0.10484764542936287,0.2991328875436495,200,0.6329792408619657,0.21152254932630643,200,0.6573764923765892,0.1532954909251657,200,0.6573764923765892,0.1532954909251657,200,0.6573764923765892,0.1532954909251657,200,0.8951523545706372,0.29913288754364953,200,0.8951523545706372,0.29913288754364953,200,0.8951523545706372,0.29913288754364953,200,0.041682214854490154,1.3050030343252044,0.028272629941535888,0.04145770307857338,0.02931552968448946,0.02124567110706708,0.02124567110706708,0.02124567110706708,0.041457703078573396,0.041457703078573396,0.041457703078573396,0.06,0.14,11.394874999999999,13.97025,0.04131407740843337,0.09656030701754384,0.06506309633733458,0.14960526315789474,0.6013302788188674,0.6611116515669418,0.6354400377365476,0.6762048664870056,0.6339993934998236,0.6768219187620841,0.6352349744368456,0.6772369552617796,0.8503947368421055,0.9349369036626655,0.8503947368421053,0.9349369036626655,0.8553678054786089,0.9349369036626655
A,36,buyer,LinearTBNegotiator,0.235,0.4250628094291467,200,11.41,8.283415652638222,200,0.1303351031086488,0.24754411169158552,200,0.2391204986149584,0.4227733052232339,200,0.5380323547326709,0.29895103825679503,200,0.5932363051937258,0.2083904081021343,200,0.5932363051937258,0.2083904081021343,200,0.5932363051937258,0.2083904081021343,200,0.7608795013850417,0.4227733052232339,200,0.7608795013850417,0.4227733052232339,200,0.7608795013850417,0.4227733052232339,200,0.05891069981560074,1.1480228383559865,0.034307863523904365,0.05859339072148775,0.0414325000532512,0.028881437057837238,0.028881437057837238,0.028881437057837238,0.05859339072148775,0.05859339072148775,0.05859339072148775,0.175,0.3,10.334500000000002,12.55,0.09575923361034165,0.16501564904586025,0.18441674361341953,0.3037703908895044,0.4958337386752064,0.5768023332354657,0.5638535981400399,0.620587546270813,0.5642326215821075,0.6215833206523049,0.5644814731653047,0.6210043181663013,0.7012026777469991,0.8205563250230842,0.7012026777469991,0.8155832563865806,0.7012026777469993,0.8155832563865806
A,36,buyer,SmartAspirationNegotiator,0.245,0.43116646740332826,200,15.75,10.271074669885905,200,0.15744267466912895,0.2841714193727699,200,0.24906663588796552,0.4288440872311034,200,0.5309992520564267,0.3032438035801046,200,0.5838875311872802,0.2331730975239753,200,0.5838875311872802,0.2331730975239753,200,0.5838875311872802,0.2331730975239753,200,0.7509333641120345,0.42884408723110334,200,0.7509333641120345,0.42884408723110334,200,0.7509333641120345,0.42884408723110334,200,0.059756623652543805,1.4234983236333418,0.0393841493809468,0.05943475818196223,0.04202744697340151,0.03231614257609712,0.03231614257609712,0.03231614257609712,0.05943475818196222,0.05943475818196222,0.05943475818196222,0.185,0.305,14.404625,17.235125,0.12077945136965218,0.19940954909202827,0.1943628808864266,0.31371652816251155,0.4888006359989624,0.5731978681138912,0.5506650685244042,0.6131476773496242,0.5516600989652205,0.6145518263916737,0.5505757630075393,0.6146716231539467,0.6912565404739921,0.8106101877500771,0.6912565404739921,0.810610187750077,0.6862834718374886,0.8056371191135736
A,36,seller,BoulwareTBNegotiator,0.125,0.33154882463308155,200,13.41,9.794978715658397,200,0.08472491535857186,0.2246097925045851,200,0.12971298861188055,0.329763012250478,200,0.6153964841713555,0.23318169258324994,200,0.6440115656088462,0.1759396763653829,200,0.6440115656088462,0.1759396763653829,200,0.6440115656088462,0.1759396763653829,200,0.8702870113881196,0.32976301225047805,200,0.8702870113881196,0.32976301225047805,200,0.8702870113881196,0.32976301225047805,200,0.04595032274972635,1.3575147907983105,0.031129329050575517,0.045702821780775844,0.03231733379053789,0.024383995094594844,0.024383995094594844,0.024383995094594844,0.04570282178077585,0.04570282178077585,0.04570282178077585,0.08,0.175,12.014875,14.730125,0.05450546321945217,0.11740925092336094,0.08495537088334873,0.17944367497691593,0.5802309707901352,0.6470454462144538,0.61864040275182,0.6661060733853014,0.6172433301163904,0.666935408889935,0.6193412221884902,0.6680126518979429,0.8255293936595877,0.9150446291166514,0.8205563250230842,0.9150446291166514,0.8255293936595877,0.9150446291166514
A,36,seller,ConcederTBNegotiator,0.415,0.4939584748482121,200,9.695,7.804262139221646,200,0.1387099876885195,0.19271144145018929,200,0.4181509695290858,0.49129787980055317,200,0.41143650656027775,0.34740606714083955,200,0.5220511638511557,0.24886003746771446,200,0.5220511638511557,0.24886003746771446,200,0.5220511638511557,0.24886003746771446,200,0.5818490304709143,0.4912978798005531,200,0.5818490304709143,0.4912978798005531,200,0.5818490304709143,0.4912978798005531,200,0.06845915188918814,1.0816155494370072,0.026708443144085978,0.06809041222835072,0.048148024436524786,0.0344902415317128,0.0344902415317128,0.0344902415317128,0.0680904122283507,0.0680904122283507,0.0680904122283507,0.35,0.485,8.659875,10.730125,0.11292989188981224,0.1652401219606032,0.3535010772545399,0.49274699907663894,0.3622047878265693,0.46066822529398604,0.4887379873949492,0.5561916247913616,0.4883328130225638,0.5561829800419894,0.4879074064748385,0.5553558699134641,0.5171991381963682,0.6466232494613722,0.5122260695598646,0.6464989227454602,0.5122260695598646,0.6514719913819637
A,36,seller,GeniusBOABaselineNegotiator,0.125,0.33154882463308155,200,13.41,9.794978715658397,200,0.08472491535857186,0.2246097925045851,200,0.12971298861188055,0.329763012250478,200,0.6153964841713555,0.23318169258324994,200,0.6440115656088462,0.1759396763653829,200,0.6440115656088462,0.1759396763653829,200,0.6440115656088462,0.1759396763653829,200,0.8702870113881196,0.32976301225047805,200,0.8702870113881196,0.32976301225047805,200,0.8702870113881196,0.32976301225047805,200,0.04595032274972635,1.3575147907983105,0.031129329050575517,0.045702821780775844,0.03231733379053789,0.024383995094594844,0.024383995094594844,0.024383995094594844,0.04570282178077585,0.04570282178077585,0.04570282178077585,0.08,0.17,12.07475,14.805124999999999,0.05535895660203139,0.11740154662973216,0.08495537088334874,0.17944367497691593,0.5837475221282573,0.6470454462144538,0.6196724915265939,0.6668100788209563,0.6198929438143931,0.667681630074281,0.6174880516207798,0.6671812065028949,0.8255293936595877,0.9100715604801479,0.8255293936595877,0.9150446291166513,0.8255293936595877,0.9150446291166514
A,36,seller,LinearTBNegotiator,0.265,0.44244069528493996,200,11.985,8.586817932799976,200,0.14367536164973838,0.2557695642862757,200,0.2689589104339796,0.4400575890468709,200,0.5169330467039387,0.3111730838087794,200,0.583136435983451,0.21074885834976564,200,0.583136435983451,0.21074885834976564,200,0.583136435983451,0.21074885834976564,200,0.7310410895660203,0.44005758904687103,200,0.7310410895660203,0.44005758904687103,200,0.7310410895660203,0.44005758904687103,200,0.06131915191813891,1.1900722490630344,0.035447853092279005,0.06098887024421849,0.04312638914604788,0.029208301585822716,0.029208301585822716,0.029208301585822716,0.060988870244218514,0.060988870244218514,0.060988870244218514,0.205,0.325,10.819875,13.140374999999999,0.10944778200984917,0.1811914916128039,0.20928208679593724,0.32876006078793407,0.47473443064647425,0.559131662761403,0.5529095883114227,0.611868091446906,0.552836707818365,0.6118157853942184,0.5538740759394846,0.6116961514929335,0.6712399392120656,0.7907179132040628,0.6713642659279779,0.7907179132040629,0.6663911972914743,0.7857448445675592
A,36,seller,SmartAspirationNegotiator,0.13,0.3371473590413289,200,13.37,9.720366641140188,200,0.08553016312711603,0.22334994786987766,200,0.13468605724838412,0.33533139142568597,200,0.6118799328332335,0.23711919931621875,200,0.638137991666769,0.1898207450710414,200,0.638137991666769,0.1898207450710414,200,0.638137991666769,0.1898207450710414,200,0.8653139427516159,0.3353313914256861,200,0.8653139427516159,0.3353313914256861,200,0.8653139427516159,0.3353313914256861,200,0.04672624003210283,1.3471740848436673,0.030954723492424667,0.04647455976107732,0.032863044382060475,0.026307813065724793,0.026307813065724793,0.026307813065724793,0.04647455976107733,0.04647455976107733,0.04647455976107733,0.085,0.18,12.024875,14.705124999999999,0.05553147122191445,0.11746126692828561,0.08992843951985229,0.17944367497691602,0.5802309707901352,0.6435288948763318,0.6106286924047007,0.6626780836233687,0.6123201761834238,0.6623884618461052,0.611786038089486,0.6628349451655177,0.8204319983071718,0.9100715604801479,0.8155832563865806,0.9100715604801478,0.8155832563865806,0.9100715604801478
B,12,buyer,BoulwareTBNegotiator,0.62,0.486604479632062,200,7.305,3.980098102374187,200,0.39327160493827157,0.3339952582010221,200,0.677139078985427,0.5336036038231705,200,0.37020871326291815,0.37104530465710084,200,0.4654579053920262,0.3215860565011488,200,0.4649627959466898,0.3192518005212351,200,0.4586129564020751,0.3192595265933038,200,0.565406774445973,0.5336036038231705,200,0.45503896124601945,0.42944379263717064,200,0.5530196511733032,0.5336036038231705,200,0.06743994015150212,0.5516134541633935,0.046289381143786536,0.073953686438873,0.051424255605891034,0.04456955353225249,0.044246042158697735,0.04424711293765627,0.073953686438873,0.05951787311079373,0.073953686438873,0.55,0.69,6.749875,7.880125,0.3494734898589065,0.4379015652557319,0.6040874008734061,0.7544986732280018,0.319747811566963,0.41991001698245317,0.42019223304206044,0.509121672866273,0.42225014284413803,0.5109056137310768,0.41339984571795857,0.499811360718457,0.4937953473081879,0.6327465554410526,0.39711487990146827,0.5159052036073367,0.47575672859521717,0.6243584794731486
B,12,buyer,ConcederTBNegotiator,0.725,0.4476347667709811,200,4.47,3.181147354723184,200,0.18108245149911817,0.16689920306370173,200,0.7700032071207901,0.4739912292873652,200,0.2503668186827666,0.36473414790408876,200,0.562002963012931,0.24646747353443338,200,0.5380058270970864,0.2535760599760415,200,0.5438131989516625,0.24930977213592045,200,0.47254264631060994,0.4739912292873655,200,0.38030197839833574,0.3814677969254791,200,0.46015552303794016,0.4739912292873655,200,0.062039013499409386,0.4408845298297685,0.023131049419150923,0.06569183284060055,0.05054957390540255,0.034158649088110296,0.035143848904902616,0.03455257157670293,0.06569183284060058,0.05286873933801862,0.06569183284060058,0.665,0.785,4.015,4.8851249999999995,0.15802623456790127,0.2045550595238095,0.7052750419747321,0.8338843735694197,0.20353718772910867,0.301063697587477,0.5295556602960825,0.5951622625971721,0.5044095085392934,0.5733153944640906,0.5088862279336052,0.5789422270552586,0.40850198082073447,0.5416625574805429,0.3282416850971969,0.434797182006464,0.3974449607972014,0.524758303710459
B,12,buyer,GeniusBOABaselineNegotiator,0.63,0.4840158641862055,200,7.175,3.971554003917127,200,0.4080643738977072,0.3459253352025971,200,0.6991513043437678,0.5366197929696405,200,0.3505912513886686,0.3769271407641007,200,0.473458282578864,0.31966974577235746,200,0.47013442797374033,0.3223946275967115,200,0.46552948247058523,0.3200106746421233,200,0.5433945490876322,0.5366197929696405,200,0.43732353827184745,0.4318712194706677,200,0.5310074258149624,0.5366197929696405,200,0.06708117635451485,0.5504293025316034,0.04794280545997324,0.07437170892743979,0.05223943650052018,0.04430396641525947,0.04468161576878228,0.04435121674593935,0.07437170892743979,0.05985429730585452,0.07437170892743979,0.565,0.695,6.624875,7.710125,0.35871527777777773,0.4560340057319223,0.6196003458758703,0.7716178729884158,0.2981078512818422,0.40340349635719924,0.42968821867417134,0.5179809093082298,0.4261438032313781,0.5136797761365947,0.4240115397862111,0.5069669530138728,0.46913543395012286,0.6219610751595138,0.3767596636240309,0.49509717784351037,0.454338385863578,0.6064979285064978
B,12,buyer,LinearTBNegotiator,0.67,0.4713926763075365,200,5.98,3.7483128533022914,200,0.3171031746031746,0.27501555657892496,200,0.7506184728326606,0.5273615161647196,200,0.3005265627240824,0.37972592268335154,200,0.4721468900519588,0.29698053890406856,200,0.46230647786814527,0.2943726811947157,200,0.4613080896280301,0.29381953356328666,200,0.4919273805987393,0.5273615161647196,200,0.3959027984683531,0.4244201650251893,200,0.4795402573260696,0.5273615161647196,200,0.0653316917716719,0.5194896575694343,0.03811521153779509,0.0730885772265109,0.05262732788465643,0.041159402776142426,0.040797972137494434,0.040721309787023006,0.0730885772265109,0.058821633845278484,0.0730885772265109,0.6048750000000002,0.735,5.46,6.535125,0.2807468584656085,0.3597217813051146,0.6760951207266179,0.8176168212542146,0.2492090433974047,0.3531987256296694,0.4299350448899086,0.51329511237058,0.4241770447549612,0.5031322387743884,0.4205080782782911,0.5027476642693428,0.42232968143358407,0.5643046236300667,0.3372594856677736,0.453861641884803,0.4089834563159898,0.5507526865448943
B,12,buyer,SmartAspirationNegotiator,0.65,0.4781665150137574,200,8.025,3.571857476040404,200,0.4446340388007055,0.35836148987414834,200,0.7489342360357232,0.5498463335423274,200,0.3134271268995703,0.38822996901766205,200,0.4672291424480568,0.31672177549969305,200,0.46767547633188455,0.31624955317787934,200,0.46280808995176387,0.3140903368942723,200,0.4936116173956768,0.5498463335423274,200,0.3972582710187514,0.44251592971307924,200,0.4812244941230071,0.5498463335423274,200,0.06627049791930312,0.495034189977047,0.04966636856280041,0.07620481392743463,0.053805928575437485,0.04389539858023415,0.04382995190546165,0.043530699796129,0.07620481392743463,0.061329578877904835,0.07620481392743463,0.585,0.715,7.525,8.515,0.3960687279541446,0.4935102513227513,0.6743408206520485,0.8224379554568467,0.26027837513577795,0.3655651786154126,0.42295723789554496,0.5085427220942345,0.42249233670912295,0.5111829169843253,0.41774018307376437,0.5048440991823988,0.4171556353997529,0.5691004898127155,0.3363344120036555,0.4583590963328077,0.40275799217594677,0.5567060146881456
B,12,seller,BoulwareTBNegotiator,0.615,0.4878163836123209,200,7.59,3.9560271426987015,200,0.42485527502532316,0.3554687339110077,200,0.6506775854309669,0.514039489650604,200,0.3619864851140868,0.3807583092121225,200,0.5203802821256954,0.30922484961412666,200,0.5015956411194086,0.31551942322106524,200,0.5032300113128542,0.31208846180165273,200,0.5918682680004331,0.514039489650604,200,0.47633515203156224,0.41369860776649703,200,0.5794811447277634,0.514039489650604,200,0.06760790147392938,0.5482773893554175,0.04926545304066092,0.07124223855020438,0.05277040935765515,0.04285637766241371,0.04372876105611395,0.043253254063325385,0.07124223855020438,0.05733570182014826,0.07124223855020438,0.55,0.68,7.01975,8.140125,0.3772595563034448,0.4735233739429166,0.5777339797297634,0.7217742873065881,0.30992631605252496,0.416418091079865,0.4751498561344303,0.5649028794388625,0.4600887125554744,0.544844785839153,0.4611438849370849,0.545318428920591,0.5221533296829779,0.6606125937133824,0.4206307667623678,0.5361522960408162,0.5047983438308323,0.6489151869617876
B,12,seller,ConcederTBNegotiator,0.76,0.4281548585670526,200,4.17,2.9315644887600194,200,0.2842272095548829,0.2113105063863009,200,0.8734335587612321,0.4913821855345472,200,0.225786556296634,0.3465670422646508,200,0.457645393776662,0.2593884530204929,200,0.4672320876814598,0.258495604446163,200,0.4596510415786203,0.25674565940569105,200,0.36911229467016793,0.4913821855345472,200,0.29706130655124857,0.3954640258768333,200,0.35672517139749815,0.4913821855345472,200,0.05933923596258309,0.4062941093796253,0.029286142032336454,0.06810209640696593,0.04803174152133548,0.03594940548208663,0.03582566298291627,0.03558313297397126,0.06810209640696593,0.05480851770491686,0.06810209640696593,0.7,0.815,3.775,4.585,0.2553739323860125,0.31381247366723847,0.8044172220081152,0.9424209910343868,0.17675603898008702,0.2724536821877644,0.4224852886115494,0.49331095847221845,0.4333322888497527,0.5037366512168707,0.4240112493774093,0.4957150609723861,0.30219650908668816,0.43795435152708745,0.24331957739982457,0.35297051974278726,0.29137303291268574,0.4270334383357941
B,12,seller,GeniusBOABaselineNegotiator,0.61,0.4889739025622274,200,7.705,4.067023283921521,200,0.4060971517607601,0.3495273445036949,200,0.650501913665522,0.5196465761419754,200,0.36625787490360606,0.38142533146577157,200,0.5121729766446151,0.3217190211970448,200,0.49851524788968715,0.32187172221483445,200,0.49776471230841923,0.32120521856544815,200,0.592043939765878,0.5196465761419754,200,0.47647653254074807,0.41821118690060854,200,0.5796568164932082,0.5196465761419754,200,0.06776832541570021,0.5636606696876798,0.04844201847970308,0.07201934109083104,0.05286285392557165,0.04458798149892528,0.04460914478025922,0.044516772087226555,0.07201934109083104,0.05796111338019701,0.07201934109083104,0.54,0.675,7.125,8.25,0.35701980214242685,0.45608614668130293,0.5772248684438394,0.7182826010301514,0.31207821234466837,0.41696952816030675,0.46767646936830937,0.5577280728561166,0.4528051514898047,0.542852360870245,0.45268979157458533,0.5430528174209195,0.5234249237492656,0.6635508574919894,0.41707666935623783,0.5333520979388231,0.5073999984158731,0.6519045354741562
B,12,seller,LinearTBNegotiator,0.695,0.461562781217274,200,5.9,3.2095961642687145,200,0.3558526636646836,0.2675049561990394,200,0.8051758559045424,0.5346974151646006,200,0.27758233192570236,0.3737156162204794,200,0.4363473001758054,0.3002728514276752,200,0.4410406448870818,0.29111891293650133,200,0.4344752506827024,0.2930577788123439,200,0.43736999752685746,0.5346974151646007,200,0.3519950562138384,0.43032409120998344,200,0.42498287425418774,0.5346974151646007,200,0.06396933781824322,0.44482733367444904,0.03707429543175283,0.07410528095657831,0.05179434190710281,0.041615694012343045,0.04034702286393502,0.040615735964824436,0.07410528095657833,0.059639876268493465,0.07410528095657833,0.63,0.76,5.465,6.315125,0.32096368443581624,0.39375350973219114,0.7319750807076092,0.882244662772985,0.2249832786871563,0.3299412684840129,0.3961660295627663,0.4787572520251323,0.3991742276125611,0.48350855285166,0.3952241464357529,0.4757000983018151,0.36301648951804943,0.5113087047824065,0.29405607203923084,0.4125648543468609,0.3508152086036253,0.49851075943704715
B,12,seller,SmartAspirationNegotiator,0.615,0.4878163836123209,200,7.59,3.9560271426987015,200,0.4306583555737419,0.35835871271257397,200,0.6660573855561052,0.5283892222579586,200,0.353507224717977,0.3878811635151822,200,0.5137492307610587,0.3151062244322467,200,0.4947013836399093,0.3218073202141429,200,0.49695080152152066,0.31758756888112855,200,0.5764884678752948,0.5283892222579586,200,0.46395750006590986,0.4252472621422905,200,0.5641013446026251,0.5283892222579586,200,0.06760790147392938,0.5482773893554175,0.0496659836678432,0.07323101002423972,0.053757586599158226,0.04367149462566583,0.044600219118342666,0.04401539142097357,0.07323101002423972,0.0589362636573981,0.07323101002423972,0.545,0.68,7.04,8.105125,0.38157719209530866,0.4825669837520697,0.5972521235409053,0.7383611768337061,0.30177807663412015,0.4103455026117162,0.469617706739092,0.5593101055551899,0.4503174273862332,0.5402204286282621,0.4538442200392423,0.5420808685375064,0.5050033282806018,0.6482874698047031,0.4073413532732862,0.5221524674265658,0.49055839935277457,0.6340226450379561
B,24,buyer,BoulwareTBNegotiator,0.3,0.4594075275633927,200,10.83,7.0668807843418815,200,0.21574955908289245,0.3423087453039356,200,0.35190614868447895,0.5345519825780974,200,0.5956575139303787,0.37443499237732,200,0.6853530345887111,0.2903764029700115,200,0.6808805600154444,0.28943678013502916,200,0.676035794013347,0.2874058672978886,200,0.890639704746921,0.5345519825780973,200,0.7167861872359406,0.4302070471700379,200,0.8782525814742512,0.5345519825780974,200,0.06367063490137126,0.9794197075912302,0.04744157167251884,0.07408512502842644,0.05189404235581309,0.04024411623278392,0.040113891151822664,0.039832420992951055,0.07408512502842643,0.05962365479216224,0.07408512502842644,0.24,0.36,9.84,11.81,0.1716419201940035,0.26425000000000004,0.2760183869583739,0.4264675048850239,0.543342577430009,0.6449680196876687,0.6436012292312133,0.7250486484487698,0.6415598266622804,0.7188636407468989,0.6363407130361579,0.7148506731698413,0.8141175646829254,0.9667980932403334,0.6557152965176587,0.7732027340115579,0.8021763796934235,0.9485278138340365
B,24,buyer,ConcederTBNegotiator,0.565,0.497001056589678,200,6.735,5.49232218784326,200,0.17897486772486773,0.20629400042189472,200,0.6278818642586035,0.5519214802149265,200,0.3675891361842272,0.41562346463649424,200,0.590393751855862,0.2923209342620388,200,0.5695280066724756,0.3019202212622462,200,0.5736875461219284,0.29493590188284163,200,0.6146639891727965,0.5519214802149265,200,0.4946811318675667,0.4441860062473722,200,0.6022768659001269,0.5519214802149266,200,0.06888083220480232,0.7611970196431196,0.02859088977681876,0.07649241458312832,0.05760247337188361,0.040513614520297024,0.04184400782304792,0.0408760305423986,0.07649241458312832,0.06156103967663466,0.07649241458312833,0.495,0.635,5.985,7.475,0.15257220017636688,0.20861089065255736,0.5516753401520019,0.7050013390093519,0.31282937953696327,0.4263960074314455,0.5481273325793335,0.6297554346130433,0.5275397887229927,0.6100692901887025,0.5325319847649203,0.6131259525430909,0.5385315793955774,0.6932267334842934,0.43361803348160255,0.555081825585768,0.5226040478358526,0.6774647287351593
B,24,buyer,GeniusBOABaselineNegotiator,0.3,0.4594075275633927,200,10.83,7.0668807843418815,200,0.21741622574955907,0.3440278727078458,200,0.34965933422542195,0.5313975445832636,200,0.5978164602319462,0.37126845782907,200,0.6829804806676901,0.2952390418855849,200,0.6789278401966087,0.2936676417629418,200,0.6736408279653042,0.292457462947473,200,0.8928865192059781,0.5313975445832636,200,0.7185944218800402,0.4276683577638301,200,0.8804993959333083,0.5313975445832636,200,0.06367063490137126,0.9794197075912302,0.047679830574944425,0.07364794222701845,0.05145518305763499,0.040918043603309986,0.040700258657505026,0.04053253643071923,0.07364794222701845,0.05927181039124887,0.07364794222701845,0.235,0.365,9.829625,11.800125,0.16936579585537925,0.26320105820105816,0.27525855336987265,0.4244294821166173,0.5439336750794949,0.6494588464616542,0.6437742114071647,0.7227757148076377,0.6369339792837384,0.7166670052249273,0.6336364270021011,0.7119501312801728,0.8181305881748512,0.9668850968371733,0.658363635266367,0.7782508853672805,0.8063667584652195,0.9525154792805592
B,24,buyer,LinearTBNegotiator,0.485,0.5010290917239926,200,8.785,6.037468852984152,200,0.2567173721340388,0.30265682755377454,200,0.5577492533970148,0.5737934947741916,200,0.44209963916811057,0.4113960435760683,200,0.5820832983117841,0.3057673277450535,200,0.5733731108379171,0.30633410109452897,200,0.5712381369697178,0.30380701655690956,200,0.6847966000343852,0.5737934947741916,200,0.5511238061301795,0.46178858767232633,200,0.6724094767617155,0.5737934947741916,200,0.06943908939263528,0.8367504927609415,0.041946096246593574,0.07952372114648949,0.057016582704527044,0.04237718957910811,0.04245574035775485,0.042105504309571114,0.07952372114648949,0.06400063299626145,0.07952372114648949,0.4198750000000002,0.555,7.954875,9.625,0.21560130070546743,0.2973870701058201,0.47774892548361797,0.6368333521482691,0.3848530687218956,0.49691353333150695,0.5403727591043445,0.6250729562271872,0.5305654988178189,0.6168614378699128,0.5298733626698325,0.6131992812413204,0.6043301353956508,0.768620829226768,0.4856710639364619,0.6129610128526148,0.5908699416489988,0.7506781977528793
B,24,buyer,SmartAspirationNegotiator,0.43,0.4963181019179707,200,12.275,6.853776056390795,200,0.3250132275132275,0.389404117263757,200,0.50918516802464,0.5849505619981005,200,0.48574081977376027,0.4092025940284977,200,0.6043668561152844,0.32718746464247916,200,0.6047401213515945,0.3227852782327577,200,0.5986609552140109,0.3222268236574605,200,0.7333606854067599,0.5849505619981004,200,0.5902081467508984,0.4707677872673334,200,0.7209735621340903,0.5849505619981004,200,0.06878617951639929,0.9498848991367532,0.05396865722007616,0.0810700117733568,0.0567125861068686,0.04534586909371443,0.04473575718469162,0.04465835932932486,0.08107001177335679,0.06524508656921982,0.08107001177335679,0.36,0.5,11.27,13.215124999999999,0.271385582010582,0.3773542217813051,0.4262392468213737,0.5956758613042237,0.42989726374684345,0.5392345921194306,0.5569404819504838,0.6489263579405972,0.5594386557368992,0.648875964567167,0.5555423449940867,0.6461645510064788,0.6517316997566467,0.8168921730640377,0.5214556598110912,0.6544576824028492,0.6425630768515255,0.7985552370380441
B,24,seller,BoulwareTBNegotiator,0.315,0.4656815397698431,200,11.35,7.221373914015957,200,0.22488026865760866,0.3420507614922605,200,0.3548560182166915,0.5211814579105901,200,0.5811142191455083,0.3830685481864637,200,0.6885011457809134,0.2880186142876833,200,0.6778661199709728,0.2889312336314661,200,0.6757266168695186,0.2859973159967154,200,0.8876898352147085,0.5211814579105901,200,0.7144121343798097,0.4194464586327351,200,0.8753027119420387,0.5211814579105902,200,0.0645401686303512,1.0008313629605272,0.04740581694039516,0.07223206485098481,0.053090592144059104,0.03991734339307161,0.04004382598109125,0.03963720574231614,0.07223206485098481,0.05813231330780237,0.07223206485098482,0.25,0.38,10.389875,12.375,0.17678316688299597,0.2723095563532101,0.28641481376410977,0.429672070294735,0.5273752725524025,0.6316868959290994,0.6497794032505355,0.7284193633115899,0.6356476377622351,0.7169067807739663,0.6352567770364402,0.7137146385934605,0.8187068160282442,0.9585681220114518,0.6555521611437594,0.7701524904667918,0.8003401982954035,0.9457592148115396
B,24,seller,ConcederTBNegotiator,0.625,0.4853377832181369,200,6.425,5.062858647882854,200,0.2435104918636312,0.23473089063417488,200,0.7467181638213032,0.5776858088430467,200,0.3179523067364329,0.4054809770556429,200,0.5254665573750698,0.29759439795355974,200,0.529770602248367,0.2986176903396993,200,0.524271581036238,0.2948008241505613,200,0.4958276896100968,0.5776858088430465,200,0.3990417643267047,0.464921119206761,200,0.48344056633742705,0.5776858088430465,200,0.06726438498519986,0.7016764096929565,0.03253204168619105,0.08006316835431816,0.05619679630956562,0.04124447929987366,0.04138630038900733,0.04085730972382398,0.08006316835431815,0.06443477971715622,0.08006316835431815,0.56,0.69,5.774875000000001,7.110125,0.2132071529820587,0.2741239516122233,0.6623259366443656,0.8248294141675903,0.25985806393489563,0.3765578638507345,0.48520270829389567,0.5666657220908683,0.4874669050399774,0.5690325877663318,0.482130662369781,0.5637753108965204,0.417391993055523,0.5737371397435667,0.335235926132778,0.4646172205473167,0.40525814516276704,0.565219032865004
B,24,seller,GeniusBOABaselineNegotiator,0.315,0.4656815397698431,200,11.28,7.121458830843365,200,0.2286485794006371,0.3451549884069584,200,0.34664020197559303,0.5082824888508369,200,0.5853174729643361,0.37697526470283615,200,0.6898765004198765,0.2851394959702586,200,0.6755789329220131,0.29341096223542845,200,0.6744939483985725,0.2884243743541347,200,0.895905651455807,0.5082824888508369,200,0.7210242173209822,0.4090653777059172,200,0.8835185281831371,0.5082824888508369,200,0.0645401686303512,0.9869838389211124,0.047836040841133194,0.0704443589464613,0.05224610613814996,0.03951831795219808,0.04066468468994372,0.039973578869198015,0.0704443589464613,0.05669356889480012,0.0704443589464613,0.25,0.385,10.319875,12.285124999999999,0.18175228743435012,0.27919736229339337,0.2829386207957586,0.4174043596478364,0.5334925906525163,0.6368379289305927,0.648637228958018,0.7301138050168323,0.6318776205819894,0.7141662290269858,0.6322938274748219,0.7116089086935575,0.8205746886233872,0.9662102694497718,0.6627981659560978,0.7781612028264925,0.8140575324658881,0.949776328016485
B,24,seller,LinearTBNegotiator,0.51,0.5011544461485624,200,9.12,5.856371353247307,200,0.2758262139239753,0.2979192108784728,200,0.5905837095148042,0.5785567906254915,200,0.42628715991835686,0.4068515885755649,200,0.5613051597395572,0.31113362106462095,200,0.5585963474080278,0.306554436882966,200,0.5541572142296814,0.3060725181900163,200,0.6519621439165958,0.5785567906254915,200,0.5246986597043037,0.4656220847124121,200,0.639575020643926,0.5785567906254915,200,0.06945646262951363,0.8116516598174505,0.04128949607455098,0.08018388027075088,0.05638675337478704,0.04312091988874414,0.04248627734006267,0.04241948681681267,0.08018388027075088,0.06453192857979127,0.08018388027075088,0.435,0.58,8.285,9.92,0.2359346669408022,0.31588468623818206,0.5107587659691133,0.6720563955346532,0.37336805523752853,0.4830723616762552,0.5189954915170749,0.6039869891985676,0.5146758774263094,0.6031630958507976,0.5112907249687567,0.5955530437269994,0.5759818342711092,0.7341155192159781,0.4599478807619522,0.5872659754440841,0.5584742360943569,0.7161443896605695
B,24,seller,SmartAspirationNegotiator,0.315,0.4656815397698431,200,11.28,7.121458830843365,200,0.22964496253972133,0.34623399072672706,200,0.3575836750617672,0.5251058817991682,200,0.5782324105237887,0.3870943632030407,200,0.680028058223915,0.3049875011129433,200,0.6656376365246595,0.3132749650131346,200,0.6646138997502977,0.3083115689525344,200,0.8849621783696329,0.5251058817991682,200,0.7122169181328252,0.4226048321267519,200,0.872575055096963,0.5251058817991682,200,0.0645401686303512,0.9869838389211124,0.04798558293314919,0.07277596225278216,0.05364854163927185,0.04226911112196397,0.043417695018806116,0.04272980342042178,0.07277596225278216,0.05857004154156964,0.07277596225278216,0.25,0.38,10.29475,12.28,0.18452241861127378,0.27695296987990153,0.2876533334783597,0.42973084112211407,0.5282593298662931,0.6322488963495638,0.6360093342857681,0.7240686593471521,0.6209754451925616,0.7072514390487838,0.6213887732593536,0.7066415841002599,0.813358952512139,0.958304337107238,0.6570889311804958,0.770040542471449,0.7967117385783097,0.9435563364981179
B,36,buyer,BoulwareTBNegotiator,0.135,0.3425810984938109,200,12.385,8.979416719537834,200,0.10722442680776015,0.2734988141205237,200,0.16228265183139928,0.40432667834931063,200,0.7291136580075509,0.2815668871031133,200,0.7895132833169586,0.20789447002546937,200,0.7844579004221724,0.2033414120058406,200,0.7788130244536005,0.20376045658679054,200,1.0802632016000007,0.4043266783493107,200,0.86939503972168,0.32540181694923115,200,1.067876078327331,0.4043266783493107,200,0.04747931789885681,1.2444836648830726,0.03790500175777587,0.05603681867078419,0.03902317962472689,0.02881270354713379,0.028181681899774,0.028239758515676595,0.0560368186707842,0.0450983909495441,0.0560368186707842,0.09,0.185,11.125,13.59525,0.07223032407407409,0.14754469797178132,0.10993483535105643,0.21984690511739224,0.6881021551861914,0.766197316245408,0.7580182054025765,0.8178264336399231,0.7546783002577997,0.8116699316864381,0.749811563875117,0.8072932939629052,1.0261513849814252,1.1333290566581002,0.8221895377184865,0.9120453802980025,1.0101399252456504,1.120863084213109
B,36,buyer,ConcederTBNegotiator,0.43,0.49631810191797077,200,8.505,7.3031950741752265,200,0.1482142857142857,0.19900278649552258,200,0.4716680356448358,0.541368475548195,200,0.4882097938729264,0.40650245838669347,200,0.6408481887441775,0.293154003826952,200,0.6243142865682726,0.30118006273330594,200,0.6248006695109911,0.2963583911841925,200,0.7708778177865642,0.541368475548195,200,0.6204019076299817,0.4356929557594661,200,0.7584906945138944,0.541368475548195,200,0.06878617951639929,1.0121711972103886,0.027580379081976532,0.07502984275542746,0.05633836639926973,0.040629072071452874,0.04174142708451444,0.0410731775013041,0.07502984275542746,0.06038396293241486,0.07502984275542746,0.36,0.495,7.459875,9.485124999999998,0.12320860890652557,0.17640983245149908,0.39687390432137437,0.543923063660425,0.4313976417161172,0.5458822746799283,0.6003228717688387,0.6811356796489383,0.5819544263378077,0.6673689519285336,0.5829327731665558,0.664382905261993,0.6989515715538913,0.841870736458654,0.5589805185017717,0.6828204482603557,0.6832306596054192,0.833797918883312
B,36,buyer,GeniusBOABaselineNegotiator,0.135,0.3425810984938109,200,12.385,8.979416719537834,200,0.10714506172839507,0.27338114098787414,200,0.16242188104814295,0.4046653525819597,200,0.7289776530003428,0.2819040467016523,200,0.7896495163689689,0.20745927204694828,200,0.784578517777021,0.20293295750955198,200,0.7789540004237813,0.20329364469335912,200,1.080123972383257,0.40466535258195974,200,0.8692829881492095,0.3256743817255842,200,1.0677368491105872,0.40466535258195974,200,0.04747931789885681,1.2444836648830726,0.037888693093644114,0.056083756524701975,0.03906990756106683,0.028752388184546687,0.028125072994724158,0.028175061688021353,0.05608375652470198,0.045136166500271774,0.05608375652470198,0.09,0.18,11.12,13.73,0.07038100749559084,0.14562753527336858,0.10945672124699535,0.21634319069297162,0.6914510858091195,0.7697763930339223,0.759986544944976,0.8192613438551269,0.7561783359839738,0.8113943376241592,0.74904942861954,0.8051364420420847,1.0218037555922805,1.133378752669445,0.8251748457014444,0.9115115250755493,1.0089480504501154,1.1212583206122153
B,36,buyer,LinearTBNegotiator,0.295,0.4571871613491705,200,10.89,7.920325611295582,200,0.17777116402116402,0.2946896065401246,200,0.3375628433306212,0.518592288463167,200,0.6025238111332372,0.36828665647210623,200,0.6905217421543134,0.2834294580252973,200,0.6846824315713382,0.28096845221042255,200,0.6800456108983686,0.2802372166600906,200,0.9049830101007789,0.518592288463167,200,0.72832966896279,0.4173626969427554,200,0.892595886828109,0.5185922884631669,200,0.06336290784403963,1.0977011259947083,0.040841895749424664,0.07187322427329769,0.051041926473541575,0.03928131878451226,0.03894024078006572,0.038838896703273985,0.07187322427329769,0.057843518671615544,0.07187322427329768,0.23,0.36,9.789874999999999,12.020124999999998,0.13626129850088187,0.2196750440917108,0.26966180937039413,0.40587213080842016,0.5514358650011251,0.6546798334633852,0.650886054798588,0.7291235592882438,0.6442839328960457,0.7231332747416077,0.6404842373280685,0.7174472516065183,0.8323308325090268,0.9787921188190052,0.6688536310069623,0.7874188422310784,0.8204033081074791,0.9663134980286276
B,36,buyer,SmartAspirationNegotiator,0.28,0.45012561060956435,200,14.95,9.507336495369298,200,0.20984126984126983,0.3463176396413731,200,0.33250438708826846,0.529863553009557,200,0.6090894825848409,0.3713526577703418,200,0.6947322350181497,0.2972115631171803,200,0.6899026484727767,0.29746581797948446,200,0.685021637932224,0.2952455457593111,200,0.9100414663431314,0.5298635530095569,200,0.7324007108711293,0.42643380245991874,200,0.8976543430704618,0.5298635530095569,200,0.062384226842960626,1.3176496129520032,0.04799717608124706,0.07343534184158447,0.05146685257412697,0.0411914210985335,0.04122665902464135,0.04091894499422027,0.07343534184158444,0.05910070975552834,0.07343534184158444,0.22,0.345,13.68,16.270125,0.1618074294532628,0.25843347663139327,0.2624240555375735,0.4052370131310653,0.5521170652840915,0.6585290821621439,0.6491986505610698,0.735211803772272,0.6473630251752703,0.7297039850333004,0.6443967477504863,0.7242158333035387,0.8356368827050891,0.9806660256884773,0.6752671438267634,0.7883341338553757,0.8222808761156807,0.9738250372545287
B,36,seller,BoulwareTBNegotiator,0.15,0.35796746153468745,200,13.17,9.441760120382972,200,0.11081955043039857,0.26779937366805256,200,0.17158233702651848,0.40297555591922535,200,0.715656632650089,0.2968904569511358,200,0.7804385742462112,0.22762223877601673,200,0.7695865125301323,0.23366268153098085,200,0.7663655601220033,0.22976557162529598,200,1.0709635164048814,0.40297555591922535,200,0.8619106598338574,0.3243144345992324,200,1.0585763931322116,0.40297555591922535,200,0.04961175902108117,1.3085611910620645,0.037115099611165256,0.055849562655608996,0.041146918054425295,0.03154683280312744,0.03238399545767468,0.03184388358077223,0.055849562655608996,0.04494768744459247,0.055849562655608996,0.105,0.20012499999999933,11.874875,14.395,0.07467212736360171,0.15062974023186307,0.11777934447277694,0.22814248397046527,0.6739055661777916,0.757246667902858,0.7472874165857206,0.8108015101477667,0.7359980120229249,0.8014024503892957,0.734476167109792,0.7963858412093068,1.0147615798313172,1.1253165372652771,0.8177290926919222,0.9045861696873565,0.9979111757117304,1.1093723475823583
B,36,seller,ConcederTBNegotiator,0.485,0.5010290917239923,200,8.59,6.802445614016937,200,0.18509612616188229,0.2192405287213595,200,0.5576865141689369,0.5734534139812499,200,0.4490767815233041,0.40433498750857133,200,0.597013947907698,0.3014941454055948,200,0.5983248821018675,0.2990260729688775,200,0.5918734284023188,0.2982258907148396,200,0.684859339262463,0.57345341398125,200,0.5511742986153498,0.4615148908972719,200,0.6724722159897933,0.57345341398125,200,0.06943908939263525,0.9427708627755166,0.030385187055680277,0.0794765883532608,0.056037970261504595,0.04178495672205046,0.041442899333783825,0.04133199973137282,0.07947658835326081,0.063962700558518,0.07947658835326081,0.415,0.555,7.619875,9.485124999999998,0.15551934541134188,0.21585854274160488,0.4738006215912934,0.6330066464526185,0.39449816229780077,0.504273934089922,0.557106871915946,0.6353629692870099,0.557374688407092,0.6373199702517539,0.5485381497725789,0.6332863278529578,0.6103913339493063,0.7607516418050951,0.4842868052226568,0.6114664276296734,0.5920219286608743,0.7515695010091379
B,36,seller,GeniusBOABaselineNegotiator,0.15,0.35796746153468745,200,13.17,9.441760120382972,200,0.11237227568004561,0.27066169563771486,200,0.17115093529203856,0.40192360997469717,200,0.7155762256005864,0.2970765780963538,200,0.7825102532119409,0.22125476725988663,200,0.7712342818422424,0.22866462871945478,200,0.7683612887611082,0.22364184870846,200,1.0713949181393614,0.40192360997469706,200,0.8622578516363077,0.32346782926742673,200,1.0590077948666916,0.40192360997469706,200,0.04961175902108117,1.3085611910620645,0.037511797197004,0.05570377038588875,0.04117271312911084,0.03066434627466616,0.031691300678666004,0.030995178884654202,0.05570377038588873,0.04483035393185521,0.05570377038588873,0.1,0.205,11.86,14.455499999999997,0.07693859611703681,0.14949760164444595,0.12006508293386214,0.22674917326645813,0.6730456895732729,0.7569307013216774,0.7505045775288165,0.8123999766439951,0.7377482484981261,0.8006545123926224,0.736556130959572,0.7977756839450152,1.014330561510594,1.1242812528757173,0.8177030001607936,0.9033083782483167,1.0046503177851234,1.1103423014427924
B,36,seller,LinearTBNegotiator,0.34,0.4748975028266149,200,11.045,7.806901662493206,200,0.19936331075061137,0.2971112145163386,200,0.3974585488458494,0.5514565945786101,200,0.5599211922018622,0.3913493893275734,200,0.6642274974124368,0.2929496162710655,200,0.657859581881015,0.2909284026757922,200,0.653934335881187,0.28955130677528923,200,0.8450873045855505,0.55145659457861,200,0.6801256486847285,0.44381186662505345,200,0.8327001813128807,0.55145659457861,200,0.06581743594498238,1.0819813686986735,0.04117751349201051,0.07642798472108887,0.05423825817332132,0.04060074540140841,0.04032061948887734,0.040129763734357726,0.07642798472108886,0.061509186570480434,0.07642798472108886,0.275,0.405,10.005,12.175125,0.15756678455855616,0.24086207781716376,0.322013744364218,0.4730067461215821,0.5056024676025743,0.6141680219246783,0.6238725797222653,0.7051567424530096,0.6157547045695446,0.6974454351850471,0.6127205840195358,0.6938729557878884,0.7696328680892295,0.9184740707402937,0.6194624075412611,0.74070363914362,0.7568883279765614,0.9087889371262009
B,36,seller,SmartAspirationNegotiator,0.15,0.35796746153468745,200,13.14,9.386208207930029,200,0.10859232780745515,0.263719975712364,200,0.1685614636099243,0.3954744499535077,200,0.7176835666230562,0.29209625974773,200,0.7810746928242811,0.22638521610034593,200,0.7709305264563237,0.23018016253231743,200,0.7671003300523482,0.2282034943049285,200,1.0739843898214756,0.3954744499535078,200,0.864341856564547,0.31827754996837354,200,1.0615972665488058,0.3954744499535078,200,0.04961175902108117,1.3008620887974063,0.03654972389947058,0.054809962408236455,0.040482476221262026,0.03137539020712757,0.03190134294895977,0.0316273907094422,0.05480996240823647,0.04411101792088712,0.05480996240823647,0.1,0.2,11.829875,14.470125,0.07393288070158668,0.1472204919281281,0.11488575077700049,0.22322554484791074,0.6768758245419328,0.7582578356169002,0.7467689395265498,0.8096898698900308,0.7371126398363887,0.8011823145739915,0.732667561103733,0.7973931135701098,1.0166979638919866,1.1284025888528264,0.8193004999375658,0.9085699328135203,1.0029666499728327,1.1125919758114768
C,12,buyer,BoulwareTBNegotiator,0.61,0.4889739025622274,200,7.535,4.210393337955671,200,0.4227059363157015,0.3544863663358087,200,0.6954924407372763,0.564005182426526,200,0.3899892570083365,0.40375099604562376,200,0.4967097330422666,0.3452040389756478,200,0.5018379766931642,0.3429200901249984,200,0.5010010696452313,0.34075849519159324,200,0.5877447757179332,0.564005182426526,200,0.4580172459005735,0.43951747595391877,200,0.5816573734367593,0.564005182426526,200,0.06776832541570021,0.5835307454232992,0.04912930384094888,0.07816713026715785,0.055957033174077964,0.04784283890312249,0.047526299741967724,0.04722671796859223,0.07816713026715785,0.06091401438861421,0.07816713026715785,0.54,0.675,6.914875,8.115124999999999,0.37215536788735,0.47164447422424516,0.6123790585581469,0.7708571495492285,0.3354378217036046,0.44632205689416327,0.4525214791420612,0.5446493277383989,0.45402458122851713,0.5464702412931833,0.4521188129352493,0.5469376096236206,0.509277566224611,0.6692614590108499,0.3977834230899925,0.5177925296872041,0.5037330306546418,0.66443579415359
C,12,buyer,ConcederTBNegotiator,0.705,0.4571871613491707,200,5.025,3.461834265589857,200,0.18809803787838092,0.13827521704087772,200,0.7031240914133327,0.4669121000740704,200,0.3404600118581949,0.3735726220714486,200,0.5880595853013569,0.21371393174742537,200,0.5741037644105458,0.21998186552084478,200,0.5653680014083416,0.22169873890322545,200,0.580113125041877,0.4669121000740704,200,0.45207005969198005,0.36385486181881443,200,0.5740257227607031,0.4669121000740704,200,0.06336290784403965,0.4797857509703377,0.01916396735337067,0.0647107155873637,0.051774523929142675,0.029619239793038116,0.030487931094179875,0.030725877605159407,0.0647107155873637,0.05042771107131646,0.0647107155873637,0.64,0.765,4.539875,5.505,0.16867263309257918,0.20697403910244785,0.6355388582797165,0.7681871033698222,0.2889619059770455,0.3933118087125226,0.5591587565447648,0.6184151833079,0.5433954626134826,0.6052749770928124,0.534600821042198,0.5962464526933425,0.5156658200375172,0.6451136227024947,0.4051792853645598,0.5029608946638079,0.5124023823177952,0.6406447268440463
C,12,buyer,GeniusBOABaselineNegotiator,0.625,0.4853377832181371,200,7.3,4.042487914974337,200,0.3978364444019911,0.33363091260166017,200,0.6602135590698205,0.5192494442737737,200,0.41129034662550595,0.37916949035477904,200,0.5094686290144006,0.32306903179811797,200,0.5105582879570896,0.32598726414454093,200,0.5074331384771387,0.3265894802267721,200,0.623023657385389,0.5192494442737737,200,0.48550934261898815,0.4046402626227898,200,0.6169362551042151,0.5192494442737737,200,0.06726438498519989,0.5602602410384321,0.0462388854199617,0.07196430142197302,0.05255021029838664,0.044775083422461025,0.04517952979118281,0.04526299268197792,0.07196430142197302,0.056080279233769306,0.07196430142197302,0.56,0.69,6.755,7.845,0.3512444192791202,0.44269698274139674,0.5860562296266318,0.7317118286303015,0.359967336192993,0.4621696183414364,0.46692339352324524,0.5549865566373972,0.46617798868118887,0.5566790815624788,0.4608195069393019,0.5533258426669805,0.549942467329474,0.6971945651249971,0.42848019664983983,0.5420201152357333,0.5514679252004391,0.6899820954129264
C,12,buyer,LinearTBNegotiator,0.67,0.47139267630753645,200,5.85,3.6433321762822666,200,0.3091183958243806,0.2684003720678896,200,0.7402326315843949,0.5240712591518223,200,0.34251129035247013,0.3866383227729959,200,0.502043410827345,0.30420115605345877,200,0.49222896297663704,0.31013935216656796,200,0.48535375522349755,0.3114191518478512,200,0.5430045848708146,0.5240712591518223,200,0.42315214826047537,0.40839780239502926,200,0.5369171825896406,0.5240712591518223,200,0.0653316917716719,0.5049400780410092,0.037198393739790635,0.0726325708695603,0.05358533766027819,0.042160129256876816,0.042983121249837455,0.043160492436343824,0.0726325708695603,0.05660104767706093,0.0726325708695603,0.605,0.735,5.35,6.335125,0.2708311031040438,0.3469731966673212,0.669150471113842,0.8100200147516508,0.28965813241917915,0.39785792535977554,0.4605744853938521,0.5445855928733618,0.45004580801254374,0.5349140851806129,0.4444623336257585,0.5311450065230998,0.46976000693342884,0.6153960071708088,0.3671781112773673,0.4832657762453725,0.4634689451462666,0.6063122119768566
C,12,buyer,SmartAspirationNegotiator,0.655,0.4765611742093756,200,8.06,3.4344398210511864,200,0.42553796643580805,0.3386207068692617,200,0.7668080400761239,0.5610306755757796,200,0.3310119322033836,0.4065053068492312,200,0.49765809786909365,0.3157420612658162,200,0.4951998231356784,0.32162828777037944,200,0.4917593119040557,0.32268105030123895,200,0.5164291763790856,0.5610306755757796,200,0.4024424866710614,0.43719950480049236,200,0.5103417740979118,0.5610306755757797,200,0.06604800903499992,0.4759890746603117,0.04693043562317767,0.07775488465004753,0.0563387611760363,0.04375961711486789,0.044575406487555314,0.04472131193036708,0.07775488465004753,0.06059275997686242,0.07775488465004754,0.59,0.72,7.555,8.53,0.3793099467815875,0.4695514965616872,0.6931085322028737,0.8412391452869556,0.2753906940682901,0.3874790875807096,0.4532299467728834,0.5426819629958048,0.4515576931489474,0.5410555612156425,0.4460458209727294,0.5362705421902734,0.43486001611691627,0.5947037084987787,0.33776090580881785,0.46186440357559694,0.4327123842491243,0.5905430035105739
C,12,seller,BoulwareTBNegotiator,0.61,0.48897390256222745,200,7.835,4.090407334337745,200,0.4174421678472385,0.35399141343687995,200,0.6499302590622726,0.5237359860287426,200,0.40933913600629757,0.38958361158273824,200,0.5501501361971227,0.3003825885900415,200,0.5394107333377655,0.30570177331469695,200,0.5316295332117215,0.3070076267408994,200,0.6333069573929369,0.5237359860287426,200,0.49352290384966563,0.40813653104256203,200,0.6272195551117631,0.5237359860287426,200,0.06776832541570023,0.5669015337293801,0.049060706868913596,0.07258610438537996,0.053993533863502835,0.04163090280710789,0.04236810419858869,0.04254908624991777,0.07258610438537996,0.056564837315029294,0.07258610438537996,0.545,0.68,7.2798750000000005,8.400125,0.37062913061307007,0.4649106221442264,0.5791913201983205,0.7227991040971288,0.3577464991583735,0.46383487468613344,0.5098172137101925,0.5932451995653422,0.49713699434102976,0.5814112043644599,0.48725466870214174,0.5736708012566678,0.5626559730772052,0.7068740853302443,0.4369310819465441,0.5491889770298363,0.5556825789440192,0.6959979252520968
C,12,seller,ConcederTBNegotiator,0.735,0.44244069528494,200,4.635,2.879798813464258,200,0.18044060522943103,0.13818247818818286,200,0.7241514193526396,0.44768584268842004,200,0.3345703651302315,0.35110773776620774,200,0.5554012973115819,0.2218528429884018,200,0.5677225851599559,0.21587334294212315,200,0.5697483672540603,0.21285889492825313,200,0.5590857971025699,0.44768584268842004,200,0.43568390156808107,0.34887224041483084,200,0.552998394821396,0.44768584268842004,200,0.061319151918138914,0.39911975281289586,0.019151114404133154,0.06204609226041437,0.0486610498111045,0.03074723534171221,0.029918518915669743,0.029500737735769948,0.06204609226041437,0.0483512256851538,0.06204609226041437,0.67,0.795,4.255,5.03,0.16128175019594754,0.19993779637377512,0.6615292972617312,0.7859673886935356,0.28842031961659864,0.3839499667129898,0.5256248340042583,0.5857726890952513,0.5379340978087013,0.5980586711678237,0.5416160007847318,0.6008672668545075,0.5003838781942542,0.6233343849646877,0.3855423985774312,0.4850663973175375,0.4901795045126758,0.6145108813502904
C,12,seller,GeniusBOABaselineNegotiator,0.61,0.48897390256222745,200,7.835,4.090407334337745,200,0.41661541501332877,0.3533172543557541,200,0.686393629685153,0.5531724214834558,200,0.3865441592144797,0.40627566694171036,200,0.535236759256058,0.3112858326975391,200,0.5277588783535468,0.3126794163221359,200,0.5217394314298658,0.31205832309659143,200,0.5968435867700564,0.5531724214834558,200,0.4651077595916101,0.43107573127556964,200,0.5907561844888826,0.5531724214834558,200,0.06776832541570023,0.5669015337293801,0.04896727318717253,0.07666578619768158,0.056306934708611846,0.04314201534479528,0.043335156181291454,0.04324907705191127,0.07666578619768158,0.05974404826682141,0.07666578619768158,0.545,0.675,7.26,8.38025,0.3710698299673094,0.4629908050788595,0.6091567616632356,0.7616073116000991,0.33302539184529606,0.4420036734196141,0.49072572144685744,0.5775375257090806,0.48392636765532143,0.5698198810740825,0.4792917784731156,0.5646559316168873,0.5226069195598602,0.6740378502749695,0.4075889972248291,0.5233905169490696,0.5133528408846803,0.6673660252057171
C,12,seller,LinearTBNegotiator,0.695,0.4615627812172741,200,5.745,3.3355064105882595,200,0.3592794215373399,0.28268094018476514,200,0.7920720762106955,0.5352470068364664,200,0.32086371851298723,0.382986313205166,200,0.445503723705011,0.32064075893505234,200,0.446833166599546,0.32025099197260554,200,0.44478511951202465,0.31890173176402453,200,0.49116514024451396,0.5352470068364665,200,0.38275475021001915,0.4171068294878656,200,0.4850777379633401,0.5352470068364665,200,0.06396933781824324,0.46227760351715913,0.039177579504499904,0.07418145047619809,0.05307919495712554,0.04443854197368421,0.044384523028687395,0.044197525104245135,0.0741814504761981,0.05780805725157779,0.0741814504761981,0.63,0.76,5.284875,6.185124999999999,0.3210163311602791,0.39844690114143433,0.7182917225302329,0.8657997857782521,0.26727496878871937,0.37440938616694214,0.40163995718460055,0.4920575130346877,0.40171019869386326,0.4902980282635131,0.40030997970084126,0.488693145358181,0.41719042301048337,0.570296757128105,0.3226646675342344,0.44236569256266967,0.4096550447147846,0.5618496721951829
C,12,seller,SmartAspirationNegotiator,0.615,0.4878163836123209,200,7.72,3.983836690160548,200,0.44879637239734793,0.36099080797850236,200,0.7133233785701875,0.5689176685123467,200,0.36394545918389504,0.4171450431056156,200,0.5076475395846891,0.3468242359145022,200,0.4922034517223006,0.35689283052740367,200,0.4830128252505925,0.3595860263473664,200,0.5699138378850221,0.5689176685123467,200,0.44412196792370273,0.44334567390736546,200,0.5638264356038483,0.5689176685123467,200,0.06760790147392938,0.5521315959954496,0.050030773460451525,0.07884796610301646,0.05781335338879375,0.048067386742617534,0.04946282276206653,0.04983608065942888,0.07884796610301646,0.061444575556205104,0.07884796610301646,0.545,0.68,7.139875,8.255,0.40005849960653495,0.4972082156968343,0.6343323340475512,0.7908495361361145,0.3058249607545976,0.42275059301353246,0.45825191020655826,0.5538999540567181,0.44192025691500175,0.541998967867019,0.4335725814411117,0.5306996552131992,0.4916212769980496,0.6488065149541892,0.3808095799969252,0.5047647184810353,0.485065565373151,0.6420243317972811
C,24,buyer,BoulwareTBNegotiator,0.29,0.454900729134208,200,10.91,7.096739997559781,200,0.21333781307458038,0.34121977476992266,200,0.34087330323987614,0.5330947646160394,200,0.6408148315626397,0.39009867830584466,200,0.7115850489687233,0.31681578459870696,200,0.7141299798647462,0.31234348361218744,200,0.7115529400997788,0.30864844516896633,200,0.9423639132153333,0.5330947646160394,200,0.7343645439293772,0.4154296320119601,200,0.9362765109341595,0.5330947646160394,200,0.06304602450615066,0.9835579834120954,0.047290648056492704,0.07388316492270938,0.054064918469346565,0.04390842757662972,0.043288598283034975,0.042776492082005436,0.07388316492270938,0.057575609540691845,0.07388316492270938,0.23,0.36,9.959875,11.915124999999998,0.16551835310041135,0.25953449166093123,0.2715099729928724,0.41756072936231176,0.5852478115487051,0.6927186949232277,0.6671809104342558,0.7542116902641166,0.6694264189467193,0.7589826678891572,0.6700240519393977,0.7538174904796009,0.8666344360585149,1.0139737432512304,0.6785487635728925,0.7896788882963646,0.8562326706638961,1.0091982697766042
C,24,buyer,ConcederTBNegotiator,0.54,0.4996481173846551,200,7.23,5.793524369769717,200,0.18279073270136695,0.21425917009987358,200,0.5865116423826809,0.5412479352347177,200,0.4405104871490769,0.41698540311143245,200,0.6134865092074044,0.3089118731378138,200,0.603141439360672,0.3133161535970857,200,0.5954643539591179,0.3143641210660141,200,0.6967255740725286,0.5412479352347177,200,0.5429437091897554,0.4217832278351861,200,0.6906381717913547,0.5412479352347177,200,0.06924769611391722,0.8029415122914023,0.029694805973368422,0.07501313672030649,0.05779122841439639,0.042813001335818175,0.0434234034653019,0.04356864434643536,0.07501313672030649,0.058456172996230085,0.07501313672030649,0.47,0.605,6.414875,7.995249999999999,0.1555670196843678,0.21161801208638092,0.5092013451946819,0.6602624624500395,0.38165417985952943,0.4994848640920691,0.5711672605272908,0.6563812478416653,0.5596237459318151,0.6465237677290719,0.552617610854491,0.6370726578035079,0.6204475912053579,0.7740441932929992,0.4838246352943768,0.6008746263228152,0.6162130533201926,0.7675829553741286
C,24,buyer,GeniusBOABaselineNegotiator,0.26,0.4397349590046877,200,11.15,7.311964450173635,200,0.18726134678824635,0.32566709334669514,200,0.28638365252562786,0.4859484852294722,200,0.6778541886386171,0.3607185104626501,200,0.7414982106875893,0.29115447795966404,200,0.7444288510043318,0.285034324499039,200,0.7416911119879537,0.2810013470194641,200,0.9968535639295816,0.4859484852294722,200,0.7768271923123234,0.3786895197536797,200,0.9907661616484077,0.4859484852294722,200,0.060944156001652615,1.0133865707164975,0.045135156382493054,0.06734902396576575,0.04999303495013949,0.04035195192466909,0.03950374192994267,0.03894479976800339,0.06734902396576575,0.05248368976689237,0.06734902396576575,0.2,0.325,10.205,12.135624999999996,0.1427573918891987,0.23068130461950692,0.22367636428612078,0.3522690921156062,0.6247117365665676,0.7260054091673738,0.7011509468834977,0.7815326057047184,0.704349715735555,0.7822116101238822,0.7016292719218393,0.7805761315391456,0.9271959335000952,1.0639081523762768,0.7245144565135909,0.8273991762926869,0.923123577386613,1.0558316013760063
C,24,buyer,LinearTBNegotiator,0.435,0.4970010565896778,200,9.245,6.414099967412403,200,0.23298250559449457,0.28876647694870694,200,0.5114702174213067,0.5833133475459846,200,0.5209517853161711,0.4214524319096163,200,0.6217416601923003,0.32406652159344795,200,0.6170508655937104,0.3273740237231467,200,0.6118576860940474,0.3270925127495928,200,0.7717669990339029,0.5833133475459847,200,0.6014219266222792,0.45456392634661785,200,0.7656795967527289,0.5833133475459847,200,0.06888083220480229,0.8889489021044817,0.040020991869836785,0.08084310542685266,0.058410327019966866,0.044913328454955694,0.04537172486315669,0.04533270943275452,0.08084310542685268,0.06299934602128526,0.08084310542685268,0.365,0.505,8.44475,10.115374999999998,0.19432827424524718,0.2745110363340862,0.4293670090828977,0.591960942150768,0.4653879301381574,0.5792759893037424,0.5766823733832281,0.6663018382396877,0.5722522636276195,0.6624763214764927,0.5690528438440196,0.6561189181290954,0.690048538132766,0.8544380982782102,0.5376093414242048,0.6618130724176013,0.682228233350649,0.8499033069815832
C,24,buyer,SmartAspirationNegotiator,0.41,0.49306751859096054,200,12.675,6.791168888665034,200,0.29328235739345376,0.3593801792429748,200,0.4732264617320217,0.5711535016255164,200,0.5430324868001885,0.41703153815462224,200,0.6294046538520319,0.35290620039883325,200,0.6279956288037469,0.3582030369364586,200,0.6237489602829626,0.35928504006025286,200,0.8100107547231877,0.5711535016255163,200,0.6312244878314442,0.4450880120226409,200,0.803923352442014,0.5711535016255163,200,0.06833567165178449,0.9412079883781984,0.0498075517062819,0.0791578367631775,0.0577976224051668,0.04891030401525956,0.049644408106039505,0.049794366088275095,0.07915783676317749,0.0616860512991056,0.07915783676317749,0.345,0.475,11.74975,13.590124999999999,0.24310466646637333,0.34639361429541426,0.38914279093754495,0.5536593407249113,0.48441294017543646,0.5988826372626396,0.5804850648935799,0.6764151090358552,0.5758259214300745,0.6769157177419539,0.5748090242426263,0.6733884821199696,0.7333144514354251,0.8874162393754222,0.5704465341867223,0.6925759770676612,0.725078269884475,0.8824424644169071
C,24,seller,BoulwareTBNegotiator,0.295,0.45718716134917076,200,11.41,7.180508233576665,200,0.21019829651317537,0.33129462600470233,200,0.34700308046379263,0.5360749739864423,200,0.6357316488109778,0.3934792339124669,200,0.7037303956093064,0.3310306062408752,200,0.698080007530303,0.335635440168515,200,0.6920400877486731,0.335884273876441,200,0.9362341359914168,0.5360749739864423,200,0.7295877363794454,0.4177520470200247,200,0.930146733710243,0.5360749739864422,200,0.06336290784403967,0.995167668608268,0.045915092617242886,0.07429620086872221,0.05453343957289625,0.04587850134483047,0.04651669876693898,0.04655118535938239,0.07429620086872221,0.0578974798392745,0.0742962008687222,0.23,0.36,10.399875,12.41,0.16525210163250825,0.2564345166799751,0.27033209547938497,0.4261318273533437,0.5811621734590451,0.6867378790433871,0.6561594058726101,0.7488288751875871,0.6513161099744772,0.7422254750628635,0.6420788791801699,0.7360870613681018,0.8571759741332641,1.0102035804358616,0.6728454712147601,0.7857076489094159,0.8580299025358427,1.005162547072625
C,24,seller,ConcederTBNegotiator,0.585,0.49395847484821215,200,7.23,5.894133016831272,200,0.1985492301497729,0.22005178403101214,200,0.6359102013626703,0.538362730216896,200,0.4123043717875132,0.4034608358349685,200,0.5621891440451979,0.31933040527690576,200,0.5698798384758109,0.31610730368052603,200,0.5697547935433694,0.31398941183815204,200,0.6473270150925391,0.538362730216896,200,0.5044484424171418,0.41953484773770744,200,0.6412396128113653,0.538362730216896,200,0.06845915188918815,0.8168851593817155,0.030497621305303153,0.07461326770579631,0.055916819020571336,0.044256936222028316,0.04381023713095866,0.04351671229698045,0.07461326770579631,0.05814456341276213,0.07461326770579631,0.515,0.65,6.435,8.065124999999998,0.16770763897205127,0.22991791188769506,0.5657578955251745,0.7077971787473099,0.3574144416510602,0.4691454264593118,0.5183909335808295,0.6068364837221292,0.5237217056588368,0.6142333095396234,0.5269142261027069,0.6123916846759401,0.5730022888390194,0.7195219883497694,0.4465483369644354,0.5627332775874426,0.5668919259745636,0.7182145102737433
C,24,seller,GeniusBOABaselineNegotiator,0.305,0.46156278121727384,200,11.395,7.182402769807517,200,0.22201557249747814,0.3438852817187024,200,0.34029103546044115,0.5160221160233548,200,0.6355040818229505,0.38728362353147117,200,0.7234233743831138,0.2932075736782441,200,0.7158726596333626,0.30149898943010467,200,0.7087921825214808,0.303763567607051,200,0.9429461809947683,0.516022116023355,200,0.7348182930663009,0.4021252730253604,200,0.9368587787135945,0.516022116023355,200,0.06396933781824321,0.9954302379338116,0.04766006847209398,0.07151701654653972,0.053674771782553844,0.040636496474055574,0.04178562806959597,0.04209948259234335,0.07151701654653976,0.055731719458773935,0.07151701654653976,0.245,0.37,10.404625,12.365,0.1768704167213266,0.27040649808620015,0.2692131459684604,0.4120186354313544,0.5836110398959939,0.6872799646941633,0.6839733312669222,0.7627504499952001,0.6750031971039774,0.7576521618062114,0.664456842505539,0.7489856859753505,0.8677754494402308,1.0113024207939916,0.6786607267511754,0.7876026353365057,0.8636354312439899,1.0085769987561035
C,24,seller,LinearTBNegotiator,0.455,0.4992204979041207,200,9.765,6.255030136622064,200,0.24647369354981807,0.30229792540914274,200,0.5266787433211614,0.5774712331895671,200,0.50616473640532,0.42119551866430355,200,0.6241419486855696,0.30949398304229486,200,0.622509607875293,0.3114760357400137,200,0.618616380729066,0.3107292424210137,200,0.756558473134048,0.5774712331895671,200,0.5895702395726575,0.4500112884699238,200,0.7504710708528742,0.5774712331895671,200,0.06918843107756437,0.8669029483218089,0.041896354947104274,0.08003342968598617,0.05837472066077115,0.04289367765254565,0.04316837614157796,0.043064875868056046,0.08003342968598617,0.06236838260276543,0.08003342968598617,0.385,0.525,8.939874999999999,10.615,0.20504198828852807,0.28984523334220563,0.446599618411659,0.6100804209234685,0.448230309711269,0.5626495811232144,0.5811346396968663,0.6640224735525462,0.5801617915391463,0.6654805805711259,0.5750973391490538,0.661301313117267,0.6751867707892704,0.8340211085323352,0.5246696105270916,0.6563492317565103,0.670246349201203,0.8303627041571219
C,24,seller,SmartAspirationNegotiator,0.295,0.45718716134917076,200,11.41,7.180508233576665,200,0.2115737290391269,0.3335237592230798,200,0.34858221669344785,0.5394391784757443,200,0.6334589406399317,0.39705092655356145,200,0.7042312201848614,0.3345428900510998,200,0.7004046511124378,0.3352461073141469,200,0.695111607881271,0.3339719636996935,200,0.9346549997617616,0.5394391784757444,200,0.7283571484496336,0.42037370141576846,200,0.9285675974805878,0.5394391784757444,200,0.06336290784403967,0.995167668608268,0.04622403471935993,0.07476245582302822,0.05502845091791533,0.04636527904596413,0.046462739986252354,0.04628615269061519,0.07476245582302823,0.05826082260110145,0.07476245582302823,0.23,0.36,10.415,12.410124999999999,0.1675727641735427,0.25946839233430924,0.27804423339806844,0.42570925163460305,0.5761606972806024,0.6861118739185071,0.6551778573012499,0.7497261639540816,0.6541473783930377,0.7456104864494489,0.6477555833406695,0.7397870963362644,0.8619829227417464,1.0044180342527285,0.6696263844483918,0.7848824736910354,0.8523995953232979,1.0008250433090742
C,36,buyer,BoulwareTBNegotiator,0.11,0.3136749269530399,200,12.615,9.219096141615061,200,0.07982618261990343,0.22991339760347412,200,0.12660685869123695,0.3567702119829852,200,0.796957744317647,0.26409116800610993,200,0.8364128324404103,0.19665111781037312,200,0.8354905267355065,0.1972125970990231,200,0.8306337385816353,0.19651519574819956,200,1.1566303577639725,0.35677021198298514,200,0.9013379154939308,0.2780235855133008,200,1.1505429554827986,0.35677021198298514,200,0.04347312691559113,1.277701538036762,0.03186437121608687,0.04944582869883205,0.036601168526724834,0.027254454430599376,0.027332271489849416,0.027235616593871723,0.049445828698832045,0.03853210307866558,0.049445828698832045,0.07,0.155,11.364875,13.905124999999998,0.04930872162376399,0.11335044310785486,0.08098876352540484,0.17694757786941182,0.7575540399336853,0.8304276624951223,0.8074161356851005,0.8609638898072026,0.8063193829420071,0.8613606792195023,0.8016783945066981,0.8562951204073997,1.104295437202074,1.2030551190520413,0.8607840163160746,0.9388661486022065,1.102019131072193,1.1970892505498552
C,36,buyer,ConcederTBNegotiator,0.405,0.49212389664416956,200,8.695,7.6422506485245805,200,0.1654081790123457,0.22814674781570538,200,0.46967565050552085,0.5699587334232462,200,0.5417361358746065,0.42298251295491357,200,0.6579304920127966,0.32404683015353714,200,0.6489800221453019,0.3311574645914639,200,0.6417211558433138,0.3328582597142954,200,0.8135615659496886,0.5699587334232461,200,0.6339915609656771,0.44415695408031347,200,0.8074741636685148,0.5699587334232461,200,0.06820489232220382,1.0591619023914083,0.031619526047283915,0.07899225033841432,0.05862238543381423,0.044910599360620015,0.04589608301522095,0.046131801193114524,0.07899225033841431,0.06155701325170492,0.07899225033841431,0.335,0.475,7.704750000000001,9.750124999999999,0.13637662037037035,0.19796363811728387,0.39178524877931475,0.548762580552668,0.4830973562819703,0.5997145580266802,0.61206755462621,0.7016291130637945,0.6027177805578794,0.6958967382007781,0.5958613281735452,0.6872852262507236,0.7306396679482082,0.8910594216832677,0.5737019836414382,0.6948329639157296,0.729930401918276,0.8825119899980679
C,36,buyer,GeniusBOABaselineNegotiator,0.115,0.3198225010233083,200,12.64,9.288259190718671,200,0.08556447523514989,0.23797351817285273,200,0.12712312188898414,0.3491330400862094,200,0.7973539625275954,0.2567540424978744,200,0.8321569716814939,0.2036531399217912,200,0.832404962297738,0.20031555420314373,200,0.82797219632786,0.19819330516996803,200,1.1561140945662254,0.34913304008620943,200,0.900935602350946,0.27207209673254945,200,1.1500266922850515,0.34913304008620943,200,0.044325137212926066,1.2872870475983875,0.03298144693479747,0.048387370675521735,0.035584294811271976,0.028224885184731745,0.02776231940382013,0.027468190694006005,0.04838737067552174,0.03770726881596069,0.04838737067552174,0.075,0.16,11.369874999999999,14.015,0.053309588631464136,0.11839171598033821,0.08148032243746474,0.17570111858381346,0.7615463042108849,0.8319668086795202,0.80349032061928,0.8583075182772811,0.8039192249402682,0.8607082335516942,0.7988688358822649,0.8527613188691875,1.1052033575893647,1.200300041660883,0.8627449477030594,0.9355400966457239,1.1005945432669897,1.194354578579545
C,36,buyer,LinearTBNegotiator,0.29,0.4549007291342081,200,11.0,7.962853456888393,200,0.1762748061124567,0.29765316259517904,200,0.32961083561371957,0.5142641002999909,200,0.6481754604033813,0.3785793884676904,200,0.7240637558548628,0.28687972831536646,200,0.7229090382346988,0.287289346863599,200,0.718445816387803,0.2863673870250702,200,0.95362638084149,0.514264100299991,200,0.7431411500640307,0.40075528803675475,200,0.947538978560316,0.514264100299991,200,0.06304602450615067,1.1035951846842627,0.04125262366368393,0.07127336799801279,0.05246842634938018,0.039759501850243004,0.03981627208466139,0.039688494970115534,0.0712733679980128,0.05554184922636284,0.0712733679980128,0.23,0.355,9.895,12.080124999999999,0.13840580986293222,0.21803401246803325,0.2567936880860121,0.40134162961462416,0.5974840105188644,0.6985449817871653,0.6820378584101596,0.7633176269763972,0.6831598248836851,0.7654044796446189,0.6796062304437775,0.7554505627350704,0.882569394000079,1.0261891852835947,0.686218953368806,0.7992172151396452,0.8740354774289294,1.0156583084777744
C,36,buyer,SmartAspirationNegotiator,0.265,0.4424406952849399,200,15.32,9.711807039881894,200,0.18794943314104146,0.3187369417686966,200,0.30795076399012317,0.5132466598753431,200,0.6657376481050205,0.3739927910006248,200,0.7280694277663511,0.3059732821463061,200,0.7266929381659075,0.3094865729668616,200,0.7221370912800883,0.3096999237207157,200,0.9752864524650863,0.513246659875343,200,0.7600203921447972,0.39996241793323767,200,0.9691990501839125,0.513246659875343,200,0.0613191519181389,1.3459877846332444,0.04417468637610419,0.07113235794936332,0.051832756371759305,0.04240573340284133,0.0428926506684864,0.042922219574391414,0.0711323579493633,0.05543196303631062,0.0711323579493633,0.205,0.33,13.889625,16.66,0.14378685491144347,0.2326232301755687,0.2393542067404717,0.38098889959072796,0.6144736370876486,0.716149344838198,0.6828154156730694,0.7704408969038571,0.6798630284985716,0.7685531606950655,0.6785942145263135,0.7634582430591715,0.9015435026611869,1.0419078625794969,0.703101407575313,0.8158419737569373,0.8940078753698295,1.0400919072853714
C,36,seller,BoulwareTBNegotiator,0.14,0.34785776565376275,200,13.29,9.582013090910063,200,0.10281965118697876,0.2564333685026642,200,0.16209434254500343,0.399138083763744,200,0.7703647113395772,0.29607426323598535,200,0.816353557941967,0.22517890422334086,200,0.8123445357772151,0.23070636850154574,200,0.8063120978898926,0.23191145465923366,200,1.121142873910206,0.39913808376374393,200,0.8736832594422644,0.31103998438130986,200,1.1150554716290322,0.3991380837637439,200,0.0482106266565066,1.327999261064152,0.03553985166298556,0.055317716149192925,0.041033799376719325,0.03120820391067016,0.03197427137555164,0.03214128779597861,0.05531771614919292,0.04310794250653168,0.05531771614919291,0.09,0.19,11.999375,14.58,0.07078143318579168,0.1415876704911821,0.11043783107766822,0.2198513319012641,0.729385638626645,0.8090771757147642,0.7847130309125417,0.8468512926396609,0.7799590978045506,0.841719220700715,0.7734857807913053,0.8355968429410772,1.0647921700335314,1.172099843767309,0.8282272502688771,0.9175056605158437,1.0577461414455538,1.1696003629755858
C,36,seller,ConcederTBNegotiator,0.435,0.4970010565896779,200,9.315,7.7528257127748805,200,0.15967682862164076,0.22176113097924213,200,0.4861264972933322,0.5546056924521567,200,0.5280539489963849,0.4129471084311599,200,0.6419095943471206,0.32073331541117983,200,0.6454108109472245,0.31978969101481763,200,0.6432154897501384,0.31847165739568517,200,0.7971107191618774,0.5546056924521567,200,0.6211717591575165,0.4321926494496388,200,0.7910233168807034,0.5546056924521567,200,0.0688808322048023,1.074486824432667,0.030734524705727972,0.07686442741944584,0.05723154932603774,0.044451369646819054,0.04432058997774514,0.04413791983780074,0.07686442741944584,0.05989884522814472,0.07686442741944584,0.37,0.505,8.244874999999999,10.39025,0.13020507873851114,0.19214298340055982,0.4053602625892377,0.5610684327878744,0.47039699668013707,0.5862974024821435,0.5958075987381368,0.6880839139703055,0.5999302569023491,0.6888940739739756,0.5988200060841452,0.6854856254600346,0.7177299970186635,0.8730084854337047,0.5599645784390184,0.681508206810407,0.7137745689618177,0.868156025122231
C,36,seller,GeniusBOABaselineNegotiator,0.145,0.3529844046834772,200,13.255,9.548078551211262,200,0.10786804552579282,0.2641596604139596,200,0.1666194504461906,0.4020389513941765,200,0.7664112599894563,0.2998562110848228,200,0.815421991365069,0.22461237077189633,200,0.811052605840548,0.23098847135544973,200,0.8048729457350503,0.23257021824278185,200,1.1166177660090189,0.40203895139417645,200,0.8701569372290675,0.31330057002614164,200,1.110530363727845,0.4020389513941765,200,0.04892114257613752,1.3232961738092086,0.0366106610901507,0.05571975589106239,0.041557950606840664,0.031129686380194213,0.032013368836385205,0.03223258777061524,0.05571975589106238,0.043421243692558724,0.05571975589106239,0.1,0.195,11.919875,14.540124999999998,0.07459715444644748,0.14427295744561663,0.11369399647590057,0.22178897820169818,0.7226111019284113,0.8080616474089409,0.7824869030156557,0.8461589272274384,0.7790939461693825,0.8418883621482771,0.7730394863116655,0.8363558593540447,1.0600655880044518,1.169007491715834,0.82510595534469,0.9105778214400221,1.053155920918761,1.166281578760559
C,36,seller,LinearTBNegotiator,0.325,0.46955019639509626,200,11.24,8.231109024845585,200,0.19063326378213244,0.2999587743523058,200,0.37786267371834775,0.5444264210329621,200,0.6194489015688212,0.3913025514388427,200,0.6935181053956447,0.3065355188702282,200,0.6909520039387715,0.30854697348080784,200,0.6860916252081003,0.30808889767320347,200,0.9053745427368618,0.5444264210329621,200,0.7055394989539435,0.4242601555282782,200,0.8992871404556878,0.5444264210329621,200,0.06507633708377576,1.1407735095982043,0.04157216515050049,0.07545365237722787,0.05423176677312868,0.042483655437264345,0.04276242882352155,0.04269894275559006,0.07545365237722787,0.05879945766041575,0.07545365237722787,0.255,0.39,10.049875,12.405124999999998,0.14963556125479685,0.23520792665179954,0.30468224425472246,0.4539314877852849,0.5636040200909689,0.6733376269993141,0.6497735107758806,0.7323946549391679,0.6479557084584708,0.730950889965105,0.6418968713945683,0.7258567603521318,0.8296822656168721,0.9799229823653802,0.646643022289794,0.7639456199043354,0.821735635593085,0.9732483321421572
C,36,seller,SmartAspirationNegotiator,0.14,0.34785776565376275,200,13.17,9.378211677679108,200,0.10494636545214274,0.26259675713074987,200,0.16826426668671066,0.4144568139309379,200,0.7656821293340111,0.30757680451153074,200,0.8114302307061138,0.24409369385935953,200,0.8067175310753938,0.2515552233130148,200,0.8004178398375188,0.25352485820812676,200,1.1149729497684988,0.4144568139309378,200,0.8688751662365898,0.32297755131808414,200,1.108885547487325,0.4144568139309378,200,0.0482106266565066,1.2997538262471942,0.03639405374621102,0.057440783833349315,0.042627970264335326,0.033829660009873946,0.034863775232515694,0.03513675270191157,0.0574407838333493,0.044762404874776514,0.0574407838333493,0.095,0.19,11.9145,14.480125,0.0695875330385008,0.14241944691707456,0.1150135185679109,0.22444202505872002,0.7213958980411509,0.8054785317149433,0.7753894726095487,0.8442643206577297,0.7697036284713907,0.839957068065688,0.7651110112939375,0.834074008759857,1.055300710592586,1.1708766792937515,0.8254955449721582,0.9106023829956413,1.0479180977274618,1.1647812852973431
D,12,buyer,BoulwareTBNegotiator,0.6,0.49112730544203476,200,7.775,4.368040048963235,200,0.2982285659361784,0.3100523146757545,200,0.5255094194540562,0.4461756944623097,200,0.34056912150784385,0.3204343863376478,200,0.47032180599680906,0.21323331922597655,200,0.47032180599680906,0.21323331922597655,200,0.47032180599680906,0.21323331922597655,200,0.4744905805459441,0.44617569446230976,200,0.474490580545944,0.44617569446230965,200,0.4744905805459439,0.44617569446230976,200,0.06806677182837215,0.6053794648667992,0.04297105846904302,0.06183679639436359,0.04440994019092135,0.029552630295922352,0.029552630295922352,0.029552630295922352,0.0618367963943636,0.06183679639436358,0.0618367963943636,0.535,0.6651249999999993,7.144875,8.37,0.25526059688581315,0.33976779063341034,0.4653118091599386,0.5855003664455978,0.2962896250237272,0.3862351970789533,0.43952550963791903,0.5022982055075744,0.4425596567819582,0.4983585395996052,0.44256096566318964,0.49988746049694016,0.41277825836216864,0.537570243415994,0.4142929702518263,0.5358466274990389,0.41449739282968084,0.5345985618512108
D,12,buyer,ConcederTBNegotiator,0.69,0.46365383032156565,200,4.935,2.883112325841135,200,0.13880646866589774,0.12176834560970771,200,0.6398678392925797,0.44362179794722184,200,0.2605433978293003,0.3184368591420769,200,0.5831291696332295,0.16545477538560208,200,0.5831291696332295,0.16545477538560208,200,0.5831291696332295,0.16545477538560208,200,0.3601321607074205,0.4436217979472218,200,0.3601321607074204,0.44362179794722173,200,0.36013216070742027,0.4436217979472218,200,0.06425914243852521,0.39957898219885796,0.01687623169124033,0.0614828443956872,0.04413309704590518,0.02293086195635183,0.02293086195635183,0.02293086195635183,0.06148284439568719,0.061482844395687186,0.06148284439568719,0.625,0.7551249999999993,4.52,5.325,0.12227753147827759,0.15518752703287197,0.5766111591695503,0.6982225586312957,0.2155453190353704,0.30565901757052977,0.5597831101941244,0.6055645311399935,0.5591550190698134,0.6065116794758387,0.5614414566242366,0.6066492778609947,0.3002330834294504,0.42374735678585174,0.3001367322664361,0.4183098627931566,0.30032047169357934,0.4215755959246444
D,12,buyer,GeniusBOABaselineNegotiator,0.6,0.49112730544203476,200,7.775,4.368040048963235,200,0.29968281430219146,0.3094616472823567,200,0.5255094194540562,0.4461756944623097,200,0.34056912150784385,0.3204343863376478,200,0.4670635688678122,0.21474397125779424,200,0.4670635688678122,0.21474397125779424,200,0.4670635688678122,0.21474397125779424,200,0.4744905805459441,0.44617569446230976,200,0.474490580545944,0.44617569446230965,200,0.4744905805459439,0.44617569446230976,200,0.06806677182837215,0.6053794648667992,0.042889196144860725,0.06183679639436359,0.04440994019092135,0.02976199598588181,0.02976199598588181,0.02976199598588181,0.0618367963943636,0.06183679639436358,0.0618367963943636,0.53,0.6651249999999993,7.18,8.34,0.2573977076124568,0.34454231845924643,0.46733171736832,0.5871321126489812,0.29747972514945026,0.3849226282984465,0.4370670329046765,0.49760495144126804,0.43704746103640213,0.4964165167960236,0.4367057135401183,0.4969211840942048,0.4143203755767014,0.5360281262014612,0.41583508746635917,0.5361155144655901,0.4142307465878508,0.5360303669261821
D,12,buyer,LinearTBNegotiator,0.655,0.47656117420937566,200,6.39,3.766808227280163,200,0.23158100249903882,0.22659126888206776,200,0.6130966455209534,0.45724728929773484,200,0.27945349032398115,0.328147025872605,200,0.49507844734990164,0.20293632999155772,200,0.49507844734990164,0.20293632999155772,200,0.49507844734990164,0.20293632999155772,200,0.3869033544790467,0.45724728929773484,200,0.38690335447904667,0.4572472892977348,200,0.3869033544790465,0.45724728929773484,200,0.06604800903499994,0.5220529856240599,0.03140394766569819,0.06337124115255269,0.04547885749526043,0.028125540396883714,0.028125540396883714,0.028125540396883714,0.06337124115255269,0.06337124115255269,0.06337124115255269,0.59,0.72,5.88,6.900249999999999,0.20116644439638606,0.26312898584678973,0.554707798683199,0.6748985966935794,0.2327306771635788,0.3239517351496137,0.46603338824263946,0.5216871559601174,0.46638286979592614,0.5230967577958348,0.4668922192524622,0.5221851552809784,0.323825932333718,0.4500726463379471,0.32506727580738193,0.44852604767397153,0.327093906189927,0.4483467896962706
D,12,buyer,SmartAspirationNegotiator,0.635,0.482638268781561,200,8.545,3.78810290489718,200,0.31506187524029217,0.32152255337506264,200,0.6356139465590157,0.4818264493175397,200,0.26165442034754716,0.34598475741255613,200,0.5027408598285684,0.19520734334157044,200,0.5027408598285684,0.19520734334157044,200,0.5027408598285684,0.19520734334157044,200,0.36438605344098446,0.48182644931753965,200,0.3643860534409844,0.4818264493175396,200,0.3643860534409843,0.48182644931753965,200,0.06689025137225316,0.52500427736951,0.0445607524480004,0.06677773893482386,0.0479510409581058,0.02705435749799008,0.02705435749799008,0.02705435749799008,0.06677773893482385,0.06677773893482385,0.06677773893482385,0.565,0.705,8.01,9.05,0.27050004505478664,0.36238099529027307,0.5657316897347175,0.7005046136101499,0.21505842768291544,0.3082504130121788,0.47562591758608574,0.528372981649582,0.47626692951970845,0.529580882705002,0.47556854544410315,0.5310943610391584,0.29949538638985024,0.4342683102652828,0.2994953863898502,0.4342683102652826,0.30448697616301423,0.4342683102652826
D,12,seller,BoulwareTBNegotiator,0.6,0.4911273054420348,200,7.935,4.2710636760206615,200,0.39143118031526336,0.3568137088834511,200,0.5255094194540562,0.44617569446230976,200,0.34056912150784385,0.32043438633764787,200,0.5669135166294812,0.16122179031748413,200,0.5669135166294812,0.16122179031748413,200,0.5669135166294812,0.16122179031748413,200,0.4744905805459441,0.4461756944623098,200,0.474490580545944,0.4461756944623097,200,0.4744905805459439,0.4461756944623098,200,0.06806677182837216,0.5919392252859755,0.04945185706167494,0.0618367963943636,0.04440994019092136,0.022344200156871625,0.022344200156871625,0.022344200156871625,0.061836796394363604,0.06183679639436359,0.061836796394363604,0.535,0.665,7.359875000000001,8.520124999999998,0.3422049091695502,0.4414428134611688,0.4620734813533258,0.585500366445598,0.29724139356011364,0.38358265730208907,0.5448385264565384,0.5896407037151018,0.5440012317338812,0.5893751055277493,0.5449193865974818,0.5889268002101813,0.4142974517012691,0.5347800605536333,0.41149830594002307,0.5358511089484814,0.41295751633986927,0.5362029027297193
D,12,seller,ConcederTBNegotiator,0.715,0.4525472295516507,200,4.92,2.8801172505445725,200,0.15960243656286047,0.13080882859367898,200,0.6648257881584005,0.434970975228131,200,0.24262186218905732,0.31233479596418756,200,0.4282692423161408,0.19950897084992114,200,0.4282692423161408,0.19950897084992114,200,0.4282692423161408,0.19950897084992114,200,0.3351742118415996,0.434970975228131,200,0.33517421184159957,0.4349709752281309,200,0.33517421184159935,0.434970975228131,200,0.06271984610533884,0.39916388594059465,0.018129178708581196,0.06028390153581489,0.043287394236451573,0.02765053265432358,0.02765053265432358,0.02765053265432358,0.06028390153581489,0.06028390153581488,0.06028390153581489,0.65,0.775,4.519875,5.320125,0.14050681228373704,0.17757955774221457,0.603292723952326,0.7230012495194157,0.20058329913402223,0.2844037226109559,0.402405229640605,0.45656933591754395,0.4012152418688369,0.4549692792165478,0.4005363372035976,0.45560721512798713,0.2786327374086892,0.3950732891195696,0.2769091214917341,0.3981664864475202,0.27690688076701264,0.3948088836024605
D,12,seller,GeniusBOABaselineNegotiator,0.6,0.4911273054420348,200,7.935,4.2710636760206615,200,0.3910553633217993,0.35641296563401836,200,0.5255094194540562,0.44617569446230976,200,0.34056912150784385,0.32043438633764787,200,0.566382031140354,0.16142238160134653,200,0.566382031140354,0.16142238160134653,200,0.566382031140354,0.16142238160134653,200,0.4744905805459441,0.4461756944623098,200,0.474490580545944,0.4461756944623097,200,0.4744905805459439,0.4461756944623098,200,0.06806677182837216,0.5919392252859755,0.04939631688091397,0.0618367963943636,0.04440994019092136,0.022372000690456563,0.022372000690456563,0.022372000690456563,0.061836796394363604,0.06183679639436359,0.061836796394363604,0.535,0.67,7.335,8.5,0.3430037575692042,0.44025728986447504,0.46522666162053067,0.585587754709727,0.2965298068707259,0.38585254539196867,0.5425821457438982,0.5890739289517172,0.5430641860808169,0.5886111030054831,0.543399478842298,0.5873194049176789,0.41123390042291447,0.5328452998846599,0.41313453359284885,0.5361132737408688,0.4133093101211073,0.5346607855151864
D,12,seller,LinearTBNegotiator,0.665,0.47317488559919235,200,6.695,3.630132824237707,200,0.26897455305651674,0.22848985221473322,200,0.6230798250672818,0.4546672627336272,200,0.27228487606788393,0.3263293103811557,200,0.39032447567711204,0.2477125522877527,200,0.39032447567711204,0.2477125522877527,200,0.39032447567711204,0.2477125522877527,200,0.3769201749327184,0.4546672627336272,200,0.37692017493271834,0.4546672627336271,200,0.3769201749327182,0.4546672627336272,200,0.06557869337769412,0.5031107411787658,0.03166707789093659,0.06301366771384478,0.04522693498100718,0.03433120819950864,0.03433120819950864,0.03433120819950864,0.06301366771384478,0.06301366771384478,0.06301366771384478,0.595,0.7251249999999992,6.21,7.18,0.23725376958381394,0.3008160983756247,0.559820904219531,0.6847047589869281,0.22912474929699295,0.31752731630488407,0.3569284344894563,0.4243090496298734,0.35658559843355037,0.4256974674850385,0.35636658021654904,0.42412578377362836,0.3149138011822379,0.43973543228565953,0.31401752931564786,0.4403028522683582,0.31547449899077273,0.4351852652825836
D,12,seller,SmartAspirationNegotiator,0.6,0.4911273054420348,200,7.935,4.2710636760206615,200,0.44517301038062285,0.36929938253532446,200,0.6006728181468666,0.49030120703322694,200,0.2867445702438873,0.35207022033503665,200,0.5664445859132328,0.15283751983176477,200,0.5664445859132328,0.15283751983176477,200,0.5664445859132328,0.15283751983176477,200,0.39932718185313365,0.49030120703322694,200,0.39932718185313354,0.4903012070332268,200,0.39932718185313343,0.49030120703322694,200,0.06806677182837216,0.5919392252859755,0.05118228314503163,0.06795228043016024,0.04879444308953828,0.021182199551783763,0.021182199551783763,0.021182199551783763,0.06795228043016024,0.06795228043016023,0.06795228043016024,0.5348750000000002,0.6651249999999993,7.36,8.52,0.39693774930315273,0.49439641003460216,0.5307905613225683,0.6655634851980008,0.2401485775792556,0.3369248700365675,0.5451587620110002,0.5868785462141578,0.5449243218064744,0.5875141603052524,0.545807573077134,0.5873884172032577,0.3344365148019995,0.4692094386774319,0.3294449250288352,0.46421784890426765,0.33443651480199926,0.46920943867743176
D,24,buyer,BoulwareTBNegotiator,0.235,0.4250628094291466,200,11.335,7.582230946802746,200,0.1450714869281046,0.28446850487798814,200,0.2134109477124183,0.38979708030286897,200,0.5649614612475502,0.2797404062616889,200,0.6085783363659368,0.20607382852097894,200,0.6085783363659368,0.20607382852097894,200,0.6085783363659368,0.20607382852097894,200,0.786589052287582,0.389797080302869,200,0.7865890522875817,0.3897970803028689,200,0.7865890522875817,0.389797080302869,200,0.05891069981560072,1.0508435961253166,0.03942532333131188,0.05402311911869966,0.03877004229494591,0.02856037550816256,0.02856037550816256,0.02856037550816256,0.05402311911869967,0.054023119118699656,0.05402311911869967,0.175,0.295,10.274875,12.39,0.10691359993752403,0.18449464148404454,0.1634054209919262,0.27176566705113425,0.5243158429475551,0.6007702064116985,0.5793695343120363,0.6358037061247572,0.5807147715671996,0.6362208677874314,0.5789408880128988,0.6368303860737276,0.7316815647827759,0.839862552864283,0.7332259227220299,0.8383181949250287,0.7299557081410996,0.8397729238754325
D,24,buyer,ConcederTBNegotiator,0.5,0.5012547071170855,200,7.845,5.281138810491388,200,0.11207083813917725,0.13021843403914246,200,0.45345540176855054,0.46494595616803364,200,0.39619678512577194,0.33220694484726293,200,0.602610852107107,0.16567418297987893,200,0.602610852107107,0.16567418297987893,200,0.602610852107107,0.16567418297987893,200,0.5465445982314496,0.4649459561680336,200,0.5465445982314495,0.46494595616803347,200,0.5465445982314495,0.4649459561680336,200,0.06947035809081692,0.7319284967960398,0.018047354197935874,0.06443822194436925,0.04604153355791794,0.022961270297512205,0.022961270297512205,0.022961270297512205,0.06443822194436924,0.06443822194436923,0.06443822194436924,0.43,0.57,7.12,8.55025,0.09415436971357172,0.13053898440503653,0.3852967608612073,0.5171853914359862,0.3489358109509542,0.44117603469336886,0.5783541876282814,0.6256267516141252,0.5797317801655684,0.6255343753481295,0.5787269938183691,0.625783619602794,0.4833753063725492,0.608256920415225,0.4782963283352557,0.6065355452229911,0.48164944973087265,0.6079880334486735
D,24,buyer,GeniusBOABaselineNegotiator,0.235,0.4250628094291466,200,11.335,7.582230946802746,200,0.14494076797385622,0.2840404957502657,200,0.2134109477124183,0.38979708030286897,200,0.5649614612475502,0.2797404062616889,200,0.6083934718479795,0.20600677793920522,200,0.6083934718479795,0.20600677793920522,200,0.6083934718479795,0.20600677793920522,200,0.786589052287582,0.389797080302869,200,0.7865890522875817,0.3897970803028689,200,0.7865890522875817,0.389797080302869,200,0.05891069981560072,1.0508435961253166,0.039366004292613915,0.05402311911869966,0.03877004229494591,0.02855108277163584,0.02855108277163584,0.02855108277163584,0.05402311911869967,0.054023119118699656,0.05402311911869967,0.18,0.295,10.294500000000001,12.410124999999999,0.10670154507881585,0.18446428957612457,0.1632794237793157,0.27004205113417923,0.527934476191941,0.6032410123109573,0.5805118612462093,0.6345401448531117,0.5796945529838338,0.6356266948166438,0.5782891195242822,0.6359341945618203,0.7315896950692045,0.8397729238754326,0.7333155517108804,0.8396855356113032,0.7315023068050749,0.8383181949250287
D,24,buyer,LinearTBNegotiator,0.38,0.48660447963206205,200,9.835,6.718890716651934,200,0.16867502883506347,0.25270358652537883,200,0.35653306420607456,0.46145505100751044,200,0.46353083752732926,0.3303773558092561,200,0.5681389366395421,0.20585799731736215,200,0.5681389366395421,0.20585799731736215,200,0.5681389366395421,0.20585799731736215,200,0.6434669357939257,0.4614550510075105,200,0.6434669357939256,0.4614550510075104,200,0.6434669357939256,0.4614550510075105,200,0.06743994015150213,0.9311907448080011,0.035022930253802334,0.06395440717291818,0.04578796545406834,0.028530462829459417,0.028530462829459417,0.028530462829459417,0.06395440717291818,0.06395440717291817,0.06395440717291818,0.315,0.445,8.935,10.745,0.1352238171616686,0.2050588745915033,0.29318451436947335,0.42151336024605923,0.4156572851960319,0.5091005565364323,0.5396728927471192,0.5967146720354478,0.5393401627833115,0.5942530080990487,0.5395247260833,0.5956489150637166,0.581933871587851,0.7067236159169551,0.580297643935025,0.7050918697135716,0.574911169982699,0.7068496131295654
D,24,buyer,SmartAspirationNegotiator,0.39,0.4889739025622275,200,13.17,7.343756107663452,200,0.22691825259515574,0.3217140938501505,200,0.39102604767397153,0.48815142627475727,200,0.4372854696219281,0.35052652887670577,200,0.5702030580332034,0.18611988029979865,200,0.5702030580332034,0.18611988029979865,200,0.5702030580332034,0.18611988029979865,200,0.6089739523260287,0.4881514262747572,200,0.6089739523260286,0.4881514262747571,200,0.6089739523260285,0.4881514262747572,200,0.06776832541570023,1.0177926696493547,0.044587298603486446,0.06765433601789411,0.048580498368682154,0.025794899376828762,0.025794899376828762,0.025794899376828762,0.0676543360178941,0.06765433601789408,0.0676543360178941,0.325,0.46,12.189874999999999,14.185,0.1834898356401385,0.27244919021530184,0.32114379084967326,0.4559167147251058,0.3905998692790953,0.4839710699647604,0.5452064409735546,0.5963253692613831,0.5441688888665195,0.5960976908963327,0.5435253837675859,0.5944533697309139,0.5440832852748945,0.6738646193771628,0.5439584955305654,0.6738646193771626,0.5390916955017301,0.6738646193771626
D,24,seller,BoulwareTBNegotiator,0.27,0.44507353579077985,200,11.7,7.5734261678317,200,0.1788655805459439,0.3085785413836343,200,0.2483520761245675,0.4134028840972516,200,0.53987131135121,0.29671176252809744,200,0.6417667257556252,0.14577705044001685,200,0.6417667257556252,0.14577705044001685,200,0.6417667257556252,0.14577705044001685,200,0.7516479238754328,0.4134028840972517,200,0.7516479238754326,0.4134028840972516,200,0.7516479238754326,0.4134028840972517,200,0.061684044995729465,1.0496233160175308,0.042766803911640214,0.05729471661061962,0.04112215227092032,0.02020366841787182,0.02020366841787182,0.02020366841787182,0.05729471661061963,0.05729471661061962,0.05729471661061963,0.21,0.33,10.654874999999999,12.715,0.13583755046136103,0.21967821270665133,0.19326533064206078,0.3099747693194925,0.49682353938463114,0.5793338960329111,0.620977642981118,0.6603494983418747,0.62188970740595,0.6621199205173522,0.6204092735706924,0.6612600547271181,0.6950168204536717,0.8065554113802385,0.693380592800846,0.810007124663591,0.6948375624759708,0.803379307237601
D,24,seller,ConcederTBNegotiator,0.54,0.49964811738465514,200,8.06,5.444687604957506,200,0.12061562860438294,0.13086017998205332,200,0.49338811995386395,0.46730674909030945,200,0.36752232810138324,0.3342331892670374,200,0.49784153787855806,0.21379252969474352,200,0.49784153787855806,0.21379252969474352,200,0.49784153787855806,0.21379252969474352,200,0.5066118800461363,0.46730674909030945,200,0.5066118800461362,0.46730674909030934,200,0.5066118800461361,0.46730674909030945,200,0.06924769611391722,0.7545952032739278,0.01813629564790999,0.06476541115049567,0.046322356707152464,0.029630132912779175,0.029630132912779175,0.029630132912779175,0.06476541115049567,0.06476541115049565,0.06476541115049567,0.47,0.61,7.26,8.785,0.10284018466455211,0.13860448505382542,0.42858708189158023,0.5581017697520185,0.32222861379264517,0.41412668812943976,0.46744356256275904,0.5261771906662825,0.46726728274237683,0.5266204038713398,0.4678471228878518,0.5265918066587486,0.44171897227028084,0.5696915429161862,0.4417212129950019,0.5699900759323335,0.4415952157823914,0.5697811719050364
D,24,seller,GeniusBOABaselineNegotiator,0.27,0.44507353579077985,200,11.7,7.5734261678317,200,0.17909433871587851,0.3089234404885461,200,0.2483520761245675,0.4134028840972516,200,0.53987131135121,0.29671176252809744,200,0.6420902386620504,0.1450703026503475,200,0.6420902386620504,0.1450703026503475,200,0.6420902386620504,0.1450703026503475,200,0.7516479238754328,0.4134028840972517,200,0.7516479238754326,0.4134028840972516,200,0.7516479238754326,0.4134028840972517,200,0.061684044995729465,1.0496233160175308,0.04281460448883824,0.05729471661061962,0.04112215227092032,0.020105718171557718,0.020105718171557718,0.020105718171557718,0.05729471661061963,0.05729471661061962,0.05729471661061963,0.21,0.335,10.634875,12.73,0.1369410983756248,0.22112324586697427,0.19335271890618994,0.3082511534025375,0.4968939519309644,0.5817351695426658,0.6214349279276953,0.6606629662563263,0.6216865637584102,0.6612792356823852,0.6213399815491931,0.6617417910159988,0.6933828335255673,0.8066472810938101,0.693380592800846,0.8050496623894654,0.6948930639657825,0.8067346693579392
D,24,seller,LinearTBNegotiator,0.39,0.4889739025622275,200,10.36,6.7808776354936295,200,0.1732254421376394,0.25078511510687196,200,0.36651624375240294,0.46447430805058926,200,0.45636222327123205,0.332583773736144,200,0.5480991303206701,0.22635133119086356,200,0.5480991303206701,0.22635133119086356,200,0.5480991303206701,0.22635133119086356,200,0.6334837562475973,0.4644743080505893,200,0.6334837562475972,0.46447430805058915,200,0.6334837562475971,0.4644743080505893,200,0.06776832541570023,0.9397816934569345,0.03475704368049273,0.06437285485026221,0.0460937593774022,0.031370693998269694,0.031370693998269694,0.031370693998269694,0.06437285485026221,0.0643728548502622,0.06437285485026221,0.325,0.455,9.424875,11.250124999999999,0.13885531706555176,0.20816346777681663,0.3033469518935025,0.4330408977316418,0.41022831781022473,0.5014611648474765,0.5179409986158573,0.577545175534301,0.5157637599593579,0.5780185266584034,0.5161946641299883,0.579112551515671,0.5669591022683584,0.6984640522875819,0.5698411548442908,0.6953198349192617,0.5669591022683583,0.6966508073817761
D,24,seller,SmartAspirationNegotiator,0.27,0.44507353579077985,200,11.7,7.5734261678317,200,0.17835904459823143,0.3101944753879416,200,0.2712278931180315,0.4443249019118544,200,0.5233088406950943,0.31905604936813636,200,0.6281270223768649,0.1862043794902814,200,0.6281270223768649,0.1862043794902814,200,0.6281270223768649,0.1862043794902814,200,0.7287721068819687,0.44432490191185436,200,0.7287721068819686,0.4443249019118543,200,0.7287721068819686,0.44432490191185436,200,0.061684044995729465,1.0496233160175308,0.04299076093854975,0.06158028963361628,0.044218912433012625,0.025806610367145405,0.025806610367145405,0.025806610367145405,0.061580289633616274,0.06158028963361627,0.061580289633616274,0.21,0.33,10.665,12.71,0.13896982831122648,0.22277369581410994,0.21132881584006158,0.33611856016916575,0.47671284803046254,0.5663205262316773,0.6007847025596887,0.6540471831196235,0.6025813852186954,0.6523241428003458,0.6005586267677658,0.6532510504307713,0.6638814398308345,0.7886711841599385,0.6688730296039984,0.7936627739331027,0.6688730296039984,0.7886711841599384
D,36,buyer,BoulwareTBNegotiator,0.105,0.30732269063787754,200,12.735,9.487085906376883,200,0.07228866301422529,0.21968845825441197,200,0.09996948289119569,0.29068048716981754,200,0.6464876813557165,0.20833003718599571,200,0.6691271454490725,0.14692623215902034,200,0.6691271454490725,0.14692623215902034,200,0.6691271454490725,0.14692623215902034,200,0.9000305171088046,0.2906804871698176,200,0.9000305171088044,0.2906804871698175,200,0.9000305171088043,0.2906804871698176,200,0.04259275187825758,1.3148430245072897,0.03044726692170204,0.040286260152731894,0.028873070075736383,0.02036293687839113,0.02036293687839113,0.02036293687839113,0.0402862601527319,0.04028626015273189,0.0402862601527319,0.065,0.15,11.43,14.035,0.044646740436370645,0.10391429077758552,0.06167075163398692,0.14162581699346408,0.616667717170594,0.673849740073135,0.6484510528337761,0.6895216137520137,0.6478356360871722,0.6885475153810418,0.6477610764289002,0.6880733408585986,0.8566505670895811,0.9366952614379085,0.8583741830065358,0.9366952614379085,0.8583741830065358,0.9366952614379085
D,36,buyer,ConcederTBNegotiator,0.37,0.4840158641862055,200,9.86,7.009713289572552,200,0.09049716455209536,0.12854456249558932,200,0.32857602845059597,0.438081478358988,200,0.48520898047251215,0.31223035346203776,200,0.6194527823221674,0.16041713398616242,200,0.6194527823221674,0.16041713398616242,200,0.6194527823221674,0.16041713398616242,200,0.6714239715494043,0.43808147835898803,200,0.6714239715494041,0.438081478358988,200,0.6714239715494041,0.43808147835898803,200,0.06708117635451485,0.9714966970411216,0.017815367437756677,0.06071499527573416,0.04327291924415479,0.022232680478984777,0.022232680478984777,0.022232680478984777,0.06071499527573416,0.06071499527573416,0.06071499527573416,0.305,0.44,8.85,10.795124999999999,0.0731172655949635,0.10787440227316415,0.2700975526239909,0.3886543637062669,0.4414803053009779,0.5286393466737364,0.5965914282541884,0.640581616924577,0.5963961110023431,0.6404047369214301,0.5963032019407326,0.6408628570368576,0.6114352652825837,0.7295120446462898,0.6081650507016532,0.7330489054690503,0.6098909073433295,0.7312356605632447
D,36,buyer,GeniusBOABaselineNegotiator,0.105,0.30732269063787754,200,12.735,9.487085906376883,200,0.07219062379853902,0.21939894412799593,200,0.09996948289119569,0.29068048716981754,200,0.6464876813557165,0.20833003718599571,200,0.6689884970606046,0.14738691135158088,200,0.6689884970606046,0.14738691135158088,200,0.6689884970606046,0.14738691135158088,200,0.9000305171088046,0.2906804871698176,200,0.9000305171088044,0.2906804871698175,200,0.9000305171088043,0.2906804871698176,200,0.04259275187825758,1.3148430245072897,0.030407142310902576,0.040286260152731894,0.028873070075736383,0.0204267837570693,0.0204267837570693,0.0204267837570693,0.0402862601527319,0.04028626015273189,0.0402862601527319,0.065,0.145,11.44475,14.09525,0.0432678687283737,0.10297078647635526,0.061670751633986914,0.14317241565743946,0.6178130334949253,0.6739417787493969,0.6490686754479089,0.6888701632886568,0.6487748588535337,0.6885635018631265,0.6467490357726176,0.6884497930449855,0.8567401960784315,0.9366952614379085,0.8600081699346405,0.9383292483660131,0.8567401960784313,0.9383292483660131
D,36,buyer,LinearTBNegotiator,0.24,0.42815485856705277,200,11.585,8.456377867217489,200,0.11956074586697424,0.23579980612330884,200,0.24127835447904653,0.42743468267077006,200,0.5448146834633859,0.3069277022941046,200,0.6162186035243803,0.19111238395478386,200,0.6162186035243803,0.19111238395478386,200,0.6162186035243803,0.19111238395478386,200,0.7587216455209537,0.42743468267077006,200,0.7587216455209536,0.42743468267077006,200,0.7587216455209536,0.42743468267077006,200,0.059339235962583115,1.1719941783003227,0.03268018581480391,0.05923942467564102,0.042538009286728774,0.026486825081978343,0.026486825081978343,0.026486825081978343,0.05923942467564102,0.05923942467564102,0.05923942467564102,0.185,0.3001249999999993,10.454875,12.74025,0.0878706206747405,0.15342438905709346,0.1863708669742407,0.30130222150134506,0.5018029979268026,0.5842420618719202,0.5889898446399197,0.6436483692699131,0.5902358925270702,0.6412513267745327,0.5883683655529197,0.6423024002047407,0.6988225682429836,0.8186207227989235,0.7036893682718188,0.8136291330257593,0.6988225682429834,0.8186207227989235
D,36,buyer,SmartAspirationNegotiator,0.235,0.42506280942914654,200,15.765,10.342369070476538,200,0.14606821895424837,0.2826136875607054,200,0.23628676470588236,0.4243478344997916,200,0.5483989905914344,0.30471113154104995,200,0.6184626428972387,0.1812762350074749,200,0.6184626428972387,0.1812762350074749,200,0.6184626428972387,0.1812762350074749,200,0.7637132352941179,0.42434783449979163,200,0.7637132352941177,0.42434783449979147,200,0.7637132352941177,0.42434783449979163,200,0.05891069981560071,1.433379223440522,0.03916825876634095,0.05881160934589936,0.04223080825347769,0.025123604388183333,0.025123604388183333,0.025123604388183333,0.05881160934589937,0.058811609345899345,0.05881160934589937,0.175,0.295,14.32975,17.200249999999997,0.10728085051422531,0.1867223663975394,0.17638768742791236,0.29618584198385245,0.5089716121828998,0.5914106761280175,0.5928264250164672,0.6433582473029439,0.5927982999959914,0.6425469079442544,0.5929206543076174,0.6417612337429359,0.7038141580161478,0.8236123125720877,0.6988225682429835,0.8236123125720876,0.7038141580161477,0.8186207227989235
D,36,seller,BoulwareTBNegotiator,0.13,0.337147359041329,200,13.405,9.833333475286034,200,0.08854214725105729,0.2358433475095819,200,0.12492743175701654,0.32245857272058165,200,0.6285508788032882,0.2312295709881911,200,0.6791011848726467,0.11564514600566918,200,0.6791011848726467,0.11564514600566918,200,0.6791011848726467,0.11564514600566918,200,0.8750725682429836,0.32245857272058165,200,0.8750725682429835,0.32245857272058154,200,0.8750725682429835,0.32245857272058165,200,0.046726240032102836,1.3628304892805132,0.03268622034306512,0.04469047811080191,0.0320467835406948,0.016027599522575743,0.016027599522575743,0.016027599522575743,0.04469047811080191,0.044690478110801894,0.04469047811080191,0.085,0.175,12.11475,14.810125,0.057142084775086505,0.12330062656189926,0.08163711072664359,0.16985173971549408,0.5950717550201425,0.6607347904857509,0.6623273564082282,0.6949402654500803,0.6633102653474888,0.6939351476148222,0.6625533141658306,0.6936700186630509,0.8251544297866207,0.9167675112937331,0.8284246443675509,0.9183628892733563,0.8282986471549404,0.9183651299980776
D,36,seller,ConcederTBNegotiator,0.4,0.49112730544203476,200,10.26,7.137726226074516,200,0.09903402537485582,0.13522040357390483,200,0.3585255670895809,0.44875858257769163,200,0.46370313770422056,0.32016139203263505,200,0.5458151454899265,0.21924898308577043,200,0.5458151454899265,0.21924898308577043,200,0.5458151454899265,0.21924898308577043,200,0.6414744329104194,0.44875858257769163,200,0.6414744329104193,0.4487585825776916,200,0.6414744329104191,0.44875858257769163,200,0.06806677182837215,0.9892383848752294,0.018740591807090395,0.06219476642384441,0.04437210511055858,0.03038635877080777,0.03038635877080777,0.03038635877080777,0.06219476642384441,0.0621947664238444,0.06219476642384441,0.335,0.46,9.329875,11.275,0.07943136353806228,0.1176353896337947,0.3002582360149943,0.4202720167723952,0.4191054477478619,0.5074245370472105,0.5165052180836094,0.5760183696871548,0.5152632307524431,0.5757503847617161,0.5153045321125203,0.5760163848709235,0.5797621107266437,0.7030971261053444,0.5817523728854287,0.7014995074009993,0.5765837658592848,0.7011987336601307
D,36,seller,GeniusBOABaselineNegotiator,0.13,0.337147359041329,200,13.405,9.833333475286034,200,0.08847678777393311,0.23576558830929772,200,0.12492743175701654,0.32245857272058165,200,0.6285814126276591,0.23117863915307313,200,0.6790466869091284,0.11583111298533058,200,0.6790466869091284,0.11583111298533058,200,0.6790466869091284,0.11583111298533058,200,0.8750725682429836,0.32245857272058165,200,0.8750725682429835,0.32245857272058154,200,0.8750725682429835,0.32245857272058165,200,0.046726240032102836,1.3628304892805132,0.03267544346773229,0.04469047811080191,0.032039724748480714,0.01605337323100523,0.01605337323100523,0.01605337323100523,0.04469047811080191,0.044690478110801894,0.04469047811080191,0.085,0.18,12.09,14.735124999999998,0.05782415417147251,0.12198479851499426,0.08336072664359861,0.16985173971549408,0.5950946553884205,0.6596121836932951,0.6621301189693822,0.6938006789796092,0.6627850554070422,0.6938943814473667,0.6624038436862297,0.6938447272718581,0.8268802864282969,0.9183628892733564,0.8285142733564015,0.9200865051903113,0.8284246443675508,0.9167652705690117
D,36,seller,LinearTBNegotiator,0.255,0.43695497278461776,200,12.225,8.860979618473058,200,0.13592067954632836,0.2586690235629937,200,0.25625312379853904,0.436219994696985,200,0.53406176207924,0.3132361647176368,200,0.6221034887563887,0.17238143580650278,200,0.6221034887563887,0.17238143580650278,200,0.6221034887563887,0.17238143580650278,200,0.7437468762014612,0.436219994696985,200,0.7437468762014611,0.436219994696985,200,0.7437468762014611,0.436219994696985,200,0.06055886956852056,1.2280691201309049,0.03584969764628196,0.06045700680252199,0.043412317572202645,0.02389084811305252,0.02389084811305252,0.02389084811305252,0.06045700680252199,0.06045700680252199,0.06045700680252199,0.195,0.315,11.049750000000001,13.415124999999998,0.10249684616493657,0.17391661560457516,0.19635404652056906,0.3161522010765091,0.4910500765426569,0.577073447615823,0.5977926819013385,0.6465676472825092,0.5974760112521476,0.6455167320107226,0.5975715995073703,0.6450178134732808,0.6838477989234911,0.8036459534794311,0.6838477989234909,0.7986543637062669,0.6838477989234909,0.8036459534794309
D,36,seller,SmartAspirationNegotiator,0.14,0.34785776565376275,200,13.385,9.792150225060418,200,0.09350105728565936,0.23892633916716918,200,0.14144655901576317,0.34727265311061195,200,0.6165008260243576,0.2493658137959676,200,0.6661831652253732,0.15496361806299713,200,0.6661831652253732,0.15496361806299713,200,0.6661831652253732,0.15496361806299713,200,0.8585534409842371,0.34727265311061195,200,0.8585534409842368,0.3472726531106119,200,0.8585534409842368,0.34727265311061195,200,0.0482106266565066,1.3571227820013694,0.03311350118731973,0.048129534195290834,0.034560338554521196,0.021476861733231295,0.021476861733231295,0.021476861733231295,0.048129534195290834,0.04812953419529083,0.048129534195290834,0.09,0.19,12.03,14.745374999999997,0.06169900398885044,0.12609350670415223,0.09652225105728565,0.19136245674740487,0.5842420618719202,0.648759590176795,0.6442777659209448,0.6861026726511501,0.6424887279836253,0.6858970748022383,0.6423562758332213,0.6858379975034123,0.8086375432525952,0.9034777489427144,0.8086375432525952,0.9034777489427144,0.8086375432525952,0.9034777489427144
E,12,buyer,BoulwareTBNegotiator,0.61,0.4889739025622274,200,7.675,4.187727343262398,200,0.41062052470104016,0.34357414810106807,200,0.6728864702879848,0.5468478229686142,200,0.31938431948353885,0.34345393778480177,200,0.4877602722877467,0.33433678339061446,200,0.4851204485960134,0.33736408902261145,200,0.4803948108572853,0.33117303987123176,200,0.5554476583174183,0.5468478229686142,200,0.45219590124720327,0.4451946829723615,200,0.5550450011232394,0.5468478229686142,200,0.06776832541570021,0.5803893988275085,0.04761694755268065,0.07578924156404872,0.04760028725283976,0.04633671412017786,0.046756277275035285,0.045898241638865724,0.07578924156404872,0.06170083513847859,0.07578924156404872,0.54,0.675,7.109875000000001,8.240124999999999,0.3635475112262463,0.457972073124046,0.5983098275980878,0.7493243649688739,0.27226631795796596,0.36849689903696486,0.44336238223792834,0.5350027108283226,0.43911716229077374,0.5306253988292229,0.43606388068411434,0.5257633063546554,0.4812854073933553,0.6272853426508347,0.3936608622564162,0.5133903781859706,0.47991145411842245,0.6283031332184911
E,12,buyer,ConcederTBNegotiator,0.715,0.45254722955165066,200,5.145,3.622095093219063,200,0.16106194032647628,0.16526283343821038,200,0.6932698121134415,0.44196353627388574,200,0.2614280336427583,0.30581639809195826,200,0.5681193784856806,0.24465674808519444,200,0.529806382576568,0.2543452471244742,200,0.5400207503545102,0.24928841782937625,200,0.5350643164919615,0.44196353627388574,200,0.43560160385631413,0.3598072592639526,200,0.5346616592977828,0.44196353627388574,200,0.06271984610533883,0.501996768493473,0.02290426015964325,0.061253021053144445,0.04238399038221821,0.03390769534428161,0.03525045280483965,0.034549612020809806,0.061253021053144445,0.04986674197735467,0.061253021053144445,0.655,0.775,4.639875,5.65,0.13899098347946917,0.18412152518432887,0.6320941965132733,0.7558965891422753,0.218951980767219,0.3044815863187055,0.5364723097708134,0.5997166745933261,0.49395824877703737,0.5643168636364978,0.5050850717010553,0.572430128580116,0.4741343912964468,0.597910817572132,0.3875375321673187,0.4859048751802111,0.4761065737143276,0.5961023821704412
E,12,buyer,GeniusBOABaselineNegotiator,0.6,0.49112730544203476,200,7.78,4.3446495715417,200,0.39823687477310776,0.3364418835678598,200,0.646005757652999,0.5386145173554402,200,0.3401353253846896,0.3377188891851937,200,0.4841366092327358,0.3324861743180407,200,0.48997736328624014,0.3223640697258121,200,0.4802586752231913,0.32314280706219395,200,0.5823283709524041,0.5386145173554402,200,0.47407977796200645,0.43849186048991357,200,0.5819257137582252,0.5386145173554402,200,0.06806677182837215,0.6021377100876073,0.04662846611981768,0.07464816362284002,0.04680545006881718,0.04608023278816758,0.04467738066394689,0.04478530815240537,0.07464816362284002,0.06077187133731459,0.07464816362284002,0.53,0.6651249999999993,7.185,8.380125,0.3519506149162955,0.4434525553439556,0.5750780034853086,0.7201752481462107,0.29518398062764584,0.3884068256009612,0.43653428003334427,0.5323074470098003,0.44475043427899474,0.5346749467145239,0.434442768360699,0.5259452568846718,0.5075174250487519,0.6553054956727594,0.4138510346477416,0.5358750558157918,0.5092933867428577,0.6542630803288515
E,12,buyer,LinearTBNegotiator,0.64,0.4812045188324021,200,6.75,4.127064733752419,200,0.2761505198966333,0.2519853692865918,200,0.619844551222487,0.4836166699165843,200,0.3295267196191769,0.3225137094719745,200,0.4977465029627121,0.2916745978296489,200,0.47803726414771225,0.2955425728204262,200,0.4791760405203956,0.290248679667316,200,0.608489577382916,0.4836166699165843,200,0.49537789695200324,0.39371752249989306,200,0.6080869201887371,0.4836166699165843,200,0.06669154376718424,0.5719819900879088,0.03492339042293971,0.0670258508514031,0.044698119674679196,0.04042403686093994,0.0409601108446459,0.040226414686147426,0.0670258508514031,0.05456646468620173,0.0670258508514031,0.575,0.71,6.195,7.33,0.24219078758917584,0.30881888534808966,0.5549592761662148,0.6869942153082557,0.282602585528857,0.3718330284151581,0.45866263021852627,0.5382835551775385,0.43774097502213966,0.5181219273839185,0.44072719501246144,0.5210142451942354,0.5423899562067219,0.6797880407479719,0.4438245204178388,0.5500802725921534,0.544804830325213,0.6734195914234514
E,12,buyer,SmartAspirationNegotiator,0.65,0.4781665150137575,200,8.2,3.4901152592161004,200,0.4116050667579982,0.32281296157541317,200,0.7338850860500433,0.5417597919896495,200,0.28310557665997893,0.3397257384683562,200,0.4420651963249057,0.33630496338571186,200,0.43079000347638646,0.34550683616499084,200,0.4300552295853642,0.33708999134223017,200,0.49444904255535976,0.5417597919896494,200,0.4025362733483076,0.44105246233346934,200,0.49404638536118084,0.5417597919896494,200,0.06627049791930313,0.48370529671521256,0.04473959390023786,0.07508407644725854,0.047083585189258106,0.04660948995071917,0.0478848044525206,0.046718289274648286,0.07508407644725852,0.061126752647104016,0.07508407644725852,0.585,0.715,7.694875000000001,8.67,0.36747300586462395,0.455671487722364,0.6572896246763332,0.8093678467901793,0.23697284712030164,0.33064922695089366,0.3928123697311583,0.49062234761355594,0.38193749577761527,0.4815193830578468,0.3834876514946253,0.4779516001842312,0.42258802194167977,0.5721994582831227,0.34170282042821015,0.46145794479919255,0.41849822852568036,0.5727641760641248
E,12,seller,BoulwareTBNegotiator,0.61,0.4889739025622274,200,7.84,4.065345640395095,200,0.42747598377570617,0.34833116200682485,200,0.7115299033130481,0.5734911974523194,200,0.2950214074469684,0.3597613119413072,200,0.4632918045570935,0.3579458482321023,200,0.4266138195163301,0.3744067192963242,200,0.43861453871788675,0.3617191956077804,200,0.516804225292355,0.5734911974523194,200,0.42073586759256787,0.4668853401504331,200,0.5164015680981762,0.5734911974523194,200,0.06776832541570021,0.5634281601573456,0.048276236043708676,0.07948182487518834,0.049860374003324374,0.0496087635701681,0.05189012390670285,0.05013172283552252,0.07948182487518834,0.06470700685116398,0.07948182487518834,0.54,0.68,7.275,8.390125,0.37679646101662745,0.47487355013164445,0.6322793005390387,0.7923668312233805,0.24374166233030406,0.345139699391099,0.4141816839487031,0.5134893334871125,0.3747627404119146,0.47889364415351365,0.3904494249514917,0.488296551612802,0.4402885289345124,0.5960270515569179,0.35845604890627975,0.48663379100129484,0.4376790205267319,0.5956271569375297
E,12,seller,ConcederTBNegotiator,0.745,0.4369549727846178,200,4.73,3.3290407871959267,200,0.2340996782023609,0.2043163550026137,200,0.7841644885272089,0.4592595738173484,200,0.23002780299760409,0.30292130321193406,200,0.482838149333733,0.2602248532238882,200,0.49641102300616746,0.2607095813964794,200,0.4837130564378736,0.25885728333155855,200,0.44416964007819415,0.45925957381734833,200,0.3616032720530895,0.373888149097324,200,0.4437669828840153,0.45925957381734833,200,0.060558869568520565,0.461381513832677,0.02831680210541456,0.0636501295583338,0.041982750702736875,0.03606532463618553,0.03613250453344832,0.03587578911904141,0.0636501295583338,0.05181825374387292,0.0636501295583338,0.68,0.805,4.275,5.165125,0.20637245507088248,0.2622129438554045,0.7216077891095102,0.8466385577281678,0.18807640115329832,0.27271248010486565,0.44818213457732176,0.5181031555698098,0.4612630054633231,0.5306813215306162,0.4465186203649362,0.5191689216306128,0.38500522035777274,0.5054351240952322,0.31239315213764157,0.4133915013318529,0.3852760717198076,0.510071237128622
E,12,seller,GeniusBOABaselineNegotiator,0.6,0.49112730544203476,200,8.07,4.262150824201462,200,0.380833985625845,0.3284179528154807,200,0.6421768497197979,0.5302814508772792,200,0.32449701703010503,0.3430912373989745,200,0.5127624283865974,0.32620969813246725,200,0.4990544580796948,0.31621862581405996,200,0.4983386957596867,0.31710912992726864,200,0.5861572788856051,0.5302814508772792,200,0.4771969330129275,0.431707821616369,200,0.5857546216914262,0.5302814508772792,200,0.06806677182837215,0.5907039670456065,0.04551640605384907,0.07349325953114198,0.04755001954397771,0.04521035756910371,0.043825665591520194,0.043949083164956576,0.07349325953114198,0.05983165151861655,0.07349325953114198,0.53,0.665,7.47,8.655124999999998,0.33539251998387054,0.42582990286771505,0.5694194866098183,0.7125857084588546,0.27893697039554544,0.3736846628721627,0.46606884540648147,0.5547533923706667,0.4572035017390479,0.5420544510366172,0.45313221611683274,0.5429897575414817,0.5155876445518476,0.6605382102275092,0.4203911915745491,0.5353169908837091,0.5146840425823643,0.6605545013686963
E,12,seller,LinearTBNegotiator,0.655,0.47656117420937594,200,6.955,3.700193530182444,200,0.2619867248590653,0.22204058150746284,200,0.5757410974087107,0.43132048551434865,200,0.36925073793917124,0.2809391824555736,200,0.5113398851322493,0.27145305255228014,200,0.5085459474699752,0.25925340559298554,200,0.5005001878896531,0.2629838616587175,200,0.6525930311966924,0.43132048551434865,200,0.5312829921428773,0.35114263738975593,200,0.6521903740025136,0.43132048551434865,200,0.06604800903499998,0.5128206596313408,0.03077325457297613,0.05977796947368651,0.038936184199006796,0.03762147366976708,0.03593068886353927,0.03644770369661479,0.05977796947368651,0.048665886652156966,0.05977796947368651,0.59,0.72,6.46,7.485125,0.23234623884184477,0.29119945128363256,0.5163996405377954,0.6353682846741521,0.331082214693964,0.4059297253203931,0.47307885394868066,0.5511908635110704,0.475885431704594,0.5434759001202277,0.46510937005544,0.5369249190462744,0.5933370669073488,0.7120342615018115,0.4842608077865625,0.5813834987590029,0.5930656416799338,0.7119783597069682
E,12,seller,SmartAspirationNegotiator,0.605,0.4900774218396364,200,7.955,4.1665061945647865,200,0.4038203784087225,0.3417129439450175,200,0.6522793383581902,0.5364020534308542,200,0.3147830093762938,0.34814627786149116,200,0.5095956918841078,0.33290860414873713,200,0.4831062140107529,0.3384038289530832,200,0.48873902773564654,0.3318209188025007,200,0.576054790247213,0.5364020534308542,200,0.46897238856437246,0.4366906698585846,200,0.575652133053034,0.5364020534308542,200,0.06792126538468851,0.5774482976703734,0.04735899781701713,0.07434153176697578,0.04825061240846041,0.04613877857574832,0.04690037787751466,0.045988033077660605,0.07434153176697578,0.0605222390518286,0.07434153176697578,0.5348750000000002,0.67,7.36,8.515,0.35690409521098687,0.4494976181440103,0.5751745094756049,0.7295476461508588,0.2661439376194081,0.362569367810977,0.4608620725618405,0.5558692153646297,0.43825655801908003,0.5282567183324645,0.4414229382013945,0.5371126093331272,0.5007591047951205,0.6522458657860616,0.4104262182390698,0.528353914821843,0.5044623033001705,0.6462529617759741
E,24,buyer,BoulwareTBNegotiator,0.27,0.4450735357907798,200,11.21,7.357756649589118,200,0.18624373170890215,0.32086216069798695,200,0.29362827593433444,0.4835313233835403,200,0.5573364843132854,0.30887080966431185,200,0.7055604952156241,0.284142330171299,200,0.6999173270197542,0.27552974812009245,200,0.6917514741984564,0.2799044900892017,200,0.9347058526710685,0.4835313233835403,200,0.7609540685255509,0.3936480409711653,200,0.9343031954768898,0.4835313233835403,200,0.06168404499572945,1.019733045763996,0.04446922669252,0.06701402242539893,0.042807310228746,0.03938011782330939,0.038186474849610394,0.038792783153220906,0.06701402242539893,0.05455683503761613,0.06701402242539893,0.21,0.33,10.205,12.275125,0.1391032391207725,0.23341327073467477,0.22751751416836227,0.36330679769905166,0.5152912877148544,0.6001077618149941,0.6652612371101849,0.7442913401084162,0.6609937739044165,0.7360749425281187,0.652446605899099,0.7310288768872208,0.8653859198480435,1.0013311530647826,0.7032820177426532,0.8123897538250654,0.8658055040350768,1.0013500352306466
E,24,buyer,ConcederTBNegotiator,0.51,0.5011544461485622,200,7.905,5.814206738670376,200,0.14967887573816546,0.21273262321809627,200,0.510372994036354,0.502061120980607,200,0.3935761313824764,0.3443956645424804,200,0.6324977417128449,0.27405731737532163,200,0.6112327653426551,0.2687744654268716,200,0.612494259771056,0.26953612428841967,200,0.7179611345690491,0.502061120980607,200,0.5844998668108251,0.40873334810832396,200,0.7175584773748702,0.502061120980607,200,0.0694564626295136,0.8058079423783313,0.029483237369595256,0.06958212135023933,0.04773080392261012,0.03798240635977721,0.037250240434173514,0.037355800966780005,0.06958212135023933,0.0566475519403176,0.06958212135023933,0.445,0.575,7.039875,8.71,0.12047663918229078,0.18013969235468888,0.4436768010935541,0.5816903463490943,0.3458852071552206,0.43972843805725914,0.5957747407919682,0.6683658044893506,0.5745041235618532,0.6495068670101992,0.57290258857443,0.6504324417564019,0.6505288820920231,0.7837656342420292,0.5266098534677122,0.6421674553625378,0.6507992790762496,0.7852976297558169
E,24,buyer,GeniusBOABaselineNegotiator,0.27,0.4450735357907798,200,11.21,7.357756649589118,200,0.1861242478720293,0.32065835550429805,200,0.2900972627284854,0.4774031819129624,200,0.5587910647512743,0.3064335522618444,200,0.7085962160664802,0.2788733176772313,200,0.7027589159259426,0.2709751170742315,200,0.6945984063010566,0.27525445093556716,200,0.9382368658769177,0.4774031819129624,200,0.7638287042810988,0.3886590552156888,200,0.9378342086827388,0.4774031819129624,200,0.06168404499572945,1.019733045763996,0.0444409807337583,0.06616470534897535,0.04246952358633676,0.03864986994822586,0.03755523519193751,0.0381483206064306,0.06616470534897535,0.05386539688846378,0.06616470534897535,0.21,0.335,10.234625,12.200124999999998,0.13999960834939154,0.2295554776171446,0.22619819047219394,0.357082845193843,0.5160024376076393,0.5989940772194965,0.6727650362502885,0.7454727977319514,0.6632135141623939,0.7391999938325458,0.6544978866785066,0.7295938040895066,0.8751188299968063,1.002149723419162,0.7079982341245177,0.8133104070722152,0.8677294484100138,1.0023686017928957
E,24,buyer,LinearTBNegotiator,0.395,0.49007742183963643,200,9.53,6.472912247576365,200,0.18577389531479244,0.2651606409742326,200,0.416535298573883,0.5215376812321921,200,0.4672863654443545,0.34413391131304016,200,0.6229994264373016,0.31529601553119024,200,0.6113905511329036,0.3073844915886436,200,0.6078605283044048,0.30773734662731095,200,0.81179883003152,0.5215376812321921,200,0.660894142014275,0.4245894248858192,200,0.8113961728373411,0.5215376812321921,200,0.06792126538468851,0.897099868280194,0.03674938991798367,0.07228143488454385,0.04769452677583732,0.04369779832998791,0.0426013170530462,0.042650220266407225,0.07228143488454385,0.058845092065144364,0.07228143488454385,0.325,0.46,8.629875,10.41025,0.14983716777329092,0.22348881025674835,0.3446175526086291,0.48996324357910226,0.4189865560736188,0.5162983992385999,0.5783758545873128,0.666074075181676,0.569457915447167,0.6524069082426238,0.5631508918866825,0.6502724812497106,0.7350709871039118,0.8831470317660316,0.5999510098418739,0.7191037203356944,0.7368387155951223,0.8815002983908228
E,24,buyer,SmartAspirationNegotiator,0.415,0.49395847484821215,200,12.465,6.715224957598651,200,0.28808994336976645,0.35231317038927923,200,0.474403027962222,0.5647552512580627,200,0.44366367957152425,0.35773022851905417,200,0.5934788337786078,0.34891653338241785,200,0.5817856888928273,0.357584048403153,200,0.5798000176499384,0.3487904288220371,200,0.753931100643181,0.5647552512580627,200,0.6137834023216154,0.4597733125751877,200,0.7535284434490022,0.5647552512580627,200,0.06845915188918815,0.9306826965233858,0.04882811424918382,0.07827108450355656,0.04957888020256235,0.04835736437727076,0.04955862067212159,0.048339887176873146,0.07827108450355656,0.06372133011758141,0.07827108450355656,0.345,0.48,11.53,13.365,0.24004962959096027,0.3362727209809653,0.3992427788360559,0.5527314891778901,0.3945257960026954,0.49108550220174,0.5459317570892038,0.6420368070196427,0.5320192505979706,0.630242762986313,0.5310404339476088,0.627851945301915,0.6774582237391166,0.8320104791494308,0.5483839889009596,0.6792624390082439,0.6725302614015358,0.8350870340967108
E,24,seller,BoulwareTBNegotiator,0.285,0.4525472295516508,200,11.565,7.333119952735399,200,0.18993346616380843,0.3086354783252595,200,0.28939113814273765,0.46139386075540384,200,0.5510869644510629,0.30769003549722973,200,0.7103092233218559,0.27308246206503595,200,0.6874383584986161,0.2857917301200663,200,0.6883540098254479,0.27738055852073706,200,0.9389429904626654,0.46139386075540384,200,0.7644035678864515,0.3756256950047055,200,0.9385403332684865,0.46139386075540384,200,0.06271984610533886,1.0163185737833806,0.042774694969154765,0.06394592663664558,0.04264366327830965,0.037847298306863786,0.03960871299348717,0.03844298408426773,0.06394592663664558,0.05205906532064448,0.06394592663664558,0.225,0.35,10.514500000000002,12.55525,0.14852202277884516,0.23367250270800216,0.22907854048083973,0.3562977574630653,0.5086985689553191,0.592200418064485,0.6719454593402785,0.7463245657602025,0.6492879057303752,0.7248795120395983,0.6482472851091933,0.7247657666586759,0.8753504013510487,1.0005952038321577,0.7124298088025549,0.8153124964493195,0.8735926453552355,1.0016498640241307
E,24,seller,ConcederTBNegotiator,0.555,0.4982128866278047,200,7.705,5.58965079230353,200,0.18278169153284785,0.20752260010355003,200,0.6187846970168436,0.5560703639495044,200,0.3464210295954661,0.3578042308923586,200,0.5587735989261329,0.3167385456357991,200,0.5756692456536318,0.2949630591716152,200,0.5610035455435566,0.30204837123311795,200,0.6095494315885595,0.5560703639495044,200,0.4962407356381242,0.4527028525868955,200,0.6091467743943807,0.5560703639495044,200,0.06904878327937287,0.7746860760217065,0.028761165005406132,0.07706742053245093,0.049589136408239885,0.043897722802518704,0.04087979435059648,0.04186176850287672,0.07706742053245093,0.06274141435763081,0.07706742053245093,0.485,0.625,6.954875,8.46,0.15377263356183338,0.21075252219771182,0.5402939768034924,0.6937141756963625,0.2992113394778779,0.39685361785160306,0.5147524297001804,0.5996607780969754,0.5364988389181776,0.6156401332735677,0.5188637003655764,0.603948203700144,0.5362169923620802,0.6883988733975533,0.4327626670765464,0.5591479101735952,0.5319025981211724,0.6868299899300295
E,24,seller,GeniusBOABaselineNegotiator,0.285,0.4525472295516508,200,11.565,7.333119952735399,200,0.1898025332669181,0.3084991875150251,200,0.2966252018409421,0.47194011188973906,200,0.5480695700683699,0.31159062330468035,200,0.703711424549944,0.2852318267962954,200,0.681910559962322,0.29558023131980393,200,0.6822006646689267,0.2886208240440558,200,0.931708926764461,0.471940111889739,200,0.7585142389736274,0.38421151126490244,200,0.9313062695702822,0.471940111889739,200,0.06271984610533886,1.0163185737833806,0.042755806026553246,0.0654075624725098,0.04318425716780498,0.0395311143518259,0.04096533004638066,0.040000805407147434,0.06540756247250978,0.05324899874496744,0.06540756247250978,0.225,0.345,10.554875,12.6,0.14941861761426983,0.23398348217462459,0.23232712905168637,0.36472207440695964,0.5036163026082444,0.5928576748163951,0.6653701306159846,0.7423283943814566,0.6402784246152277,0.7205718600009762,0.6418583433949429,0.7207384236654373,0.8691003235025627,0.9946379577833799,0.7055071951946618,0.8123437020322598,0.8645296682856832,0.9960935970670787
E,24,seller,LinearTBNegotiator,0.44,0.497632586307181,200,10.0,6.2734985390608005,200,0.22089043857776514,0.2641994814667258,200,0.4537744424781569,0.5141866390723516,200,0.4472143301311822,0.3360198887045498,200,0.6033216605687884,0.30637854393400527,200,0.5962545703679596,0.29641461270601377,200,0.5904243726201448,0.29847778776019523,200,0.7745596861272461,0.5141866390723516,200,0.6305773552076156,0.41860486255163876,200,0.7741570289330673,0.5141866390723516,200,0.06896835775817267,0.869462538311823,0.03661618000649391,0.07126263241958161,0.046569980615641084,0.04246189982105596,0.04108096940669247,0.04136691088072345,0.07126263241958161,0.05801567404179358,0.07126263241958161,0.37,0.515,9.11,10.86,0.18540800896605708,0.25760184855744517,0.3859668467443487,0.5276923254535871,0.3990799464460251,0.4941653919233147,0.5631492114720461,0.6455554420600953,0.5547710045427098,0.6351190993092013,0.5488223341114786,0.6338025480698753,0.7046398774708978,0.8472993846870136,0.5726099168943737,0.6903895605897903,0.703394527679755,0.8441954521575179
E,24,seller,SmartAspirationNegotiator,0.295,0.45718716134917076,200,11.485,7.222923794468797,200,0.2057180356902836,0.3246252264881877,200,0.32646137975659867,0.5075690410401758,200,0.5278618312168336,0.33438032297924386,200,0.6870168058441373,0.3113923212104032,200,0.6658125138315536,0.3191766137523369,200,0.6645220935668361,0.31653842442734353,200,0.9018727488488044,0.5075690410401758,200,0.7342242862475468,0.41321740495515435,200,0.9014700916546254,0.5075690410401758,200,0.06336290784403967,1.0010461654322609,0.04499076100282721,0.07034548012461281,0.04634274839929837,0.043156773899709955,0.04423562180416563,0.0438699874180613,0.07034548012461281,0.057269010513027074,0.07034548012461281,0.23,0.36,10.514875,12.48,0.16138473398325384,0.2504735861065647,0.25825472324349613,0.39565549706809666,0.4808645750492773,0.5755483806486272,0.6429258793162155,0.7286673473280214,0.6213628884855886,0.7070552543878844,0.6188105863911144,0.704839822061181,0.8312296612027772,0.9715728804961515,0.6741744580998038,0.7868981174230641,0.8338417485527937,0.9716055331682428
E,36,buyer,BoulwareTBNegotiator,0.12,0.3257769992899002,200,12.63,9.314337572909334,200,0.08483036026123267,0.23695664749946563,200,0.12903610517928102,0.3492028566098798,200,0.6624586715323733,0.22277904151453193,200,0.7994308753603425,0.1950934695314111,200,0.7897533764006271,0.18663748770564337,200,0.7837890036224328,0.18821082510420103,200,1.099298023426122,0.3492028566098798,200,0.894950321598747,0.28428979418356587,200,1.0988953662319432,0.3492028566098798,200,0.04515038856908873,1.2909013269727083,0.03284051584964409,0.04839704675203768,0.03087559990838832,0.02703857539309089,0.025866636103335137,0.026084689541883584,0.04839704675203768,0.03940055529270816,0.04839704675203768,0.08,0.165,11.39,13.92,0.05118720602304565,0.1195161990700159,0.08422497403456312,0.17602915858732807,0.630564941149307,0.6904022759017617,0.7715266340758051,0.8248803282289254,0.7629170847586693,0.8143359427930992,0.7569664550621358,0.8091842555383071,1.0458674328176993,1.1457523788849637,0.8531264837382955,0.9326157095869625,1.0487910009372443,1.1467799523582933
E,36,buyer,ConcederTBNegotiator,0.345,0.47656117420937605,200,9.65,7.610987825400324,200,0.1068596582123209,0.17165641983030308,200,0.33152600070937566,0.45616238424276906,200,0.5202586841347827,0.3114879997059657,200,0.6959012083832014,0.25603464919882646,200,0.6745247741268561,0.262326046809509,200,0.6742139258771238,0.2587348234104188,200,0.8968081278960274,0.45616238424276884,200,0.7301011239622759,0.37136669381699566,200,0.8964054707018485,0.45616238424276884,200,0.06604800903499998,1.0548290961622895,0.023790366025257602,0.06322088098317595,0.04317003426266304,0.035484591986772965,0.036356535209849244,0.03585881703987176,0.06322088098317592,0.05146879787094588,0.06322088098317592,0.28,0.415,8.595,10.710125,0.0829482296588636,0.1311418479000835,0.2732897345575396,0.3955311348837652,0.4789540261030005,0.5635668529256106,0.6610871339105958,0.7320547897415736,0.6371996300940471,0.7086858872311814,0.6390993852996468,0.709662944926093,0.8330339482396735,0.9608564215808548,0.6783646914147254,0.7775520247480917,0.8337792666828544,0.9566916396242193
E,36,buyer,GeniusBOABaselineNegotiator,0.105,0.3073226906378775,200,12.63,9.259144603794125,200,0.07298213703190952,0.2172996108032829,200,0.11310231698557699,0.3271830210621548,200,0.6716552662606733,0.2114179443151322,200,0.8064675131591802,0.18605980075080225,200,0.7950710943186666,0.18279847166238708,200,0.7896209202517361,0.18275783346825658,200,1.115231811619826,0.3271830210621547,200,0.9079221896130263,0.2663632096859705,200,1.1148291544256472,0.3271830210621547,200,0.042592751878257576,1.2832519717166122,0.03011618955624698,0.045345253244901525,0.02930103216959097,0.02578657277615359,0.025334575624990124,0.025328943458631733,0.04534525324490151,0.036916057438202546,0.04534525324490151,0.065,0.15,11.329875,13.925125,0.04524912764925325,0.10387871077270332,0.07064282574088909,0.1605203356355661,0.6411809572416519,0.7008760646914369,0.778867543906344,0.8307837971159648,0.7687321014230848,0.8196467712255692,0.7620305666968105,0.8142502565220996,1.067733179274407,1.1578115603922525,0.8692492893380644,0.9429610056917804,1.0701631612334552,1.1571593562532987
E,36,buyer,LinearTBNegotiator,0.185,0.3892719657470634,200,11.825,8.585624013343027,200,0.10455731009551687,0.2429257690219706,200,0.18210152762123305,0.38147963069500507,200,0.6197201664810548,0.26210484923138977,200,0.7715017300739934,0.20553390375691102,200,0.7613580273793136,0.19805317595922345,200,0.7556756858518537,0.19961988862464203,200,1.04623260098417,0.381479630695005,200,0.851749191542872,0.31056666245048525,200,1.0458299437899912,0.381479630695005,200,0.05395034195429093,1.1899067802683716,0.0336677938856769,0.05287037941479967,0.0363258787895851,0.028485545753609978,0.027448769776234686,0.027665905073612794,0.052870379414799655,0.04304234343372548,0.052870379414799655,0.135,0.24,10.66475,12.980125,0.07337839876656203,0.1391745600296789,0.13027619521107703,0.2360519549127658,0.580853551249245,0.6552796915196172,0.742894577490956,0.799188984701629,0.7329657709842554,0.788118449203679,0.7290186589060467,0.7813003962403438,0.9922986334703051,1.0973970232954253,0.8069468954503709,0.8937763366755102,0.9907988604263716,1.097408637641733
E,36,buyer,SmartAspirationNegotiator,0.255,0.4369549727846178,200,15.415,9.83444745697081,200,0.176265814642342,0.3075954357659852,200,0.28531311177937085,0.4881369854351663,200,0.5620043511447061,0.31142271623072354,200,0.7065884990142686,0.29230369132357814,200,0.6959970016008735,0.29425435931352956,200,0.6912517119045968,0.2907505658495922,200,0.9430210168260322,0.4881369854351663,200,0.7677235329256032,0.39739755988818454,200,0.9426183596318534,0.4881369854351663,200,0.060558869568520565,1.3629848792651842,0.0426305524244632,0.06765233461963635,0.043160986434606585,0.040511224770949254,0.04078157356140273,0.0402959725622302,0.06765233461963635,0.05507649184708879,0.06765233461963635,0.2,0.32,14.015,16.755249999999997,0.13548472646275203,0.22001351034279568,0.22098026857552397,0.35263509414471444,0.5191261159585143,0.6037562595832627,0.6671453435282299,0.7471371820275607,0.6552193976979211,0.735901880103454,0.6504873410516464,0.7312303872030912,0.8754011336804368,1.0120711055598781,0.7070100065503192,0.8203903250929551,0.8718945177524187,1.0086073299106022
E,36,seller,BoulwareTBNegotiator,0.125,0.33154882463308155,200,13.36,9.698489754471458,200,0.08113285419483385,0.21990690698648213,200,0.13056166118352774,0.3446644793496509,200,0.6594655239785933,0.22385900993169008,200,0.7941396412539463,0.2114355690275999,200,0.778354427214754,0.21402246625684834,200,0.7743484903201822,0.21352912307940147,200,1.0977724674218754,0.344664479349651,200,0.8937083500791745,0.28059505253751105,200,1.0973698102276963,0.344664479349651,200,0.04595032274972635,1.3441421030403842,0.030477542371340573,0.0477680597541247,0.031025275894671328,0.02930347483011664,0.029662000494431354,0.029593626618411292,0.04776805975412472,0.03888849022566725,0.04776805975412472,0.08,0.17,12.02,14.770124999999998,0.051941998347525664,0.11345452829368184,0.08598028713749513,0.18030271155944438,0.6260673236104284,0.6871717520210624,0.7633731535011412,0.8219021341533093,0.7480633168543137,0.8073369344879112,0.7417672464304013,0.8013897609398948,1.0504536397887239,1.1424080951842621,0.8512087606929097,0.9313856784257203,1.0510453674058537,1.1415056798021914
E,36,seller,ConcederTBNegotiator,0.395,0.4900774218396363,200,9.87,7.441773982055624,200,0.12022312357187474,0.17252816057019832,200,0.4000592363403889,0.4953358890155209,200,0.48283101910966103,0.32696242708116624,200,0.6646134268810486,0.26502306069102316,200,0.6649447300510631,0.25462714115090573,200,0.6554220309154499,0.2579689225662505,200,0.8282748922650142,0.49533588901552084,200,0.6743074811455425,0.4032582645716305,200,0.8278722350708353,0.49533588901552084,200,0.0679212653846885,1.031377253966753,0.023911183127826436,0.06865005175323662,0.04531468047893172,0.036730322263545535,0.03528952132366213,0.035752668598468686,0.0686500517532366,0.05588874407583128,0.0686500517532366,0.33,0.46,8.834875,10.865,0.09636181479636616,0.14462670485542822,0.33183245072659806,0.47029923565049303,0.4376344622799684,0.5279516114208728,0.6270035534018895,0.6996935372958512,0.6278520400953964,0.698975407958689,0.6191769806207871,0.6916493196328145,0.7634880412473797,0.8975324944370588,0.6200938640544575,0.7256430394164743,0.7584721835706827,0.8932969396609255
E,36,seller,GeniusBOABaselineNegotiator,0.13,0.3371473590413289,200,13.345,9.673357443054892,200,0.08745712659218671,0.2311949919647947,200,0.13764406921619568,0.35679105870764755,200,0.6538665811233981,0.235054980478154,200,0.793061171143926,0.2065284323739169,200,0.7752415596934701,0.21594149388799033,200,0.7730381371943433,0.2093491763436273,200,1.0906900593892075,0.3567910587076476,200,0.8879424856716546,0.290467430969074,200,1.0902874021950284,0.3567910587076476,200,0.04672624003210283,1.3406589423857933,0.03204199113255644,0.04944871790746541,0.03257695824696375,0.02862338038772709,0.029927964154879267,0.02901431555676585,0.04944871790746542,0.04025673206980525,0.04944871790746542,0.085,0.18,11.979875,14.65025,0.05705923705495862,0.12156133723918182,0.09037736796566107,0.19131337203088752,0.6210482555748041,0.6840654661531654,0.7650676728143516,0.8196912797794524,0.7449366648359312,0.8041747690593505,0.7426524217836326,0.7997449403205941,1.04041955510376,1.1364768054841694,0.8493898917309807,0.9258959277152962,1.038225145845279,1.1375930575987316
E,36,seller,LinearTBNegotiator,0.23,0.4218885513364207,200,12.255,8.587707411932758,200,0.11447812645777493,0.22253666816852785,200,0.2281689293169131,0.417688233812734,200,0.5902556147697713,0.28261177027796297,200,0.7383683496648459,0.2418603053021805,200,0.7271954035014053,0.23493276235293772,200,0.7222083855603592,0.23587574775261053,200,1.00016519928849,0.417688233812734,200,0.8142452252987824,0.3400444749401852,200,0.999762542094311,0.417688233812734,200,0.05847077008877058,1.1901955245814313,0.030842008676426804,0.057888635779960014,0.03916799304450975,0.033520128147888024,0.03256001967899938,0.032690710787650415,0.057888635779960014,0.0471277598105039,0.057888635779960014,0.175,0.29,11.084875,13.435125,0.08494187777224319,0.14542027206527666,0.1719354280222208,0.2851004160588634,0.5505492073027288,0.6277082730389661,0.7050348759139915,0.7700509390301143,0.6932411748870241,0.7586298789113194,0.6897308088663285,0.7543519690106528,0.9405716855339339,1.058401451084756,0.7636726436644046,0.8609437150231272,0.939697048881125,1.0536883829684844
E,36,seller,SmartAspirationNegotiator,0.13,0.3371473590413289,200,13.32,9.598345753619746,200,0.09229255121484538,0.23965861824582396,200,0.14464516621781207,0.37387564204873586,200,0.6496784005721666,0.24365603117891133,200,0.7897072370472192,0.21889968161359005,200,0.7709681533656447,0.2305249632209665,200,0.7695342035174086,0.2219549583505557,200,1.083688962387591,0.3738756420487358,200,0.8822428174473701,0.3043761736663769,200,1.083286305193412,0.3738756420487358,200,0.04672624003210283,1.3302628526292946,0.03321498988975835,0.05181652035537455,0.033769003057027375,0.03033794805663496,0.03194912988635967,0.030761387808860507,0.05181652035537454,0.04218438546049744,0.05181652035537454,0.085,0.175,11.899750000000001,14.625,0.06120010061117834,0.1267126947982637,0.09280753826067985,0.19982745047171072,0.6143210652982735,0.6823987442123577,0.7572522509402664,0.8181531713421173,0.7363907770263721,0.8010192753499664,0.7384682242535829,0.7991672110994168,1.030749000527802,1.1330332950090896,0.836968346481269,0.9213794059801711,1.0312744092793553,1.1335323966290087
F,12,buyer,BoulwareTBNegotiator,0.625,0.4853377832181371,200,7.3,4.042487914974337,200,0.4510817043921637,0.37132709739688413,200,0.7756925355025909,0.6104102047842361,200,0.40500318972467214,0.4072238710830279,200,0.5930365011676014,0.38972175602792014,200,0.5930365011676014,0.38972175602792014,200,0.5974825746679081,0.38743411754582485,200,0.7366267727886268,0.6104102047842361,200,0.48708415527733195,0.4036252142240675,200,0.7366267727886268,0.6104102047842361,200,0.06726438498519989,0.5602602410384321,0.051463310087100256,0.0845985382412469,0.0564383490979537,0.05401267970680123,0.05401267970680123,0.05369562918881702,0.0845985382412469,0.055939600702999366,0.0845985382412469,0.555,0.69,6.74,7.85,0.39681075736776084,0.5008903899149036,0.6924308219039941,0.8624398967994293,0.3475327275725035,0.46231633967585606,0.5422407886430561,0.6484136107880503,0.5394640097059014,0.6507872719520018,0.5444667791252327,0.6516237962473572,0.653385152211739,0.8191734928833325,0.4310940079497246,0.5441336035906932,0.651443530116899,0.8230614079876342
F,12,buyer,ConcederTBNegotiator,0.695,0.4615627812172741,200,5.18,3.3426736808554036,200,0.2401772156836304,0.16941683616872902,200,0.7591317551145664,0.519890687704905,200,0.37995130777937935,0.3875303508168524,200,0.6507938173706204,0.282523838071098,200,0.6507938173706204,0.282523838071098,200,0.6389336746804974,0.29013764533847136,200,0.7531875531766512,0.519890687704905,200,0.4980347397850023,0.34377044904117093,200,0.7531875531766512,0.519890687704905,200,0.06396933781824324,0.463270936497224,0.023479975565607412,0.07205317322736769,0.053708966439726814,0.039155806262397,0.039155806262397,0.04021102611328079,0.07205317322736769,0.047644153474957054,0.07205317322736769,0.63,0.755,4.72475,5.625,0.2164670510071021,0.2633895895784035,0.6845940748479317,0.8332005295193109,0.327374510230262,0.43197423036321747,0.6131477943086991,0.6909400299289901,0.6129724430056172,0.6887730590598562,0.598818225868825,0.6800405739599813,0.6852683689883561,0.8293796499462854,0.4537952139946594,0.545263506455778,0.6824335849598977,0.822774369030182
F,12,buyer,GeniusBOABaselineNegotiator,0.61,0.4889739025622274,200,7.54,4.184008801166796,200,0.4025248086928686,0.3456328380523703,200,0.7091486630412152,0.5863389464059872,200,0.45504994303337254,0.3926105958006431,200,0.6179445969510807,0.3728309568061253,200,0.6179445969510807,0.3728309568061253,200,0.6190352592183747,0.37423259330741143,200,0.8031706452500025,0.5863389464059872,200,0.5310853606421991,0.38770843114374876,200,0.8031706452500025,0.5863389464059872,200,0.06776832541570021,0.5798740351864509,0.04790226742316623,0.08126243203518003,0.05441305247263978,0.05167173436760048,0.05167173436760048,0.05186599127586481,0.08126243203518003,0.053733647113848704,0.08126243203518003,0.545,0.675,6.974875,8.140125,0.35505431533179194,0.4498491315239181,0.6275476127065479,0.7872292854973109,0.402046935020732,0.5088293875761749,0.5646578528828256,0.6700577966549291,0.5678562651636861,0.6701470704337074,0.5684713868542717,0.6698236227364968,0.7214475938897377,0.8858013423748687,0.4778239245430794,0.5880646176008673,0.7210661866815226,0.8831008669506603
F,12,buyer,LinearTBNegotiator,0.665,0.47317488559919263,200,6.125,3.672439113889586,200,0.3702651246191136,0.27297826739573655,200,0.8539003563998324,0.6082965735099561,200,0.3811705436644649,0.3896481011544502,200,0.5241077180767969,0.3896339406921143,200,0.5241077180767969,0.3896339406921143,200,0.5161791782643358,0.3938106938206343,200,0.6584189518913851,0.6082965735099561,200,0.4353703270742065,0.4022276050930512,200,0.6584189518913851,0.6082965735099561,200,0.06557869337769416,0.5089740937815042,0.037832857662447664,0.0843056038918805,0.054002471662143614,0.0540005091221909,0.0540005091221909,0.05457937757245255,0.0843056038918805,0.055745901959777355,0.0843056038918805,0.6,0.73,5.625,6.630125,0.3330899755299736,0.4070670149033917,0.761912247119451,0.939813169992242,0.3294270345868674,0.43809446084853115,0.47202681859384443,0.5788173679243108,0.46888082765957967,0.5746533584229557,0.45829461699915636,0.5758112810124376,0.5791327701231631,0.7476670602743205,0.3811568669929858,0.4927474153789414,0.5789127298432389,0.7436339524019869
F,12,buyer,SmartAspirationNegotiator,0.715,0.4525472295516505,200,7.7,3.1463466890088867,200,0.5472384747267871,0.352712047004027,200,0.9624352339860464,0.6272783004052014,200,0.2785530747646301,0.40993872985525387,200,0.4733829757842821,0.4119251434111993,200,0.4733829757842821,0.4119251434111993,200,0.4694420760466479,0.4210408505115785,200,0.5498840743051713,0.6272783004052015,200,0.36360315661544385,0.4147790066331749,200,0.5498840743051713,0.6272783004052015,200,0.06271984610533882,0.43606140363335694,0.048883395727576204,0.08693633702190726,0.056814609327323434,0.05708991220047082,0.05708991220047082,0.05835328474844457,0.08693633702190727,0.05748543746369104,0.08693633702190727,0.65,0.78,7.274875000000001,8.140125,0.4978250247850526,0.5943465470773014,0.8762857924223695,1.051041233764216,0.22258831174157617,0.33649082147774295,0.41456487964584293,0.5330909524444813,0.41759796813334854,0.5308385899776988,0.41338255781780325,0.5261578782685912,0.46614535285678305,0.6383022049024941,0.30433859327596,0.42262849278118153,0.4636069955582212,0.634426351776787
F,12,seller,BoulwareTBNegotiator,0.63,0.4840158641862059,200,7.715,4.0092575034092315,200,0.4624762106289115,0.36670846666731444,200,0.7842420015881376,0.618488431367801,200,0.4204338026050571,0.39961303565523965,200,0.5725696095620556,0.3965442219728708,200,0.5725696095620556,0.3965442219728708,200,0.5611359269713361,0.40525650634590127,200,0.7280773067030799,0.618488431367801,200,0.4814309403519688,0.40896682861679295,200,0.7280773067030799,0.618488431367801,200,0.0670811763545149,0.5556547409640081,0.050823200525799896,0.08571812332549811,0.05538354112302286,0.054958225245882654,0.054958225245882654,0.05616568625640255,0.08571812332549811,0.05667991068787701,0.08571812332549811,0.565,0.695,7.14,8.265374999999999,0.41298593504197867,0.5108760200788276,0.7014953167948841,0.8665057217473526,0.36459090215821605,0.4756003090172383,0.5191835960708293,0.6305062133511555,0.51884292204296,0.629161370958804,0.5059656288453338,0.6220925028190377,0.6417619152323235,0.8115866485716206,0.42425672740013926,0.5351770296481408,0.6417038011251301,0.8134036433521298
F,12,seller,ConcederTBNegotiator,0.72,0.4501256106095644,200,4.935,2.943483561596181,200,0.2539653226633836,0.20109894645426327,200,0.791310353037852,0.51608818741449,200,0.3666785712915414,0.3752225513427244,200,0.6088990681740589,0.31386833778641826,200,0.6088990681740589,0.31386833778641826,200,0.6192778195228078,0.3080349841961263,200,0.7210089552533655,0.51608818741449,200,0.4767570917731916,0.3412560988840527,200,0.7210089552533655,0.51608818741449,200,0.06238422684296063,0.4079460085962949,0.027870892030546875,0.0715261735741677,0.052003192459677355,0.04349993228951114,0.04349993228951114,0.04269147072888329,0.0715261735741677,0.04729568232186742,0.0715261735741677,0.655,0.78,4.55,5.355125,0.2260403342588318,0.28061613215391057,0.7192335949415698,0.861584034388625,0.31785038232920687,0.41923451482030366,0.5656131020713996,0.6531506594948093,0.5658933025236914,0.6526474225970366,0.5769299343999899,0.6611018049342481,0.6519880040701405,0.7935273230160982,0.4295736030077657,0.5250129830999828,0.650218966394153,0.7926301961688715
F,12,seller,GeniusBOABaselineNegotiator,0.625,0.48533778321813703,200,7.835,4.090407334337745,200,0.4451712599603297,0.35763371532616434,200,0.7786542073665715,0.6133645843226924,200,0.43095348108537396,0.3926073338804121,200,0.5668910041752775,0.40024199789317205,200,0.5668910041752775,0.40024199789317205,200,0.5573713794294256,0.40736477827090356,200,0.7336651009246461,0.6133645843226924,200,0.48512579116219867,0.4055787563908959,200,0.7336651009246461,0.6133645843226924,200,0.06726438498519989,0.5669015337293801,0.04956550415646174,0.08500799435519175,0.054412600393560426,0.05547071084187911,0.05547071084187911,0.0564578778378544,0.08500799435519175,0.05621034783404502,0.08500799435519175,0.56,0.695,7.255,8.390125,0.39532004585812724,0.49586685646865697,0.6921606102499339,0.8620627672895751,0.3760600251716764,0.48661729172618495,0.5110352145120792,0.6216874897125275,0.5108795735651889,0.6251895696380547,0.5021505822935648,0.6151393093496688,0.6476523256654054,0.8172870044551095,0.42750705881653867,0.5422156160941387,0.6502215827166044,0.8212868337137645
F,12,seller,LinearTBNegotiator,0.69,0.4636538303215656,200,6.005,3.3677415900103473,200,0.3705141111795082,0.29836447907750985,200,0.8185240742587137,0.5535927443260313,200,0.34997077632286183,0.38778543623139483,200,0.578832544741126,0.3323999534766551,200,0.578832544741126,0.3323999534766551,200,0.5807838544555796,0.33170252294568786,200,0.693795234032504,0.5535927443260313,200,0.45876239907062294,0.36605546281858986,200,0.693795234032504,0.5535927443260313,200,0.0642591424385252,0.46674517145373534,0.041351207098496205,0.07672403997160705,0.053744319474502145,0.0460682831892094,0.0460682831892094,0.04597162424907012,0.07672403997160705,0.050732698809683376,0.07672403997160705,0.63,0.755,5.56,6.455125,0.32675334424481034,0.41288687972367555,0.7412923914561659,0.8928574653577126,0.2972969376488318,0.40792756492798204,0.534126521783333,0.6245317872845619,0.5318117386680642,0.6233616169078087,0.5364259293228879,0.6282848867863965,0.6203756295469682,0.7695929997378078,0.40811641303557544,0.5104224405605556,0.6182148396812659,0.7725321695724696
F,12,seller,SmartAspirationNegotiator,0.645,0.4797141108417633,200,7.355,3.7347983336406294,200,0.5168943114975548,0.3885131856661239,200,0.8875779077929762,0.6706682689352176,200,0.3316914276616847,0.44043173410659753,200,0.5320733826978635,0.4284855837055723,200,0.5320733826978635,0.4284855837055723,200,0.5225037824986148,0.43309095335907655,200,0.6247414004982413,0.6706682689352176,200,0.4131015170362018,0.443470016720881,200,0.6247414004982413,0.6706682689352176,200,0.06648498375818884,0.5176166407039753,0.053845180400321255,0.09294987985458415,0.061040724103959006,0.0593850721282617,0.0593850721282617,0.060023343798186954,0.09294987985458415,0.06146180859094432,0.09294987985458415,0.575,0.715,6.839875,7.855125,0.4635262147968606,0.5703866395322491,0.795570369981799,0.9758499615085926,0.27351552017194825,0.3915898326561538,0.4726594747815067,0.5930684342452957,0.47590974872408043,0.5898104975855416,0.46419028486858344,0.5830475562859915,0.5344258559751474,0.7170052831478086,0.3510589999816631,0.4737748799017845,0.5308158788787536,0.7130776698270482
F,24,buyer,BoulwareTBNegotiator,0.315,0.46568153976984294,200,10.715,6.88263235548024,200,0.24223909105197577,0.3635080721875139,200,0.41114895861806455,0.6096412269807479,200,0.6530533834127151,0.4013137455233803,200,0.8103849233106802,0.39796932202854735,200,0.8103849233106802,0.39796932202854735,200,0.8110051585905681,0.39846591235290885,200,1.1011703496731533,0.6096412269807477,200,0.7281334990805446,0.40311673840201556,200,1.1011703496731533,0.6096412269807477,200,0.06454016863035117,0.9538841781509075,0.05037964848052866,0.0844919633550389,0.05561924748521912,0.05515573403687734,0.05515573403687734,0.055224557944499555,0.08449196335503888,0.05586912954943827,0.08449196335503888,0.255,0.38,9.775,11.655249999999999,0.19175604253674175,0.28958380195701555,0.32761400121296064,0.4988178335000833,0.5996262681081037,0.7068350578248942,0.753825760576666,0.8661150621356788,0.7566138851881685,0.867042104931969,0.755455540019906,0.8666864921115036,1.0138252369237961,1.1830154181088701,0.6725836590109109,0.7846042339129564,1.0201831879497738,1.1844281122940041
F,24,buyer,ConcederTBNegotiator,0.52,0.5008535428214358,200,7.355,5.617540279692692,200,0.17614829735909307,0.18842784948614028,200,0.5722950604656899,0.5536080762530626,200,0.5079978205248499,0.4142217028474332,200,0.7559265013398698,0.3102995479703134,200,0.7559265013398698,0.3102995479703134,200,0.7471397576365646,0.31707837813759654,200,0.9400242478255276,0.5536080762530626,200,0.6215778920971848,0.3660656008409951,200,0.9400242478255276,0.5536080762530626,200,0.06941475955602744,0.7785513617704183,0.026114767586665387,0.07672616486828325,0.05740819909961957,0.04300532325551008,0.04300532325551008,0.04394482118435046,0.07672616486828325,0.05073410386790393,0.07672616486828325,0.45,0.59,6.615,8.13525,0.1495856454546475,0.2020477974702019,0.49469178543291736,0.6504738485264014,0.44583249349821136,0.5665370680797008,0.7123464779569393,0.8005691556745748,0.7133309608521041,0.7969733896228806,0.7029283522553693,0.7914792669719133,0.8625376737196099,1.018948585980137,0.5696087986621391,0.6713076367212456,0.8655093196997041,1.0136899949491802
F,24,buyer,GeniusBOABaselineNegotiator,0.285,0.45254722955165066,200,10.955,7.243987283174508,200,0.21247231349340492,0.34911837101220206,200,0.33918503065424077,0.5481217189230073,200,0.6942043936525039,0.3731431822328345,200,0.8616529934492241,0.34582059300657586,200,0.8616529934492241,0.34582059300657586,200,0.8630803131701643,0.34485505691663526,200,1.1731342776369769,0.5481217189230075,200,0.7757186403726547,0.3624378237571634,200,1.1731342776369769,0.5481217189230075,200,0.06271984610533883,1.0039654160293146,0.048385337645587695,0.07596579453575271,0.05171500660403152,0.04792828893222497,0.04792828893222497,0.04779447245735622,0.07596579453575274,0.050231319615688254,0.07596579453575274,0.225,0.35,9.935,11.975124999999998,0.1655862576605788,0.2629024525521613,0.26742717546316086,0.41841334490600607,0.641154918992757,0.7450706217139529,0.8129012733784778,0.9073516936534166,0.8123523391131184,0.9070623869757702,0.8154958299188497,0.9092406944736964,1.0951539265018344,1.2500290768369928,0.7224462363800697,0.8242150008545829,1.0933725663137446,1.2491453084434476
F,24,buyer,LinearTBNegotiator,0.445,0.4982128866278049,200,9.01,6.34517186766054,200,0.25757532171730285,0.31099375642549554,200,0.5613359339569663,0.6344730683022289,200,0.5430968881428788,0.42722277428324507,200,0.7339739820950401,0.38022333857081964,200,0.7339739820950401,0.38022333857081964,200,0.7295208746439243,0.38513697297354255,200,0.9509833743342513,0.6344730683022289,200,0.6288244612897097,0.4195364463204041,200,0.9509833743342513,0.6344730683022289,200,0.0690487832793729,0.8793959548617082,0.04310153563872848,0.08793348097904136,0.05921005567151042,0.052696266209487766,0.052696266209487766,0.053377261193949394,0.08793348097904136,0.058144784965020485,0.08793348097904136,0.375,0.51,8.095,9.835125,0.21520969406965956,0.30153648223592,0.4746121137921183,0.6529704912517157,0.48565002410894575,0.5998892689318065,0.6796053458978024,0.7859036632218459,0.6800253931469958,0.7871029800576625,0.6753065273144371,0.7819113337859591,0.8666337941806951,1.0368856301839757,0.5689761951467436,0.6848861769452184,0.8625412321267202,1.0418311066526693
F,24,buyer,SmartAspirationNegotiator,0.455,0.49922049790412065,200,11.88,6.231352079903575,200,0.3659323778485615,0.405995507452532,200,0.6199266731018018,0.6855282570528061,200,0.5099455140274533,0.45403481186959854,200,0.6886343334038482,0.4406597919494761,200,0.6886343334038482,0.4406597919494761,200,0.6875724503136383,0.4456147056984931,200,0.8923926351894158,0.6855282570528061,200,0.5900821541435834,0.45329597611723305,200,0.8923926351894158,0.6855282570528061,200,0.06918843107756435,0.8636213370855,0.05626810658438793,0.09500936913437862,0.06292601449607929,0.06107233130841063,0.06107233130841063,0.061759047318387016,0.09500936913437862,0.06282361708502587,0.09500936913437862,0.39,0.53,10.99975,12.76,0.30992573254410316,0.42209196321669157,0.5271193495843336,0.7143361757552277,0.4467358895412247,0.5733080727018376,0.6283146293064028,0.747874793775047,0.6314076087195016,0.7483612176382664,0.6261775175416083,0.7490281342983317,0.7958342630490871,0.9835083017623236,0.5309213373691878,0.6468038666029063,0.7957935087048508,0.989510962180975
F,24,seller,BoulwareTBNegotiator,0.295,0.4571871613491705,200,11.365,7.148937792272984,200,0.22215270296843476,0.35181505806111574,200,0.36362638269718695,0.5685129975807801,200,0.672867503215762,0.3916863607576276,200,0.84964555776355,0.35762111673114,200,0.84964555776355,0.35762111673114,200,0.8445408603297051,0.36391429068457853,200,1.1486929255940306,0.5685129975807802,200,0.7595571380305581,0.37592127169436707,200,1.1486929255940306,0.5685129975807802,200,0.06336290784403963,0.9907922286746146,0.04875907940259656,0.07879188157328394,0.054284960030839775,0.04956375808027461,0.04956375808027461,0.05043594749189655,0.07879188157328394,0.05210003015984206,0.07879188157328394,0.23,0.36,10.359874999999999,12.385,0.17425313290841624,0.269471132677576,0.2860366656641314,0.44419078356827485,0.6189472288389615,0.7269510008039226,0.7992656045354077,0.8984167491556583,0.8010420443377865,0.8992206111240013,0.796156009326591,0.8951896706496644,1.066772278067678,1.2247637024057219,0.707166451240483,0.810228912445024,1.0709958322402315,1.2281455455590695
F,24,seller,ConcederTBNegotiator,0.585,0.49395847484821215,200,6.995,4.851045061732037,200,0.19579435766560654,0.19497567718973335,200,0.6498053753953944,0.550770406083457,200,0.4550643989469191,0.4096068046741773,200,0.712127185875516,0.3110578555057546,200,0.712127185875516,0.3110578555057546,200,0.7203292781930376,0.3051888758939871,200,0.8625139328958232,0.550770406083457,200,0.5703252799637829,0.36418923111269225,200,0.8625139328958232,0.550770406083457,200,0.06845915188918815,0.6723205443624785,0.02702225020743074,0.07633288384762225,0.056768606844231816,0.04311041931801501,0.04311041931801501,0.042297020242718225,0.07633288384762225,0.05047405229116029,0.07633288384762225,0.515,0.65,6.32,7.665125,0.16833016996682743,0.22117270217759313,0.5731807224351265,0.7228169715092742,0.39709819790391965,0.5122597695611968,0.6698139243454229,0.7567359475067599,0.6704066605606652,0.755114865535397,0.6769388842041042,0.7610507616018675,0.7846846992199557,0.9360670681034337,0.520448832629427,0.6207224356045528,0.7866950671524974,0.9361483071668774
F,24,seller,GeniusBOABaselineNegotiator,0.31,0.4636538303215659,200,11.31,7.093340354652009,200,0.2336581982490339,0.3569542615168766,200,0.379619025052858,0.5762607234684913,200,0.6663209361417686,0.39227907855340377,200,0.8383848205585687,0.36247560257020356,200,0.8383848205585687,0.36247560257020356,200,0.832644851667106,0.3696424318323503,200,1.1327002832383597,0.5762607234684913,200,0.7489822268540678,0.3810443471224429,200,1.1327002832383597,0.5762607234684913,200,0.06425914243852524,0.9830868169435705,0.04947133666283587,0.07986566159802307,0.05436710652629354,0.05023655549204589,0.05023655549204589,0.05122982735193644,0.07986566159802307,0.05281005218948369,0.07986566159802307,0.245,0.38,10.284875,12.28,0.18545489290508188,0.28312142571645976,0.30326429204062105,0.46038445841292464,0.6112381540860726,0.7176881994458342,0.7859396692554923,0.8866836542387562,0.7902982774469939,0.8881989044281984,0.7828972052586848,0.8815714861347822,1.0503192893533735,1.2116089591902512,0.6955118881939503,0.799949473181824,1.0546453482165545,1.2127505517478185
F,24,seller,LinearTBNegotiator,0.51,0.5011544461485623,200,9.025,5.980233352869591,200,0.34674316456345544,0.3591448345198412,200,0.6785899246413721,0.6694218711387526,200,0.47660036380476956,0.44018380755469166,200,0.6545267726053268,0.4114120373962206,200,0.6545267726053268,0.4114120373962206,200,0.6527979303683673,0.41223618433166137,200,0.8337293836498455,0.6694218711387526,200,0.5512918991901805,0.442645853602926,200,0.8337293836498455,0.6694218711387526,200,0.06945646262951362,0.8288180571508419,0.04977493459175163,0.09277713793313264,0.06100636323692559,0.057018799334909644,0.057018799334909644,0.05713302027271152,0.09277713793313264,0.0613475854103604,0.09277713793313264,0.44,0.58,8.239875,9.895124999999998,0.29529420751256796,0.3945765767137751,0.5876671117507454,0.7695425909580466,0.4156888446866881,0.5391229231163789,0.5977832193071304,0.7092465375190454,0.597855900239616,0.7123678999798422,0.5967381784355689,0.7089845716624651,0.7415599366205192,0.9231023350978483,0.4900079932515672,0.6127488585378104,0.7416006688938532,0.9273361961493982
F,24,seller,SmartAspirationNegotiator,0.32,0.4676467334823194,200,11.22,6.9028870225602805,200,0.2511758318798947,0.36728689345890286,200,0.4322509490099518,0.639739099835472,200,0.6374447976511818,0.4192518665178423,200,0.7958883967957007,0.42122741175731804,200,0.7958883967957007,0.42122741175731804,200,0.7880056337966436,0.4315696604748156,200,1.0800683592812659,0.6397390998354718,200,0.7141801029450879,0.42301853605130424,200,1.0800683592812659,0.6397390998354718,200,0.06481253058323688,0.9566913317897301,0.050903366389123315,0.08866331571403262,0.05810534421661717,0.058379140817950495,0.058379140817950495,0.05981250336131914,0.0886633157140326,0.058627377980258716,0.0886633157140326,0.255,0.385,10.26,12.240124999999999,0.20024355570944904,0.3007337506091617,0.35087823657279166,0.5224238708064018,0.580081776899129,0.6955524177067303,0.738168483447401,0.8557121514397559,0.737508507608612,0.8511645395764457,0.7277728037108885,0.8449409734054607,0.9862924458591872,1.1695728302082173,0.6571628581719707,0.771558566846778,0.9883137809494714,1.1672982665604286
F,36,buyer,BoulwareTBNegotiator,0.14,0.34785776565376275,200,12.395,8.972261833677186,200,0.11438654303559702,0.2873039689809593,200,0.17544964792257078,0.4356169861978387,200,0.8014808307987757,0.3048154688676832,200,0.9673982245437817,0.2637844396131648,200,0.9673982245437817,0.2637844396131648,200,0.9689934540996265,0.25887878390390834,200,1.3368696603686467,0.4356169861978386,200,0.8839863731417853,0.2880456420873486,200,1.3368696603686467,0.4356169861978386,200,0.0482106266565066,1.2434920482941794,0.03981829860673618,0.06037343408834552,0.042245268669191566,0.03655865814030458,0.03655865814030458,0.03587876894634096,0.060373434088345515,0.03992108925499469,0.060373434088345515,0.095,0.19,11.18,13.615124999999999,0.07536994739917409,0.1554676751731021,0.11780732505369504,0.2361464347168761,0.7582372077340838,0.8428895219761503,0.9264069346064031,1.0022296699807778,0.9307532303908359,1.0014452813427746,0.9327228726695632,1.003646680145375,1.2753414958364118,1.3923536210784038,0.8421171400772881,0.9222329506135791,1.275913958631157,1.3954035059948517
F,36,buyer,ConcederTBNegotiator,0.385,0.4878163836123208,200,9.2,7.5241654239279665,200,0.15795450410432965,0.20717995512579632,200,0.4280306920766972,0.5444285178874569,200,0.6320718961457622,0.3809933198858752,200,0.8140614836155183,0.32553024983741846,200,0.8140614836155183,0.32553024983741846,200,0.8085242739881106,0.3313012618229631,200,1.0842886162145204,0.5444285178874569,200,0.7169706888419399,0.3599957462042929,200,1.0842886162145204,0.5444285178874569,200,0.06760790147392937,1.0427961252296485,0.028713676834293534,0.07545394298643422,0.05280298017530326,0.045116190839712356,0.045116190839712356,0.0459160122947327,0.07545394298643422,0.049892864934515904,0.07545394298643422,0.32,0.455,8.17,10.26,0.1287390556649362,0.1866103277067434,0.35039006973217524,0.5078727138490899,0.5801649525670637,0.6844392302391313,0.7671467245068192,0.8577856935757827,0.769022298222184,0.8573615935589424,0.7634531247678622,0.8529378063109149,1.0109984215290162,1.1586876307432705,0.6659043401945852,0.7661303438854633,1.0053176754633382,1.161953984793269
F,36,buyer,GeniusBOABaselineNegotiator,0.145,0.3529844046834772,200,12.31,8.806912543151178,200,0.12095272781982994,0.2951720654614345,200,0.18912910046440434,0.46100298650477717,200,0.792343083328114,0.31991002727433704,200,0.9589129198848625,0.28112411367592505,200,0.9589129198848625,0.28112411367592505,200,0.9598147087003324,0.2789645618388948,200,1.3231902078268132,0.4610029865047772,200,0.8749410263907145,0.3048317798875876,200,1.3231902078268132,0.4610029865047772,200,0.04892114257613752,1.2205758057934957,0.040908761144505486,0.06389175422933656,0.04433726773243039,0.03896181435851967,0.03896181435851967,0.03866251574385523,0.06389175422933657,0.04224752926121693,0.06389175422933657,0.1,0.2,11.034875,13.535124999999999,0.08291414951769993,0.16122980287806704,0.12627796413738487,0.2553371914822301,0.7428279120803106,0.8332993611310867,0.9174513640069182,0.9955401921861449,0.9205744825825986,0.9956087106036943,0.9186334060142253,0.997354768224597,1.2531982093161513,1.3839352085305132,0.8328075642724482,0.9149543135462582,1.2560853907716585,1.3821422110816932
F,36,buyer,LinearTBNegotiator,0.285,0.45254722955165055,200,10.69,7.987043528215434,200,0.19395407902848175,0.3144593305046678,200,0.3608162438826249,0.5736979546355494,200,0.6848942899725182,0.37982640582795246,200,0.8365700276204358,0.37416578195445815,200,0.8365700276204358,0.37416578195445815,200,0.8362219264257448,0.3745670026691604,200,1.1515030644085928,0.5736979546355493,200,0.7614153030352339,0.37934975205981836,200,1.1515030644085928,0.5736979546355493,200,0.06271984610533882,1.1069477575249191,0.04358183970141754,0.07951047995882726,0.05264125413799312,0.05185673169476104,0.05185673169476104,0.05191233804883226,0.07951047995882725,0.05257519329609487,0.07951047995882725,0.2248750000000002,0.345,9.615,11.795124999999999,0.15152884379797718,0.2377162465906706,0.280268417487265,0.4418906921130636,0.631110838125824,0.734025384875855,0.7849882451137865,0.8877063061600033,0.7835760325079052,0.8880014657517507,0.7873511072305617,0.8863084174304086,1.0689738941028273,1.2299921977193797,0.7100635874009282,0.8150381032038558,1.070059687820972,1.226961287576381
F,36,buyer,SmartAspirationNegotiator,0.29,0.45490072913420804,200,14.73,9.051338777680439,200,0.23942360974691546,0.3769665741272486,200,0.39040521519816546,0.6176416962128807,200,0.6598196138852951,0.4140849100613183,200,0.8316075771347129,0.39414829402961493,200,0.8316075771347129,0.39414829402961493,200,0.8303546979381263,0.39922573527679356,200,1.1219140930930522,0.6176416962128807,200,0.7418500094141577,0.408406936833174,200,1.1219140930930522,0.6176416962128807,200,0.06304602450615066,1.2544515535888605,0.0522449016858236,0.08560077182019513,0.05738924058671044,0.054626166574284186,0.054626166574284186,0.05532986402912761,0.08560077182019513,0.0566023136455992,0.08560077182019513,0.23,0.355,13.435,16.005125,0.1868536612438556,0.2924603566117951,0.30953368502907536,0.47849355362109935,0.6003240949772791,0.7184796917894161,0.7748261356385401,0.8844642525254502,0.7751833605479522,0.8834764027911078,0.7751262973454874,0.8817512366010066,1.0362444199020955,1.2094416474218577,0.6837800798078976,0.7995097076853678,1.0350779411156448,1.2062802630760612
F,36,seller,BoulwareTBNegotiator,0.145,0.35298440468347714,200,13.075,9.21378555324062,200,0.11297981643924628,0.27452759342411814,200,0.20267430444495738,0.49233231153514634,200,0.7936856244049575,0.31695608389590935,200,0.9381545912675344,0.3250829802198184,200,0.9381545912675344,0.3250829802198184,200,0.9347593122980689,0.33147849834900556,200,1.3096450038462604,0.4923323115351463,200,0.8659844496239615,0.3255478580720078,200,1.3096450038462604,0.4923323115351463,200,0.04892114257613751,1.2769655280386372,0.03804758329487141,0.06823377715241498,0.043927872067181434,0.045054202433306115,0.045054202433306115,0.04594057602402266,0.06823377715241496,0.0451186312165206,0.06823377715241496,0.1,0.195,11.769250000000001,14.300125,0.0753610683629151,0.15397653337779146,0.14144856930521496,0.27195458570060205,0.7470679886196493,0.8371524897166456,0.8902556331729643,0.9786141446828965,0.8927807050442284,0.9808890801689387,0.8903819922611879,0.9782574827925344,1.2410539652111057,1.3735216897214513,0.8197296600446259,0.9108465148664442,1.2416888356311673,1.3754135066854971
F,36,seller,ConcederTBNegotiator,0.47,0.5003516351466935,200,8.975,6.65475799861276,200,0.16481752932526247,0.19486461339551137,200,0.5194771277799272,0.5543874944804769,200,0.5574631044696365,0.40229171317049583,200,0.7729534780771958,0.3224072445933383,200,0.7729534780771958,0.3224072445933383,200,0.7790680768246525,0.31632979154744956,200,0.9928421805112905,0.5543874944804769,200,0.6565030116775479,0.36658098024740843,200,0.9928421805112905,0.5543874944804769,200,0.06934519870124083,0.9223024035630019,0.027006857550871163,0.0768341867234243,0.055754786886010176,0.04468336439530139,0.04468336439530139,0.0438410723761276,0.0768341867234243,0.05080553180944305,0.0768341867234243,0.4,0.54,8.059750000000001,9.925125,0.13826694538490475,0.19256621134494373,0.4406962936476914,0.5973895916943315,0.5039945292530397,0.6136658987434207,0.7288967511842699,0.8204411966040723,0.7276159617164997,0.8179921760722377,0.7353103048600531,0.8216051208832226,0.9147316004242068,1.0691691393067186,0.6074416632828431,0.705390401377736,0.9153726522085522,1.0712682393016588
F,36,seller,GeniusBOABaselineNegotiator,0.15,0.3579674615346875,200,13.04,9.183139455069615,200,0.11915416281932903,0.28407315041124614,200,0.2016683680493059,0.4817462960312541,200,0.7902396619134145,0.3196522248980234,200,0.944074897582654,0.3066218586386585,200,0.944074897582654,0.3066218586386585,200,0.9402056624505437,0.31412166517523465,200,1.3106509402419118,0.4817462960312541,200,0.8666496110023401,0.3185480033152412,200,1.3106509402419118,0.4817462960312541,200,0.04961175902108118,1.2727181955272464,0.039370529997728373,0.06676663025609954,0.0443015381459649,0.04249562151867,0.04249562151867,0.04353504167435164,0.06676663025609954,0.0441485008424178,0.06676663025609954,0.105,0.2,11.745,14.320124999999999,0.0810752539242844,0.1575571762465373,0.1373048277141688,0.269719268800619,0.7460824438308449,0.8307462856080853,0.8990022473160973,0.9861925446404302,0.8992186631347492,0.9834584832673279,0.89343853800027,0.9807372551538049,1.240176269367936,1.377441310721782,0.8225705219499082,0.9076999435739035,1.2432645293888989,1.3734886917771854
F,36,seller,LinearTBNegotiator,0.34,0.4748975028266151,200,11.11,8.037468788282359,200,0.211711424027906,0.31667070964117916,200,0.4283505317195817,0.5986868259949619,200,0.6304276284331753,0.40981298960376883,200,0.8076157911649163,0.37195114637069476,200,0.8076157911649163,0.37195114637069476,200,0.8059088751364051,0.37426949121567915,200,1.083968776571636,0.5986868259949619,200,0.7167591993495219,0.3958732938954691,200,1.083968776571636,0.5986868259949619,200,0.06581743594498239,1.113936342018857,0.04388832121332507,0.08297376083574527,0.05679718261756277,0.05154979886229036,0.05154979886229036,0.05187110506504976,0.08297376083574527,0.05486523935841169,0.08297376083574527,0.275,0.41,10.044875,12.295124999999999,0.16947453623550832,0.25529599064669467,0.34629879617784853,0.5088726017610319,0.5734827287087068,0.6870553130282593,0.756200942762296,0.8567679252275165,0.7567303507424091,0.8602658895764641,0.755849660633026,0.8585420767752425,1.0009365728315542,1.1683824041038837,0.6624406852380478,0.7699108718195355,1.0035706410880993,1.1650525731454213
F,36,seller,SmartAspirationNegotiator,0.14,0.3478577656537627,200,13.125,9.280084852757104,200,0.10849650319756506,0.2691633288736577,200,0.19166056755069047,0.4789618793107736,200,0.7987936949092811,0.3115008353742571,200,0.9457514747070106,0.3191358715703521,200,0.9457514747070106,0.3191358715703521,200,0.9439671344422702,0.3208803637611579,200,1.3206587407405272,0.4789618793107736,200,0.8732671291704598,0.31670684668567556,200,1.3206587407405272,0.4789618793107736,200,0.04821062665650659,1.2861541421567377,0.0373041341582884,0.06638072978693815,0.043171813195528666,0.04422997522582592,0.04422997522582592,0.04447174950836369,0.06638072978693815,0.04389332955217128,0.06638072978693815,0.095,0.19,11.80475,14.325124999999998,0.07275137862932185,0.14855580429662113,0.12872676959346763,0.2584300498590245,0.7535803308503679,0.8391070184253893,0.901006294535377,0.9855367611839188,0.9021781106263864,0.9858401854516889,0.897200891108881,0.9854897179484501,1.249484749310475,1.3856404941584042,0.8290308574538892,0.9131755258662034,1.251149623092444,1.3834353794920018
