profile_id,n_steps,strategy_buyer,strategy_supplier_1,strategy_supplier_2,agreement_mean,agreement_std,agreement_count,rounds_mean,rounds_std,rounds_count,u_buyer_mean,u_buyer_std,u_buyer_count,u_supplier_avg_mean,u_supplier_avg_std,u_supplier_avg_count,u_supplier_min_mean,u_supplier_min_std,u_supplier_min_count,u_supplier_max_mean,u_supplier_max_std,u_supplier_max_count,welfare_mean,welfare_std,welfare_count,min_utility_mean,min_utility_std,min_utility_count,utility_range_mean,utility_range_std,utility_range_count,pareto_distance_mean,pareto_distance_std,pareto_distance_count,money_left_on_table_mean,money_left_on_table_std,money_left_on_table_count,welfare_regret_mean,welfare_regret_std,welfare_regret_count,nash_gap_mean,nash_gap_std,nash_gap_count,agreement_ci95,rounds_ci95,u_buyer_ci95,u_supplier_avg_ci95,u_supplier_min_ci95,u_supplier_max_ci95,welfare_ci95,min_utility_ci95,utility_range_ci95,pareto_distance_ci95,money_left_on_table_ci95,welfare_regret_ci95,nash_gap_ci95,agreement_boot_ci_low,agreement_boot_ci_high,rounds_boot_ci_low,rounds_boot_ci_high,u_buyer_boot_ci_low,u_buyer_boot_ci_high,u_supplier_avg_boot_ci_low,u_supplier_avg_boot_ci_high,u_supplier_min_boot_ci_low,u_supplier_min_boot_ci_high,u_supplier_max_boot_ci_low,u_supplier_max_boot_ci_high,welfare_boot_ci_low,welfare_boot_ci_high,min_utility_boot_ci_low,min_utility_boot_ci_high,utility_range_boot_ci_low,utility_range_boot_ci_high,pareto_distance_boot_ci_low,pareto_distance_boot_ci_high,money_left_on_table_boot_ci_low,money_left_on_table_boot_ci_high,welfare_regret_boot_ci_low,welfare_regret_boot_ci_high,nash_gap_boot_ci_low,nash_gap_boot_ci_high
M1,20,BoulwareTBNegotiator,BoulwareTBNegotiator,BoulwareTBNegotiator,0.45,0.5104177855340404,20,11.45,6.476475649773205,20,0.2583513506900536,0.2918127712699685,20,0.3649959802975732,0.41298801923428025,20,0.3397648098607493,0.38445573654471393,20,0.390227150734397,0.4415203019238465,20,0.9883433112852,1.1177888097385291,20,0.25820646691213583,0.2919472281010315,20,0.13208171075828812,0.14951643885273364,20,0.5664073456940091,0.5256443329079087,20,1.2720724404348995,1.1177888097385291,20,0.5627603857683683,0.49450584870855274,20,1.2720724404348995,1.1177888097385291,20,0.22370045761428853,2.8384406022729407,0.12789258587940044,0.18099997984056487,0.16849515560573117,0.19350480407539855,0.48989254556053025,0.1279515141838025,0.06552846852156699,0.23037378623244423,0.48989254556053025,0.21672674382477589,0.48989254556053025,0.25,0.65,8.75,14.201249999999998,0.14400863790050988,0.3734087054345313,0.20317245810107337,0.526819502494073,0.18912125963944765,0.4904083600820511,0.21722365656269904,0.5643119167446671,0.5503535541026565,1.4263330684677435,0.14381106911244013,0.37260186471183154,0.07349580599938657,0.19103377742193253,0.3604410381689148,0.7723736532191032,0.7245852439567205,1.710062197617443,0.36899525346947687,0.7565255180672598,0.8340826832523561,1.710062197617443
M1,20,BoulwareTBNegotiator,BoulwareTBNegotiator,ConcederTBNegotiator,0.45,0.5104177855340404,20,11.45,6.476475649773205,20,0.2814274691358024,0.3179871296606359,20,0.30147669225667884,0.3409405206997644,20,0.2738373448900716,0.30967673504203325,20,0.3291160396232859,0.3722043063574954,20,0.8843808536491599,0.9998681710601646,20,0.2738373448900716,0.30967673504203325,20,0.05533972166924126,0.062470936345380756,20,0.6035237098770903,0.4835446608781236,20,1.3760348980709396,0.9998681710601646,20,0.6087530123712082,0.4423381717718516,20,1.3760348980709396,0.9998681710601646,20,0.22370045761428853,2.8384406022729407,0.1393640042266794,0.14942377139149407,0.13572181319841878,0.1631257295845693,0.4382115470096675,0.13572181319841878,0.02737909501612139,0.21192279144859122,0.4382115470096675,0.19386325134046836,0.4382115470096675,0.25,0.65,8.69875,14.15,0.15682870370370366,0.4060262345679012,0.16788396474502096,0.43506941976833674,0.15249489021129334,0.4255154132385443,0.18327303927874844,0.4749590399678234,0.4925966331937454,1.2761650741045745,0.12215927654159883,0.39593818991059154,0.03086136761658275,0.07981807572189975,0.41286937580073224,0.7929938555430374,0.9842506776155251,1.7678191185263539,0.4354290474513566,0.7820769772910596,0.8863046225016717,1.7678191185263539
M1,20,BoulwareTBNegotiator,BoulwareTBNegotiator,GeniusBOABaselineNegotiator,0.45,0.5104177855340404,20,11.9,6.889351050333903,20,0.3505941358024692,0.3964402337334607,20,0.28369787737060925,0.32077469109183715,20,0.27265974732405157,0.30834103117114825,20,0.2947360074171668,0.3332083510125258,20,0.9179898905436875,1.037989615917135,20,0.27265974732405157,0.30834103117114825,20,0.07793438847841758,0.08809920256231243,20,0.5664073456940091,0.5256443329079087,20,1.342425861176412,1.037989615917135,20,0.5938844923350368,0.45920296526303184,20,1.342425861176412,1.037989615917135,20,0.22370045761428853,3.0193912248036114,0.17374759308220897,0.14058570688959743,0.1351364151664095,0.14603499861278524,0.4549190068614038,0.1351364151664095,0.03861117791579943,0.23037378623244423,0.4549190068614038,0.20125457297633229,0.4549190068614038,0.25,0.65,9.19875,14.75,0.19525462962962964,0.5059336419753089,0.1572212764138298,0.4101744783273886,0.15108555010389058,0.4236835948025132,0.16417302138646006,0.4252989934478736,0.5112683203573718,1.3247114607300028,0.15108555010389058,0.39347882530682093,0.043413960288347375,0.1124548166684878,0.3604410381689148,0.7723736532191032,0.8340238984435178,1.7491474313627275,0.41395229628799807,0.7738166883820756,0.9357042909900967,1.7491474313627275
M1,20,BoulwareTBNegotiator,BoulwareTBNegotiator,LinearTBNegotiator,0.45,0.5104177855340404,20,11.45,6.476475649773205,20,0.2814274691358024,0.3179871296606359,20,0.30147669225667884,0.3409405206997644,20,0.2738373448900716,0.30967673504203325,20,0.3291160396232859,0.3722043063574954,20,0.8843808536491599,0.9998681710601646,20,0.2738373448900716,0.30967673504203325,20,0.05533972166924126,0.062470936345380756,20,0.6035237098770903,0.4835446608781236,20,1.3760348980709396,0.9998681710601646,20,0.6087530123712082,0.4423381717718516,20,1.3760348980709396,0.9998681710601646,20,0.22370045761428853,2.8384406022729407,0.1393640042266794,0.14942377139149407,0.13572181319841878,0.1631257295845693,0.4382115470096675,0.13572181319841878,0.02737909501612139,0.21192279144859122,0.4382115470096675,0.19386325134046836,0.4382115470096675,0.25,0.65,8.5,14.2,0.15682870370370366,0.4060262345679013,0.16788396474502096,0.43506941976833674,0.15173649986955168,0.39517979956884985,0.18327303927874844,0.4749590399678233,0.394650578079892,1.2761650741045745,0.15249489021129334,0.39517979956884985,0.03086136761658275,0.07981807572189974,0.4140535642111434,0.8403613919595239,0.9842506776155251,1.7678191185263539,0.4354290474513566,0.7820769772910596,0.981802026237681,1.7678191185263539
M1,20,BoulwareTBNegotiator,BoulwareTBNegotiator,SmartAspirationNegotiator,0.45,0.5104177855340404,20,11.45,6.476475649773205,20,0.2583513506900536,0.2918127712699685,20,0.3649959802975732,0.41298801923428025,20,0.3397648098607493,0.38445573654471393,20,0.390227150734397,0.4415203019238465,20,0.9883433112852,1.1177888097385291,20,0.25820646691213583,0.2919472281010315,20,0.13208171075828812,0.14951643885273364,20,0.5664073456940091,0.5256443329079087,20,1.2720724404348995,1.1177888097385291,20,0.5627603857683683,0.49450584870855274,20,1.2720724404348995,1.1177888097385291,20,0.22370045761428853,2.8384406022729407,0.12789258587940044,0.18099997984056487,0.16849515560573117,0.19350480407539855,0.48989254556053025,0.1279515141838025,0.06552846852156699,0.23037378623244423,0.48989254556053025,0.21672674382477589,0.48989254556053025,0.25,0.65,8.6,14.1,0.14400863790050988,0.3726940634795973,0.20317245810107343,0.526819502494073,0.18912125963944765,0.4904083600820511,0.2172236565626991,0.5632306449060949,0.5503535541026565,1.4263330684677435,0.14381106911244013,0.37260186471183154,0.07349580599938657,0.19066761551718972,0.3604410381689148,0.8238652301003768,0.7245852439567204,1.710062197617443,0.36899525346947687,0.7565255180672598,0.8340826832523561,1.710062197617443
M1,20,BoulwareTBNegotiator,ConcederTBNegotiator,BoulwareTBNegotiator,0.5,0.512989176042577,20,11.0,6.078434701553735,20,0.33219225413412257,0.33971375152373967,20,0.3077748549620978,0.31485408304535634,20,0.27174496487665983,0.27796640970282976,20,0.3438047450475356,0.3517417563878828,20,0.947741964058318,0.9694219176144523,20,0.27174496487665983,0.27796640970282976,20,0.07211525920362757,0.07371842639845523,20,0.5418839014049512,0.500623711713375,20,1.3126737876617816,0.9694219176144523,20,0.5807222793695723,0.42886885603975955,20,1.3126737876617816,0.9694219176144523,20,0.2248274191931505,2.663991465135688,0.1488861160945167,0.13799088600582501,0.12182415036118856,0.15415762165046146,0.4248678881061667,0.12182415036118856,0.03230852487376713,0.2194080155057154,0.4248678881061667,0.1879600634453448,0.4248678881061667,0.3,0.7,8.25,13.601249999999999,0.19974745124590565,0.49774825774439374,0.18502213511943813,0.4305275748047574,0.16337370767112408,0.38011622208219553,0.20667056256775201,0.4809389275273193,0.5697917214847817,1.3256922066318544,0.16337370767112408,0.38011622208219553,0.043194895957098384,0.10085599286477473,0.3467048469167432,0.737062955893159,0.9347235450882451,1.7851115908787016,0.41351841774105164,0.7479261409980931,0.9347235450882451,1.6906240302353175
M1,20,BoulwareTBNegotiator,ConcederTBNegotiator,ConcederTBNegotiator,0.8,0.4103913408340616,20,4.25,1.5852942612451615,20,0.8002160493827161,0.4099480168547656,20,0.33532719839359004,0.17156109547764153,20,0.2762576404668402,0.14129815858416894,20,0.39439675632033994,0.20182403237111407,20,1.4708704461698963,0.7530702078100486,20,0.2762576404668402,0.14129815858416894,20,0.5239584089158759,0.2686498582705966,20,0.2059663075250942,0.42263394555932043,20,0.7895453055502033,0.7530702078100486,20,0.3492920737919058,0.3331556184905311,20,0.7895453055502033,0.7530702078100486,20,0.17986193535452039,0.6947858435669603,0.17966764005398314,0.07518996526933829,0.06192664838719045,0.0884532821514861,0.3300475705926597,0.06192664838719045,0.11774099166679267,0.18522749344643882,0.3300475705926597,0.14601188756603942,0.3300475705926597,0.6,0.95,3.5,4.85,0.650378086419753,0.9500540123456791,0.2720982432254419,0.3980336002132415,0.2073974358158353,0.3279027939550939,0.2960398894522741,0.46816440647138924,1.1038694240335416,1.7461212127721624,0.2073974358158353,0.32790279395509386,0.39303466294959677,0.6221512183905853,0.05149157688127355,0.4119326150501884,0.5142945389479374,1.156546327686558,0.22752210010772428,0.5116520387041479,0.5142945389479374,1.156546327686558
M1,20,BoulwareTBNegotiator,ConcederTBNegotiator,GeniusBOABaselineNegotiator,0.5,0.512989176042577,20,11.0,6.078434701553735,20,0.33219225413412257,0.33971375152373967,20,0.3077748549620978,0.31485408304535634,20,0.27174496487665983,0.27796640970282976,20,0.3438047450475356,0.3517417563878828,20,0.947741964058318,0.9694219176144523,20,0.27174496487665983,0.27796640970282976,20,0.07211525920362757,0.07371842639845523,20,0.5418839014049512,0.500623711713375,20,1.3126737876617816,0.9694219176144523,20,0.5807222793695723,0.42886885603975955,20,1.3126737876617816,0.9694219176144523,20,0.2248274191931505,2.663991465135688,0.1488861160945167,0.13799088600582501,0.12182415036118856,0.15415762165046146,0.4248678881061667,0.12182415036118856,0.03230852487376713,0.2194080155057154,0.4248678881061667,0.1879600634453448,0.4248678881061667,0.3,0.7,8.25,13.4,0.19891967122785506,0.4646370570223396,0.18502213511943813,0.4305275748047574,0.16337370767112408,0.38011622208219553,0.20581347392725416,0.4809389275273193,0.5697917214847817,1.4201797672752385,0.16337370767112408,0.38011622208219553,0.04337452554248039,0.10085599286477473,0.3467048469167432,0.785857719515211,0.8402359844448613,1.6906240302353175,0.41351841774105164,0.7479261409980931,0.934723545088245,1.6906240302353175
M1,20,BoulwareTBNegotiator,ConcederTBNegotiator,LinearTBNegotiator,0.55,0.5104177855340404,20,8.85,4.319783132958121,20,0.4956738252265471,0.45899883451247553,20,0.2777725815442553,0.25695315384910006,20,0.2529976930728807,0.23403200334015264,20,0.3025474700156298,0.2798743043580475,20,1.0512189883150576,0.9729051422106756,20,0.2529976930728807,0.23403200334015264,20,0.2426761321536664,0.2249668311723229,20,0.46342419193146195,0.5256443329079087,20,1.209196763405042,0.9729051422106756,20,0.5349444067910446,0.43040982238348313,20,1.209196763405042,0.9729051422106756,20,0.22370045761428853,1.8932284317368686,0.20116510873036206,0.11261468493175168,0.10256904780229167,0.12266032206121173,0.4263944785938654,0.10256904780229167,0.09859606092807041,0.23037378623244423,0.4263944785938654,0.18863542172248343,0.4263944785938654,0.35,0.75,7.05,10.6,0.2708585623570167,0.6755260355221715,0.15191825145843413,0.37845604561291235,0.1612955580874043,0.3446998280583572,0.1928826768637923,0.4122122631674673,0.6676172302669157,1.4324381267479958,0.1612955580874043,0.3446998280583572,0.1545260568435185,0.33082620746381425,0.25745788440636774,0.6693904994565562,0.8279776249721037,1.5904159018379804,0.3662943971001975,0.7035944164818917,0.8279776249721037,1.5904159018379804
M1,20,BoulwareTBNegotiator,ConcederTBNegotiator,SmartAspirationNegotiator,0.5,0.512989176042577,20,11.0,6.078434701553735,20,0.33219225413412257,0.33971375152373967,20,0.3077748549620978,0.31485408304535634,20,0.27174496487665983,0.27796640970282976,20,0.3438047450475356,0.3517417563878828,20,0.947741964058318,0.9694219176144523,20,0.27174496487665983,0.27796640970282976,20,0.07211525920362757,0.07371842639845523,20,0.5418839014049512,0.500623711713375,20,1.3126737876617816,0.9694219176144523,20,0.5807222793695723,0.42886885603975955,20,1.3126737876617816,0.9694219176144523,20,0.2248274191931505,2.663991465135688,0.1488861160945167,0.13799088600582501,0.12182415036118856,0.15415762165046146,0.4248678881061667,0.12182415036118856,0.03230852487376713,0.2194080155057154,0.4248678881061667,0.1879600634453448,0.4248678881061667,0.3,0.7,8.45,13.55,0.19974745124590565,0.4646370570223396,0.18502213511943813,0.4312947793037733,0.16337370767112408,0.38011622208219553,0.20581347392725416,0.4809389275273193,0.5697917214847817,1.3256922066318544,0.16337370767112408,0.40720903638357936,0.043194895957098384,0.10085599286477473,0.3467048469167432,0.737062955893159,0.9347235450882451,1.7851115908787016,0.37171745233392145,0.7479261409980931,0.934723545088245,1.7851115908787016
M1,20,BoulwareTBNegotiator,GeniusBOABaselineNegotiator,BoulwareTBNegotiator,0.45,0.5104177855340404,20,11.45,6.476475649773205,20,0.2583513506900536,0.2918127712699685,20,0.3649959802975732,0.41298801923428025,20,0.3397648098607493,0.38445573654471393,20,0.390227150734397,0.4415203019238465,20,0.9883433112852,1.1177888097385291,20,0.25820646691213583,0.2919472281010315,20,0.13208171075828812,0.14951643885273364,20,0.5664073456940091,0.5256443329079087,20,1.2720724404348995,1.1177888097385291,20,0.5627603857683683,0.49450584870855274,20,1.2720724404348995,1.1177888097385291,20,0.22370045761428853,2.8384406022729407,0.12789258587940044,0.18099997984056487,0.16849515560573117,0.19350480407539855,0.48989254556053025,0.1279515141838025,0.06552846852156699,0.23037378623244423,0.48989254556053025,0.21672674382477589,0.48989254556053025,0.25,0.65,8.3,14.15125,0.14400863790050988,0.3726940634795973,0.1627165775519485,0.526819502494073,0.18912125963944765,0.4904083600820511,0.21614238472412692,0.5632306449060949,0.5503535541026565,1.4290705044501322,0.14381106911244013,0.37260186471183154,0.07349580599938657,0.20531409170691503,0.3089494612876413,0.7723736532191032,0.7245852439567204,1.710062197617443,0.32055397039475403,0.7577365501441268,0.8340826832523561,1.710062197617443
M1,20,BoulwareTBNegotiator,GeniusBOABaselineNegotiator,ConcederTBNegotiator,0.45,0.5104177855340404,20,11.45,6.476475649773205,20,0.2583513506900536,0.2918127712699685,20,0.3649959802975732,0.41298801923428025,20,0.3397648098607493,0.38445573654471393,20,0.390227150734397,0.4415203019238465,20,0.9883433112852,1.1177888097385291,20,0.25820646691213583,0.2919472281010315,20,0.13208171075828812,0.14951643885273364,20,0.5664073456940091,0.5256443329079087,20,1.2720724404348995,1.1177888097385291,20,0.5627603857683683,0.49450584870855274,20,1.2720724404348995,1.1177888097385291,20,0.22370045761428853,2.8384406022729407,0.12789258587940044,0.18099997984056487,0.16849515560573117,0.19350480407539855,0.48989254556053025,0.1279515141838025,0.06552846852156699,0.23037378623244423,0.48989254556053025,0.21672674382477589,0.48989254556053025,0.24875000000000114,0.65,8.55,14.1,0.14400863790050988,0.3726940634795973,0.20317245810107343,0.526819502494073,0.18912125963944765,0.4904083600820511,0.2172236565626991,0.5632306449060949,0.5503535541026566,1.4263330684677435,0.14381106911244013,0.37260186471183154,0.07349580599938657,0.20531409170691503,0.3604410381689148,0.7723736532191032,0.8340826832523561,1.710062197617443,0.36899525346947687,0.7577365501441268,0.8340826832523561,1.710062197617443
M1,20,BoulwareTBNegotiator,GeniusBOABaselineNegotiator,GeniusBOABaselineNegotiator,0.45,0.5104177855340404,20,11.45,6.476475649773205,20,0.2583513506900536,0.2918127712699685,20,0.3649959802975732,0.41298801923428025,20,0.3397648098607493,0.38445573654471393,20,0.390227150734397,0.4415203019238465,20,0.9883433112852,1.1177888097385291,20,0.25820646691213583,0.2919472281010315,20,0.13208171075828812,0.14951643885273364,20,0.5664073456940091,0.5256443329079087,20,1.2720724404348995,1.1177888097385291,20,0.5627603857683683,0.49450584870855274,20,1.2720724404348995,1.1177888097385291,20,0.22370045761428853,2.8384406022729407,0.12789258587940044,0.18099997984056487,0.16849515560573117,0.19350480407539855,0.48989254556053025,0.1279515141838025,0.06552846852156699,0.23037378623244423,0.48989254556053025,0.21672674382477589,0.48989254556053025,0.25,0.65,8.3,14.101249999999999,0.14400863790050988,0.3726940634795973,0.20317245810107337,0.526819502494073,0.18912125963944765,0.4904083600820511,0.21722365656269904,0.5632306449060949,0.5503535541026565,1.5358305077633791,0.14381106911244013,0.37260186471183154,0.07349580599938657,0.19066761551718972,0.3089494612876413,0.7723736532191032,0.8340826832523561,1.710062197617443,0.36899525346947687,0.7565255180672598,0.8340826832523561,1.8195596369130782
M1,20,BoulwareTBNegotiator,GeniusBOABaselineNegotiator,LinearTBNegotiator,0.45,0.5104177855340404,20,11.45,6.476475649773205,20,0.2583513506900536,0.2918127712699685,20,0.3649959802975732,0.41298801923428025,20,0.3397648098607493,0.38445573654471393,20,0.390227150734397,0.4415203019238465,20,0.9883433112852,1.1177888097385291,20,0.25820646691213583,0.2919472281010315,20,0.13208171075828812,0.14951643885273364,20,0.5664073456940091,0.5256443329079087,20,1.2720724404348995,1.1177888097385291,20,0.5627603857683683,0.49450584870855274,20,1.2720724404348995,1.1177888097385291,20,0.22370045761428853,2.8384406022729407,0.12789258587940044,0.18099997984056487,0.16849515560573117,0.19350480407539855,0.48989254556053025,0.1279515141838025,0.06552846852156699,0.23037378623244423,0.48989254556053025,0.21672674382477589,0.48989254556053025,0.25,0.6512499999999989,8.65,14.2,0.14400863790050988,0.3726940634795973,0.1627165775519485,0.5278308995078003,0.18912125963944765,0.4904083600820511,0.1739727830197746,0.5632306449060949,0.5503535541026565,1.4263330684677435,0.14381106911244013,0.4012007141617554,0.07349580599938657,0.1906676155171897,0.3089494612876413,0.7723736532191032,0.8340826832523561,1.710062197617443,0.36899525346947687,0.7565255180672598,0.8340826832523561,1.710062197617443
M1,20,BoulwareTBNegotiator,GeniusBOABaselineNegotiator,SmartAspirationNegotiator,0.45,0.5104177855340404,20,11.45,6.476475649773205,20,0.2583513506900536,0.2918127712699685,20,0.3649959802975732,0.41298801923428025,20,0.3397648098607493,0.38445573654471393,20,0.390227150734397,0.4415203019238465,20,0.9883433112852,1.1177888097385291,20,0.25820646691213583,0.2919472281010315,20,0.13208171075828812,0.14951643885273364,20,0.5664073456940091,0.5256443329079087,20,1.2720724404348995,1.1177888097385291,20,0.5627603857683683,0.49450584870855274,20,1.2720724404348995,1.1177888097385291,20,0.22370045761428853,2.8384406022729407,0.12789258587940044,0.18099997984056487,0.16849515560573117,0.19350480407539855,0.48989254556053025,0.1279515141838025,0.06552846852156699,0.23037378623244423,0.48989254556053025,0.21672674382477589,0.48989254556053025,0.25,0.65,8.35,14.15125,0.14329399594557587,0.3734087054345313,0.20317245810107337,0.526819502494073,0.18912125963944765,0.4904083600820511,0.21722365656269904,0.5632306449060949,0.5503535541026565,1.4263330684677435,0.14381106911244013,0.37260186471183154,0.07349580599938657,0.1906676155171897,0.3604410381689148,0.7723736532191032,0.8340826832523561,1.710062197617443,0.36899525346947687,0.7565255180672598,0.8340826832523561,1.710062197617443
M1,20,BoulwareTBNegotiator,LinearTBNegotiator,BoulwareTBNegotiator,0.5,0.512989176042577,20,11.0,6.078434701553735,20,0.33219225413412257,0.33971375152373967,20,0.3077748549620978,0.31485408304535634,20,0.27174496487665983,0.27796640970282976,20,0.3438047450475356,0.3517417563878828,20,0.947741964058318,0.9694219176144523,20,0.27174496487665983,0.27796640970282976,20,0.07211525920362757,0.07371842639845523,20,0.5418839014049512,0.500623711713375,20,1.3126737876617816,0.9694219176144523,20,0.5807222793695723,0.42886885603975955,20,1.3126737876617816,0.9694219176144523,20,0.2248274191931505,2.663991465135688,0.1488861160945167,0.13799088600582501,0.12182415036118856,0.15415762165046146,0.4248678881061667,0.12182415036118856,0.03230852487376713,0.2194080155057154,0.4248678881061667,0.1879600634453448,0.4248678881061667,0.3,0.7,8.4,13.40125,0.19974745124590565,0.4646370570223396,0.18502213511943813,0.4305275748047574,0.1362808933697402,0.38011622208219553,0.20667056256775201,0.4809389275273193,0.5697917214847817,1.4201797672752385,0.13628089336974022,0.38011622208219553,0.04337452554248039,0.10085599286477473,0.3467048469167432,0.737062955893159,0.9347235450882451,1.7851115908787012,0.37171745233392145,0.7479261409980931,0.9347235450882451,1.6906240302353175
M1,20,BoulwareTBNegotiator,LinearTBNegotiator,ConcederTBNegotiator,0.55,0.5104177855340404,20,8.85,4.319783132958121,20,0.4956738252265471,0.45899883451247553,20,0.2777725815442553,0.25695315384910006,20,0.2529976930728807,0.23403200334015264,20,0.3025474700156298,0.2798743043580475,20,1.0512189883150576,0.9729051422106756,20,0.2529976930728807,0.23403200334015264,20,0.2426761321536664,0.2249668311723229,20,0.46342419193146195,0.5256443329079087,20,1.209196763405042,0.9729051422106756,20,0.5349444067910446,0.43040982238348313,20,1.209196763405042,0.9729051422106756,20,0.22370045761428853,1.8932284317368686,0.20116510873036206,0.11261468493175168,0.10256904780229167,0.12266032206121173,0.4263944785938654,0.10256904780229167,0.09859606092807041,0.23037378623244423,0.4263944785938654,0.18863542172248343,0.4263944785938654,0.3,0.75,6.85,10.55,0.31582161493092276,0.6755260355221715,0.17708911747559836,0.37845604561291235,0.1612955580874043,0.3446998280583572,0.1928826768637923,0.4122122631674673,0.6699998498821194,1.4324381267479958,0.1612955580874043,0.3446998280583572,0.1545260568435185,0.33082620746381425,0.25745788440636774,0.6706777888785869,0.8279776249721037,1.5927985214531841,0.3662943971001975,0.7035944164818917,0.8279776249721037,1.5904159018379804
M1,20,BoulwareTBNegotiator,LinearTBNegotiator,GeniusBOABaselineNegotiator,0.5,0.512989176042577,20,11.0,6.078434701553735,20,0.33219225413412257,0.33971375152373967,20,0.3077748549620978,0.31485408304535634,20,0.27174496487665983,0.27796640970282976,20,0.3438047450475356,0.3517417563878828,20,0.947741964058318,0.9694219176144523,20,0.27174496487665983,0.27796640970282976,20,0.07211525920362757,0.07371842639845523,20,0.5418839014049512,0.500623711713375,20,1.3126737876617816,0.9694219176144523,20,0.5807222793695723,0.42886885603975955,20,1.3126737876617816,0.9694219176144523,20,0.2248274191931505,2.663991465135688,0.1488861160945167,0.13799088600582501,0.12182415036118856,0.15415762165046146,0.4248678881061667,0.12182415036118856,0.03230852487376713,0.2194080155057154,0.4248678881061667,0.1879600634453448,0.4248678881061667,0.3,0.7,8.497500000000002,13.501249999999999,0.19974745124590565,0.4646370570223396,0.18502213511943816,0.4305275748047574,0.16337370767112408,0.38011622208219553,0.20581347392725416,0.4809389275273193,0.5697917214847817,1.3256922066318544,0.1362808933697402,0.38011622208219553,0.0433745255424804,0.10085599286477473,0.34670484691674314,0.737062955893159,0.934723545088245,1.7851115908787016,0.41351841774105164,0.7479261409980931,0.934723545088245,1.6929862192514005
M1,20,BoulwareTBNegotiator,LinearTBNegotiator,LinearTBNegotiator,0.55,0.5104177855340404,20,8.85,4.319783132958121,20,0.4956738252265471,0.45899883451247553,20,0.2777725815442553,0.25695315384910006,20,0.2529976930728807,0.23403200334015264,20,0.3025474700156298,0.2798743043580475,20,1.0512189883150576,0.9729051422106756,20,0.2529976930728807,0.23403200334015264,20,0.2426761321536664,0.2249668311723229,20,0.46342419193146195,0.5256443329079087,20,1.209196763405042,0.9729051422106756,20,0.5349444067910446,0.43040982238348313,20,1.209196763405042,0.9729051422106756,20,0.22370045761428853,1.8932284317368686,0.20116510873036206,0.11261468493175168,0.10256904780229167,0.12266032206121173,0.4263944785938654,0.10256904780229167,0.09859606092807041,0.23037378623244423,0.4263944785938654,0.18863542172248343,0.4263944785938654,0.35,0.75,6.998750000000001,10.6,0.3158216149309228,0.6755260355221715,0.17708911747559836,0.37845604561291235,0.1607224197437456,0.3446998280583572,0.1928826768637923,0.41221226316746734,0.6699998498821194,1.4324381267479958,0.13837002434103524,0.3446998280583572,0.1545260568435185,0.33082620746381425,0.25745788440636774,0.6693904994565562,0.8279776249721037,1.5904159018379804,0.3662943971001975,0.7035944164818917,0.8279776249721037,1.5904159018379804
M1,20,BoulwareTBNegotiator,LinearTBNegotiator,SmartAspirationNegotiator,0.5,0.512989176042577,20,11.0,6.078434701553735,20,0.33219225413412257,0.33971375152373967,20,0.3077748549620978,0.31485408304535634,20,0.27174496487665983,0.27796640970282976,20,0.3438047450475356,0.3517417563878828,20,0.947741964058318,0.9694219176144523,20,0.27174496487665983,0.27796640970282976,20,0.07211525920362757,0.07371842639845523,20,0.5418839014049512,0.500623711713375,20,1.3126737876617816,0.9694219176144523,20,0.5807222793695723,0.42886885603975955,20,1.3126737876617816,0.9694219176144523,20,0.2248274191931505,2.663991465135688,0.1488861160945167,0.13799088600582501,0.12182415036118856,0.15415762165046146,0.4248678881061667,0.12182415036118856,0.03230852487376713,0.2194080155057154,0.4248678881061667,0.1879600634453448,0.4248678881061667,0.3,0.7,8.19875,13.55,0.19974745124590565,0.4646370570223396,0.18502213511943813,0.4312947793037733,0.1633737076711241,0.3807935424397295,0.20667056256775201,0.4809389275273193,0.5674295324686993,1.4201797672752383,0.16337370767112408,0.38011622208219553,0.04337452554248039,0.10085599286477476,0.2979100832946913,0.737062955893159,0.934723545088245,1.6906240302353175,0.41351841774105164,0.7479261409980931,0.9347235450882451,1.6906240302353175
M1,20,BoulwareTBNegotiator,SmartAspirationNegotiator,BoulwareTBNegotiator,0.45,0.5104177855340404,20,11.45,6.476475649773205,20,0.2583513506900536,0.2918127712699685,20,0.3649959802975732,0.41298801923428025,20,0.3397648098607493,0.38445573654471393,20,0.390227150734397,0.4415203019238465,20,0.9883433112852,1.1177888097385291,20,0.25820646691213583,0.2919472281010315,20,0.13208171075828812,0.14951643885273364,20,0.5664073456940091,0.5256443329079087,20,1.2720724404348995,1.1177888097385291,20,0.5627603857683683,0.49450584870855274,20,1.2720724404348995,1.1177888097385291,20,0.22370045761428853,2.8384406022729407,0.12789258587940044,0.18099997984056487,0.16849515560573117,0.19350480407539855,0.48989254556053025,0.1279515141838025,0.06552846852156699,0.23037378623244423,0.48989254556053025,0.21672674382477589,0.48989254556053025,0.25,0.65,8.69875,14.2,0.14400863790050988,0.3726940634795973,0.20317245810107343,0.526819502494073,0.18912125963944765,0.4904083600820511,0.21722365656269904,0.6064815184490192,0.5503535541026565,1.4263330684677435,0.14309609787619268,0.37260186471183154,0.07349580599938657,0.19066761551718972,0.3604410381689148,0.7723736532191032,0.7245852439567205,1.710062197617443,0.36899525346947687,0.8049668011419826,0.8340826832523561,1.710062197617443
M1,20,BoulwareTBNegotiator,SmartAspirationNegotiator,ConcederTBNegotiator,0.5,0.512989176042577,20,11.0,6.078434701553735,20,0.34619628814669884,0.3540815872625071,20,0.35697799172065514,0.36533543621432146,20,0.31429438428476164,0.32162119290933405,20,0.39966159915654853,0.4090496795193089,20,1.060152271588009,1.08475245969115,20,0.31429438428476164,0.32162119290933405,20,0.08542269390453869,0.08737156632337681,20,0.5149157688127355,0.5282924319491505,20,1.2002634801320906,1.08475245969115,20,0.5309923536051856,0.47989068332482204,20,1.2002634801320906,1.08475245969115,20,0.2248274191931505,2.663991465135688,0.15518309774519792,0.1601153145130932,0.14095670266856947,0.17927392635761688,0.47541372677138427,0.14095670266856947,0.03829227727354157,0.2315343668080485,0.47541372677138427,0.21032136517789288,0.47541372677138427,0.3,0.7,8.3,13.55,0.17363826753013956,0.48424270463994634,0.21454401717457255,0.49941196626673773,0.18890335931598518,0.43968540925353805,0.23918794425738948,0.5591385232799374,0.6372379060025962,1.4830666371734218,0.18890335931598518,0.43968540925353816,0.05135898636302706,0.12800232833142822,0.3089494612876413,0.7208820763378296,0.777349114546678,1.728906437113856,0.3438965216709101,0.718088185539461,0.777349114546678,1.6231778457175032
M1,20,BoulwareTBNegotiator,SmartAspirationNegotiator,GeniusBOABaselineNegotiator,0.45,0.5104177855340404,20,11.9,6.889351050333903,20,0.34501801735672033,0.39011545589133934,20,0.28414631992907,0.32128334233101213,20,0.2648609802670602,0.2994951880353141,20,0.3034316595910798,0.34307149662671016,20,0.9133106572148604,1.0326821405533637,20,0.2648609802670602,0.2994951880353141,20,0.08015703708966015,0.0906202678560252,20,0.5664073456940091,0.5256443329079087,20,1.3471050945052392,1.0326821405533637,20,0.5959545687469829,0.4568549567784278,20,1.3471050945052392,1.0326821405533637,20,0.22370045761428853,3.0193912248036114,0.17097563697548568,0.14080863312413383,0.13125955347868462,0.1503577127695831,0.45259290322375345,0.13125955347868462,0.039716083496801044,0.23037378623244423,0.45259290322375345,0.2002255128860014,0.45259290322375345,0.25,0.65,8.94875,14.80125,0.19215678604865805,0.4978792486647827,0.15825598011857164,0.4415092446921928,0.14750802097628699,0.38221393955783334,0.16900393926085616,0.4378593799213034,0.5086687462858013,1.3179525681439193,0.11816978115359375,0.3822139395578333,0.04464876507237103,0.11566530910694928,0.3604410381689148,0.7723736532191032,0.9424631835761803,1.7517470054342983,0.416942406660809,0.7749667308331567,0.9424631835761801,1.7517470054342983
M1,20,BoulwareTBNegotiator,SmartAspirationNegotiator,LinearTBNegotiator,0.5,0.512989176042577,20,11.0,6.078434701553735,20,0.34619628814669884,0.3540815872625071,20,0.35697799172065514,0.36533543621432146,20,0.31429438428476164,0.32162119290933405,20,0.39966159915654853,0.4090496795193089,20,1.060152271588009,1.08475245969115,20,0.31429438428476164,0.32162119290933405,20,0.08542269390453869,0.08737156632337681,20,0.5149157688127355,0.5282924319491505,20,1.2002634801320906,1.08475245969115,20,0.5309923536051856,0.47989068332482204,20,1.2002634801320906,1.08475245969115,20,0.2248274191931505,2.663991465135688,0.15518309774519792,0.1601153145130932,0.14095670266856947,0.17927392635761688,0.47541372677138427,0.14095670266856947,0.03829227727354157,0.2315343668080485,0.47541372677138427,0.21032136517789288,0.47541372677138427,0.3,0.7,8.35,13.5,0.17363826753013956,0.48424270463994634,0.2145440171745725,0.49941196626673773,0.18890335931598518,0.43968540925353816,0.23918794425738948,0.5591385232799374,0.5315093146062433,1.4830666371734218,0.18890335931598518,0.43968540925353816,0.05135898636302706,0.11948640144605034,0.25745788440636774,0.7221693657598603,0.777349114546678,1.6231778457175032,0.29712256368734136,0.718088185539461,0.777349114546678,1.6231778457175032
M1,20,BoulwareTBNegotiator,SmartAspirationNegotiator,SmartAspirationNegotiator,0.45,0.5104177855340404,20,11.45,6.476475649773205,20,0.2583513506900536,0.2918127712699685,20,0.3649959802975732,0.41298801923428025,20,0.3397648098607493,0.38445573654471393,20,0.390227150734397,0.4415203019238465,20,0.9883433112852,1.1177888097385291,20,0.25820646691213583,0.2919472281010315,20,0.13208171075828812,0.14951643885273364,20,0.5664073456940091,0.5256443329079087,20,1.2720724404348995,1.1177888097385291,20,0.5627603857683683,0.49450584870855274,20,1.2720724404348995,1.1177888097385291,20,0.22370045761428853,2.8384406022729407,0.12789258587940044,0.18099997984056487,0.16849515560573117,0.19350480407539855,0.48989254556053025,0.1279515141838025,0.06552846852156699,0.23037378623244423,0.48989254556053025,0.21672674382477589,0.48989254556053025,0.25,0.65,8.35,14.05,0.14400863790050988,0.3734087054345313,0.20317245810107337,0.526819502494073,0.18912125963944765,0.5280692476373763,0.21722365656269904,0.6064815184490193,0.5503535541026565,1.4263330684677435,0.14381106911244013,0.37260186471183154,0.07349580599938657,0.19103377742193253,0.3604410381689148,0.7723736532191032,0.8340826832523561,1.710062197617443,0.36899525346947687,0.7577365501441268,0.8340826832523561,1.710062197617443
M1,20,ConcederTBNegotiator,BoulwareTBNegotiator,BoulwareTBNegotiator,0.55,0.5104177855340404,20,10.5,5.652200316783954,20,0.2267849363376583,0.20946125047361136,20,0.4421820444779364,0.4095304520153736,20,0.4376908834900853,0.4054332565328188,20,0.4466732054657877,0.4136276474979284,20,1.1111490252935312,1.0285221545043586,20,0.22666639506481645,0.20959570730467433,20,0.22005674153044782,0.20397530522317264,20,0.500086367669374,0.4916206482660816,20,1.1492667264265684,1.0285221545043586,20,0.5084315686404217,0.4550145935417801,20,1.1492667264265684,1.0285221545043586,20,0.22370045761428853,2.477186009631854,0.09180044056337658,0.17948463419426783,0.17768895910151272,0.18128030928702296,0.45076970895191226,0.0918593688677786,0.08939611904921525,0.2154622489784326,0.45076970895191226,0.19941893813511596,0.45076970895191226,0.35,0.75,8.34875,12.95,0.1447105038198117,0.3088593688555048,0.24159614033135113,0.6026507677952045,0.2788275883528981,0.5965541786272726,0.28459905396843815,0.6087473569631371,0.7056183218964478,1.5141609044459143,0.14453927753681794,0.3087935125928149,0.1401318991741976,0.29998158388669804,0.3062477941172578,0.6927209749261365,0.7462548472741852,1.5522786055789517,0.3301405268948028,0.6867226103860408,0.7462548472741852,1.5522786055789517
M1,20,ConcederTBNegotiator,BoulwareTBNegotiator,ConcederTBNegotiator,0.9,0.30779350562554625,20,1.85,0.4893604849295929,20,0.44378577656217766,0.15140209658928444,20,0.7706681529976563,0.2632575287183803,20,0.6412393771105054,0.21901989262372773,20,0.9000969288848074,0.30749516481303285,20,1.9851220825574907,0.6779171540260451,20,0.4437594340571017,0.15148317710912734,20,0.4563485906342561,0.1559778355319468,20,0.1029831537625471,0.3169754591694903,20,0.275293669162609,0.6779171540260451,20,0.12178895362639366,0.29990817110090173,20,0.275293669162609,0.6779171540260451,20,0.1348964515158903,0.21447168872174688,0.06635489446228729,0.11537769904136869,0.09598970019294654,0.13476569788979081,0.2971102925450247,0.06639042956687517,0.06836030047361216,0.1389206200848291,0.2971102925450247,0.13144055128749382,0.2971102925450247,0.75,1.0,1.6,2.0,0.3700015216207448,0.4929752798564663,0.6423723033906217,0.8561987194023463,0.5345022845692247,0.7123974388046928,0.7502423222120191,0.9999999999999998,1.6547461284019884,2.2053727186611587,0.3699356653580549,0.4929752798564663,0.38033439637034006,0.5070247201435335,0.0,0.25745788440636774,0.05504303305894087,0.605669623318111,0.024350844758118054,0.26794611692880704,0.05504303305894087,0.605669623318111
M1,20,ConcederTBNegotiator,BoulwareTBNegotiator,GeniusBOABaselineNegotiator,0.5,0.512989176042577,20,11.0,6.078434701553735,20,0.12368827160493827,0.1257931791252554,20,0.40682919492995684,0.41648169153246295,20,0.39734882961095935,0.4068332558584529,20,0.4163095602489542,0.426130127206473,20,0.9373466614648519,0.9587565621901813,20,0.12355655907955845,0.12592831332499355,20,0.29280848020214756,0.3001448935948815,20,0.5428231548661071,0.4996600579951082,20,1.3230690902552475,0.9587565621901813,20,0.5853211247746956,0.4241505402095168,20,1.3230690902552475,0.9587565621901813,20,0.2248274191931505,2.663991465135688,0.0551312915274562,0.18253114923553437,0.1783025358589848,0.186759762612084,0.420193589998525,0.05519051670176931,0.13154429949480886,0.21898567564243565,0.420193589998525,0.18589217035794053,0.420193589998525,0.3,0.7,8.3,13.451249999999998,0.06238425925925926,0.17273148148148149,0.24445473910015356,0.5692036507597602,0.2377446964923344,0.5559616327102147,0.25017345168860317,0.5824456688093054,0.4701065095446647,1.3111387830010013,0.07446066419286332,0.17265245396625362,0.17579045814159242,0.4098265022627027,0.3480198017623614,0.7376265079698527,0.8558289383350607,1.6968612117913975,0.4199568013082241,0.750685448241167,0.9492769687190978,1.7903092421754345
M1,20,ConcederTBNegotiator,BoulwareTBNegotiator,LinearTBNegotiator,0.7,0.47016234598162726,20,6.5,2.762531257265412,20,0.3454067699736005,0.23127052266513712,20,0.5996070201882768,0.4021325175396629,20,0.49892325372213103,0.3345584122164442,20,0.7002907866544229,0.46970662286288156,20,1.5446208103501544,1.0355355577444627,20,0.3453277424583726,0.2313943752049926,20,0.3549963316157013,0.23826007935350627,20,0.3089494612876413,0.48418801169585785,20,0.7157949413699451,1.035535557744463,20,0.31666517136294486,0.4581172985352166,20,0.7157949413699451,1.035535557744463,20,0.20605773335083594,1.2107327055178305,0.10135877553474587,0.17624234645563527,0.1466266890234316,0.20585800388783895,0.45384346844601636,0.10141305630361323,0.10442208381675108,0.21220475237631067,0.4538434684460165,0.20077875855388858,0.4538434684460165,0.5,0.9,5.198750000000001,7.55,0.24702776338502325,0.4191910249150334,0.4285458873788973,0.7706681529976566,0.3566071303337566,0.6412393771105055,0.5004846444240384,0.9000969288848075,1.1041195381428182,1.9851220825574907,0.24689605085964345,0.4437594340571017,0.25364407259714655,0.4563485906342561,0.1029831537625471,0.5149157688127355,0.275293669162609,1.1562962135772814,0.1217889536263937,0.5115413890994961,0.275293669162609,1.2664215316291154
M1,20,ConcederTBNegotiator,BoulwareTBNegotiator,SmartAspirationNegotiator,0.5,0.512989176042577,20,11.0,6.078434701553735,20,0.12368827160493827,0.1257931791252554,20,0.40682919492995684,0.41648169153246295,20,0.39734882961095935,0.4068332558584529,20,0.4163095602489542,0.426130127206473,20,0.9373466614648519,0.9587565621901813,20,0.12355655907955845,0.12592831332499355,20,0.29280848020214756,0.3001448935948815,20,0.5428231548661071,0.4996600579951082,20,1.3230690902552475,0.9587565621901813,20,0.5853211247746956,0.4241505402095168,20,1.3230690902552475,0.9587565621901813,20,0.2248274191931505,2.663991465135688,0.0551312915274562,0.18253114923553437,0.1783025358589848,0.186759762612084,0.420193589998525,0.05519051670176931,0.13154429949480886,0.21898567564243565,0.420193589998525,0.18589217035794053,0.420193589998525,0.3,0.7,8.3,13.45,0.07464506172839505,0.17303800154320964,0.20386112514270277,0.5692036507597603,0.23873602651170386,0.5559616327102147,0.25017345168860317,0.5824456688093054,0.5635545399287021,1.3111387830010013,0.07446066419286332,0.17265245396625364,0.1757904581415924,0.4390810077778415,0.3480198017623614,0.7376265079698526,0.8558289383350607,1.6968612117913975,0.41995680130822405,0.7920265291077848,0.9492769687190981,1.6968612117913975
M1,20,ConcederTBNegotiator,ConcederTBNegotiator,BoulwareTBNegotiator,0.7,0.47016234598162726,20,6.5,2.762531257265412,20,0.15199074074074076,0.10136061687289095,20,0.5514756460752336,0.36980457501350883,20,0.40266050549604415,0.269902527164136,20,0.700290786654423,0.4697066228628816,20,1.254942032891208,0.8409697668999087,20,0.15191171322551283,0.10148446941274643,20,0.5484123608485613,0.3681699851457525,20,0.3089494612876413,0.48418801169585785,20,1.0054737188288914,0.8409697668999087,20,0.4448180464428989,0.37204207511824283,20,1.0054737188288914,0.8409697668999087,20,0.20605773335083594,1.2107327055178305,0.044423248995542876,0.16207400095164268,0.11828999801544635,0.20585800388783898,0.36857125089882825,0.04447752976441024,0.1613576103559541,0.21220475237631067,0.36857125089882825,0.1630546286090769,0.36857125089882825,0.45,0.9,5.35,7.6,0.10887345679012346,0.19510802469135805,0.39416633444100935,0.6694576298009016,0.2878480244579803,0.5174729865341081,0.5004846444240384,0.9000969288848075,0.8972061256721421,1.6126779401102738,0.10874174426474362,0.1950816821862821,0.3917983791920464,0.7050263425050759,0.1029831537625471,0.5149157688127355,0.6477378116098258,1.3632096260479574,0.2865569358720488,0.6030791570137489,0.6477378116098257,1.3632096260479574
M1,20,ConcederTBNegotiator,ConcederTBNegotiator,ConcederTBNegotiator,0.95,0.22360679774997896,20,0.95,0.22360679774997896,20,0.5090229474787278,0.119557306014578,20,0.8143184765323109,0.19146047751345907,20,0.7336609523903344,0.17249360976539468,20,0.8949760006742877,0.21042734526152349,20,2.1376599005433503,0.5024782610414962,20,0.5090097762261898,0.11961620964662548,20,0.3859717723513731,0.09078632463718622,20,0.05149157688127355,0.23027733235036857,20,0.1227558511767495,0.5024782610414962,20,0.05430675798615209,0.2222946202083078,20,0.1227558511767495,0.5024782610414962,20,0.09799999999999999,0.09799999999999999,0.052398299637246806,0.0839112539740342,0.07559865767546983,0.0922238502725986,0.22022080758531523,0.05242411529222124,0.039788861089958015,0.10092349068729616,0.22022080758531523,0.09742491283638184,0.22022080758531523,0.85,1.0,0.85,1.0,0.4555552947876597,0.535756773824262,0.7286947479873782,0.8571303408047773,0.6565194649663854,0.7722316961023086,0.8008700310083707,0.9420289855072463,1.9129447907624162,2.2500174554338175,0.45551578103004575,0.535756773824262,0.34537089368815066,0.40627221168298433,0.0,0.15447473064382064,0.010398296286282527,0.3474709609576835,0.004600169804324613,0.15371993434980707,0.010398296286282527,0.3474709609576835
M1,20,ConcederTBNegotiator,ConcederTBNegotiator,GeniusBOABaselineNegotiator,0.7,0.47016234598162726,20,6.5,2.762531257265412,20,0.15199074074074076,0.10136061687289095,20,0.5514756460752336,0.36980457501350883,20,0.40266050549604415,0.269902527164136,20,0.700290786654423,0.4697066228628816,20,1.254942032891208,0.8409697668999087,20,0.15191171322551283,0.10148446941274643,20,0.5484123608485613,0.3681699851457525,20,0.3089494612876413,0.48418801169585785,20,1.0054737188288914,0.8409697668999087,20,0.4448180464428989,0.37204207511824283,20,1.0054737188288914,0.8409697668999087,20,0.20605773335083594,1.2107327055178305,0.044423248995542876,0.16207400095164268,0.11828999801544635,0.20585800388783898,0.36857125089882825,0.04447752976441024,0.1613576103559541,0.21220475237631067,0.36857125089882825,0.1630546286090769,0.36857125089882825,0.45,0.9,5.25,7.6,0.10887345679012346,0.19510802469135805,0.39416633444100935,0.7087849577094577,0.2878480244579803,0.5174729865341081,0.5004846444240384,0.9000969288848075,0.8972061256721421,1.6126779401102738,0.10874174426474363,0.19508168218628208,0.3917983791920464,0.7050263425050759,0.1029831537625471,0.5149157688127355,0.6477378116098257,1.3632096260479574,0.2865569358720488,0.603079157013749,0.6477378116098258,1.3632096260479574
M1,20,ConcederTBNegotiator,ConcederTBNegotiator,LinearTBNegotiator,0.8,0.4103913408340616,20,4.25,1.5852942612451615,20,0.27015182882344463,0.1380308091004141,20,0.5953743921610253,0.30496249114058244,20,0.5362163255462982,0.27465415024819184,20,0.6545324587757522,0.33527083203297303,20,1.460900613145495,0.747955791381579,20,0.2700991438132927,0.13813891646020462,20,0.3844555065755602,0.19708637934349005,20,0.26545462541817927,0.39211708237918785,20,0.7995151385746047,0.7479557913815789,20,0.35370269295203804,0.3308930186017373,20,0.7995151385746047,0.7479557913815789,20,0.17986193535452039,0.6947858435669603,0.06049466933901321,0.13365570471249183,0.12037248865044996,0.14693892077453374,0.3278060787639969,0.0605420494784637,0.0863769141636654,0.1718528884623948,0.32780607876399687,0.14502025944322305,0.32780607876399687,0.6,0.95,3.5,4.85,0.2028839333459785,0.3206027504315442,0.48390914150997955,0.7068396428120709,0.40236644962542883,0.63660373248695,0.4911416662938334,0.7770755531371913,1.0963920492652406,1.7342820360556854,0.20277856332567468,0.3205895791790062,0.2884074861943601,0.4564915218614603,0.12213395437931207,0.4565488534700023,0.5261337156644139,1.0728965614847958,0.23275971036038134,0.5149600030742472,0.5261337156644139,1.164023702454859
M1,20,ConcederTBNegotiator,ConcederTBNegotiator,SmartAspirationNegotiator,0.7,0.47016234598162726,20,6.5,2.762531257265412,20,0.15199074074074076,0.10136061687289095,20,0.5514756460752336,0.36980457501350883,20,0.40266050549604415,0.269902527164136,20,0.700290786654423,0.4697066228628816,20,1.254942032891208,0.8409697668999087,20,0.15191171322551283,0.10148446941274643,20,0.5484123608485613,0.3681699851457525,20,0.3089494612876413,0.48418801169585785,20,1.0054737188288914,0.8409697668999087,20,0.4448180464428989,0.37204207511824283,20,1.0054737188288914,0.8409697668999087,20,0.20605773335083594,1.2107327055178305,0.044423248995542876,0.16207400095164268,0.11828999801544635,0.20585800388783898,0.36857125089882825,0.04447752976441024,0.1613576103559541,0.21220475237631067,0.36857125089882825,0.1630546286090769,0.36857125089882825,0.5,0.9,5.25,7.501249999999999,0.10860397376543235,0.18459818672839487,0.39416633444100935,0.7087849577094577,0.2878480244579803,0.5174729865341081,0.5004846444240384,0.9000969288848075,0.894970276252025,1.6126779401102738,0.10874174426474363,0.1950816821862821,0.3917983791920464,0.7050263425050759,0.1029831537625471,0.5149157688127355,0.6477378116098258,1.3632096260479574,0.2865569358720488,0.6030791570137489,0.6477378116098257,1.3632096260479574
M1,20,ConcederTBNegotiator,GeniusBOABaselineNegotiator,BoulwareTBNegotiator,0.55,0.5104177855340404,20,10.5,5.652200316783954,20,0.2267849363376583,0.20946125047361136,20,0.4421820444779364,0.4095304520153736,20,0.4376908834900853,0.4054332565328188,20,0.4466732054657877,0.4136276474979284,20,1.1111490252935312,1.0285221545043586,20,0.22666639506481645,0.20959570730467433,20,0.22005674153044782,0.20397530522317264,20,0.500086367669374,0.4916206482660816,20,1.1492667264265684,1.0285221545043586,20,0.5084315686404217,0.4550145935417801,20,1.1492667264265684,1.0285221545043586,20,0.22370045761428853,2.477186009631854,0.09180044056337658,0.17948463419426783,0.17768895910151272,0.18128030928702296,0.45076970895191226,0.0918593688677786,0.08939611904921525,0.2154622489784326,0.45076970895191226,0.19941893813511596,0.45076970895191226,0.35,0.75,7.948750000000001,12.9,0.14419753861657564,0.3088593688555048,0.28171332116066816,0.6026507677952045,0.27882758835289806,0.5965541786272726,0.24408051609410086,0.6087473569631371,0.708137146141148,1.5141609044459146,0.14453927753681794,0.3087935125928149,0.1401318991741976,0.29998158388669804,0.30745176041261146,0.7408796267403271,0.7462548472741852,1.5522786055789517,0.3301405268948028,0.6867226103860408,0.7462548472741852,1.5522786055789517
M1,20,ConcederTBNegotiator,GeniusBOABaselineNegotiator,ConcederTBNegotiator,0.9,0.30779350562554625,20,1.85,0.4893604849295929,20,0.44378577656217766,0.15140209658928444,20,0.7706681529976563,0.2632575287183803,20,0.6412393771105054,0.21901989262372773,20,0.9000969288848074,0.30749516481303285,20,1.9851220825574907,0.6779171540260451,20,0.4437594340571017,0.15148317710912734,20,0.4563485906342561,0.1559778355319468,20,0.1029831537625471,0.3169754591694903,20,0.275293669162609,0.6779171540260451,20,0.12178895362639366,0.29990817110090173,20,0.275293669162609,0.6779171540260451,20,0.1348964515158903,0.21447168872174688,0.06635489446228729,0.11537769904136869,0.09598970019294654,0.13476569788979081,0.2971102925450247,0.06639042956687517,0.06836030047361216,0.1389206200848291,0.2971102925450247,0.13144055128749382,0.2971102925450247,0.75,1.0,1.65,2.0,0.3700015216207448,0.4929752798564663,0.6423723033906218,0.8561987194023463,0.5345022845692247,0.7123974388046928,0.7502423222120191,0.9999999999999998,1.6547461284019884,2.2053727186611587,0.3699356653580549,0.4929752798564663,0.38033439637034006,0.5070247201435335,0.0,0.25745788440636774,0.05504303305894087,0.605669623318111,0.024350844758118054,0.26794611692880704,0.05504303305894087,0.605669623318111
M1,20,ConcederTBNegotiator,GeniusBOABaselineNegotiator,GeniusBOABaselineNegotiator,0.45,0.5104177855340404,20,11.45,6.476475649773205,20,0.172719120381791,0.19468340823822552,20,0.32172583473769184,0.3639083483978131,20,0.315301813426977,0.35670829550637356,20,0.3281498560484067,0.3711084012892527,20,0.8161707898571746,0.9225001050338516,20,0.17257423660387317,0.19481786506928842,20,0.15563664638056046,0.1762339012498828,20,0.6353655335821203,0.4474276983383753,20,1.444244961862925,0.9225001050338517,20,0.6389289053413751,0.4081108107355297,20,1.444244961862925,0.9225001050338517,20,0.22370045761428853,2.8384406022729407,0.0853237656427549,0.15948986570104862,0.15633430339050544,0.16264542801159176,0.404303497044852,0.08538269394715689,0.07723791269440573,0.19609383470617187,0.4043034970448521,0.17886244897081027,0.4043034970448521,0.25,0.65,8.648750000000001,14.0,0.09643517661814176,0.2490030641454402,0.17913348834558374,0.46431818112979995,0.1755307060651297,0.490015697629286,0.18273627062603776,0.47356344147077556,0.45470215330930913,1.1776394264050398,0.09623760783007203,0.24891086537767432,0.08658188134509343,0.2419551026748942,0.46004730956285333,0.8106837576013873,1.0827763253150597,1.8057135984107902,0.4790164484082645,0.8388194765077633,1.0827763253150597,1.8057135984107902
M1,20,ConcederTBNegotiator,GeniusBOABaselineNegotiator,LinearTBNegotiator,0.7,0.47016234598162726,20,6.5,2.762531257265412,20,0.3454067699736005,0.23127052266513712,20,0.5996070201882768,0.4021325175396629,20,0.49892325372213103,0.3345584122164442,20,0.7002907866544229,0.46970662286288156,20,1.5446208103501544,1.0355355577444627,20,0.3453277424583726,0.2313943752049926,20,0.3549963316157013,0.23826007935350627,20,0.3089494612876413,0.48418801169585785,20,0.7157949413699451,1.035535557744463,20,0.31666517136294486,0.4581172985352166,20,0.7157949413699451,1.035535557744463,20,0.20605773335083594,1.2107327055178305,0.10135877553474587,0.17624234645563527,0.1466266890234316,0.20585800388783895,0.45384346844601636,0.10141305630361323,0.10442208381675108,0.21220475237631067,0.4538434684460165,0.20077875855388858,0.4538434684460165,0.5,0.9,5.2,7.55,0.24702776338502325,0.44378577656217766,0.42854588737889737,0.7706681529976566,0.3566071303337566,0.6412393771105055,0.5004846444240383,0.9000969288848075,1.1041195381428182,1.9851220825574907,0.24689605085964345,0.44375943405710166,0.25364407259714655,0.4563485906342561,0.1029831537625471,0.5149157688127355,0.275293669162609,1.1562962135772814,0.16929003169967913,0.5115413890994961,0.275293669162609,1.1562962135772814
M1,20,ConcederTBNegotiator,GeniusBOABaselineNegotiator,SmartAspirationNegotiator,0.5,0.512989176042577,20,11.0,6.078434701553735,20,0.26182188376375215,0.26751527489552507,20,0.429229590356489,0.4394640123182323,20,0.3772982077865243,0.3862617519207364,20,0.48116097292645377,0.49266627271572816,20,1.1202810644767303,1.1464432995319898,20,0.26169017123837235,0.2676504090952632,20,0.2195262807208332,0.22495894333386698,20,0.5149157688127355,0.5282924319491505,20,1.1401346872433693,1.1464432995319898,20,0.5043915865370189,0.5071824944856207,20,1.1401346872433693,1.1464432995319898,20,0.2248274191931505,2.663991465135688,0.11724373857844365,0.19260359542084096,0.16928667674297362,0.21592051409870833,0.5024509294201256,0.11730296375275676,0.09859260393044575,0.2315343668080485,0.5024509294201256,0.22228252879488095,0.5024509294201256,0.3,0.7,8.298750000000002,13.351249999999999,0.1575252290236834,0.39219270218883817,0.25789497635607284,0.600564204356905,0.2267056534170428,0.5278907621560056,0.2890842992951029,0.6732376465578047,0.673315181735829,1.5672469472176314,0.15734083148815162,0.3660395109885931,0.13182113845280377,0.3072314229888625,0.3089494612876413,0.7723736532191032,0.6931688045024682,1.6988420406694957,0.3066554477754768,0.7021277252985609,0.6931688045024682,1.5871005699842704
M1,20,ConcederTBNegotiator,LinearTBNegotiator,BoulwareTBNegotiator,0.55,0.5104177855340404,20,8.85,4.319783132958121,20,0.17567129629629633,0.16202613963634585,20,0.45925855767967816,0.4253780084755114,20,0.4051179724147588,0.3752045417337908,20,0.5133991429445975,0.47555147521723196,20,1.0941884116556526,1.0127821565873687,20,0.17555275502345447,0.1621605964674088,20,0.3378963190506196,0.31333424377974173,20,0.46342419193146195,0.5256443329079087,20,1.166227340064447,1.0127821565873687,20,0.5159348846233209,0.44805127367240993,20,1.166227340064447,1.0127821565873687,20,0.22370045761428853,1.8932284317368686,0.07101108662231351,0.18643013204460612,0.16444064071354894,0.2084196233756633,0.4438713507115257,0.07107001492671551,0.13732478707891865,0.23037378623244423,0.4438713507115257,0.1963671286460266,0.4438713507115257,0.35,0.75,6.85,10.45,0.11178684413580282,0.23915895061728404,0.29258019319814016,0.6259369221612162,0.22134472216387774,0.5521365726154637,0.3270610141822263,0.6997372717069688,0.5981329325505731,1.491032794939716,0.11201241569231483,0.23949022147541335,0.21512072123248868,0.4606719168687506,0.25745788440636774,0.6693904994565562,0.7693829567803834,1.6622828191695262,0.3403723214169381,0.7353880886312997,0.7693829567803834,1.5630717233485107
M1,20,ConcederTBNegotiator,LinearTBNegotiator,ConcederTBNegotiator,0.9,0.30779350562554625,20,1.85,0.4893604849295929,20,0.45765819130559793,0.15614636232858314,20,0.7716734901548066,0.26360134677164127,20,0.6606413557726316,0.2256552293220476,20,0.8827056245369814,0.3015474642212349,20,2.001005171615211,0.6833490558718657,20,0.457631848800522,0.15622744284842602,20,0.4250848715430098,0.14528586920085007,20,0.1029831537625471,0.3169754591694903,20,0.25941058010488843,0.6833490558718658,20,0.1147623307382661,0.30231122542473005,20,0.25941058010488843,0.6833490558718658,20,0.1348964515158903,0.21447168872174688,0.06843416059878074,0.11552838394700937,0.09889776471951083,0.1321590031745079,0.29949092849279946,0.06846969570336861,0.06367433962183577,0.1389206200848291,0.2994909284927995,0.13249373628054797,0.2994909284927995,0.75,1.0,1.6,2.0,0.38156186724026164,0.5083890740158221,0.6432100843549136,0.8573157606880685,0.5506706001209964,0.7339551928737218,0.7357495685888307,0.9806763285024152,1.6679820359500888,2.223020595391959,0.38149601097757174,0.5083890740158221,0.3542812971276348,0.47228725448659314,0.0,0.25745788440636774,0.03739515632814028,0.5924337157700107,0.01654348599353187,0.2620905978553675,0.03739515632814028,0.5924337157700107
M1,20,ConcederTBNegotiator,LinearTBNegotiator,GeniusBOABaselineNegotiator,0.55,0.5104177855340404,20,8.85,4.319783132958121,20,0.11815565737536886,0.10864976681526359,20,0.40822791878896003,0.3780199253900794,20,0.3066119784981368,0.2837877939578784,20,0.5098438590797832,0.47225205682228033,20,0.934611494953289,0.8646896175954223,20,0.11803711610252703,0.1087842236463265,20,0.39185667410673286,0.36341119820587237,20,0.48053021837605836,0.5097693872040221,20,1.3258042567668107,0.8646896175954224,20,0.5865311528456296,0.38253565386695915,20,1.3258042567668107,0.8646896175954224,20,0.22370045761428853,1.8932284317368686,0.04761785981033232,0.16567453700423676,0.12437548450100594,0.20697358950746755,0.37896693381880586,0.04767678811473432,0.1592719800227041,0.22341628451677453,0.37896693381880586,0.16765364226931478,0.37896693381880586,0.35,0.75,7.05,10.5,0.07558278084380936,0.16072853390692837,0.223075708137364,0.5563496873102368,0.19541373972165818,0.4178102172746154,0.3247985608137081,0.7411504819123771,0.5957950813791757,1.2734279085274025,0.06475516417538775,0.16066267764423844,0.2494591289954698,0.5342542192179958,0.2807842841035447,0.6815245647377742,0.9869878431926973,1.664620670340924,0.39916716166597316,0.7364223457893548,0.9869878431926973,1.664620670340924
M1,20,ConcederTBNegotiator,LinearTBNegotiator,LinearTBNegotiator,0.7,0.47016234598162726,20,7.2,3.17224808215512,20,0.3972586218254523,0.2660973631082206,20,0.48851242973328646,0.32751467000511086,20,0.4449394762832539,0.29829964157985484,20,0.532085383183319,0.3567296984303668,20,1.3742834812920253,0.9211267031184425,20,0.3971795943102244,0.26622121564807605,20,0.1349390762927456,0.09045631447790796,20,0.37176561816928166,0.441996880717255,20,0.8861322704280743,0.9211267031184425,20,0.3920218082685708,0.40750322254545257,20,0.8861322704280743,0.9211267031184425,20,0.20605773335083594,1.3902990212256685,0.11662231133851149,0.1435396328889285,0.1307355821423301,0.15634368363552684,0.40370157711636856,0.11667659210737882,0.03964422776067331,0.19371367394082303,0.40370157711636856,0.17859616170572393,0.40370157711636856,0.5,0.9,5.9,8.4,0.2840648004220603,0.5104524432288444,0.3491926084824757,0.6278322509840975,0.31804728930598725,0.5718316632605206,0.38033792765896396,0.683832838707674,0.9824500173870115,1.766116945197039,0.2839330878966805,0.5104261007237685,0.09646031879503533,0.1734178337904559,0.18374678403894185,0.5597844522996215,0.5922571724993142,1.2779657343330881,0.26092908479384197,0.5653675583178003,0.4942988065230608,1.2779657343330881
M1,20,ConcederTBNegotiator,LinearTBNegotiator,SmartAspirationNegotiator,0.55,0.5104177855340404,20,9.4,4.750623227812492,20,0.19431900338112182,0.17933181482820781,20,0.4380071372318065,0.40565600308559246,20,0.3767765875516348,0.3489028200959659,20,0.49923768691197834,0.4624091860752189,20,1.070333277844735,0.9906438209993926,20,0.19420046210827996,0.17946627165927073,20,0.305087155933175,0.2828862794458668,20,0.46342419193146195,0.5256443329079087,20,1.1900824738753646,0.9906438209993926,20,0.5264883121477772,0.43825735165999724,20,1.1900824738753646,0.9906438209993926,20,0.22370045761428853,2.0820524286841273,0.07859563318291837,0.17778658208252884,0.15291340296208802,0.20265976120296958,0.434168797347976,0.07865456148732038,0.12398037834562009,0.23037378623244423,0.434168797347976,0.19207475307035368,0.434168797347976,0.3487500000000011,0.75,7.2,11.4,0.12405036466565215,0.2645876420965915,0.27905656200404005,0.5969577124595731,0.20588578496581017,0.5134892296202945,0.316916750347688,0.6804261952988517,0.6821634886737322,1.4585030670157375,0.12387913838265836,0.2645217858339016,0.19354938167847363,0.41593214898132597,0.25745788440636774,0.6693904994565562,0.8019126847043619,1.5806783242286842,0.35476335895028765,0.6982132653452671,0.8019126847043617,1.6752947103391178
M1,20,ConcederTBNegotiator,SmartAspirationNegotiator,BoulwareTBNegotiator,0.55,0.5104177855340404,20,10.5,5.652200316783954,20,0.2267849363376583,0.20946125047361136,20,0.4421820444779364,0.4095304520153736,20,0.4376908834900853,0.4054332565328188,20,0.4466732054657877,0.4136276474979284,20,1.1111490252935312,1.0285221545043586,20,0.22666639506481645,0.20959570730467433,20,0.22005674153044782,0.20397530522317264,20,0.500086367669374,0.4916206482660816,20,1.1492667264265684,1.0285221545043586,20,0.5084315686404217,0.4550145935417801,20,1.1492667264265684,1.0285221545043586,20,0.22370045761428853,2.477186009631854,0.09180044056337658,0.17948463419426783,0.17768895910151272,0.18128030928702296,0.45076970895191226,0.0918593688677786,0.08939611904921525,0.2154622489784326,0.45076970895191226,0.19941893813511596,0.45076970895191226,0.3,0.75,8.0,12.8,0.1447105038198117,0.3088593688555048,0.24159614033135113,0.6026507677952045,0.2788275883528981,0.5965541786272726,0.2835860905215806,0.6087473569631371,0.7056183218964478,1.5141609044459146,0.14453927753681792,0.3087935125928149,0.12015068858513507,0.29998158388669804,0.30745176041261146,0.6927209749261365,0.7437360230294852,1.5522786055789517,0.3301405268948027,0.7312953708224456,0.7462548472741852,1.5522786055789517
M1,20,ConcederTBNegotiator,SmartAspirationNegotiator,ConcederTBNegotiator,0.9,0.30779350562554625,20,1.85,0.4893604849295929,20,0.44378577656217766,0.15140209658928444,20,0.7706681529976563,0.2632575287183803,20,0.6412393771105054,0.21901989262372773,20,0.9000969288848074,0.30749516481303285,20,1.9851220825574907,0.6779171540260451,20,0.4437594340571017,0.15148317710912734,20,0.4563485906342561,0.1559778355319468,20,0.1029831537625471,0.3169754591694903,20,0.275293669162609,0.6779171540260451,20,0.12178895362639366,0.29990817110090173,20,0.275293669162609,0.6779171540260451,20,0.1348964515158903,0.21447168872174688,0.06635489446228729,0.11537769904136869,0.09598970019294654,0.13476569788979081,0.2971102925450247,0.06639042956687517,0.06836030047361216,0.1389206200848291,0.2971102925450247,0.13144055128749382,0.2971102925450247,0.75,1.0,1.6,2.0,0.3700015216207448,0.4929752798564663,0.6423723033906218,0.8561987194023463,0.5345022845692247,0.7123974388046928,0.7502423222120191,0.9999999999999998,1.6547461284019884,2.2053727186611587,0.3699356653580549,0.4929752798564663,0.38033439637034006,0.5070247201435335,0.0,0.25745788440636774,0.05504303305894087,0.605669623318111,0.024350844758118054,0.26794611692880704,0.05504303305894087,0.605669623318111
M1,20,ConcederTBNegotiator,SmartAspirationNegotiator,GeniusBOABaselineNegotiator,0.55,0.5104177855340404,20,10.5,5.652200316783954,20,0.1986186203383318,0.18332199840265098,20,0.4679601648664894,0.4334533813316556,20,0.4457095925854829,0.412874877877027,20,0.4902107371474959,0.4540318847862842,20,1.1345389500713106,1.0502287610659622,20,0.19850007906548997,0.1834564552337139,20,0.29176058921148257,0.2705187945824888,20,0.46342419193146195,0.5256443329079087,20,1.125876801648789,1.050228761065962,20,0.4980839479604736,0.46461752014724444,20,1.125876801648789,1.050228761065962,20,0.22370045761428853,2.477186009631854,0.08034440823908935,0.18996932024400517,0.18095039345445144,0.19898824703355886,0.46028304872709963,0.08040333654349134,0.11856008912003836,0.23037378623244423,0.4602830487270996,0.20362760628297685,0.4602830487270996,0.35,0.75,8.15,12.8,0.12678648454751307,0.2704507561291506,0.2981175795897474,0.6378027501432314,0.28393040323178753,0.6074887819391781,0.3123047559477071,0.6681167183472848,0.7230216437270076,1.5460562564156135,0.12661525826451925,0.2703848998664607,0.18576162042576513,0.3977595579972001,0.25745788440636774,0.6693904994565562,0.7143594953044861,1.5373941079930922,0.31603013505850974,0.6801377608624375,0.7143594953044861,1.5373941079930922
M1,20,ConcederTBNegotiator,SmartAspirationNegotiator,LinearTBNegotiator,0.7,0.47016234598162726,20,6.5,2.762531257265412,20,0.3454067699736005,0.23127052266513712,20,0.5996070201882768,0.4021325175396629,20,0.49892325372213103,0.3345584122164442,20,0.7002907866544229,0.46970662286288156,20,1.5446208103501544,1.0355355577444627,20,0.3453277424583726,0.2313943752049926,20,0.3549963316157013,0.23826007935350627,20,0.3089494612876413,0.48418801169585785,20,0.7157949413699451,1.035535557744463,20,0.31666517136294486,0.4581172985352166,20,0.7157949413699451,1.035535557744463,20,0.20605773335083594,1.2107327055178305,0.10135877553474587,0.17624234645563527,0.1466266890234316,0.20585800388783895,0.45384346844601636,0.10141305630361323,0.10442208381675108,0.21220475237631067,0.4538434684460165,0.20077875855388858,0.4538434684460165,0.5,0.9,5.25,7.6012499999999985,0.24702776338502325,0.44378577656217766,0.42854588737889737,0.7706681529976565,0.35660713033375663,0.6412393771105055,0.5004846444240384,0.9000969288848074,1.1041195381428182,1.9851220825574907,0.24689605085964345,0.4437594340571017,0.25364407259714655,0.4563485906342561,0.1029831537625471,0.5149157688127355,0.275293669162609,1.1562962135772814,0.1217889536263937,0.5115413890994961,0.275293669162609,1.1562962135772814
M1,20,ConcederTBNegotiator,SmartAspirationNegotiator,SmartAspirationNegotiator,0.5,0.512989176042577,20,11.0,6.078434701553735,20,0.19917910490914564,0.20324513987624115,20,0.401939681313889,0.4114651564101518,20,0.39616623368056914,0.4056199380346086,20,0.4077131289472088,0.417310374785695,20,1.0030584675369236,1.0261754526965448,20,0.19904739238376584,0.2033802740759793,20,0.20872121559619475,0.2138731804231177,20,0.5491252112844569,0.49319428453626185,20,1.257357284183176,1.0261754526965448,20,0.5562504522570106,0.4539764208932184,20,1.257357284183176,1.0261754526965448,20,0.2248274191931505,2.663991465135688,0.08907610997650676,0.1803325557807138,0.17777077587702889,0.18289433568439872,0.4497412215379344,0.08913533515081988,0.093734054118073,0.21615192548214113,0.4497412215379344,0.19896393891066125,0.4497412215379344,0.3,0.7,8.498750000000001,13.4,0.11993956171091949,0.27841864810737194,0.24152103093051286,0.5623583316972651,0.23802646895346968,0.5543059984076686,0.24501559290755592,0.5704106649868618,0.6029816235719451,1.4031353115019023,0.11975516417538772,0.278339620592144,0.1253380993780207,0.29210433181436884,0.35684268074805137,0.7894783744549638,0.8572804402181976,1.7574533391393987,0.37925785978346505,0.733243044730556,0.757261229226953,1.6574341281481544
M1,20,GeniusBOABaselineNegotiator,BoulwareTBNegotiator,BoulwareTBNegotiator,0.45,0.5104177855340404,20,11.9,6.889351050333903,20,0.3505941358024692,0.3964402337334607,20,0.28369787737060925,0.32077469109183715,20,0.27265974732405157,0.30834103117114825,20,0.2947360074171668,0.3332083510125258,20,0.9179898905436875,1.037989615917135,20,0.27265974732405157,0.30834103117114825,20,0.07793438847841758,0.08809920256231243,20,0.5664073456940091,0.5256443329079087,20,1.342425861176412,1.037989615917135,20,0.5938844923350368,0.45920296526303184,20,1.342425861176412,1.037989615917135,20,0.22370045761428853,3.0193912248036114,0.17374759308220897,0.14058570688959743,0.1351364151664095,0.14603499861278524,0.4549190068614038,0.1351364151664095,0.03861117791579943,0.23037378623244423,0.4549190068614038,0.20125457297633229,0.4549190068614038,0.25,0.65,9.298750000000002,14.851249999999999,0.19525462962962964,0.5447685185185187,0.1580068453638712,0.40938890937734723,0.1518406693412822,0.39347882530682093,0.16335700272376888,0.4252989934478736,0.5112683203573718,1.3247114607300028,0.1518406693412822,0.39347882530682093,0.04319820761215963,0.1124548166684878,0.3604410381689148,0.7723736532191032,0.9357042909900967,1.7491474313627275,0.41395229628799807,0.7738166883820756,0.9357042909900967,1.7491474313627275
M1,20,GeniusBOABaselineNegotiator,BoulwareTBNegotiator,ConcederTBNegotiator,0.45,0.5104177855340404,20,11.45,6.476475649773205,20,0.2814274691358024,0.3179871296606359,20,0.30147669225667884,0.3409405206997644,20,0.2738373448900716,0.30967673504203325,20,0.3291160396232859,0.3722043063574954,20,0.8843808536491599,0.9998681710601646,20,0.2738373448900716,0.30967673504203325,20,0.05533972166924126,0.062470936345380756,20,0.6035237098770903,0.4835446608781236,20,1.3760348980709396,0.9998681710601646,20,0.6087530123712082,0.4423381717718516,20,1.3760348980709396,0.9998681710601646,20,0.22370045761428853,2.8384406022729407,0.1393640042266794,0.14942377139149407,0.13572181319841878,0.1631257295845693,0.4382115470096675,0.13572181319841878,0.02737909501612139,0.21192279144859122,0.4382115470096675,0.19386325134046836,0.4382115470096675,0.25,0.65,8.5,14.05125,0.125679012345679,0.4060262345679012,0.16788396474502096,0.43506941976833674,0.15249489021129334,0.39517979956884985,0.18327303927874844,0.4749590399678234,0.4925966331937454,1.2761650741045745,0.15249489021129337,0.39517979956884985,0.03086136761658275,0.07981807572189975,0.3666860277946567,0.7929938555430373,0.9842506776155251,1.7678191185263539,0.3920980562213939,0.7820769772910596,0.9842506776155251,1.7678191185263539
M1,20,GeniusBOABaselineNegotiator,BoulwareTBNegotiator,GeniusBOABaselineNegotiator,0.45,0.5104177855340404,20,11.9,6.889351050333903,20,0.3505941358024692,0.3964402337334607,20,0.28369787737060925,0.32077469109183715,20,0.27265974732405157,0.30834103117114825,20,0.2947360074171668,0.3332083510125258,20,0.9179898905436875,1.037989615917135,20,0.27265974732405157,0.30834103117114825,20,0.07793438847841758,0.08809920256231243,20,0.5664073456940091,0.5256443329079087,20,1.342425861176412,1.037989615917135,20,0.5938844923350368,0.45920296526303184,20,1.342425861176412,1.037989615917135,20,0.22370045761428853,3.0193912248036114,0.17374759308220897,0.14058570688959743,0.1351364151664095,0.14603499861278524,0.4549190068614038,0.1351364151664095,0.03861117791579943,0.23037378623244423,0.4549190068614038,0.20125457297633229,0.4549190068614038,0.25,0.65,8.8,14.65,0.19525462962962964,0.5059336419753089,0.1580068453638712,0.44081166737903177,0.12163589984558994,0.39347882530682093,0.16417302138646006,0.4252989934478736,0.5112683203573718,1.3247114607300028,0.1518406693412822,0.39347882530682093,0.043413960288347375,0.12108492371600532,0.3604410381689148,0.7723736532191032,0.9357042909900967,1.7491474313627275,0.41395229628799807,0.7738166883820756,0.9357042909900967,1.7491474313627275
M1,20,GeniusBOABaselineNegotiator,BoulwareTBNegotiator,LinearTBNegotiator,0.45,0.5104177855340404,20,11.45,6.476475649773205,20,0.2814274691358024,0.3179871296606359,20,0.30147669225667884,0.3409405206997644,20,0.2738373448900716,0.30967673504203325,20,0.3291160396232859,0.3722043063574954,20,0.8843808536491599,0.9998681710601646,20,0.2738373448900716,0.30967673504203325,20,0.05533972166924126,0.062470936345380756,20,0.6035237098770903,0.4835446608781236,20,1.3760348980709396,0.9998681710601646,20,0.6087530123712082,0.4423381717718516,20,1.3760348980709396,0.9998681710601646,20,0.22370045761428853,2.8384406022729407,0.1393640042266794,0.14942377139149407,0.13572181319841878,0.1631257295845693,0.4382115470096675,0.13572181319841878,0.02737909501612139,0.21192279144859122,0.4382115470096675,0.19386325134046836,0.4382115470096675,0.25,0.65,8.748750000000001,13.9,0.15682870370370366,0.4060262345679012,0.16788396474502096,0.43506941976833674,0.15249489021129334,0.39517979956884985,0.18327303927874844,0.4749590399678233,0.4925966331937454,1.2761650741045745,0.15173649986955168,0.39517979956884985,0.03086136761658275,0.07981807572189975,0.4140535642111434,0.7929938555430373,0.8863046225016717,1.7678191185263539,0.4343457726706084,0.7820769772910596,0.981802026237681,1.7678191185263539
M1,20,GeniusBOABaselineNegotiator,BoulwareTBNegotiator,SmartAspirationNegotiator,0.45,0.5104177855340404,20,11.9,6.889351050333903,20,0.3505941358024692,0.3964402337334607,20,0.28369787737060925,0.32077469109183715,20,0.27265974732405157,0.30834103117114825,20,0.2947360074171668,0.3332083510125258,20,0.9179898905436875,1.037989615917135,20,0.27265974732405157,0.30834103117114825,20,0.07793438847841758,0.08809920256231243,20,0.5664073456940091,0.5256443329079087,20,1.342425861176412,1.037989615917135,20,0.5938844923350368,0.45920296526303184,20,1.342425861176412,1.037989615917135,20,0.22370045761428853,3.0193912248036114,0.17374759308220897,0.14058570688959743,0.1351364151664095,0.14603499861278524,0.4549190068614038,0.1351364151664095,0.03861117791579943,0.23037378623244423,0.4549190068614038,0.20125457297633229,0.4549190068614038,0.25,0.65,8.998750000000001,14.751249999999999,0.19525462962962964,0.5059336419753089,0.1580068453638712,0.40938890937734723,0.1518406693412822,0.39347882530682093,0.16417302138646006,0.4252989934478736,0.5112683203573718,1.3247114607300028,0.1518406693412822,0.4236835948025132,0.043413960288347375,0.1124548166684878,0.3089494612876413,0.7723736532191032,0.9357042909900967,1.7491474313627275,0.41395229628799796,0.7738166883820756,0.9357042909900967,1.7491474313627275
M1,20,GeniusBOABaselineNegotiator,ConcederTBNegotiator,BoulwareTBNegotiator,0.45,0.5104177855340404,20,11.9,6.889351050333903,20,0.30918468402338695,0.3494710766728879,20,0.20541920139657943,0.23198618343583496,20,0.14537678825643535,0.1639688398300092,20,0.26546161453672357,0.30000352704166067,20,0.7200230868165458,0.8134434435445578,20,0.14537678825643535,0.1639688398300092,20,0.1638078957669516,0.1855022368428787,20,0.6466585986707889,0.4346184066173752,20,1.5403926649035538,0.8134434435445577,20,0.6814643119219848,0.35986452621627457,20,1.5403926649035538,0.8134434435445577,20,0.22370045761428853,3.0193912248036114,0.1531624523876812,0.10167242769663948,0.07186251252212843,0.13148234287115051,0.3565073077809601,0.07186251252212843,0.08129993986555277,0.19047991508794268,0.35650730778096007,0.15771758248882764,0.35650730778096007,0.25,0.65,8.69875,14.7,0.17224937864125062,0.4461199894055232,0.1139505638615187,0.2963197107481932,0.08072635884151358,0.21002721767135718,0.14790946978621383,0.38301375928723325,0.401286762731182,1.0387594109019092,0.0811279143037177,0.20962566220915307,0.09112146433753296,0.2364943271963702,0.4763595146909302,0.8169576826506477,1.2216563408181904,1.859128988988917,0.5404564801358116,0.8224721437081579,1.2216563408181904,1.859128988988917
M1,20,GeniusBOABaselineNegotiator,ConcederTBNegotiator,ConcederTBNegotiator,0.8,0.4103913408340616,20,4.25,1.5852942612451615,20,0.8002160493827161,0.4099480168547656,20,0.33532719839359004,0.17156109547764153,20,0.2762576404668402,0.14129815858416894,20,0.39439675632033994,0.20182403237111407,20,1.4708704461698963,0.7530702078100486,20,0.2762576404668402,0.14129815858416894,20,0.5239584089158759,0.2686498582705966,20,0.2059663075250942,0.42263394555932043,20,0.7895453055502033,0.7530702078100486,20,0.3492920737919058,0.3331556184905311,20,0.7895453055502033,0.7530702078100486,20,0.17986193535452039,0.6947858435669603,0.17966764005398314,0.07518996526933829,0.06192664838719045,0.0884532821514861,0.3300475705926597,0.06192664838719045,0.11774099166679267,0.18522749344643882,0.3300475705926597,0.14601188756603942,0.3300475705926597,0.6487500000000012,0.95,3.45,4.85,0.6004320987654322,0.9500540123456791,0.25171866263405474,0.3980336002132415,0.2073974358158353,0.32790279395509386,0.3206291061692905,0.46816440647138924,1.19561967956763,1.7461212127721624,0.2073974358158353,0.32790279395509386,0.39303466294959677,0.6221512183905853,0.05149157688127355,0.4119326150501884,0.5142945389479374,1.156546327686558,0.22752210010772428,0.4710620474760874,0.5142945389479374,1.0670898285408195
M1,20,GeniusBOABaselineNegotiator,ConcederTBNegotiator,GeniusBOABaselineNegotiator,0.45,0.5104177855340404,20,11.45,6.476475649773205,20,0.26270255244292245,0.2967481729657711,20,0.28031722565643363,0.31694014717714525,20,0.2562463534738266,0.28972394641085975,20,0.30438809783904064,0.34415634794343064,20,0.8233370037557899,0.9306284673200614,20,0.2562463534738266,0.28972394641085975,20,0.04820277130124097,0.054375766562489526,20,0.6036101567915382,0.4834466074500375,20,1.4370787479643097,0.9306284673200614,20,0.6357585974486073,0.41170676970016906,20,1.4370787479643097,0.9306284673200614,20,0.22370045761428853,2.8384406022729407,0.1300556210422646,0.13890514392182943,0.12697711802130096,0.15083316982235784,0.4078659088859234,0.12697711802130096,0.02383123043102778,0.21187981763898822,0.4078659088859234,0.18043844747390003,0.4078659088859234,0.25,0.65,8.75,14.2,0.14642597220765924,0.37970586130465545,0.15612870552266253,0.4045057457902047,0.14272211720226835,0.3697705897453849,0.16953529384305663,0.43924090183502473,0.4586833832529843,1.1879906242585954,0.14272211720226835,0.3697705897453849,0.026896395189915927,0.06964231226326167,0.4141784319764569,0.7930418816066194,0.981261722335803,1.8017323684671152,0.4744371147853775,0.797080080111837,1.0724251274615042,1.8017323684671152
M1,20,GeniusBOABaselineNegotiator,ConcederTBNegotiator,LinearTBNegotiator,0.55,0.5104177855340404,20,9.4,4.750623227812492,20,0.46900462962962963,0.434248958587834,20,0.3088313792935625,0.2857767225191929,20,0.30684905131975077,0.2840078052026393,20,0.31081370726737434,0.2875456398357464,20,1.0866673882167546,1.0058024036262199,20,0.30684905131975077,0.2840078052026393,20,0.16215557830987887,0.15024115338519473,20,0.46342419193146195,0.5256443329079087,20,1.173748363503345,1.0058024036262199,20,0.5192621590121915,0.4449634554443528,20,1.173748363503345,1.0058024036262199,20,0.22370045761428853,2.0820524286841273,0.19031799734993401,0.12524717087624201,0.12447190868042948,0.12602243307205446,0.44081233910241807,0.12447190868042948,0.06584608866950453,0.23037378623244423,0.44081233910241807,0.19501383263984726,0.44081233910241807,0.35,0.75,7.45,11.351249999999999,0.2988503086419753,0.6391589506172839,0.16885941386714715,0.42080895163469484,0.19556460424450342,0.41813349839499814,0.19814300966035697,0.42348440487439154,0.6925579225468356,1.480776853886674,0.19556460424450342,0.41813349839499814,0.08856823591937012,0.22102545222228578,0.2561705949843371,0.6693904994565562,0.7796388978334259,1.567857829173264,0.34490951376539797,0.6936148042589851,0.7771757136729911,1.567857829173264
M1,20,GeniusBOABaselineNegotiator,ConcederTBNegotiator,SmartAspirationNegotiator,0.45,0.5104177855340404,20,11.45,6.476475649773205,20,0.291684684023387,0.3296214961243419,20,0.267616828147618,0.3025345721285858,20,0.2287906368876753,0.2585819773882962,20,0.3064430194075607,0.34648716686887543,20,0.8269183403186229,0.9346906403815136,20,0.2287906368876753,0.2585819773882962,20,0.0777134094559123,0.08784855451049775,20,0.5933850236439497,0.4950445848233326,20,1.4334974114014767,0.9346906403815136,20,0.6341742267149898,0.4135038608142089,20,1.4334974114014767,0.9346906403815136,20,0.22370045761428853,2.8384406022729407,0.14446299014712555,0.1325916222893729,0.11332854832252257,0.1518546962562232,0.40964623472587136,0.11332854832252257,0.038501326563671466,0.21696285533739393,0.40964623472587136,0.1812260573808798,0.40964623472587136,0.25,0.65,8.44875,14.1,0.13023777451793878,0.4208422116277456,0.14907292912887607,0.38616072716635996,0.12746894132107317,0.33011233245427746,0.13673539131895845,0.4422091218784424,0.46067301467678046,1.1931636659604652,0.12746894132107317,0.33011233245427746,0.043291194164733336,0.1121356247470913,0.39940879520771805,0.7873612520801814,1.0672520857596344,1.799742737043319,0.47214857928126336,0.7961998741487162,1.0672520857596344,1.799742737043319
M1,20,GeniusBOABaselineNegotiator,GeniusBOABaselineNegotiator,BoulwareTBNegotiator,0.45,0.5104177855340404,20,11.9,6.889351050333903,20,0.20835135069005367,0.23509968398840853,20,0.342295652222947,0.3872399054859538,20,0.3193703470326028,0.36132307753604986,20,0.36522095741329114,0.41315673343585774,20,0.8929426551359476,1.0095794949603163,20,0.20820646691213587,0.23523414081947147,20,0.15707551743718223,0.17786595764630483,20,0.5958272669214075,0.4922744417001873,20,1.367473096584152,1.009579494960316,20,0.6049653014245504,0.446634427402154,20,1.367473096584152,1.009579494960316,20,0.22370045761428853,3.0193912248036114,0.10303697947781286,0.16971537144436852,0.1583568207891668,0.18107392209957027,0.44246772236655,0.10309590778221486,0.07795319294732628,0.21574878658456567,0.4424677223665499,0.19574616838953057,0.4424677223665499,0.25,0.65,8.94875,14.7,0.11623086012273214,0.30047184125737525,0.19056116472628104,0.4940301397196129,0.17779100251269955,0.4609496915525059,0.2033313269398625,0.5271105878867198,0.4973531895752942,1.288532120696601,0.11603329133466238,0.30037964248960936,0.08694566500881029,0.2267697807200367,0.40293647994182374,0.7887180539009913,0.8729862646333354,1.763062562144805,0.3862060614154818,0.7799726934318054,0.9718836310234986,1.763062562144805
M1,20,GeniusBOABaselineNegotiator,GeniusBOABaselineNegotiator,ConcederTBNegotiator,0.45,0.5104177855340404,20,11.9,6.889351050333903,20,0.20835135069005367,0.23509968398840853,20,0.342295652222947,0.3872399054859538,20,0.3193703470326028,0.36132307753604986,20,0.36522095741329114,0.41315673343585774,20,0.8929426551359476,1.0095794949603163,20,0.20820646691213587,0.23523414081947147,20,0.15707551743718223,0.17786595764630483,20,0.5958272669214075,0.4922744417001873,20,1.367473096584152,1.009579494960316,20,0.6049653014245504,0.446634427402154,20,1.367473096584152,1.009579494960316,20,0.22370045761428853,3.0193912248036114,0.10303697947781286,0.16971537144436852,0.1583568207891668,0.18107392209957027,0.44246772236655,0.10309590778221486,0.07795319294732628,0.21574878658456567,0.4424677223665499,0.19574616838953057,0.4424677223665499,0.25,0.7,8.648750000000001,14.65,0.11623086012273214,0.30047184125737525,0.19056116472628104,0.5319637615937793,0.17779100251269955,0.4609496915525059,0.2033313269398625,0.567582995505077,0.4973531895752942,1.288532120696601,0.11603329133466238,0.30037964248960936,0.08738125415432774,0.2267697807200367,0.40293647994182374,0.7887180539009913,0.9694111968637468,1.763062562144805,0.3862060614154818,0.7799726934318054,0.8729862646333354,1.763062562144805
M1,20,GeniusBOABaselineNegotiator,GeniusBOABaselineNegotiator,GeniusBOABaselineNegotiator,0.45,0.5104177855340404,20,11.9,6.889351050333903,20,0.20835135069005367,0.23509968398840853,20,0.342295652222947,0.3872399054859538,20,0.3193703470326028,0.36132307753604986,20,0.36522095741329114,0.41315673343585774,20,0.8929426551359476,1.0095794949603163,20,0.20820646691213587,0.23523414081947147,20,0.15707551743718223,0.17786595764630483,20,0.5958272669214075,0.4922744417001873,20,1.367473096584152,1.009579494960316,20,0.6049653014245504,0.446634427402154,20,1.367473096584152,1.009579494960316,20,0.22370045761428853,3.0193912248036114,0.10303697947781286,0.16971537144436852,0.1583568207891668,0.18107392209957027,0.44246772236655,0.10309590778221486,0.07795319294732628,0.21574878658456567,0.4424677223665499,0.19574616838953057,0.4424677223665499,0.25,0.65,8.798750000000002,14.6,0.11623086012273214,0.30047184125737525,0.19056116472628104,0.5319637615937793,0.17779100251269955,0.4618345624557546,0.20333132693986244,0.567582995505077,0.49488075541554233,1.288532120696601,0.11603329133466236,0.30037964248960936,0.08738125415432774,0.2267697807200367,0.3547137831969278,0.7887180539009913,0.9718836310234986,1.763062562144805,0.4299579094172955,0.7799726934318054,0.8729862646333354,1.763062562144805
M1,20,GeniusBOABaselineNegotiator,GeniusBOABaselineNegotiator,LinearTBNegotiator,0.45,0.5104177855340404,20,11.9,6.889351050333903,20,0.20835135069005367,0.23509968398840853,20,0.342295652222947,0.3872399054859538,20,0.3193703470326028,0.36132307753604986,20,0.36522095741329114,0.41315673343585774,20,0.8929426551359476,1.0095794949603163,20,0.20820646691213587,0.23523414081947147,20,0.15707551743718223,0.17786595764630483,20,0.5958272669214075,0.4922744417001873,20,1.367473096584152,1.009579494960316,20,0.6049653014245504,0.446634427402154,20,1.367473096584152,1.009579494960316,20,0.22370045761428853,3.0193912248036114,0.10303697947781286,0.16971537144436852,0.1583568207891668,0.18107392209957027,0.44246772236655,0.10309590778221486,0.07795319294732628,0.21574878658456567,0.4424677223665499,0.19574616838953057,0.4424677223665499,0.25,0.65,9.048750000000002,14.80125,0.11623086012273214,0.3235019638992056,0.19056116472628104,0.4940301397196129,0.17779100251269958,0.4609496915525059,0.16285891932150534,0.5271105878867198,0.4973531895752942,1.288532120696601,0.11603329133466238,0.30037964248960936,0.08738125415432774,0.2267697807200367,0.3547137831969278,0.7887180539009913,0.9718836310234986,1.763062562144805,0.3862060614154818,0.7799726934318054,0.9718836310234986,1.763062562144805
M1,20,GeniusBOABaselineNegotiator,GeniusBOABaselineNegotiator,SmartAspirationNegotiator,0.45,0.5104177855340404,20,11.9,6.889351050333903,20,0.20835135069005367,0.23509968398840853,20,0.342295652222947,0.3872399054859538,20,0.3193703470326028,0.36132307753604986,20,0.36522095741329114,0.41315673343585774,20,0.8929426551359476,1.0095794949603163,20,0.20820646691213587,0.23523414081947147,20,0.15707551743718223,0.17786595764630483,20,0.5958272669214075,0.4922744417001873,20,1.367473096584152,1.009579494960316,20,0.6049653014245504,0.446634427402154,20,1.367473096584152,1.009579494960316,20,0.22370045761428853,3.0193912248036114,0.10303697947781286,0.16971537144436852,0.1583568207891668,0.18107392209957027,0.44246772236655,0.10309590778221486,0.07795319294732628,0.21574878658456567,0.4424677223665499,0.19574616838953057,0.4424677223665499,0.25,0.65,9.0,14.55125,0.11623086012273214,0.30047184125737525,0.19056116472628104,0.4940301397196129,0.17779100251269955,0.49634452768248166,0.2033313269398625,0.5271105878867198,0.4973531895752942,1.288532120696601,0.11603329133466238,0.30037964248960936,0.08738125415432774,0.2267697807200367,0.40293647994182374,0.7887180539009913,0.9718836310234986,1.763062562144805,0.3862060614154818,0.7799726934318054,0.8729862646333354,1.763062562144805
M1,20,GeniusBOABaselineNegotiator,LinearTBNegotiator,BoulwareTBNegotiator,0.45,0.5104177855340404,20,11.9,6.889351050333903,20,0.30918468402338695,0.3494710766728879,20,0.20541920139657943,0.23198618343583496,20,0.14537678825643535,0.1639688398300092,20,0.26546161453672357,0.30000352704166067,20,0.7200230868165458,0.8134434435445578,20,0.14537678825643535,0.1639688398300092,20,0.1638078957669516,0.1855022368428787,20,0.6466585986707889,0.4346184066173752,20,1.5403926649035538,0.8134434435445577,20,0.6814643119219848,0.35986452621627457,20,1.5403926649035538,0.8134434435445577,20,0.22370045761428853,3.0193912248036114,0.1531624523876812,0.10167242769663948,0.07186251252212843,0.13148234287115051,0.3565073077809601,0.07186251252212843,0.08129993986555277,0.19047991508794268,0.35650730778096007,0.15771758248882764,0.35650730778096007,0.25,0.7,8.947500000000002,14.6,0.17224937864125062,0.44611998940552333,0.11451869204496576,0.2963197107481932,0.0811279143037177,0.20962566220915307,0.1479094697862138,0.41240179547486056,0.401286762731182,1.0407515129274412,0.0811279143037177,0.21002721767135718,0.09112146433753296,0.2546659350537248,0.4763595146909302,0.8169576826506477,1.1419722597968494,1.8591289889889175,0.5404564801358116,0.8224721437081579,1.2216563408181904,1.859128988988917
M1,20,GeniusBOABaselineNegotiator,LinearTBNegotiator,ConcederTBNegotiator,0.55,0.5104177855340404,20,9.4,4.750623227812492,20,0.46900462962962963,0.434248958587834,20,0.3088313792935625,0.2857767225191929,20,0.30684905131975077,0.2840078052026393,20,0.31081370726737434,0.2875456398357464,20,1.0866673882167546,1.0058024036262199,20,0.30684905131975077,0.2840078052026393,20,0.16215557830987887,0.15024115338519473,20,0.46342419193146195,0.5256443329079087,20,1.173748363503345,1.0058024036262199,20,0.5192621590121915,0.4449634554443528,20,1.173748363503345,1.0058024036262199,20,0.22370045761428853,2.0820524286841273,0.19031799734993401,0.12524717087624201,0.12447190868042948,0.12602243307205446,0.44081233910241807,0.12447190868042948,0.06584608866950453,0.23037378623244423,0.44081233910241807,0.19501383263984726,0.44081233910241807,0.35,0.7512499999999989,7.298750000000001,11.3,0.29885030864197526,0.6391589506172839,0.1968538069524302,0.42080895163469484,0.19556460424450342,0.41813349839499814,0.19814300966035697,0.4241885967344349,0.6925579225468356,1.4807768538866737,0.19556460424450345,0.41813349839499814,0.10328570439747184,0.22102545222228578,0.25745788440636774,0.7208820763378296,0.6811115314159462,1.567857829173264,0.34490951376539797,0.6936148042589853,0.7796388978334259,1.5678578291732639
M1,20,GeniusBOABaselineNegotiator,LinearTBNegotiator,GeniusBOABaselineNegotiator,0.45,0.5104177855340404,20,11.45,6.476475649773205,20,0.26270255244292245,0.2967481729657711,20,0.28031722565643363,0.31694014717714525,20,0.2562463534738266,0.28972394641085975,20,0.30438809783904064,0.34415634794343064,20,0.8233370037557899,0.9306284673200614,20,0.2562463534738266,0.28972394641085975,20,0.04820277130124097,0.054375766562489526,20,0.6036101567915382,0.4834466074500375,20,1.4370787479643097,0.9306284673200614,20,0.6357585974486073,0.41170676970016906,20,1.4370787479643097,0.9306284673200614,20,0.22370045761428853,2.8384406022729407,0.1300556210422646,0.13890514392182943,0.12697711802130096,0.15083316982235784,0.4078659088859234,0.12697711802130096,0.02383123043102778,0.21187981763898822,0.4078659088859234,0.18043844747390003,0.4078659088859234,0.25,0.6512499999999989,8.65,14.05,0.14642597220765924,0.3789791326781857,0.15612870552266253,0.43555287582364743,0.14272211720226835,0.3981516488132744,0.16953529384305666,0.4729541028340206,0.4586833832529843,1.1879906242585954,0.14272211720226835,0.3697705897453849,0.026896395189915927,0.07483574144039724,0.36682050077268663,0.7930418816066194,1.0724251274615042,1.8017323684671152,0.4734288555187332,0.797080080111837,1.0701460423333637,1.8017323684671152
M1,20,GeniusBOABaselineNegotiator,LinearTBNegotiator,LinearTBNegotiator,0.55,0.5104177855340404,20,9.4,4.750623227812492,20,0.46900462962962963,0.434248958587834,20,0.3088313792935625,0.2857767225191929,20,0.30684905131975077,0.2840078052026393,20,0.31081370726737434,0.2875456398357464,20,1.0866673882167546,1.0058024036262199,20,0.30684905131975077,0.2840078052026393,20,0.16215557830987887,0.15024115338519473,20,0.46342419193146195,0.5256443329079087,20,1.173748363503345,1.0058024036262199,20,0.5192621590121915,0.4449634554443528,20,1.173748363503345,1.0058024036262199,20,0.22370045761428853,2.0820524286841273,0.19031799734993401,0.12524717087624201,0.12447190868042948,0.12602243307205446,0.44081233910241807,0.12447190868042948,0.06584608866950453,0.23037378623244423,0.44081233910241807,0.19501383263984726,0.44081233910241807,0.35,0.75,7.1487500000000015,11.35,0.29885030864197526,0.6391589506172839,0.1968538069524302,0.42080895163469484,0.19556460424450342,0.41813349839499814,0.19814300966035697,0.42348440487439165,0.6925579225468356,1.4807768538866737,0.19556460424450342,0.41813349839499814,0.10328570439747184,0.22102545222228578,0.25745788440636774,0.6693904994565562,0.7796388978334259,1.567857829173264,0.34490951376539797,0.7372029655706835,0.7796388978334259,1.5678578291732639
M1,20,GeniusBOABaselineNegotiator,LinearTBNegotiator,SmartAspirationNegotiator,0.45,0.5104177855340404,20,11.9,6.889351050333903,20,0.3224143867454017,0.3644770223765421,20,0.30210967358525587,0.34165848720646813,20,0.265924563585873,0.30070156990713504,20,0.33829478358463855,0.3826154045058011,20,0.9266337339159133,1.0477939967894785,20,0.265924563585873,0.30070156990713504,20,0.07243124693479247,0.08185719962858466,20,0.5664073456940091,0.5256443329079087,20,1.3337820178041864,1.0477939967894785,20,0.5900604863460288,0.4635403889714282,20,1.3337820178041864,1.0477939967894785,20,0.22370045761428853,3.0193912248036114,0.15973909806104938,0.14973843408674736,0.13178827364563878,0.16768859452785592,0.45921596623454414,0.13178827364563878,0.03587549951218802,0.23037378623244423,0.45921596623454414,0.2031555327311342,0.45921596623454414,0.25,0.65,8.9,14.55125,0.178706618653949,0.46522956000398913,0.13476710790202964,0.43598372613183684,0.1480989005978497,0.38448663696757085,0.18837234147949994,0.4882172256897772,0.5160704555641639,1.3371970122676622,0.1480989005978497,0.3837502265738964,0.040356659430777875,0.10450583443880708,0.35915374874688416,0.7723736532191032,0.8205779198644999,1.7443452961559351,0.40842873208165303,0.8171001791764985,0.920652718962741,1.7443452961559351
M1,20,GeniusBOABaselineNegotiator,SmartAspirationNegotiator,BoulwareTBNegotiator,0.4,0.5026246899500346,20,12.3,7.269981539106366,20,0.3047445184952177,0.3815729008815591,20,0.2015063477066199,0.2520829846696577,20,0.1937354699304807,0.24241418917646876,20,0.209277225482759,0.2617517801628466,20,0.7077572139084575,0.8857388702208745,20,0.1937354699304807,0.24241418917646876,20,0.11100904856473703,0.1391587117050904,20,0.6624915232128707,0.46158540212593613,20,1.552658537811642,0.8857388702208744,20,0.6868906910731452,0.3918477693967834,20,1.552658537811642,0.8857388702208744,20,0.2202849828840144,3.1862098916556345,0.16723169716961928,0.11048023917970881,0.10624270271897926,0.11471777564043836,0.3881921755290369,0.10624270271897926,0.06098899445064004,0.20229872196873314,0.3881921755290369,0.1717348568437624,0.3881921755290369,0.2,0.6,8.9,15.252499999999998,0.15291238270439897,0.45657665428603667,0.10119970153103428,0.3268896554261019,0.09727614589665065,0.29019479396431075,0.10512325716541784,0.31343119380010015,0.35531178576646755,1.0602026420504473,0.09667327512143976,0.29019479396431075,0.05563623680774834,0.16638186032172578,0.47882151600657064,0.846161530419171,1.2002131096696522,1.9051039659536317,0.5309700698892805,0.8428113122570096,1.2002131096696522,1.9051039659536317
M1,20,GeniusBOABaselineNegotiator,SmartAspirationNegotiator,ConcederTBNegotiator,0.5,0.512989176042577,20,11.0,6.078434701553735,20,0.34619628814669884,0.3540815872625071,20,0.35697799172065514,0.36533543621432146,20,0.31429438428476164,0.32162119290933405,20,0.39966159915654853,0.4090496795193089,20,1.060152271588009,1.08475245969115,20,0.31429438428476164,0.32162119290933405,20,0.08542269390453869,0.08737156632337681,20,0.5149157688127355,0.5282924319491505,20,1.2002634801320906,1.08475245969115,20,0.5309923536051856,0.47989068332482204,20,1.2002634801320906,1.08475245969115,20,0.2248274191931505,2.663991465135688,0.15518309774519792,0.1601153145130932,0.14095670266856947,0.17927392635761688,0.47541372677138427,0.14095670266856947,0.03829227727354157,0.2315343668080485,0.47541372677138427,0.21032136517789288,0.47541372677138427,0.25,0.75,8.34875,13.451249999999998,0.17363826753013956,0.48424270463994634,0.17893552353805192,0.49941196626673773,0.18890335931598518,0.43968540925353816,0.20031544400231263,0.5591385232799374,0.6372379060025962,1.4830666371734218,0.18890335931598518,0.43968540925353816,0.05135898636302706,0.11948640144605034,0.3089494612876413,0.7208820763378296,0.777349114546678,1.6231778457175032,0.3438965216709101,0.718088185539461,0.777349114546678,1.6231778457175032
M1,20,GeniusBOABaselineNegotiator,SmartAspirationNegotiator,GeniusBOABaselineNegotiator,0.45,0.5104177855340404,20,11.9,6.889351050333903,20,0.20835135069005367,0.23509968398840853,20,0.342295652222947,0.3872399054859538,20,0.3193703470326028,0.36132307753604986,20,0.36522095741329114,0.41315673343585774,20,0.8929426551359476,1.0095794949603163,20,0.20820646691213587,0.23523414081947147,20,0.15707551743718223,0.17786595764630483,20,0.5958272669214075,0.4922744417001873,20,1.367473096584152,1.009579494960316,20,0.6049653014245504,0.446634427402154,20,1.367473096584152,1.009579494960316,20,0.22370045761428853,3.0193912248036114,0.10303697947781286,0.16971537144436852,0.1583568207891668,0.18107392209957027,0.44246772236655,0.10309590778221486,0.07795319294732628,0.21574878658456567,0.4424677223665499,0.19574616838953057,0.4424677223665499,0.25,0.65,8.798750000000002,14.851249999999999,0.11623086012273214,0.30047184125737525,0.19056116472628104,0.4940301397196129,0.17779100251269955,0.4609496915525059,0.2023195167494045,0.5271105878867198,0.4973531895752942,1.288532120696601,0.11603329133466238,0.30037964248960936,0.08738125415432774,0.2267697807200367,0.40293647994182374,0.8369407506458872,0.9718836310234986,1.763062562144805,0.4299579094172955,0.7799726934318055,0.9718836310234986,1.763062562144805
M1,20,GeniusBOABaselineNegotiator,SmartAspirationNegotiator,LinearTBNegotiator,0.5,0.512989176042577,20,11.0,6.078434701553735,20,0.34619628814669884,0.3540815872625071,20,0.35697799172065514,0.36533543621432146,20,0.31429438428476164,0.32162119290933405,20,0.39966159915654853,0.4090496795193089,20,1.060152271588009,1.08475245969115,20,0.31429438428476164,0.32162119290933405,20,0.08542269390453869,0.08737156632337681,20,0.5149157688127355,0.5282924319491505,20,1.2002634801320906,1.08475245969115,20,0.5309923536051856,0.47989068332482204,20,1.2002634801320906,1.08475245969115,20,0.2248274191931505,2.663991465135688,0.15518309774519792,0.1601153145130932,0.14095670266856947,0.17927392635761688,0.47541372677138427,0.14095670266856947,0.03829227727354157,0.2315343668080485,0.47541372677138427,0.21032136517789288,0.47541372677138427,0.3,0.7,8.34875,13.45,0.20814987165345142,0.48424270463994634,0.21454401717457255,0.49941196626673773,0.18890335931598518,0.43968540925353805,0.24018467503315977,0.5591385232799374,0.6372379060025962,1.4830666371734218,0.18890335931598518,0.43968540925353816,0.05135898636302706,0.11948640144605034,0.3076621718656106,0.7723736532191032,0.7773491145466781,1.6231778457175032,0.34272717272132197,0.718088185539461,0.777349114546678,1.6231778457175032
M1,20,GeniusBOABaselineNegotiator,SmartAspirationNegotiator,SmartAspirationNegotiator,0.45,0.5104177855340404,20,11.9,6.889351050333903,20,0.22936921910958907,0.2589394481113977,20,0.3862832727551276,0.43713338073694785,20,0.3307290888177261,0.3742068638214179,20,0.44183745669252905,0.5000598976524778,20,1.0019357646198443,1.1332062095852935,20,0.22922433533167128,0.25907390494246063,20,0.21267414829688472,0.24092935773993573,20,0.5664073456940091,0.5256443329079087,20,1.2584799871002552,1.1332062095852935,20,0.55674713208957,0.5013264523231896,20,1.2584799871002552,1.1332062095852935,20,0.22370045761428853,3.0193912248036114,0.11348521677453949,0.19158215109417404,0.1640033890897326,0.21916091309861546,0.4966495189628876,0.11354414507894149,0.10559194664964483,0.23037378623244423,0.4966495189628876,0.21971600515743803,0.4966495189628876,0.25,0.65,8.898750000000001,14.451249999999998,0.1279074536891407,0.35619642588514955,0.21499873168860364,0.6003889490882826,0.18410141461554583,0.47735676301990637,0.24589604876166132,0.637778864623397,0.5579049170663479,1.4459666121733405,0.12770988490107096,0.3307387857622716,0.11826938240971803,0.3070789141840514,0.3604410381689148,0.8238652301003768,0.8144491395467588,1.7025108346537519,0.31120002022773463,0.7531848215790385,0.811673946749552,1.7025108346537519
M1,20,LinearTBNegotiator,BoulwareTBNegotiator,BoulwareTBNegotiator,0.55,0.5104177855340404,20,10.5,5.652200316783954,20,0.2267849363376583,0.20946125047361136,20,0.4421820444779364,0.4095304520153736,20,0.4376908834900853,0.4054332565328188,20,0.4466732054657877,0.4136276474979284,20,1.1111490252935312,1.0285221545043586,20,0.22666639506481645,0.20959570730467433,20,0.22005674153044782,0.20397530522317264,20,0.500086367669374,0.4916206482660816,20,1.1492667264265684,1.0285221545043586,20,0.5084315686404217,0.4550145935417801,20,1.1492667264265684,1.0285221545043586,20,0.22370045761428853,2.477186009631854,0.09180044056337658,0.17948463419426783,0.17768895910151272,0.18128030928702296,0.45076970895191226,0.0918593688677786,0.08939611904921525,0.2154622489784326,0.45076970895191226,0.19941893813511596,0.45076970895191226,0.35,0.75,7.948750000000001,12.8,0.1447105038198117,0.3088593688555048,0.28171332116066816,0.6026507677952045,0.23911176456860134,0.5965541786272726,0.2845990539684382,0.6087473569631371,0.708137146141148,1.5141609044459143,0.12400749815481833,0.30879351259281496,0.1401318991741976,0.29998158388669804,0.30745176041261146,0.6927209749261365,0.7462548472741852,1.5522786055789517,0.3301405268948028,0.6867226103860408,0.6455018774860894,1.5522786055789517
M1,20,LinearTBNegotiator,BoulwareTBNegotiator,ConcederTBNegotiator,0.55,0.5104177855340404,20,8.3,3.9081561138887873,20,0.2878960474487694,0.26617433775517135,20,0.47206324385659304,0.43726117131711,20,0.41494634637889466,0.38432559059592664,20,0.5291801413342914,0.4901967520382935,20,1.2320225351619556,1.1406966803893914,20,0.2877775061759275,0.2663087945862343,20,0.24145256628784054,0.22383132248197768,20,0.46342419193146195,0.5256443329079087,20,1.028393216558144,1.1406966803893914,20,0.4549575518466334,0.5046402103335902,20,1.028393216558144,1.1406966803893914,20,0.22370045761428853,1.7128249365180006,0.11665604696496418,0.19163815778530288,0.1684381166287882,0.21483819894181763,0.4999323625355699,0.11671497526936618,0.09809840230242228,0.23037378623244423,0.4999323625355699,0.22116832363919708,0.4999323625355699,0.3,0.75,6.498750000000001,9.8,0.1835993927087006,0.392844556280963,0.3007286298561769,0.6433978578570091,0.26435379200941317,0.565538900748376,0.3371034677029406,0.7692759833734799,0.7850566524210543,1.6789884179028565,0.15734083148815164,0.39212684592614827,0.1537474240198111,0.3297058656950445,0.25745788440636774,0.7208820763378296,0.5814273338172429,1.4753590992990453,0.2572214130850913,0.6526936906081755,0.5814273338172429,1.475359099299045
M1,20,LinearTBNegotiator,BoulwareTBNegotiator,GeniusBOABaselineNegotiator,0.5,0.512989176042577,20,11.0,6.078434701553735,20,0.12368827160493827,0.1257931791252554,20,0.40682919492995684,0.41648169153246295,20,0.39734882961095935,0.4068332558584529,20,0.4163095602489542,0.426130127206473,20,0.9373466614648519,0.9587565621901813,20,0.12355655907955845,0.12592831332499355,20,0.29280848020214756,0.3001448935948815,20,0.5428231548661071,0.4996600579951082,20,1.3230690902552475,0.9587565621901813,20,0.5853211247746956,0.4241505402095168,20,1.3230690902552475,0.9587565621901813,20,0.2248274191931505,2.663991465135688,0.0551312915274562,0.18253114923553437,0.1783025358589848,0.186759762612084,0.420193589998525,0.05519051670176931,0.13154429949480886,0.21898567564243565,0.420193589998525,0.18589217035794053,0.420193589998525,0.2987500000000011,0.7,8.3,13.4,0.07464506172839505,0.1727314814814815,0.24445473910015356,0.5692036507597602,0.23873602651170386,0.5559616327102147,0.25017345168860317,0.5824456688093054,0.5635545399287021,1.3111387830010013,0.07446066419286332,0.17265245396625364,0.1757904581415924,0.4098265022627027,0.3480198017623614,0.7376265079698527,0.9492769687190978,1.6968612117913975,0.41995680130822405,0.750685448241167,0.9492769687190981,1.6968612117913975
M1,20,LinearTBNegotiator,BoulwareTBNegotiator,LinearTBNegotiator,0.55,0.5104177855340404,20,8.3,3.9081561138887873,20,0.2878960474487694,0.26617433775517135,20,0.47206324385659304,0.43726117131711,20,0.41494634637889466,0.38432559059592664,20,0.5291801413342914,0.4901967520382935,20,1.2320225351619556,1.1406966803893914,20,0.2877775061759275,0.2663087945862343,20,0.24145256628784054,0.22383132248197768,20,0.46342419193146195,0.5256443329079087,20,1.028393216558144,1.1406966803893914,20,0.4549575518466334,0.5046402103335902,20,1.028393216558144,1.1406966803893914,20,0.22370045761428853,1.7128249365180006,0.11665604696496418,0.19163815778530288,0.1684381166287882,0.21483819894181763,0.4999323625355699,0.11671497526936618,0.09809840230242228,0.23037378623244423,0.4999323625355699,0.22116832363919708,0.4999323625355699,0.3,0.8,6.55,9.85,0.1835993927087006,0.39219270218883817,0.3007286298561769,0.6433978578570091,0.26435379200941317,0.6031870393407464,0.33710346770294064,0.7212568149656423,0.7850566524210544,1.6789884179028565,0.15734083148815164,0.39212684592614827,0.15374742401981112,0.32915770855586984,0.25745788440636774,0.6693904994565562,0.5814273338172429,1.4781526360661734,0.25598556221783275,0.6526936906081755,0.5814273338172429,1.475359099299045
M1,20,LinearTBNegotiator,BoulwareTBNegotiator,SmartAspirationNegotiator,0.5,0.512989176042577,20,11.0,6.078434701553735,20,0.12368827160493827,0.1257931791252554,20,0.40682919492995684,0.41648169153246295,20,0.39734882961095935,0.4068332558584529,20,0.4163095602489542,0.426130127206473,20,0.9373466614648519,0.9587565621901813,20,0.12355655907955845,0.12592831332499355,20,0.29280848020214756,0.3001448935948815,20,0.5428231548661071,0.4996600579951082,20,1.3230690902552475,0.9587565621901813,20,0.5853211247746956,0.4241505402095168,20,1.3230690902552475,0.9587565621901813,20,0.2248274191931505,2.663991465135688,0.0551312915274562,0.18253114923553437,0.1783025358589848,0.186759762612084,0.420193589998525,0.05519051670176931,0.13154429949480886,0.21898567564243565,0.420193589998525,0.18589217035794053,0.420193589998525,0.3,0.7012499999999988,8.3,13.6,0.07464506172839505,0.1727314814814815,0.24445473910015356,0.5692036507597602,0.23873602651170384,0.5559616327102147,0.25017345168860317,0.5824456688093054,0.563554539928702,1.4045868133850388,0.07446066419286332,0.18492642768792739,0.1757904581415924,0.4098265022627027,0.3480198017623614,0.7376265079698527,0.9492769687190981,1.6968612117913975,0.4199568013082241,0.750685448241167,0.9492769687190981,1.7903092421754345
M1,20,LinearTBNegotiator,ConcederTBNegotiator,BoulwareTBNegotiator,0.55,0.5104177855340404,20,9.95,5.195899192733886,20,0.20234049189321382,0.18677601556098736,20,0.4103510476846332,0.37999025766159356,20,0.3476479419978684,0.3218704950793124,20,0.473054153371398,0.43811002024387485,20,1.0230425872624802,0.9467565308841747,20,0.20222195062037202,0.18691047239205028,20,0.27088213388050264,0.251142912881743,20,0.4715803785915876,0.5180751279379749,20,1.2373731644576194,0.9467565308841747,20,0.5474095477860744,0.41884176845066007,20,1.2373731644576194,0.9467565308841747,20,0.22370045761428853,2.277203224641093,0.08185819800274155,0.16653807319612074,0.1410659641619754,0.19201018223026617,0.4149343443949831,0.08191712630714354,0.11006823455309345,0.2270564358901576,0.4149343443949831,0.1835654985500929,0.4149343443949831,0.3487500000000011,0.75,7.75,11.95,0.1286975386165756,0.2755260355221715,0.26145723229220247,0.559244863077064,0.2215275346760328,0.4737683493197039,0.2584701240426156,0.6447213768344241,0.6497508305085766,1.3940157616762998,0.12898372198126234,0.2754601792594816,0.172475330669687,0.36928893709131827,0.2685799571247209,0.725330905425171,0.8663999900437999,1.6083463388714385,0.3832923166388745,0.7525560867200742,0.8663999900437999,1.6083463388714385
M1,20,LinearTBNegotiator,ConcederTBNegotiator,ConcederTBNegotiator,0.8,0.4103913408340616,20,2.65,0.8127277008872492,20,0.6908594584664479,0.3538492693858041,20,0.4260570601835604,0.2181045325197353,20,0.3945933704880048,0.202003107224123,20,0.457520749879116,0.2342059578153476,20,1.5429735788335688,0.7900583344252746,20,0.3945933704880048,0.202003107224123,20,0.29626608797844317,0.15184616216168104,20,0.2059663075250942,0.42263394555932043,20,0.7174421728865308,0.7900583344252746,20,0.31739390080810653,0.3495190359667539,20,0.7174421728865308,0.7900583344252746,20,0.17986193535452039,0.35619361973067704,0.15508127994651746,0.09558852593932854,0.0885317651661863,0.1026452867124708,0.3462583318251745,0.0885317651661863,0.06654951478033114,0.18522749344643882,0.3462583318251745,0.15318347147496367,0.3462583318251745,0.6,0.95,2.25,2.95,0.5184146555782311,0.8201930606326107,0.31976605897653243,0.5057753110888312,0.2961492333317088,0.46842647335522686,0.3433828846213562,0.5431241488224359,1.157946773531296,1.8317436828102736,0.2961492333317088,0.46842647335522686,0.2222654222465223,0.3517665872773839,0.05149157688127355,0.4119326150501884,0.4286720689098262,1.1024689781888035,0.18964301968946265,0.48772840896629843,0.4286720689098262,1.1024689781888035
M1,20,LinearTBNegotiator,ConcederTBNegotiator,GeniusBOABaselineNegotiator,0.55,0.5104177855340404,20,9.95,5.195899192733886,20,0.2074330844858064,0.19150210616778404,20,0.3251586097538913,0.30092892036549285,20,0.1778948555781154,0.1643341415194235,20,0.47242236392966735,0.4375236992115622,20,0.8577503039935891,0.7933599468987695,20,0.1778948555781154,0.1643341415194235,20,0.2945774394810286,0.27313292272205725,20,0.5234175154188604,0.46996858868742647,20,1.4026654477265104,0.7933599468987697,20,0.6205342741303805,0.35097965774439926,20,1.4026654477265104,0.7933599468987697,20,0.22370045761428853,2.277203224641093,0.08392949853620718,0.13188791437724112,0.0720226130464543,0.19175321570802795,0.3477053272906893,0.0720226130464543,0.1197057812915445,0.20597281547256593,0.34770532729068937,0.1538236171934731,0.34770532729068937,0.35,0.75,7.6,12.15,0.11363634013479454,0.3012298288368183,0.20724386269991218,0.4430733568078705,0.11350284331800815,0.24228686783822262,0.3009848820818162,0.6438598457775185,0.4691666920076294,1.1686171935823573,0.11350284331800817,0.24228686783822262,0.16079834201272455,0.40160071745567183,0.33926696188918387,0.7075680689485371,1.0917985581377423,1.7135323373152782,0.48300785256292816,0.7580606956978327,1.0140818357405506,1.7135323373152782
M1,20,LinearTBNegotiator,ConcederTBNegotiator,LinearTBNegotiator,0.7,0.47016234598162726,20,6.5,2.762531257265412,20,0.4339742036629273,0.29075776895220296,20,0.4159264958393491,0.27876156576962385,20,0.3824958964425462,0.25635875588071466,20,0.44935709523615197,0.30116437565853305,20,1.2658271953416256,0.8482809004914507,20,0.3824958964425462,0.25635875588071466,20,0.06689448621325679,0.044753451473435645,20,0.37511312069710445,0.43974849551488276,20,0.994588556378474,0.8482809004914508,20,0.4400024887552769,0.375276494974846,20,0.994588556378474,0.8482809004914508,20,0.20605773335083594,1.2107327055178305,0.12743021072720748,0.12217264287273083,0.11235417853620418,0.13199110720925752,0.3717754964726692,0.11235417853620418,0.019614064905578685,0.1927282756790097,0.3717754964726693,0.1644721756118363,0.3717754964726693,0.5,0.9,5.25,7.6,0.31029021602025664,0.5576581913055978,0.29734551284394894,0.5345074788347493,0.27344473227691035,0.49154706060818204,0.3212462934109876,0.5774678970613165,0.9049812417081547,1.6266731489750963,0.27344473227691035,0.49154706060818204,0.047857040166829026,0.08593193225968454,0.18805071586042826,0.5621755255337806,0.6337426027450033,1.355434510011945,0.2803655045593921,0.5996394729511618,0.6337426027450033,1.355434510011945
M1,20,LinearTBNegotiator,ConcederTBNegotiator,SmartAspirationNegotiator,0.55,0.5104177855340404,20,9.95,5.195899192733886,20,0.2204861111111111,0.20361573697615656,20,0.4673100874703383,0.43285008848625706,20,0.4582580690331162,0.4245202698047125,20,0.47636210590756045,0.4411799071678016,20,1.1551062860517878,1.0693159139486708,20,0.2203675698382693,0.2037501938072195,20,0.2560444671987678,0.23737307839050065,20,0.46342419193146195,0.5256443329079087,20,1.1053094656683118,1.0693159139486708,20,0.48898503066403104,0.47306160963307636,20,1.1053094656683118,1.0693159139486708,20,0.22370045761428853,2.277203224641093,0.08923853131681109,0.18970491549672566,0.18605421149753815,0.1933556194959132,0.4686483623102624,0.08929745962121309,0.10403333850467096,0.23037378623244423,0.4686483623102624,0.20732839167026548,0.4686483623102624,0.35,0.75,7.698750000000001,12.05,0.14070216049382717,0.30027006172839515,0.29770389397401475,0.6369162809666618,0.2503302294102546,0.6246003407314054,0.2602744617896133,0.650312659422507,0.7361099484418566,1.574102623661719,0.14053093421083335,0.3201633643725642,0.1397803571314914,0.349055755252589,0.25745788440636774,0.7208820763378296,0.6863131280583809,1.6290548876807254,0.30362252056336086,0.6743475407647013,0.6863131280583807,1.5243058032782428
M1,20,LinearTBNegotiator,GeniusBOABaselineNegotiator,BoulwareTBNegotiator,0.55,0.5104177855340404,20,10.5,5.652200316783954,20,0.2267849363376583,0.20946125047361136,20,0.4421820444779364,0.4095304520153736,20,0.4376908834900853,0.4054332565328188,20,0.4466732054657877,0.4136276474979284,20,1.1111490252935312,1.0285221545043586,20,0.22666639506481645,0.20959570730467433,20,0.22005674153044782,0.20397530522317264,20,0.500086367669374,0.4916206482660816,20,1.1492667264265684,1.0285221545043586,20,0.5084315686404217,0.4550145935417801,20,1.1492667264265684,1.0285221545043586,20,0.22370045761428853,2.477186009631854,0.09180044056337658,0.17948463419426783,0.17768895910151272,0.18128030928702296,0.45076970895191226,0.0918593688677786,0.08939611904921525,0.2154622489784326,0.45076970895191226,0.19941893813511596,0.45076970895191226,0.3487500000000011,0.75,7.95,12.80125,0.1447105038198117,0.3293779769849664,0.2817133211606681,0.6026507677952045,0.2788275883528981,0.5965541786272726,0.28459905396843815,0.6087473569631371,0.708137146141148,1.5141609044459143,0.12400749815481835,0.3087935125928149,0.1401318991741976,0.29998158388669804,0.30745176041261146,0.6927209749261365,0.7462548472741852,1.5522786055789517,0.3301405268948027,0.6867226103860408,0.6455018774860894,1.5522786055789517
M1,20,LinearTBNegotiator,GeniusBOABaselineNegotiator,ConcederTBNegotiator,0.55,0.5104177855340404,20,8.3,3.9081561138887873,20,0.2878960474487694,0.26617433775517135,20,0.47206324385659304,0.43726117131711,20,0.41494634637889466,0.38432559059592664,20,0.5291801413342914,0.4901967520382935,20,1.2320225351619556,1.1406966803893914,20,0.2877775061759275,0.2663087945862343,20,0.24145256628784054,0.22383132248197768,20,0.46342419193146195,0.5256443329079087,20,1.028393216558144,1.1406966803893914,20,0.4549575518466334,0.5046402103335902,20,1.028393216558144,1.1406966803893914,20,0.22370045761428853,1.7128249365180006,0.11665604696496418,0.19163815778530288,0.1684381166287882,0.21483819894181763,0.4999323625355699,0.11671497526936618,0.09809840230242228,0.23037378623244423,0.4999323625355699,0.22116832363919708,0.4999323625355699,0.35,0.8,6.5,10.0,0.18359939270870057,0.39219270218883817,0.3007286298561769,0.6433978578570091,0.26341258854460475,0.565538900748376,0.3371034677029406,0.7212568149656422,0.7850566524210543,1.6789884179028565,0.15734083148815164,0.39212684592614827,0.1537474240198111,0.32915770855586984,0.25745788440636774,0.6693904994565562,0.5814273338172429,1.4753590992990453,0.2572214130850913,0.6526936906081755,0.5814273338172429,1.4753590992990453
M1,20,LinearTBNegotiator,GeniusBOABaselineNegotiator,GeniusBOABaselineNegotiator,0.45,0.5104177855340404,20,11.45,6.476475649773205,20,0.172719120381791,0.19468340823822552,20,0.32172583473769184,0.3639083483978131,20,0.315301813426977,0.35670829550637356,20,0.3281498560484067,0.3711084012892527,20,0.8161707898571746,0.9225001050338516,20,0.17257423660387317,0.19481786506928842,20,0.15563664638056046,0.1762339012498828,20,0.6353655335821203,0.4474276983383753,20,1.444244961862925,0.9225001050338517,20,0.6389289053413751,0.4081108107355297,20,1.444244961862925,0.9225001050338517,20,0.22370045761428853,2.8384406022729407,0.0853237656427549,0.15948986570104862,0.15633430339050544,0.16264542801159176,0.404303497044852,0.08538269394715689,0.07723791269440573,0.19609383470617187,0.4043034970448521,0.17886244897081027,0.4043034970448521,0.2,0.65,8.7,14.2,0.09643517661814176,0.2490030641454402,0.17913348834558374,0.4652093832947499,0.1755307060651297,0.45507292078882433,0.18273627062603778,0.47356344147077556,0.4547021533093091,1.1776394264050398,0.09623760783007203,0.24891086537767432,0.08658188134509343,0.2246914114160275,0.46004730956285333,0.8106837576013873,0.9924091661780935,1.8057135984107902,0.4790164484082645,0.7988413622744858,1.0827763253150597,1.8057135984107902
M1,20,LinearTBNegotiator,GeniusBOABaselineNegotiator,LinearTBNegotiator,0.55,0.5104177855340404,20,8.3,3.9081561138887873,20,0.2878960474487694,0.26617433775517135,20,0.47206324385659304,0.43726117131711,20,0.41494634637889466,0.38432559059592664,20,0.5291801413342914,0.4901967520382935,20,1.2320225351619556,1.1406966803893914,20,0.2877775061759275,0.2663087945862343,20,0.24145256628784054,0.22383132248197768,20,0.46342419193146195,0.5256443329079087,20,1.028393216558144,1.1406966803893914,20,0.4549575518466334,0.5046402103335902,20,1.028393216558144,1.1406966803893914,20,0.22370045761428853,1.7128249365180006,0.11665604696496418,0.19163815778530288,0.1684381166287882,0.21483819894181763,0.4999323625355699,0.11671497526936618,0.09809840230242228,0.23037378623244423,0.4999323625355699,0.22116832363919708,0.4999323625355699,0.35,0.75,6.6,9.95,0.18359939270870057,0.39219270218883817,0.25789497635607284,0.6433978578570091,0.26435379200941317,0.565538900748376,0.3371034677029406,0.7212568149656422,0.7850566524210544,1.6789884179028565,0.18342816642570678,0.39212684592614827,0.15374742401981112,0.32915770855586984,0.25745788440636774,0.6693904994565562,0.5814273338172429,1.475359099299045,0.25722141308509133,0.6526936906081755,0.5814273338172429,1.4753590992990453
M1,20,LinearTBNegotiator,GeniusBOABaselineNegotiator,SmartAspirationNegotiator,0.5,0.512989176042577,20,11.0,6.078434701553735,20,0.26182188376375215,0.26751527489552507,20,0.429229590356489,0.4394640123182323,20,0.3772982077865243,0.3862617519207364,20,0.48116097292645377,0.49266627271572816,20,1.1202810644767303,1.1464432995319898,20,0.26169017123837235,0.2676504090952632,20,0.2195262807208332,0.22495894333386698,20,0.5149157688127355,0.5282924319491505,20,1.1401346872433693,1.1464432995319898,20,0.5043915865370189,0.5071824944856207,20,1.1401346872433693,1.1464432995319898,20,0.2248274191931505,2.663991465135688,0.11724373857844365,0.19260359542084096,0.16928667674297362,0.21592051409870833,0.5024509294201256,0.11730296375275676,0.09859260393044575,0.2315343668080485,0.5024509294201256,0.22228252879488095,0.5024509294201256,0.3,0.7,8.248750000000001,13.65125,0.1575252290236834,0.366118538503821,0.25789497635607284,0.600564204356905,0.22670565341704277,0.5278907621560056,0.2890842992951029,0.6732376465578046,0.5615737110506039,1.5672469472176314,0.15734083148815162,0.3660395109885931,0.13127298131362902,0.3072314229888625,0.3089494612876413,0.7208820763378296,0.6931688045024682,1.5871005699842704,0.3066554477754768,0.7021277252985609,0.6931688045024682,1.6988420406694957
M1,20,LinearTBNegotiator,LinearTBNegotiator,BoulwareTBNegotiator,0.55,0.5104177855340404,20,9.95,5.195899192733886,20,0.20234049189321382,0.18677601556098736,20,0.4103510476846332,0.37999025766159356,20,0.3476479419978684,0.3218704950793124,20,0.473054153371398,0.43811002024387485,20,1.0230425872624802,0.9467565308841747,20,0.20222195062037202,0.18691047239205028,20,0.27088213388050264,0.251142912881743,20,0.4715803785915876,0.5180751279379749,20,1.2373731644576194,0.9467565308841747,20,0.5474095477860744,0.41884176845066007,20,1.2373731644576194,0.9467565308841747,20,0.22370045761428853,2.277203224641093,0.08185819800274155,0.16653807319612074,0.1410659641619754,0.19201018223026617,0.4149343443949831,0.08191712630714354,0.11006823455309345,0.2270564358901576,0.4149343443949831,0.1835654985500929,0.4149343443949831,0.35,0.75,7.6487500000000015,12.1,0.12915494826425616,0.2755260355221715,0.26145723229220247,0.559244863077064,0.2215275346760328,0.4737683493197039,0.2584701240426156,0.6447213768344241,0.6520694128486609,1.3940157616762998,0.12852598305226834,0.2754601792594816,0.17247533066968704,0.3938906378940221,0.21782985175800426,0.7253309054251709,0.8663999900437999,1.6083463388714385,0.3832923166388745,0.7525560867200743,0.8663999900437999,1.6083463388714385
M1,20,LinearTBNegotiator,LinearTBNegotiator,ConcederTBNegotiator,0.75,0.4442616583193193,20,5.8,2.375311613906246,20,0.5016589506172839,0.29651723336899016,20,0.48570685228245675,0.2871789085318377,20,0.39374250419937845,0.23274908697478572,20,0.577671200365535,0.34160873008888976,20,1.4730726551821975,0.8708750504326656,20,0.39374250419937845,0.23274908697478572,20,0.18395643568253234,0.10881034869991957,20,0.3193184913781698,0.4208716055777829,20,0.787343096537902,0.8708750504326656,20,0.34831782424926067,0.38527206765833205,20,0.787343096537902,0.8708750504326656,20,0.19470625648856144,1.0410262143420637,0.12995440730139327,0.12586170599155114,0.10200678491461981,0.1497166270684825,0.3816778192844955,0.10200678491461981,0.0476882379243013,0.18445511389479483,0.3816778192844955,0.168852928490722,0.3816778192844955,0.55,0.9,4.748750000000001,6.7,0.3681712962962963,0.6017746913580246,0.35642317310192123,0.5826696116678584,0.28896232224296303,0.47232764066669014,0.4238840239608794,0.6939727525215549,1.0810176425001388,1.7671139146937413,0.28896232224296303,0.47232764066669014,0.13497163284739297,0.23294123851767173,0.12984834571222284,0.5087886370441168,0.49330183702635805,1.1793981092199608,0.17487406179816375,0.5217615867003575,0.49330183702635805,1.1793981092199608
M1,20,LinearTBNegotiator,LinearTBNegotiator,GeniusBOABaselineNegotiator,0.55,0.5104177855340404,20,10.5,5.652200316783954,20,0.2707078922700107,0.25022317393015786,20,0.35068382357999045,0.3246171442134935,20,0.2558336639517063,0.23666387602344205,20,0.4455339832082747,0.41257041240354503,20,0.9720755394299916,0.8994574623571449,20,0.2558336639517063,0.23666387602344205,20,0.18975025038604498,0.17584990141002152,20,0.4956790362338226,0.49571079435962473,20,1.288340212290108,0.8994574623571449,20,0.5699571909768035,0.3979168264389806,20,1.288340212290108,0.8994574623571449,20,0.22370045761428853,2.477186009631854,0.10966514118490288,0.1422697362201519,0.1037225168629718,0.18081695557733202,0.39420461362520665,0.1037225168629718,0.07706961734433107,0.21725483454023387,0.39420461362520665,0.17439473836847502,0.39420461362520665,0.35,0.75,7.948750000000001,12.851249999999999,0.17266147577676325,0.3687543087632581,0.223487180589248,0.4778804665707329,0.16310026682847512,0.3717504103557453,0.28387409435002087,0.6071938720665286,0.6196358369552591,1.324515241904724,0.16310026682847512,0.3485670610749375,0.12084595026412306,0.25865455050796693,0.30144176300049585,0.6899163094671492,0.9359005098153755,1.6407799147648405,0.37505958076586243,0.7648548011877447,0.9359005098153755,1.6407799147648405
M1,20,LinearTBNegotiator,LinearTBNegotiator,LinearTBNegotiator,0.7,0.47016234598162726,20,7.2,3.17224808215512,20,0.40127974167698327,0.2687981904551765,20,0.5672753830431979,0.3804166341545814,20,0.5280692476373764,0.35413462489524133,20,0.6064815184490194,0.4066986434139213,20,1.5358305077633791,1.0296314587643391,20,0.4012007141617554,0.268922042995032,20,0.20531409170691503,0.13772443211450666,20,0.3089494612876413,0.48418801169585785,20,0.7245852439567204,1.0296314587643391,20,0.320553970394754,0.45550534585543595,20,0.7245852439567204,1.0296314587643391,20,0.20605773335083594,1.3902990212256685,0.1178060011129951,0.16672494093329718,0.1552063425126212,0.17824353935397313,0.45125588297958946,0.11786028188186247,0.06036039370463603,0.21220475237631067,0.45125588297958946,0.19963401981967213,0.45125588297958946,0.5,0.9,5.848750000000001,8.4,0.28693702888743955,0.515622454466527,0.40545186084669815,0.7290989052396979,0.37742569741607473,0.6787127978586781,0.4334780242773214,0.7794850126207171,1.0978407505808356,1.9738202649459229,0.28680531636205975,0.5155961119614509,0.14672818694801354,0.26389999646581663,0.1029831537625471,0.5149157688127355,0.39609292606981295,1.162575001139264,0.12678883809586255,0.5143191026936453,0.2865954867741771,1.162575001139264
M1,20,LinearTBNegotiator,LinearTBNegotiator,SmartAspirationNegotiator,0.55,0.5104177855340404,20,9.4,4.750623227812492,20,0.22150462962962963,0.2045609550975159,20,0.4115432198147091,0.3810966319499731,20,0.3243253440375893,0.300226369981519,20,0.49876109559182885,0.46196689391842727,20,1.0445910692590479,0.9667542189974621,20,0.2213860883567878,0.20469541192857882,20,0.27742493836451765,0.25721484701976693,20,0.46342419193146195,0.5256443329079087,20,1.2158246824610517,0.9667542189974621,20,0.5378765749335495,0.42768867552873624,20,1.2158246824610517,0.9667542189974621,20,0.22370045761428853,2.0820524286841273,0.08965279142350423,0.1670229631071262,0.13158000809566905,0.20246591811858333,0.4236987176377566,0.08971171972790622,0.11272937702064796,0.23037378623244423,0.4236987176377566,0.1874428265310646,0.4236987176377566,0.3,0.75,7.348750000000001,11.351249999999999,0.14135030864197531,0.301658950617284,0.2622158872840689,0.5608705523453492,0.1772760157763308,0.4419648066465961,0.31774589313955526,0.6797762980441023,0.5710798366978795,1.4234000553079826,0.1411790823589815,0.30209438814207984,0.1766389335231511,0.3782109432058841,0.25745788440636774,0.6693904994565562,0.7423134498998836,1.68933591502222,0.37029280820361327,0.7054603416634857,0.837015696412117,1.5946336685099864
M1,20,LinearTBNegotiator,SmartAspirationNegotiator,BoulwareTBNegotiator,0.55,0.5104177855340404,20,10.5,5.652200316783954,20,0.2267849363376583,0.20946125047361136,20,0.4421820444779364,0.4095304520153736,20,0.4376908834900853,0.4054332565328188,20,0.4466732054657877,0.4136276474979284,20,1.1111490252935312,1.0285221545043586,20,0.22666639506481645,0.20959570730467433,20,0.22005674153044782,0.20397530522317264,20,0.500086367669374,0.4916206482660816,20,1.1492667264265684,1.0285221545043586,20,0.5084315686404217,0.4550145935417801,20,1.1492667264265684,1.0285221545043586,20,0.22370045761428853,2.477186009631854,0.09180044056337658,0.17948463419426783,0.17768895910151272,0.18128030928702296,0.45076970895191226,0.0918593688677786,0.08939611904921525,0.2154622489784326,0.45076970895191226,0.19941893813511596,0.45076970895191226,0.3487500000000011,0.8,8.1,12.9,0.14471050381981174,0.3088593688555048,0.28171332116066816,0.6026507677952045,0.2788275883528981,0.597547074221879,0.28459905396843815,0.6087473569631371,0.708137146141148,1.5141609044459146,0.14453927753681792,0.30879351259281496,0.1401318991741976,0.29998158388669804,0.30745176041261146,0.6927209749261365,0.7462548472741852,1.5522786055789517,0.3301405268948028,0.6867226103860408,0.7462548472741852,1.5522786055789517
M1,20,LinearTBNegotiator,SmartAspirationNegotiator,ConcederTBNegotiator,0.55,0.5104177855340404,20,8.3,3.9081561138887873,20,0.28010010181981326,0.2589394481113977,20,0.47192554328838954,0.43713338073694785,20,0.4040429259188162,0.3742068638214179,20,0.539808160657963,0.5000598976524778,20,1.2239511883965926,1.1332062095852935,20,0.27998156054697143,0.2590739049424606,20,0.25987653124046806,0.24092935773993573,20,0.46342419193146195,0.5256443329079087,20,1.036464563323507,1.1332062095852935,20,0.45852828734483586,0.5013264523231897,20,1.036464563323507,1.1332062095852935,20,0.22370045761428853,1.7128249365180006,0.11348521677453949,0.19158215109417404,0.1640033890897326,0.21916091309861546,0.4966495189628876,0.11354414507894146,0.10559194664964483,0.23037378623244423,0.4966495189628876,0.21971600515743808,0.4966495189628876,0.35,0.75,6.35,9.80125,0.17863833639936488,0.38156186724026164,0.3006410022218656,0.6432100843549136,0.257415251716636,0.5506706001209964,0.3438667527270952,0.7357495685888307,0.779920340843096,1.6679820359500888,0.17846711011637112,0.38149601097757174,0.1654717653533014,0.3542812971276348,0.25745788440636774,0.7208820763378296,0.5924337157700106,1.4804954108770036,0.2620905978553675,0.6549659768343044,0.5924337157700106,1.4832706036742105
M1,20,LinearTBNegotiator,SmartAspirationNegotiator,GeniusBOABaselineNegotiator,0.5,0.512989176042577,20,11.0,6.078434701553735,20,0.19917910490914564,0.20324513987624115,20,0.401939681313889,0.4114651564101518,20,0.39616623368056914,0.4056199380346086,20,0.4077131289472088,0.417310374785695,20,1.0030584675369236,1.0261754526965448,20,0.19904739238376584,0.2033802740759793,20,0.20872121559619475,0.2138731804231177,20,0.5491252112844569,0.49319428453626185,20,1.257357284183176,1.0261754526965448,20,0.5562504522570106,0.4539764208932184,20,1.257357284183176,1.0261754526965448,20,0.2248274191931505,2.663991465135688,0.08907610997650676,0.1803325557807138,0.17777077587702889,0.18289433568439872,0.4497412215379344,0.08913533515081988,0.093734054118073,0.21615192548214113,0.4497412215379344,0.19896393891066125,0.4497412215379344,0.3,0.7,8.35,13.6,0.11993956171091949,0.27841864810737194,0.24152103093051286,0.5623583316972651,0.2370380954239262,0.5543059984076686,0.24501559290755592,0.5704106649868618,0.6029816235719451,1.4031353115019023,0.1197551641753877,0.278339620592144,0.10449232032347724,0.29210433181436884,0.30877204811395,0.7894783744549638,0.8572804402181976,1.6574341281481544,0.37925785978346505,0.733243044730556,0.8572804402181976,1.6574341281481544
M1,20,LinearTBNegotiator,SmartAspirationNegotiator,LinearTBNegotiator,0.55,0.5104177855340404,20,8.3,3.9081561138887873,20,0.28010010181981326,0.2589394481113977,20,0.47192554328838954,0.43713338073694785,20,0.4040429259188162,0.3742068638214179,20,0.539808160657963,0.5000598976524778,20,1.2239511883965926,1.1332062095852935,20,0.27998156054697143,0.2590739049424606,20,0.25987653124046806,0.24092935773993573,20,0.46342419193146195,0.5256443329079087,20,1.036464563323507,1.1332062095852935,20,0.45852828734483586,0.5013264523231897,20,1.036464563323507,1.1332062095852935,20,0.22370045761428853,1.7128249365180006,0.11348521677453949,0.19158215109417404,0.1640033890897326,0.21916091309861546,0.4966495189628876,0.11354414507894146,0.10559194664964483,0.23037378623244423,0.4966495189628876,0.21971600515743808,0.4966495189628876,0.3487500000000011,0.75,6.6487500000000015,9.85,0.15327289504425282,0.38156186724026164,0.3006410022218656,0.6432100843549136,0.257415251716636,0.5506706001209964,0.3438667527270952,0.7357495685888307,0.668912628954722,1.6679820359500888,0.17846711011637112,0.38149601097757174,0.16488173556650712,0.3542812971276348,0.25745788440636774,0.7208820763378296,0.5924337157700106,1.4804954108770036,0.2620905978553675,0.6549659768343044,0.5924337157700106,1.5915031227653778
M1,20,LinearTBNegotiator,SmartAspirationNegotiator,SmartAspirationNegotiator,0.5,0.512989176042577,20,11.0,6.078434701553735,20,0.17295368931094918,0.17633843119805526,20,0.4249409979044428,0.435064009301517,20,0.39448591821254453,0.40389597073974154,20,0.455396077596341,0.4662320478632927,20,1.0228356851198348,1.0464664498010894,20,0.17282197678556938,0.17647356539779344,20,0.2826295798435234,0.2897015621789013,20,0.5313149005811729,0.5114672777617418,20,1.2375800666002648,1.0464664498010894,20,0.5475010805682576,0.4629530868402257,20,1.2375800666002648,1.0464664498010894,20,0.2248274191931505,2.663991465135688,0.07728372496408616,0.1906752090749114,0.1770152138968163,0.20433520425300655,0.458634143113909,0.07734295013839929,0.12696730769910144,0.22416041786303617,0.458634143113909,0.20289813622334915,0.458634143113909,0.25,0.7,8.1,13.40125,0.1042043123520016,0.24170306626989682,0.2553218208848452,0.5945601749240403,0.23701827967265499,0.551953556752434,0.27362536209703525,0.6826094719704732,0.6148479541216918,1.4308234161179776,0.10401991481646984,0.24162403875466892,0.1696831179264179,0.395576041760629,0.3319082457634536,0.7307215553988922,0.8295923356021216,1.7475647303479431,0.32188565413194925,0.7279934217173042,0.8295923356021216,1.6455677975984078
M1,20,SmartAspirationNegotiator,BoulwareTBNegotiator,BoulwareTBNegotiator,0.4,0.5026246899500346,20,10.9,6.640386799133411,20,0.2297656724926677,0.28735735281945135,20,0.2987532162047747,0.37427967748839985,20,0.28581374798959225,0.3581162290779538,20,0.3116926844199571,0.39044312589884583,20,0.8272721049022171,1.035916707796251,20,0.22960761746221192,0.2874897567539145,20,0.0821516417970473,0.10289759888166017,20,0.6367118730134149,0.49397912384724063,20,1.4331436468178824,1.035916707796251,20,0.6340177225040609,0.45828591798121815,20,1.4331436468178824,1.035916707796251,20,0.2202849828840144,2.9102778308318915,0.12593991264878207,0.1640353010863089,0.15695135748458153,0.17111924468803627,0.4540105148213999,0.1259979412315799,0.0450968610608961,0.2164958964760906,0.4540105148213999,0.2008526592844318,0.4540105148213999,0.2,0.6,7.797500000000002,13.501249999999999,0.11542295970312397,0.34410838528221144,0.1498231357801117,0.4476832966294377,0.1433152849262064,0.4283122110529781,0.15633098663401687,0.4670543822058974,0.4150692312633472,1.239474978541087,0.11521221966251627,0.34400301526190763,0.04120753342390347,0.12309575017019117,0.44015204070738684,0.833271705319443,0.9178900547692953,1.8453465204567518,0.45166061703565424,0.8163748279724675,0.9178900547692953,1.8453465204567518
M1,20,SmartAspirationNegotiator,BoulwareTBNegotiator,ConcederTBNegotiator,0.4,0.5026246899500346,20,10.5,6.261830907633125,20,0.26731481481481484,0.33454016786334867,20,0.30421025862682505,0.38113678812696794,20,0.2658099584375577,0.332980232774411,20,0.3426105588160923,0.42929334347952475,20,0.8757353320684649,1.0968137441172845,20,0.2658099584375577,0.332980232774411,20,0.07686717521783673,0.09625734044184257,20,0.6178989225752826,0.5176187572997697,20,1.3846804196516347,1.0968137441172845,20,0.6125777607937566,0.48522655324917396,20,1.3846804196516347,1.0968137441172845,20,0.2202849828840144,2.744368396323067,0.1466186930831411,0.16704056232765566,0.14593502138686815,0.18814610326844314,0.4806998177384524,0.14593502138686815,0.042186639486014726,0.22685642263924508,0.4806998177384524,0.21265991328040257,0.4806998177384524,0.2,0.6,7.65,12.95,0.13419753086419756,0.4004320987654322,0.15255165699113687,0.4558688602625132,0.13331339015018911,0.39830652672492634,0.1717899238320845,0.5134311938001002,0.4393008448464711,1.3121698192904585,0.13331339015018911,0.4314306687967684,0.03856530013429818,0.1151690503013753,0.4119326150501884,0.8238652301003768,0.8391373106241428,1.8211149068736283,0.41950067447019784,0.8056548471173153,0.9482459324296411,1.8211149068736283
M1,20,SmartAspirationNegotiator,BoulwareTBNegotiator,GeniusBOABaselineNegotiator,0.35,0.48936048492959283,20,11.25,6.987771273333226,20,0.27292438271604935,0.38008508034732114,20,0.22085236136724024,0.30754112187059146,20,0.2122502083326669,0.2956204129519715,20,0.22945451440181347,0.3194618307892114,20,0.7146291054505298,0.995167324088504,20,0.2122502083326669,0.2956204129519715,20,0.060674174383382476,0.08446466739534968,20,0.6693904994565562,0.5039588606481888,20,1.5457866462695697,0.9951673240885041,20,0.6838505903585562,0.4402585335601274,20,1.5457866462695697,0.9951673240885041,20,0.21447168872174685,3.0625257893650977,0.16657963107045554,0.1347858394583212,0.12956135842384484,0.14001032049279755,0.4361513099870979,0.12956135842384484,0.03701827264661075,0.220869708973448,0.43615130998709795,0.1929518097081042,0.43615130998709795,0.15,0.55,8.34875,14.05125,0.11758487654320988,0.428263888888889,0.09516132936050219,0.3465433933739782,0.09143113034989761,0.33306928631543625,0.09889152837110675,0.3600175004325202,0.30790753526421427,1.1213506756368452,0.09143113034989761,0.33306928631543625,0.026153746193312278,0.10382470962097021,0.4621369025094313,0.8753568069816502,1.1390650760832544,1.952508216455885,0.5039183943115175,0.8637827864055948,1.1390650760832544,1.952508216455885
M1,20,SmartAspirationNegotiator,BoulwareTBNegotiator,LinearTBNegotiator,0.4,0.5026246899500346,20,10.9,6.640386799133411,20,0.2502777777777777,0.3131320792173286,20,0.26807851037876435,0.3357350162256324,20,0.24350173122037705,0.30494856830348516,20,0.2926552895371516,0.3665214641477796,20,0.7864347985353064,0.9846021116685931,20,0.24350173122037705,0.30494856830348516,20,0.04922013315607663,0.06151712558102325,20,0.650891246293577,0.47616186610067235,20,1.4739809531847932,0.9846021116685932,20,0.652084003601171,0.43558452064375525,20,1.4739809531847932,0.9846021116685932,20,0.2202849828840144,2.9102778308318915,0.137236184552896,0.14714235846667173,0.1336496027600948,0.1606351141732487,0.43152090148623934,0.1336496027600948,0.026961069017593608,0.2086871389752742,0.4315209014862394,0.19090333322879505,0.4315209014862394,0.2,0.6012499999999988,7.8987500000000015,13.65125,0.125679012345679,0.3748765432098765,0.1344857828671065,0.4016712378904222,0.12215927654159882,0.36484418589915524,0.14681228919261413,0.43849828988168904,0.39465057807989196,1.178219018990721,0.12215927654159879,0.36484418589915524,0.02474177910341814,0.0738514769215641,0.4140535642111434,0.8403613919595241,0.9842506776155251,1.8657651736402072,0.47876003868131944,0.8254079685210225,0.9842506776155252,1.8657651736402072
M1,20,SmartAspirationNegotiator,BoulwareTBNegotiator,SmartAspirationNegotiator,0.4,0.5026246899500346,20,10.9,6.640386799133411,20,0.2570809638011252,0.32168070238147217,20,0.3047831880554465,0.38185670931802823,20,0.2514968800967331,0.31499496636619223,20,0.35806949601416,0.4487184522698643,20,0.8666473399120184,1.0853941210175286,20,0.2514968800967331,0.31499496636619223,20,0.10663919075672904,0.13366771564040095,20,0.6178989225752826,0.5176187572997697,20,1.393768411808081,1.0853941210175286,20,0.616598256647022,0.4801745520449416,20,1.393768411808081,1.0853941210175286,20,0.2202849828840144,2.9102778308318915,0.14098278384467064,0.16735608170109972,0.13805263084355288,0.19665953255864663,0.47569494724687017,0.13805263084355288,0.05858245931953347,0.22685642263924508,0.47569494724687017,0.210445776129848,0.47569494724687017,0.2,0.6012499999999988,7.998750000000001,13.7,0.12908060535735272,0.3850813222448978,0.15283812170544758,0.45672825440544546,0.1261568509797768,0.37683690921368934,0.1784034542837253,0.5377355377445947,0.43475684876824783,1.2985378310557887,0.1261568509797768,0.37683690921368934,0.05345130790374434,0.15982707360971374,0.4119326150501884,0.8238652301003768,0.9618779206643108,1.8256589029518515,0.42553141825009594,0.8076650950439481,0.9591786050946647,1.8256589029518515
M1,20,SmartAspirationNegotiator,ConcederTBNegotiator,BoulwareTBNegotiator,0.4,0.5026246899500346,20,10.9,6.640386799133411,20,0.2297656724926677,0.28735735281945135,20,0.3245400997484483,0.40668248835319126,20,0.30210392230542393,0.3785858386147711,20,0.3469762771914725,0.4347791380916114,20,0.8788458719895642,1.100722329525834,20,0.22960761746221192,0.2874897567539145,20,0.11743523456856272,0.14723361107442573,20,0.6178989225752826,0.5176187572997697,20,1.3815698797305354,1.100722329525834,20,0.6112016688430912,0.48695569772428876,20,1.3815698797305354,1.100722329525834,20,0.2202849828840144,2.9102778308318915,0.12593991264878207,0.17823645908643443,0.165922559410433,0.19055035876243578,0.4824128308216509,0.1259979412315799,0.06452797513529564,0.22685642263924508,0.4824128308216509,0.21341774425990045,0.4824128308216509,0.2,0.6,8.05,13.75,0.11542295970312397,0.34410838528221144,0.16271657755194846,0.48636362194494803,0.15146037208412222,0.4527474725267256,0.1739727830197746,0.5632306449060949,0.4408561148070208,1.316835629172108,0.11521221966251623,0.34400301526190763,0.05884932980966119,0.1760211393274643,0.4119326150501884,0.8238652301003768,0.9408426865656037,1.8195596369130786,0.36899525346947687,0.8049668011419826,0.9435801225479921,1.8195596369130786
M1,20,SmartAspirationNegotiator,ConcederTBNegotiator,ConcederTBNegotiator,0.7,0.47016234598162726,20,4.2,1.5078740698501036,20,0.700324074074074,0.4696544545584989,20,0.2935229305138224,0.19654792658395956,20,0.24182753814133778,0.16187737681745712,20,0.345218322886307,0.231218476350462,20,1.287369935101719,0.8627503077264181,20,0.24182753814133778,0.16187737681745712,20,0.4584965359327363,0.3077770777410418,20,0.3089494612876413,0.4841880116958579,20,0.9730458166183806,0.8627503077264181,20,0.4304720562480268,0.38167770998317213,20,0.9730458166183806,0.8627503077264181,20,0.20605773335083594,0.6608549486520432,0.20583514012036433,0.08614092683696083,0.0709458884423038,0.10133596523161786,0.37811699379428604,0.0709458884423038,0.13488925167806054,0.21220475237631067,0.37811699379428604,0.1672776317836893,0.37811699379428604,0.5,0.9,3.55,4.75,0.5005401234567902,0.9001080246913581,0.20991439475428703,0.3771314662733577,0.17296733349033283,0.3106877427923426,0.24686145601824122,0.4435751897543728,0.9203689129653642,1.6543709572380734,0.17296733349033283,0.3106877427923426,0.3275727899664572,0.5894202818990154,0.1029831537625471,0.5149157688127355,0.6060447944820261,1.3400468387547355,0.26811209133578484,0.5928320211602689,0.6060447944820261,1.3400468387547355
M1,20,SmartAspirationNegotiator,ConcederTBNegotiator,GeniusBOABaselineNegotiator,0.4,0.5026246899500346,20,10.9,6.640386799133411,20,0.23363340738410665,0.2922174004459974,20,0.24927009562299088,0.3121010821379517,20,0.22786529440593709,0.28530042028903213,20,0.27067489684004464,0.3389017439868712,20,0.7321735986300885,0.9164195647219008,20,0.22786529440593709,0.28530042028903213,20,0.04287617727340971,0.05354555343456785,20,0.6509680879953085,0.4760653097594024,20,1.528242153090011,0.9164195647219008,20,0.6760889681144147,0.4054208010294286,20,1.528242153090011,0.9164195647219008,20,0.2202849828840144,2.9102778308318915,0.1280699224346834,0.13678433016029423,0.12503842222000505,0.14853023810058338,0.40163858275527187,0.12503842222000505,0.023467373485018043,0.2086448212928975,0.40163858275527187,0.17768350023646692,0.40163858275527187,0.2,0.6,8.19875,13.451249999999998,0.11735682714884346,0.3499099876193699,0.12508157548921978,0.373458615756762,0.11434105813437881,0.34138953067749533,0.13582209284406066,0.4055277008360287,0.36751997812728304,1.0968272191328938,0.11434105813437881,0.36977058974538485,0.021569801162084682,0.06418255338473475,0.4615363631802272,0.8403998128103899,1.1635885325872057,1.8928957735928162,0.5147674854511849,0.8777408214434516,1.1635885325872057,1.8928957735928162
M1,20,SmartAspirationNegotiator,ConcederTBNegotiator,LinearTBNegotiator,0.55,0.5104177855340404,20,8.5,4.559547530644957,20,0.4956738252265471,0.45899883451247564,20,0.2777725815442553,0.25695315384910006,20,0.2529976930728807,0.2340320033401526,20,0.3025474700156298,0.27987430435804744,20,1.0512189883150576,0.9729051422106756,20,0.2529976930728807,0.2340320033401526,20,0.2426761321536664,0.2249668311723229,20,0.46342419193146195,0.5256443329079087,20,1.209196763405042,0.9729051422106756,20,0.5349444067910446,0.43040982238348313,20,1.209196763405042,0.9729051422106756,20,0.22370045761428853,1.9983098121320317,0.2011651087303621,0.11261468493175168,0.10256904780229165,0.1226603220612117,0.4263944785938654,0.10256904780229165,0.09859606092807041,0.23037378623244423,0.4263944785938654,0.18863542172248343,0.4263944785938654,0.35,0.75,6.5,10.45,0.3158216149309228,0.6755260355221715,0.17645984582516983,0.3790853172633409,0.1612955580874043,0.3446998280583572,0.1928826768637923,0.41221226316746734,0.6699998498821194,1.4324381267479958,0.1612955580874043,0.3446998280583572,0.1545260568435185,0.33082620746381425,0.25745788440636774,0.6693904994565562,0.8279776249721037,1.5927985214531841,0.3662943971001975,0.7035944164818917,0.8279776249721037,1.5904159018379804
M1,20,SmartAspirationNegotiator,ConcederTBNegotiator,SmartAspirationNegotiator,0.4,0.5026246899500346,20,10.9,6.640386799133411,20,0.25939530212229733,0.3245888113342687,20,0.23798085339293254,0.29791545244881684,20,0.2034602129960248,0.2546339290968759,20,0.27250149378984023,0.34119697580075786,20,0.7353570089081625,0.9204197162319026,20,0.2034602129960248,0.2546339290968759,20,0.06910785563311757,0.08650727644061083,20,0.6418790807530077,0.4874862083771901,20,1.5250587428119373,0.9204197162319026,20,0.6746806385734214,0.40719045402665166,20,1.5250587428119373,0.9204197162319026,20,0.2202849828840144,2.9102778308318915,0.14225731878833867,0.13056720383173948,0.1115982398683413,0.14953616779513768,0.4033917264518177,0.1115982398683413,0.03791348553123609,0.21365025080490477,0.4033917264518177,0.17845908485854883,0.4033917264518177,0.2,0.6,7.948750000000001,13.85,0.13023777451793878,0.38855282972665595,0.1194369543741906,0.38616072716635996,0.10213851742942268,0.30478190856262694,0.13673539131895845,0.40826759626072207,0.36911168326632005,1.1016023345500048,0.10213851742942268,0.30478190856262694,0.0346856403419386,0.10353007092429653,0.3994087952077181,0.8358553091892394,1.158813417170095,1.8913040684537794,0.5126549911396949,0.8367062860071478,1.158813417170095,1.8913040684537794
M1,20,SmartAspirationNegotiator,GeniusBOABaselineNegotiator,BoulwareTBNegotiator,0.4,0.5026246899500346,20,10.9,6.640386799133411,20,0.2297656724926677,0.28735735281945135,20,0.3245400997484483,0.40668248835319126,20,0.30210392230542393,0.3785858386147711,20,0.3469762771914725,0.4347791380916114,20,0.8788458719895642,1.100722329525834,20,0.22960761746221192,0.2874897567539145,20,0.11743523456856272,0.14723361107442573,20,0.6178989225752826,0.5176187572997697,20,1.3815698797305354,1.100722329525834,20,0.6112016688430912,0.48695569772428876,20,1.3815698797305354,1.100722329525834,20,0.2202849828840144,2.9102778308318915,0.12593991264878207,0.17823645908643443,0.165922559410433,0.19055035876243578,0.4824128308216509,0.1259979412315799,0.06452797513529564,0.22685642263924508,0.4824128308216509,0.21341774425990045,0.4824128308216509,0.2,0.6,8.34875,13.65,0.11542295970312397,0.34410838528221144,0.16271657755194846,0.48636362194494803,0.15146037208412222,0.4527474725267256,0.1739727830197746,0.5199797713631705,0.44085611480702075,1.3168356291721075,0.11521221966251624,0.34400301526190763,0.05884932980966118,0.17602113932746433,0.41064532562815775,0.8238652301003768,0.9435801225479921,1.8195596369130786,0.41743653654419954,0.8049668011419826,0.8340826832523565,1.8195596369130786
M1,20,SmartAspirationNegotiator,GeniusBOABaselineNegotiator,ConcederTBNegotiator,0.4,0.5026246899500346,20,10.5,6.261830907633125,20,0.26731481481481484,0.33454016786334867,20,0.30421025862682505,0.38113678812696794,20,0.2658099584375577,0.332980232774411,20,0.3426105588160923,0.42929334347952475,20,0.8757353320684649,1.0968137441172845,20,0.2658099584375577,0.332980232774411,20,0.07686717521783673,0.09625734044184257,20,0.6178989225752826,0.5176187572997697,20,1.3846804196516347,1.0968137441172845,20,0.6125777607937566,0.48522655324917396,20,1.3846804196516347,1.0968137441172845,20,0.2202849828840144,2.744368396323067,0.1466186930831411,0.16704056232765566,0.14593502138686815,0.18814610326844314,0.4806998177384524,0.14593502138686815,0.042186639486014726,0.22685642263924508,0.4806998177384524,0.21265991328040257,0.4806998177384524,0.2,0.6,7.548750000000001,13.25,0.13419753086419756,0.4004320987654322,0.15255165699113687,0.4937835106714351,0.13331339015018911,0.39830652672492634,0.1717899238320845,0.5134311938001002,0.4393008448464711,1.4212784410959567,0.13331339015018914,0.4314306687967684,0.03856530013429818,0.11516905030137528,0.4119326150501884,0.8238652301003768,0.9482459324296411,1.8211149068736283,0.41950067447019784,0.8056548471173153,0.9482459324296411,1.8211149068736283
M1,20,SmartAspirationNegotiator,GeniusBOABaselineNegotiator,GeniusBOABaselineNegotiator,0.35,0.48936048492959283,20,11.6,7.351333570391014,20,0.14472498992507182,0.20084017456482936,20,0.2345877663991224,0.32674559177660933,20,0.1974802990345943,0.27496952730491164,20,0.2716952337636504,0.37852165624830686,20,0.6139005227233165,0.854331358118048,20,0.14455376364207806,0.20096908437541172,20,0.12721359286414965,0.1774982733801535,20,0.6984871579066927,0.46327670382250435,20,1.6465152289967828,0.8543313581180478,20,0.7284125620447658,0.37795319620646367,20,1.6465152289967828,0.8543313581180478,20,0.21447168872174685,3.221863991379426,0.088022087456217,0.14320256949393537,0.12051070873977433,0.16589443024809633,0.3744272264440877,0.08807858467170504,0.07779204821270545,0.20303996761927465,0.37442722644408766,0.16564529165006978,0.37442722644408766,0.15,0.55,8.548750000000002,14.6,0.06264227963279093,0.22680770021735275,0.10104793151702314,0.3681276012812217,0.0851011692221522,0.30985942884703643,0.11699469381189398,0.4263957737154068,0.26473814266683715,0.963062902779796,0.06241836833964524,0.22668915894451094,0.05467063982792679,0.19975654590037253,0.5091475123531051,0.8878268034602801,1.2973528489403037,1.9956776090532617,0.573944349818418,0.8828807742711133,1.2973528489403037,1.9956776090532617
M1,20,SmartAspirationNegotiator,GeniusBOABaselineNegotiator,LinearTBNegotiator,0.4,0.5026246899500346,20,10.9,6.640386799133411,20,0.2297656724926677,0.28735735281945135,20,0.3245400997484483,0.40668248835319126,20,0.30210392230542393,0.3785858386147711,20,0.3469762771914725,0.4347791380916114,20,0.8788458719895642,1.100722329525834,20,0.22960761746221192,0.2874897567539145,20,0.11743523456856272,0.14723361107442573,20,0.6178989225752826,0.5176187572997697,20,1.3815698797305354,1.100722329525834,20,0.6112016688430912,0.48695569772428876,20,1.3815698797305354,1.100722329525834,20,0.2202849828840144,2.9102778308318915,0.12593991264878207,0.17823645908643443,0.165922559410433,0.19055035876243578,0.4824128308216509,0.1259979412315799,0.06452797513529564,0.22685642263924508,0.4824128308216509,0.21341774425990045,0.4824128308216509,0.2,0.6,8.197500000000002,13.6,0.11542295970312395,0.3726940634795973,0.16271657755194846,0.48636362194494803,0.15146037208412222,0.45274747252672565,0.13072190947685017,0.5199797713631705,0.44085611480702075,1.3168356291721075,0.11521221966251623,0.34400301526190763,0.05884932980966118,0.1760211393274643,0.4119326150501884,0.8238652301003768,0.9435801225479921,1.8195596369130786,0.41743653654419954,0.8534080842167053,0.9435801225479921,1.8195596369130786
M1,20,SmartAspirationNegotiator,GeniusBOABaselineNegotiator,SmartAspirationNegotiator,0.4,0.5026246899500346,20,10.9,6.640386799133411,20,0.2297656724926677,0.28735735281945135,20,0.2987532162047747,0.37427967748839985,20,0.28581374798959225,0.3581162290779538,20,0.3116926844199571,0.39044312589884583,20,0.8272721049022171,1.035916707796251,20,0.22960761746221192,0.2874897567539145,20,0.0821516417970473,0.10289759888166017,20,0.6367118730134149,0.49397912384724063,20,1.4331436468178824,1.035916707796251,20,0.6340177225040609,0.45828591798121815,20,1.4331436468178824,1.035916707796251,20,0.2202849828840144,2.9102778308318915,0.12593991264878207,0.1640353010863089,0.15695135748458153,0.17111924468803627,0.4540105148213999,0.1259979412315799,0.0450968610608961,0.2164958964760906,0.4540105148213999,0.2008526592844318,0.4540105148213999,0.2,0.65,7.9,13.701249999999998,0.11542295970312395,0.34410838528221144,0.1498231357801117,0.4476832966294377,0.1433152849262064,0.4283122110529781,0.15633098663401687,0.4670543822058974,0.4150692312633472,1.239474978541087,0.11521221966251623,0.34400301526190763,0.04120753342390347,0.12309575017019117,0.39101208263087983,0.8824116633959498,1.0209407731790126,1.8453465204567518,0.45166061703565424,0.8163748279724675,1.0209407731790126,1.8453465204567518
M1,20,SmartAspirationNegotiator,LinearTBNegotiator,BoulwareTBNegotiator,0.4,0.5026246899500346,20,10.9,6.640386799133411,20,0.2297656724926677,0.28735735281945135,20,0.3245400997484483,0.40668248835319126,20,0.30210392230542393,0.3785858386147711,20,0.3469762771914725,0.4347791380916114,20,0.8788458719895642,1.100722329525834,20,0.22960761746221192,0.2874897567539145,20,0.11743523456856272,0.14723361107442573,20,0.6178989225752826,0.5176187572997697,20,1.3815698797305354,1.100722329525834,20,0.6112016688430912,0.48695569772428876,20,1.3815698797305354,1.100722329525834,20,0.2202849828840144,2.9102778308318915,0.12593991264878207,0.17823645908643443,0.165922559410433,0.19055035876243578,0.4824128308216509,0.1259979412315799,0.06452797513529564,0.22685642263924508,0.4824128308216509,0.21341774425990045,0.4824128308216509,0.2,0.6,8.05,13.6,0.11542295970312397,0.34410838528221144,0.16271657755194846,0.48636362194494803,0.15146037208412222,0.4527474725267256,0.1739727830197746,0.5210610432017426,0.44085611480702075,1.3168356291721075,0.11521221966251623,0.3440030152619076,0.05884932980966119,0.19066761551718964,0.4119326150501884,0.8238652301003768,0.9435801225479921,1.8195596369130786,0.41743653654419954,0.8049668011419826,0.9408426865656037,1.8195596369130786
M1,20,SmartAspirationNegotiator,LinearTBNegotiator,ConcederTBNegotiator,0.55,0.5104177855340404,20,8.5,4.559547530644957,20,0.4956738252265471,0.45899883451247564,20,0.2777725815442553,0.25695315384910006,20,0.2529976930728807,0.2340320033401526,20,0.3025474700156298,0.27987430435804744,20,1.0512189883150576,0.9729051422106756,20,0.2529976930728807,0.2340320033401526,20,0.2426761321536664,0.2249668311723229,20,0.46342419193146195,0.5256443329079087,20,1.209196763405042,0.9729051422106756,20,0.5349444067910446,0.43040982238348313,20,1.209196763405042,0.9729051422106756,20,0.22370045761428853,1.9983098121320317,0.2011651087303621,0.11261468493175168,0.10256904780229165,0.1226603220612117,0.4263944785938654,0.10256904780229165,0.09859606092807041,0.23037378623244423,0.4263944785938654,0.18863542172248343,0.4263944785938654,0.35,0.8,6.5,10.35,0.3158216149309228,0.6755260355221715,0.17708911747559836,0.37845604561291235,0.1612955580874043,0.3446998280583572,0.1928826768637923,0.4122122631674673,0.6699998498821194,1.4324381267479958,0.1612955580874043,0.3446998280583572,0.1545260568435185,0.33082620746381425,0.25745788440636774,0.7208820763378296,0.8279776249721035,1.5904159018379804,0.3662943971001975,0.7035944164818917,0.8279776249721037,1.5904159018379804
M1,20,SmartAspirationNegotiator,LinearTBNegotiator,GeniusBOABaselineNegotiator,0.4,0.5026246899500346,20,10.9,6.640386799133411,20,0.23363340738410665,0.2922174004459974,20,0.24927009562299088,0.3121010821379517,20,0.22786529440593709,0.28530042028903213,20,0.27067489684004464,0.3389017439868712,20,0.7321735986300885,0.9164195647219008,20,0.22786529440593709,0.28530042028903213,20,0.04287617727340971,0.05354555343456785,20,0.6509680879953085,0.4760653097594024,20,1.528242153090011,0.9164195647219008,20,0.6760889681144147,0.4054208010294286,20,1.528242153090011,0.9164195647219008,20,0.2202849828840144,2.9102778308318915,0.1280699224346834,0.13678433016029423,0.12503842222000505,0.14853023810058338,0.40163858275527187,0.12503842222000505,0.023467373485018043,0.2086448212928975,0.40163858275527187,0.17768350023646692,0.40163858275527187,0.2,0.6,8.048750000000002,13.7,0.11735682714884346,0.3499099876193699,0.12508157548921978,0.373458615756762,0.11434105813437881,0.34138953067749533,0.13582209284406066,0.4055277008360287,0.36751997812728304,1.1879906242585954,0.11434105813437881,0.34138953067749533,0.021569801162084682,0.06418255338473475,0.4615363631802272,0.8403998128103899,1.1635885325872057,1.8928957735928162,0.4744371147853775,0.8374104507776444,1.1635885325872057,1.8928957735928162
M1,20,SmartAspirationNegotiator,LinearTBNegotiator,LinearTBNegotiator,0.55,0.5104177855340404,20,9.05,5.010252646219287,20,0.47940029280994534,0.4438964701872059,20,0.2770205082689045,0.2562552055295294,20,0.23023750787483627,0.21290981547264262,20,0.3238035086629728,0.29960059558641616,20,1.0334413093477544,0.9564068812462646,20,0.23023750787483627,0.21290981547264262,20,0.24916278493510902,0.23098665471456323,20,0.46342419193146195,0.5256443329079087,20,1.2269744423723452,0.9564068812462646,20,0.5428091896097695,0.42311104960159274,20,1.2269744423723452,0.9564068812462646,20,0.22370045761428853,2.195840038273328,0.19454620573291703,0.11230879559383271,0.09331184081285802,0.1313057503748074,0.4191637969205824,0.09331184081285802,0.101234364920059,0.23037378623244423,0.4191637969205824,0.18543659351232752,0.4191637969205824,0.3,0.75,6.95,11.1,0.3054657306658125,0.6533348549540782,0.17661052539128422,0.3774304911465248,0.1468118038704669,0.31366321187920565,0.17706068147438364,0.4411977704138441,0.6586867814483808,1.4081958372471275,0.12595537786937458,0.31366321187920565,0.15865392679534562,0.3396716430748724,0.25745788440636774,0.6693904994565562,0.8522199144729721,1.6954176022465621,0.3770191009439132,0.7096354663297864,0.8522199144729721,1.6017289702717186
M1,20,SmartAspirationNegotiator,LinearTBNegotiator,SmartAspirationNegotiator,0.4,0.5026246899500346,20,10.9,6.640386799133411,20,0.2334693761963714,0.29201128513380353,20,0.22807997125224685,0.285474382908332,20,0.16667366799691938,0.20840936466060497,20,0.2894862745075744,0.36253940115605904,20,0.6896293187008652,0.8629600509504675,20,0.16667366799691938,0.20840936466060497,20,0.12287918134995715,0.15407426623218287,20,0.6575620059893874,0.4677796447910778,20,1.5707864330192343,0.8629600509504674,20,0.6949104083281668,0.38177049964980303,20,1.5707864330192343,0.8629600509504674,20,0.2202849828840144,2.9102778308318915,0.12797958841622667,0.12511466469949553,0.0913394312796164,0.1588898981193747,0.3782089178152177,0.0913394312796164,0.067526024444198,0.20501346851173685,0.37820891781521765,0.16731829864811976,0.37820891781521765,0.2,0.65,7.85,13.80125,0.11727481155497584,0.34966394083776703,0.11448651330384778,0.341673429200646,0.08374524492986998,0.24960209106396883,0.14522778167782552,0.43374476733732326,0.34624783816267135,1.0330107992390591,0.08374524492986998,0.2703341968307312,0.0615713032003584,0.1841870594995559,0.4248935487168352,0.8436967718074293,1.2274049524810404,1.9141679135574279,0.5429996457718128,0.8468211708845204,1.2274049524810402,1.9141679135574279
M1,20,SmartAspirationNegotiator,SmartAspirationNegotiator,BoulwareTBNegotiator,0.4,0.5026246899500346,20,10.9,6.640386799133411,20,0.2297656724926677,0.28735735281945135,20,0.3245400997484483,0.40668248835319126,20,0.30210392230542393,0.3785858386147711,20,0.3469762771914725,0.4347791380916114,20,0.8788458719895642,1.100722329525834,20,0.22960761746221192,0.2874897567539145,20,0.11743523456856272,0.14723361107442573,20,0.6178989225752826,0.5176187572997697,20,1.3815698797305354,1.100722329525834,20,0.6112016688430912,0.48695569772428876,20,1.3815698797305354,1.100722329525834,20,0.2202849828840144,2.9102778308318915,0.12593991264878207,0.17823645908643443,0.165922559410433,0.19055035876243578,0.4824128308216509,0.1259979412315799,0.06452797513529564,0.22685642263924508,0.4824128308216509,0.21341774425990045,0.4824128308216509,0.2,0.6,8.09875,13.65125,0.11542295970312397,0.34410838528221144,0.16271657755194846,0.48636362194494803,0.15146037208412222,0.45274747252672565,0.1739727830197746,0.5199797713631704,0.44085611480702075,1.426333068467743,0.08661337021259236,0.3440030152619076,0.05884932980966118,0.1760211393274643,0.4119326150501884,0.8238652301003768,0.9435801225479921,1.8195596369130786,0.41743653654419965,0.8049668011419826,0.9435801225479921,1.8195596369130786
M1,20,SmartAspirationNegotiator,SmartAspirationNegotiator,ConcederTBNegotiator,0.4,0.5026246899500346,20,10.5,6.261830907633125,20,0.27717307990007517,0.3469276864431592,20,0.2857610044476139,0.3579541614728794,20,0.25159887180037344,0.31512312523724145,20,0.3199231370948542,0.4007851977085172,20,0.8486950887953026,1.0628360093889178,20,0.25159887180037344,0.31512312523724145,20,0.06839084013378287,0.08560630220800465,20,0.6178989225752826,0.5176187572997697,20,1.411720662924797,1.0628360093889178,20,0.6245402695723233,0.47019492258454476,20,1.411720662924797,1.0628360093889178,20,0.2202849828840144,2.744368396323067,0.15204776247207266,0.15688032822492973,0.1381087989452797,0.17565185750457973,0.465808418921932,0.1381087989452797,0.03751861616373979,0.22685642263924508,0.465808418921932,0.20607201067656145,0.465808418921932,0.2,0.6,7.7,13.201249999999998,0.1391266634068277,0.4160822864964047,0.14332702990153123,0.42908519133460865,0.12620784683159697,0.37698989676914985,0.1604462129714654,0.4794000612182431,0.42578072320988997,1.2716094543807153,0.126207846831597,0.3769898967691499,0.034327132592271256,0.1109704745606724,0.4119326150501884,0.8238652301003768,0.8830777059430315,1.834635028510209,0.4362750886884597,0.8116361015065987,0.8830777059430315,1.834635028510209
M1,20,SmartAspirationNegotiator,SmartAspirationNegotiator,GeniusBOABaselineNegotiator,0.35,0.48936048492959283,20,11.25,6.987771273333226,20,0.27292438271604935,0.38008508034732114,20,0.22085236136724024,0.30754112187059146,20,0.2122502083326669,0.2956204129519715,20,0.22945451440181347,0.3194618307892114,20,0.7146291054505298,0.995167324088504,20,0.2122502083326669,0.2956204129519715,20,0.060674174383382476,0.08446466739534968,20,0.6693904994565562,0.5039588606481888,20,1.5457866462695697,0.9951673240885041,20,0.6838505903585562,0.4402585335601274,20,1.5457866462695697,0.9951673240885041,20,0.21447168872174685,3.0625257893650977,0.16657963107045554,0.1347858394583212,0.12956135842384484,0.14001032049279755,0.4361513099870979,0.12956135842384484,0.03701827264661075,0.220869708973448,0.43615130998709795,0.1929518097081042,0.43615130998709795,0.15,0.55,8.397500000000003,14.0,0.11758487654320988,0.428263888888889,0.09516132936050219,0.37796615137566275,0.09143113034989761,0.3330692863154362,0.09889152837110675,0.3600175004325202,0.30790753526421427,1.1213506756368452,0.09143113034989761,0.3330692863154362,0.02615374619331229,0.09519460257345266,0.46342419193146195,0.8753568069816502,1.0373846835366756,1.952508216455885,0.5027938180862245,0.8637827864055948,1.1390650760832544,1.952508216455885
M1,20,SmartAspirationNegotiator,SmartAspirationNegotiator,LinearTBNegotiator,0.4,0.5026246899500346,20,10.5,6.261830907633125,20,0.27717307990007517,0.3469276864431592,20,0.2857610044476139,0.3579541614728794,20,0.25159887180037344,0.31512312523724145,20,0.3199231370948542,0.4007851977085172,20,0.8486950887953026,1.0628360093889178,20,0.25159887180037344,0.31512312523724145,20,0.06839084013378287,0.08560630220800465,20,0.6178989225752826,0.5176187572997697,20,1.411720662924797,1.0628360093889178,20,0.6245402695723233,0.47019492258454476,20,1.411720662924797,1.0628360093889178,20,0.2202849828840144,2.744368396323067,0.15204776247207266,0.15688032822492973,0.1381087989452797,0.17565185750457973,0.465808418921932,0.1381087989452797,0.03751861616373979,0.22685642263924508,0.465808418921932,0.20607201067656145,0.465808418921932,0.2,0.65,7.75,13.101249999999999,0.1391266634068277,0.41521949639332256,0.14332702990153123,0.42908519133460865,0.12620784683159697,0.4083376530113439,0.1604462129714654,0.4794000612182431,0.42578072320988997,1.2716094543807153,0.12620784683159697,0.3769898967691499,0.034327132592271256,0.10245454767529452,0.3604410381689148,0.8238652301003768,0.8830777059430315,1.834635028510209,0.43744443763804786,0.8116361015065987,0.9888062973393843,1.834635028510209
M1,20,SmartAspirationNegotiator,SmartAspirationNegotiator,SmartAspirationNegotiator,0.4,0.5026246899500346,20,10.9,6.640386799133411,20,0.2297656724926677,0.28735735281945135,20,0.2987532162047747,0.37427967748839985,20,0.28581374798959225,0.3581162290779538,20,0.3116926844199571,0.39044312589884583,20,0.8272721049022171,1.035916707796251,20,0.22960761746221192,0.2874897567539145,20,0.0821516417970473,0.10289759888166017,20,0.6367118730134149,0.49397912384724063,20,1.4331436468178824,1.035916707796251,20,0.6340177225040609,0.45828591798121815,20,1.4331436468178824,1.035916707796251,20,0.2202849828840144,2.9102778308318915,0.12593991264878207,0.1640353010863089,0.15695135748458153,0.17111924468803627,0.4540105148213999,0.1259979412315799,0.0450968610608961,0.2164958964760906,0.4540105148213999,0.2008526592844318,0.4540105148213999,0.2,0.6,8.1,13.701249999999998,0.11542295970312397,0.34410838528221144,0.1498231357801117,0.4476832966294377,0.1433152849262064,0.4283122110529781,0.15633098663401687,0.4670543822058974,0.4150692312633472,1.239474978541087,0.11521221966251624,0.3726018647118315,0.04120753342390347,0.12309575017019117,0.39101208263087983,0.833271705319443,1.0209407731790126,1.8453465204567518,0.45166061703565424,0.8163748279724675,1.0209407731790126,1.8453465204567518
M1,40,BoulwareTBNegotiator,BoulwareTBNegotiator,BoulwareTBNegotiator,0.2,0.41039134083406165,20,16.15,12.196958205785743,20,0.10686666090956487,0.21706914140919636,20,0.13083120308049045,0.2666274533518714,20,0.12446809338218705,0.253727055573347,20,0.13719431277879385,0.27952785113039563,20,0.3685290670705458,0.7503240481129391,20,0.10665592086895717,0.2171772487689869,20,0.030627158362239493,0.06230506613213039,20,0.8454727002272463,0.3782963523723309,20,1.8918866846495537,0.7503240481129391,20,0.8369640333685926,0.3319407270728705,20,1.8918866846495537,0.7503240481129391,20,0.1798619353545204,5.345552622704714,0.0951347457776616,0.11685463363103794,0.11120078502260268,0.12250848223947318,0.3288440130397375,0.09518212591711209,0.027306399189956435,0.16579568647077014,0.3288440130397375,0.14547943792618606,0.3288440130397375,0.05,0.35,11.09875,21.30125,0.0275268504125764,0.21265307490554952,0.03337759228670912,0.2607693508055322,0.03172963974266222,0.24811936490155348,0.035025544830756,0.2734193367095109,0.09428203498599463,0.7341917765166139,0.02727659661435474,0.21249501987509373,0.007854358378629609,0.060990891673719336,0.70605132944484,0.9837418282759145,1.5262239752034858,2.1661337167341044,0.6751961332963111,0.9582899584228036,1.5262239752034858,2.1661337167341044
M1,40,BoulwareTBNegotiator,BoulwareTBNegotiator,ConcederTBNegotiator,0.2,0.41039134083406165,20,15.55,11.245934938082247,20,0.1271604938271605,0.2587112079177688,20,0.13882381344603614,0.2830279437752739,20,0.10947194532157298,0.22295560902363945,20,0.16817568157049928,0.3431002785269084,20,0.4048081207192328,0.8247670954683167,20,0.10947194532157298,0.22295560902363945,20,0.05879250270132913,0.1200991332739906,20,0.8403613919595241,0.3887845356393647,20,1.8556076310008667,0.8247670954683167,20,0.8209143072856453,0.3648740701088713,20,1.8556076310008667,0.8247670954683167,20,0.1798619353545204,4.9287482984499915,0.11338518609926171,0.12404246547544617,0.09771460395737777,0.15037032699351457,0.36147011705015414,0.09771460395737777,0.052635765903732167,0.1703923354569006,0.36147011705015414,0.1599131119021302,0.36147011705015414,0.05,0.4,10.94875,20.15,0.03260030864197531,0.25324074074074077,0.035375744878095534,0.27675457153662364,0.027980602727508703,0.2181270687803253,0.042770887028682356,0.3353820742929218,0.1033517983981664,0.7087765790596392,0.027980602727508696,0.2181270687803253,0.014895694463402021,0.11732158035189863,0.650891246293577,0.982464001208984,1.4536658679061119,2.157063953321933,0.6430966811304165,0.9542775269020666,1.5541513086798004,2.157063953321933
M1,40,BoulwareTBNegotiator,BoulwareTBNegotiator,GeniusBOABaselineNegotiator,0.2,0.41039134083406165,20,15.75,11.557066646588321,20,0.12283036711053139,0.24982597537167472,20,0.14039920088674568,0.2862605705959036,20,0.1396758602996105,0.2849327348550134,20,0.14112254147388092,0.2875884063367937,20,0.4036287688840228,0.822347116563482,20,0.12261962706992369,0.24993408273146525,20,0.01859168085636006,0.03760878737605015,20,0.8352565308578752,0.39925948960075125,20,1.8567869828360766,0.822347116563482,20,0.8214360484008859,0.36380347992961193,20,1.8567869828360766,0.822347116563482,20,0.1798619353545204,5.065107781884336,0.10949106124134558,0.12545922664554232,0.12487727697354378,0.12604117631754078,0.36040951453243025,0.10953844138079608,0.016482777804340078,0.17498318644419342,0.36040951453243025,0.15944390506842415,0.36040951453243025,0.05,0.4,10.8,20.85,0.03151777696281803,0.24458048730748252,0.035769591738272925,0.2799053464180427,0.03553158147201808,0.27853489873640036,0.03600760200452777,0.2812757940996851,0.1030569604393639,0.8043911801435678,0.03126752316459638,0.24442243227702676,0.004845489002159748,0.03691993666196047,0.6406815240902793,0.9811877859335716,1.4560245715765319,2.157358791280735,0.6441401633608977,0.9544079621808766,1.4560245715765319,2.157358791280735
M1,40,BoulwareTBNegotiator,BoulwareTBNegotiator,LinearTBNegotiator,0.2,0.41039134083406165,20,15.55,11.245934938082247,20,0.1271604938271605,0.2587112079177688,20,0.13882381344603614,0.2830279437752739,20,0.10947194532157298,0.22295560902363945,20,0.16817568157049928,0.3431002785269084,20,0.4048081207192328,0.8247670954683167,20,0.10947194532157298,0.22295560902363945,20,0.05879250270132913,0.1200991332739906,20,0.8403613919595241,0.3887845356393647,20,1.8556076310008667,0.8247670954683167,20,0.8209143072856453,0.3648740701088713,20,1.8556076310008667,0.8247670954683167,20,0.1798619353545204,4.9287482984499915,0.11338518609926171,0.12404246547544617,0.09771460395737777,0.15037032699351457,0.36147011705015414,0.09771460395737777,0.052635765903732167,0.1703923354569006,0.36147011705015414,0.1599131119021302,0.36147011705015414,0.05,0.35,10.9,20.75,0.03260030864197531,0.25324074074074077,0.03537574487809554,0.27675457153662364,0.027980602727508696,0.2181270687803253,0.042770887028682356,0.33538207429292183,0.10335179839816637,0.7087765790596392,0.027980602727508696,0.2181270687803253,0.014895694463402021,0.11732158035189863,0.6508912462935771,0.982464001208984,1.4536658679061119,2.157063953321933,0.6875510876692236,0.9542775269020668,1.5541513086798004,2.157063953321933
M1,40,BoulwareTBNegotiator,BoulwareTBNegotiator,SmartAspirationNegotiator,0.2,0.41039134083406165,20,16.15,12.196958205785743,20,0.10686666090956487,0.21706914140919636,20,0.13083120308049045,0.2666274533518714,20,0.12446809338218705,0.253727055573347,20,0.13719431277879385,0.27952785113039563,20,0.3685290670705458,0.7503240481129391,20,0.10665592086895717,0.2171772487689869,20,0.030627158362239493,0.06230506613213039,20,0.8454727002272463,0.3782963523723309,20,1.8918866846495537,0.7503240481129391,20,0.8369640333685926,0.3319407270728705,20,1.8918866846495537,0.7503240481129391,20,0.1798619353545204,5.345552622704714,0.0951347457776616,0.11685463363103794,0.11120078502260268,0.12250848223947318,0.3288440130397375,0.09518212591711209,0.027306399189956435,0.16579568647077014,0.3288440130397375,0.14547943792618606,0.3288440130397375,0.05,0.4,11.048750000000002,22.05,0.0275268504125764,0.18620647140655336,0.03337759228670911,0.2607693508055322,0.03172963974266222,0.24811936490155348,0.035025544830756,0.23936308072683166,0.09428203498599463,0.7341917765166139,0.027276596614354748,0.21249501987509373,0.007854358378629609,0.060990891673719336,0.6611138628290216,0.9837418282759145,1.5262239752034858,2.1661337167341044,0.6751961332963111,0.9582899584228034,1.5262239752034858,2.1661337167341044
M1,40,BoulwareTBNegotiator,ConcederTBNegotiator,BoulwareTBNegotiator,0.2,0.41039134083406165,20,15.35,10.941350825868662,20,0.13616370044386472,0.2771853980939455,20,0.12355861828755792,0.2517044242293664,20,0.1053233447688394,0.21444286030653312,20,0.14179389180627644,0.2889659881521997,20,0.3832809370189806,0.7805942465526784,20,0.1053233447688394,0.21444286030653312,20,0.03655931348983986,0.07447759161638824,20,0.8296177944240724,0.41082993262914247,20,1.8771348147011189,0.7805942465526783,20,0.8304378578465856,0.345332156687845,20,1.8771348147011189,0.7805942465526783,20,0.1798619353545204,4.795258425613895,0.12148185693164693,0.11031432775160444,0.09398372733524028,0.1266449281679686,0.34211051243485585,0.09398372733524028,0.032641243700323654,0.1800541566838826,0.3421105124348558,0.15134849072544349,0.3421105124348558,0.05,0.4,10.846250000000003,19.55125,0.03485111029615136,0.2374762905915781,0.03155944608847598,0.2462241812196672,0.026943452589325307,0.20982986767485817,0.036175439587626645,0.2826184947644761,0.09797000247310333,0.7636955164134835,0.026943452589325307,0.20982986767485817,0.009337397160529701,0.07285520192892007,0.6294040512226735,0.979778101825121,1.4967202353066162,2.162445749246996,0.6621437822522971,0.9566584145423016,1.496720235306616,2.162445749246996
M1,40,BoulwareTBNegotiator,ConcederTBNegotiator,ConcederTBNegotiator,0.7,0.47016234598162726,20,7.2,3.17224808215512,20,0.700324074074074,0.46965445455849897,20,0.2935229305138224,0.19654792658395956,20,0.24182753814133778,0.16187737681745712,20,0.345218322886307,0.23121847635046203,20,1.287369935101719,0.8627503077264181,20,0.24182753814133778,0.16187737681745712,20,0.4584965359327363,0.3077770777410418,20,0.3089494612876413,0.48418801169585785,20,0.9730458166183806,0.8627503077264181,20,0.4304720562480268,0.381677709983172,20,0.9730458166183806,0.8627503077264181,20,0.20605773335083594,1.3902990212256685,0.20583514012036436,0.08614092683696083,0.0709458884423038,0.10133596523161788,0.37811699379428604,0.0709458884423038,0.13488925167806054,0.21220475237631067,0.37811699379428604,0.16727763178368926,0.37811699379428604,0.5,0.9,5.8,8.5,0.4992914737654332,0.9001080246913581,0.20991439475428703,0.3771314662733577,0.17296733349033283,0.3106877427923426,0.24686145601824117,0.4435751897543728,0.9203689129653642,1.564914458092335,0.17296733349033283,0.3106877427923426,0.3275727899664572,0.5894202818990154,0.1029831537625471,0.5149157688127355,0.6060447944820261,1.3400468387547355,0.26811209133578484,0.5928320211602689,0.6060447944820261,1.3400468387547355
M1,40,BoulwareTBNegotiator,ConcederTBNegotiator,GeniusBOABaselineNegotiator,0.2,0.41039134083406165,20,15.35,10.941350825868662,20,0.13616370044386472,0.2771853980939455,20,0.12355861828755792,0.2517044242293664,20,0.1053233447688394,0.21444286030653312,20,0.14179389180627644,0.2889659881521997,20,0.3832809370189806,0.7805942465526784,20,0.1053233447688394,0.21444286030653312,20,0.03655931348983986,0.07447759161638824,20,0.8296177944240724,0.41082993262914247,20,1.8771348147011189,0.7805942465526783,20,0.8304378578465856,0.345332156687845,20,1.8771348147011189,0.7805942465526783,20,0.1798619353545204,4.795258425613895,0.12148185693164693,0.11031432775160444,0.09398372733524028,0.1266449281679686,0.34211051243485585,0.09398372733524028,0.032641243700323654,0.1800541566838826,0.3421105124348558,0.15134849072544349,0.3421105124348558,0.05,0.4,10.798750000000002,19.951249999999998,0.03485111029615136,0.2374762905915781,0.03155944608847598,0.2462241812196672,0.026943452589325307,0.1837032369483535,0.036175439587626645,0.2826184947644761,0.09797000247310333,0.7636955164134834,0.0269434525893253,0.20982986767485814,0.009337397160529701,0.07285520192892007,0.6294040512226735,0.979778101825121,1.496720235306616,2.162445749246996,0.6621437822522972,0.9566584145423016,1.4967202353066162,2.162445749246996
M1,40,BoulwareTBNegotiator,ConcederTBNegotiator,LinearTBNegotiator,0.25,0.44426165831931935,20,14.1,9.221827653082544,20,0.22235189813358516,0.3932100428402136,20,0.12668479427390464,0.22353778613913639,20,0.11048839038553955,0.1948914916095359,20,0.1428811981622697,0.2521840806687369,20,0.47572148668139447,0.8402856151184864,20,0.11048839038553955,0.1948914916095359,20,0.11186350774804561,0.19831855123067774,20,0.7723736532191032,0.4575146666950262,20,1.784694265038705,0.8402856151184864,20,0.7895424829174073,0.3717394087698503,20,1.784694265038705,0.8402856151184864,20,0.19470625648856146,4.041644167779663,0.17233189950435912,0.09796975432799615,0.08541496220114941,0.1105245464548429,0.3682714081603515,0.08541496220114941,0.08691693730320971,0.20051464350491457,0.3682714081603515,0.16292197923329346,0.3682714081603515,0.05,0.45,10.048750000000002,18.151249999999997,0.04533457715758123,0.3993692191095891,0.05120975092283107,0.22731818540866944,0.044685449271908186,0.1982256452037147,0.029351670710915323,0.2564107256136241,0.09743738343586096,0.8540055899269279,0.022751135567364397,0.19822564520371466,0.02258344159021684,0.2011435739058744,0.5664073456940091,0.9783399607441972,1.4064101617931715,2.162978368284238,0.6221909224986338,0.9150561532314871,1.4064101617931717,2.162978368284238
M1,40,BoulwareTBNegotiator,ConcederTBNegotiator,SmartAspirationNegotiator,0.2,0.41039134083406165,20,15.35,10.941350825868662,20,0.13616370044386472,0.2771853980939455,20,0.12355861828755792,0.2517044242293664,20,0.1053233447688394,0.21444286030653312,20,0.14179389180627644,0.2889659881521997,20,0.3832809370189806,0.7805942465526784,20,0.1053233447688394,0.21444286030653312,20,0.03655931348983986,0.07447759161638824,20,0.8296177944240724,0.41082993262914247,20,1.8771348147011189,0.7805942465526783,20,0.8304378578465856,0.345332156687845,20,1.8771348147011189,0.7805942465526783,20,0.1798619353545204,4.795258425613895,0.12148185693164693,0.11031432775160444,0.09398372733524028,0.1266449281679686,0.34211051243485585,0.09398372733524028,0.032641243700323654,0.1800541566838826,0.3421105124348558,0.15134849072544349,0.3421105124348558,0.05,0.4,10.65,20.00125,0.03485111029615136,0.27124715397414917,0.03155944608847598,0.2462241812196672,0.026943452589325307,0.20982986767485814,0.036175439587626645,0.2474123440249262,0.09797000247310333,0.7636955164134835,0.026943452589325307,0.20982986767485817,0.009337397160529701,0.06400807912189407,0.6294040512226735,0.979778101825121,1.4967202353066162,2.162445749246996,0.6621437822522972,0.9566584145423018,1.4967202353066162,2.162445749246996
M1,40,BoulwareTBNegotiator,GeniusBOABaselineNegotiator,BoulwareTBNegotiator,0.2,0.41039134083406165,20,16.15,12.196958205785743,20,0.09493827160493826,0.1925926030056144,20,0.11565984230203552,0.2354964778911343,20,0.11542526980759212,0.23517157311482767,20,0.11589441479647891,0.23582138266744088,20,0.32625795620900927,0.663585558787883,20,0.09472753156433054,0.19270071036540493,20,0.02125564968455117,0.04307513607275762,20,0.8694378837946874,0.32912083328444774,20,1.9341577955110902,0.6635855587878828,20,0.8556646245449591,0.2935679236365774,20,1.9341577955110902,0.6635855587878828,20,0.1798619353545204,5.345552622704714,0.08440742984770008,0.1032108820731651,0.10306848627662205,0.10335327786970813,0.2908291939940303,0.08445480998715058,0.018878510750152913,0.14424356498293847,0.29082919399403023,0.12866181531991144,0.29082919399403023,0.05,0.4,11.2,21.504999999999995,0.024544753086419756,0.18879629629629627,0.029584752092095386,0.2304266292486224,0.029468933849013484,0.23003371775236361,0.029700570335177263,0.23081954074488104,0.08371425727061052,0.6496495547935408,0.02429449928819809,0.18863824126584045,0.005511481209207526,0.04224787431834269,0.709044229963904,0.9897331241677747,1.6107661969265585,2.1767014944494885,0.7125973156490439,0.962965106216895,1.6107661969265585,2.1767014944494885
M1,40,BoulwareTBNegotiator,GeniusBOABaselineNegotiator,ConcederTBNegotiator,0.2,0.41039134083406165,20,15.55,11.245934938082247,20,0.1271604938271605,0.2587112079177688,20,0.13882381344603614,0.2830279437752739,20,0.10947194532157298,0.22295560902363945,20,0.16817568157049928,0.3431002785269084,20,0.4048081207192328,0.8247670954683167,20,0.10947194532157298,0.22295560902363945,20,0.05879250270132913,0.1200991332739906,20,0.8403613919595241,0.3887845356393647,20,1.8556076310008667,0.8247670954683167,20,0.8209143072856453,0.3648740701088713,20,1.8556076310008667,0.8247670954683167,20,0.1798619353545204,4.9287482984499915,0.11338518609926171,0.12404246547544617,0.09771460395737777,0.15037032699351457,0.36147011705015414,0.09771460395737777,0.052635765903732167,0.1703923354569006,0.36147011705015414,0.1599131119021302,0.36147011705015414,0.05,0.4,10.748750000000001,20.1,0.03260030864197531,0.25324074074074077,0.03537574487809554,0.27675457153662364,0.027980602727508703,0.19164238243725384,0.042770887028682356,0.33538207429292183,0.10335179839816637,0.8067498838139878,0.027980602727508703,0.21812706878032534,0.014895694463402017,0.11732158035189863,0.650891246293577,0.982464001208984,1.4536658679061119,2.157063953321933,0.6430966811304165,0.9542775269020666,1.4536658679061119,2.157063953321933
M1,40,BoulwareTBNegotiator,GeniusBOABaselineNegotiator,GeniusBOABaselineNegotiator,0.2,0.41039134083406165,20,16.15,12.196958205785743,20,0.09493827160493826,0.1925926030056144,20,0.11565984230203552,0.2354964778911343,20,0.11542526980759212,0.23517157311482767,20,0.11589441479647891,0.23582138266744088,20,0.32625795620900927,0.663585558787883,20,0.09472753156433054,0.19270071036540493,20,0.02125564968455117,0.04307513607275762,20,0.8694378837946874,0.32912083328444774,20,1.9341577955110902,0.6635855587878828,20,0.8556646245449591,0.2935679236365774,20,1.9341577955110902,0.6635855587878828,20,0.1798619353545204,5.345552622704714,0.08440742984770008,0.1032108820731651,0.10306848627662205,0.10335327786970813,0.2908291939940303,0.08445480998715058,0.018878510750152913,0.14424356498293847,0.29082919399403023,0.12866181531991144,0.29082919399403023,0.05,0.4,11.2,21.403749999999995,0.024544753086419756,0.18879629629629627,0.029584752092095386,0.2304266292486224,0.02946893384901348,0.20138160576617076,0.029700570335177263,0.23081954074488104,0.08371425727061052,0.6496495547935408,0.024294499288198095,0.18863824126584047,0.005511481209207526,0.04224787431834269,0.709044229963904,0.9897331241677747,1.6107661969265585,2.1767014944494885,0.7125973156490439,0.962965106216895,1.6107661969265585,2.1767014944494885
M1,40,BoulwareTBNegotiator,GeniusBOABaselineNegotiator,LinearTBNegotiator,0.2,0.41039134083406165,20,15.55,11.245934938082247,20,0.1271604938271605,0.2587112079177688,20,0.13882381344603614,0.2830279437752739,20,0.10947194532157298,0.22295560902363945,20,0.16817568157049928,0.3431002785269084,20,0.4048081207192328,0.8247670954683167,20,0.10947194532157298,0.22295560902363945,20,0.05879250270132913,0.1200991332739906,20,0.8403613919595241,0.3887845356393647,20,1.8556076310008667,0.8247670954683167,20,0.8209143072856453,0.3648740701088713,20,1.8556076310008667,0.8247670954683167,20,0.1798619353545204,4.9287482984499915,0.11338518609926171,0.12404246547544617,0.09771460395737777,0.15037032699351457,0.36147011705015414,0.09771460395737777,0.052635765903732167,0.1703923354569006,0.36147011705015414,0.1599131119021302,0.36147011705015414,0.05,0.4,10.748750000000001,20.30125,0.03260030864197531,0.25324074074074077,0.03537574487809554,0.27675457153662364,0.027980602727508696,0.21812706878032534,0.042770887028682356,0.3353820742929218,0.10335179839816637,0.8067498838139878,0.027980602727508703,0.2181270687803253,0.014895694463402021,0.11732158035189863,0.650891246293577,0.982464001208984,1.4536658679061119,2.157063953321933,0.6430966811304164,0.9542775269020666,1.4536658679061119,2.157063953321933
M1,40,BoulwareTBNegotiator,GeniusBOABaselineNegotiator,SmartAspirationNegotiator,0.2,0.41039134083406165,20,16.15,12.196958205785743,20,0.09493827160493826,0.1925926030056144,20,0.11565984230203552,0.2354964778911343,20,0.11542526980759212,0.23517157311482767,20,0.11589441479647891,0.23582138266744088,20,0.32625795620900927,0.663585558787883,20,0.09472753156433054,0.19270071036540493,20,0.02125564968455117,0.04307513607275762,20,0.8694378837946874,0.32912083328444774,20,1.9341577955110902,0.6635855587878828,20,0.8556646245449591,0.2935679236365774,20,1.9341577955110902,0.6635855587878828,20,0.1798619353545204,5.345552622704714,0.08440742984770008,0.1032108820731651,0.10306848627662205,0.10335327786970813,0.2908291939940303,0.08445480998715058,0.018878510750152913,0.14424356498293847,0.29082919399403023,0.12866181531991144,0.29082919399403023,0.05,0.35,10.797500000000003,21.303749999999997,0.024544753086419756,0.1887962962962963,0.029584752092095386,0.2304266292486224,0.029468933849013484,0.23003371775236361,0.029700570335177263,0.23081954074488104,0.08371425727061052,0.6496495547935408,0.024294499288198095,0.18863824126584047,0.005511481209207526,0.04224787431834269,0.709044229963904,0.9897331241677747,1.6895928990815396,2.1767014944494885,0.7125973156490439,0.962965106216895,1.6107661969265585,2.1767014944494885
M1,40,BoulwareTBNegotiator,LinearTBNegotiator,BoulwareTBNegotiator,0.2,0.41039134083406165,20,15.35,10.941350825868662,20,0.13616370044386472,0.2771853980939455,20,0.12355861828755792,0.2517044242293664,20,0.1053233447688394,0.21444286030653312,20,0.14179389180627644,0.2889659881521997,20,0.3832809370189806,0.7805942465526784,20,0.1053233447688394,0.21444286030653312,20,0.03655931348983986,0.07447759161638824,20,0.8296177944240724,0.41082993262914247,20,1.8771348147011189,0.7805942465526783,20,0.8304378578465856,0.345332156687845,20,1.8771348147011189,0.7805942465526783,20,0.1798619353545204,4.795258425613895,0.12148185693164693,0.11031432775160444,0.09398372733524028,0.1266449281679686,0.34211051243485585,0.09398372733524028,0.032641243700323654,0.1800541566838826,0.3421105124348558,0.15134849072544349,0.3421105124348558,0.05,0.4,10.498750000000001,20.0,0.03485111029615136,0.27124715397414917,0.03155944608847598,0.24622418121966713,0.0269434525893253,0.20982986767485817,0.036175439587626645,0.2826184947644761,0.09797000247310333,0.7636955164134834,0.0269434525893253,0.20982986767485814,0.009337397160529701,0.07285520192892007,0.6294040512226735,0.979778101825121,1.5918238801552418,2.162445749246996,0.7031654631784059,0.9566584145423016,1.496720235306616,2.162445749246996
M1,40,BoulwareTBNegotiator,LinearTBNegotiator,ConcederTBNegotiator,0.25,0.44426165831931935,20,14.1,9.221827653082544,20,0.2166362505238514,0.38305307049833687,20,0.13375680686423358,0.23610508230327495,20,0.12387199330819065,0.21867477812435296,20,0.1436416204202765,0.253535386482197,20,0.48414986425231854,0.8552632351048869,20,0.12387199330819065,0.21867477812435296,20,0.09276425721566076,0.16437829237398396,20,0.7723736532191032,0.4575146666950262,20,1.776265887467781,0.8552632351048868,20,0.7858137982431341,0.37836545531681975,20,1.776265887467781,0.8552632351048868,20,0.19470625648856146,4.041644167779663,0.16788041010636287,0.10347761471720784,0.09583844709474448,0.11111678233967125,0.37483563954077864,0.09583844709474448,0.07204196301161843,0.20051464350491457,0.3748356395407786,0.16582597217150935,0.3748356395407786,0.05,0.45,10.248750000000001,18.25125,0.04419144763563447,0.38908105341206833,0.027465805657205654,0.24004780807126153,0.05003889044096863,0.22231613046448673,0.05803822147695663,0.2577794856780363,0.09912305895004578,0.8691766695545914,0.05003889044096863,0.22231613046448673,0.01876359148373987,0.16676492294758163,0.5664073456940091,0.9783399607441972,1.3912390821655083,2.1612926927700533,0.6154792900849423,0.9561483064013258,1.3912390821655083,2.1612926927700533
M1,40,BoulwareTBNegotiator,LinearTBNegotiator,GeniusBOABaselineNegotiator,0.2,0.41039134083406165,20,15.35,10.941350825868662,20,0.13616370044386472,0.2771853980939455,20,0.12355861828755792,0.2517044242293664,20,0.1053233447688394,0.21444286030653312,20,0.14179389180627644,0.2889659881521997,20,0.3832809370189806,0.7805942465526784,20,0.1053233447688394,0.21444286030653312,20,0.03655931348983986,0.07447759161638824,20,0.8296177944240724,0.41082993262914247,20,1.8771348147011189,0.7805942465526783,20,0.8304378578465856,0.345332156687845,20,1.8771348147011189,0.7805942465526783,20,0.1798619353545204,4.795258425613895,0.12148185693164693,0.11031432775160444,0.09398372733524028,0.1266449281679686,0.34211051243485585,0.09398372733524028,0.032641243700323654,0.1800541566838826,0.3421105124348558,0.15134849072544349,0.3421105124348558,0.05,0.4,10.95,20.0525,0.03485111029615136,0.27124715397414917,0.03155944608847598,0.2462241812196672,0.026943452589325307,0.20982986767485817,0.036175439587626645,0.2826184947644761,0.09797000247310333,0.7636955164134835,0.0269434525893253,0.20982986767485817,0.009337397160529701,0.07285520192892007,0.6794574870230232,0.979778101825121,1.5918238801552418,2.162445749246996,0.6621437822522972,0.9566584145423016,1.496720235306616,2.162445749246996
M1,40,BoulwareTBNegotiator,LinearTBNegotiator,LinearTBNegotiator,0.25,0.44426165831931935,20,14.1,9.221827653082544,20,0.2166362505238514,0.38305307049833687,20,0.13375680686423358,0.23610508230327495,20,0.12387199330819065,0.21867477812435296,20,0.1436416204202765,0.253535386482197,20,0.48414986425231854,0.8552632351048869,20,0.12387199330819065,0.21867477812435296,20,0.09276425721566076,0.16437829237398396,20,0.7723736532191032,0.4575146666950262,20,1.776265887467781,0.8552632351048868,20,0.7858137982431341,0.37836545531681975,20,1.776265887467781,0.8552632351048868,20,0.19470625648856146,4.041644167779663,0.16788041010636287,0.10347761471720784,0.09583844709474448,0.11111678233967125,0.37483563954077864,0.09583844709474448,0.07204196301161843,0.20051464350491457,0.3748356395407786,0.16582597217150935,0.3748356395407786,0.05,0.45,10.19875,17.951249999999998,0.04419144763563448,0.3890810534120684,0.054038555958962634,0.2400478080712615,0.05003889044096863,0.22231613046448673,0.02950375516251668,0.2577794856780363,0.09912305895004578,0.8691766695545912,0.05003889044096863,0.22231613046448667,0.01876359148373987,0.16676492294758166,0.5664073456940091,0.9783399607441972,1.3912390821655083,2.1612926927700533,0.6154792900849423,0.9135646793617779,1.3912390821655083,2.065035991444485
M1,40,BoulwareTBNegotiator,LinearTBNegotiator,SmartAspirationNegotiator,0.2,0.41039134083406165,20,15.35,10.941350825868662,20,0.13616370044386472,0.2771853980939455,20,0.12355861828755792,0.2517044242293664,20,0.1053233447688394,0.21444286030653312,20,0.14179389180627644,0.2889659881521997,20,0.3832809370189806,0.7805942465526784,20,0.1053233447688394,0.21444286030653312,20,0.03655931348983986,0.07447759161638824,20,0.8296177944240724,0.41082993262914247,20,1.8771348147011189,0.7805942465526783,20,0.8304378578465856,0.345332156687845,20,1.8771348147011189,0.7805942465526783,20,0.1798619353545204,4.795258425613895,0.12148185693164693,0.11031432775160444,0.09398372733524028,0.1266449281679686,0.34211051243485585,0.09398372733524028,0.032641243700323654,0.1800541566838826,0.3421105124348558,0.15134849072544349,0.3421105124348558,0.05,0.4,11.2,20.1,0.03485111029615136,0.27124715397414917,0.03155944608847598,0.2462241812196672,0.0269434525893253,0.20982986767485814,0.036175439587626645,0.2826184947644761,0.09797000247310333,0.7636955164134835,0.026943452589325307,0.20982986767485817,0.009337397160529701,0.07285520192892006,0.6294040512226735,0.979778101825121,1.5894462890340284,2.162445749246996,0.6621437822522972,0.9566584145423016,1.4967202353066162,2.162445749246996
M1,40,BoulwareTBNegotiator,SmartAspirationNegotiator,BoulwareTBNegotiator,0.2,0.41039134083406165,20,16.35,12.524817468992469,20,0.13957904937106566,0.2841935462221964,20,0.10268557475603794,0.20887384261842531,20,0.09895964758015234,0.201384829196897,20,0.10641150193192353,0.2163628560399536,20,0.34495019888314155,0.701941231459047,20,0.09895964758015234,0.201384829196897,20,0.04061940179091332,0.08280871702529935,20,0.8536797326845565,0.3614558771002096,20,1.9154655528369582,0.701941231459047,20,0.847395241950227,0.310536338691187,20,1.9154655528369582,0.701941231459047,20,0.1798619353545204,5.489243280223028,0.12455331327143368,0.09154299772001276,0.08826079287340341,0.09482520256662208,0.30763930871145917,0.08826079287340341,0.03629252039803024,0.15841502276432415,0.30763930871145917,0.1360985511082889,0.30763930871145917,0.05,0.4,11.45,22.35,0.0357049475279516,0.27807785182855105,0.02634118520559599,0.20447809415662718,0.025352528292153544,0.19710247329748404,0.027329842119038418,0.21185371501577027,0.08838731793914359,0.6015130798271395,0.025352528292153544,0.19710247329748404,0.010352419235798067,0.08097537853106701,0.7204649301979911,0.9857935863902423,1.573381711578294,2.1720284337809557,0.6960585504595799,0.9608977605682121,1.573381711578294,2.1720284337809552
M1,40,BoulwareTBNegotiator,SmartAspirationNegotiator,ConcederTBNegotiator,0.2,0.41039134083406165,20,15.35,10.941350825868662,20,0.14106053085254716,0.2872334820802265,20,0.13471703496813744,0.27460101214500743,20,0.11467760468354267,0.2336373966510601,20,0.15475646525273226,0.3155646276389547,20,0.41049460078882216,0.8364355063702414,20,0.11467760468354267,0.2336373966510601,20,0.04016762702159241,0.08188169475861633,20,0.8300856033529573,0.4098700089612462,20,1.8499211509312772,0.8364355063702413,20,0.8183986284485719,0.3700361341641432,20,1.8499211509312772,0.8364355063702413,20,0.1798619353545204,4.795258425613895,0.1258856239036894,0.12034919984991047,0.10239610379557901,0.13830229590424187,0.36658402360351033,0.10239610379557901,0.03588623497625825,0.17963345158725572,0.3665840236035103,0.16217548622396227,0.3665840236035103,0.05,0.4,10.5,19.951249999999998,0.03607531789832197,0.28104081479151405,0.03434905025862087,0.2685410145808262,0.029282017568001122,0.22853838750426472,0.0394160829492406,0.30854364165738773,0.10477341841556372,0.8181228439531667,0.02928201756800112,0.22853838750426472,0.01023947554346784,0.08007182899242518,0.6303396690804437,0.9798950540573422,1.442292907766933,2.1556423333045354,0.6380653234562698,0.9536486071927982,1.442292907766933,2.1556423333045354
M1,40,BoulwareTBNegotiator,SmartAspirationNegotiator,GeniusBOABaselineNegotiator,0.2,0.41039134083406165,20,16.35,12.524817468992469,20,0.12462506009847558,0.25350860768021427,20,0.10238663717888274,0.2082604356528533,20,0.09854069531007885,0.20052515727759235,20,0.10623257904768664,0.21599571402811427,20,0.3293983344562411,0.6700294789859209,20,0.09854069531007885,0.20052515727759235,20,0.02608436478839673,0.05298345040262194,20,0.86503384176397,0.33815773685482636,20,1.9310174172638583,0.6700294789859208,20,0.8542753322234725,0.29641869132970394,20,1.9310174172638583,0.6700294789859208,20,0.1798619353545204,5.489243280223028,0.11110504601223974,0.09127416026412614,0.08788402504282049,0.09466429548543182,0.293653366540492,0.08788402504282049,0.023221020969419245,0.148204162598076,0.29365336654049196,0.12991121934849012,0.29365336654049196,0.05,0.4,11.09875,21.603749999999998,0.03196645020980408,0.2481698732833709,0.026266450811307185,0.2038802190023168,0.02524779022463517,0.19626456875733708,0.027285111397979196,0.2114958692472965,0.08449935183241847,0.6559303112880045,0.02524779022463517,0.19626456875733705,0.006718659985168919,0.05190530452603381,0.7002361459024692,0.9886321136600955,1.6861184346400357,2.1759163998876803,0.709818731006071,0.9626177831365232,1.6044854404320952,2.1759163998876807
M1,40,BoulwareTBNegotiator,SmartAspirationNegotiator,LinearTBNegotiator,0.2,0.41039134083406165,20,15.35,10.941350825868662,20,0.14106053085254716,0.2872334820802265,20,0.13471703496813744,0.27460101214500743,20,0.11467760468354267,0.2336373966510601,20,0.15475646525273226,0.3155646276389547,20,0.41049460078882216,0.8364355063702414,20,0.11467760468354267,0.2336373966510601,20,0.04016762702159241,0.08188169475861633,20,0.8300856033529573,0.4098700089612462,20,1.8499211509312772,0.8364355063702413,20,0.8183986284485719,0.3700361341641432,20,1.8499211509312772,0.8364355063702413,20,0.1798619353545204,4.795258425613895,0.1258856239036894,0.12034919984991047,0.10239610379557901,0.13830229590424187,0.36658402360351033,0.10239610379557901,0.03588623497625825,0.17963345158725572,0.3665840236035103,0.16217548622396227,0.3665840236035103,0.05,0.4,10.69875,20.151249999999997,0.03607531789832197,0.28104081479151405,0.03434905025862087,0.23508501967765408,0.02928201756800112,0.22853838750426472,0.0394160829492406,0.30854364165738773,0.10477341841556372,0.8181228439531665,0.029282017568001122,0.22853838750426472,0.01023947554346784,0.08007182899242518,0.6303396690804437,0.9798950540573422,1.442292907766933,2.1556423333045354,0.6380653234562698,0.9536486071927982,1.442292907766933,2.1556423333045354
M1,40,BoulwareTBNegotiator,SmartAspirationNegotiator,SmartAspirationNegotiator,0.2,0.41039134083406165,20,16.15,12.196958205785743,20,0.10994941974143604,0.2233948290615946,20,0.16275366152860665,0.33213095597808145,20,0.14380507143840487,0.29340569733419736,20,0.18170225161880846,0.3708562146219657,20,0.4354567427986494,0.8876567410177576,20,0.10973867970082833,0.22350293642138516,20,0.07205233837038295,0.1473077419713022,20,0.8300856033529573,0.4098700089612462,20,1.82495900892145,0.8876567410177576,20,0.8073554643798241,0.3926962287102631,20,1.82495900892145,0.8876567410177576,20,0.1798619353545204,5.345552622704714,0.09790710062631953,0.14556280941980013,0.12859071650809883,0.16253490233150147,0.38903271946591983,0.09795448076577003,0.0645604644333268,0.17963345158725572,0.38903271946591983,0.17210671053317475,0.38903271946591983,0.05,0.35,11.7,21.201249999999998,0.02829754012054419,0.21881859256929181,0.04135820689873817,0.3246142677017646,0.036563884256716674,0.28679332101398913,0.04615252954075965,0.36243521438954013,0.11101395391802053,0.8680471279728209,0.02804728632232254,0.21866053753883605,0.018210653380665475,0.14384125169000628,0.6303396690804437,0.9798950540573422,1.3923686237472785,2.1494017978020787,0.6159789953187742,0.9508878161756111,1.3923686237472785,2.1494017978020787
M1,40,ConcederTBNegotiator,BoulwareTBNegotiator,BoulwareTBNegotiator,0.2,0.41039134083406165,20,14.75,10.07276160324414,20,0.08908060535735272,0.18057292547808912,20,0.16929984034107928,0.34556343147903235,20,0.16487738970031557,0.33664518206413535,20,0.173722290981843,0.3544816808939292,20,0.42768028603951136,0.8716997884361537,20,0.08886986531674501,0.18068103283787965,20,0.0849411921175008,0.17375511182677125,20,0.8238652301003768,0.42263394555932043,20,1.832735465680588,0.8716997884361537,20,0.8107957415736193,0.3856369288582509,20,1.832735465680588,0.8716997884361537,20,0.1798619353545204,4.414582414536718,0.07913957390794214,0.15144985137174058,0.14754125623306713,0.15535844651041394,0.38203927665142323,0.07918695404739264,0.07615153533061668,0.18522749344643882,0.38203927665142323,0.16901283596201466,0.38203927665142323,0.05,0.4,10.3,19.30125,0.02308033652452337,0.17708096380112523,0.042994751601856326,0.3377066253267099,0.04183196382219434,0.3289379575378104,0.044157539381518285,0.3032870425821677,0.10906983972823603,0.7462907323507867,0.022830082726301708,0.1769229087706694,0.021432866817444933,0.16961895918424194,0.6178989225752826,0.9783399607441972,1.4079215372655547,2.151345911991863,0.6228595497063646,0.9517478854740601,1.4079215372655547,2.151345911991863
M1,40,ConcederTBNegotiator,BoulwareTBNegotiator,ConcederTBNegotiator,0.8,0.4103913408340616,20,2.65,0.8127277008872492,20,0.39459627326788904,0.2018694621190459,20,0.6851375865929666,0.35101003829117366,20,0.5700813154163182,0.29202652349830366,20,0.8001938577696152,0.4099935530840439,20,1.7648714464538222,0.9038895387013933,20,0.39454358825773717,0.20197756947883644,20,0.4056724611249788,0.207970447375929,20,0.2059663075250942,0.42263394555932043,20,0.4955443052662771,0.9038895387013934,20,0.21922706249466928,0.399877561467869,20,0.4955443052662771,0.9038895387013934,20,0.17986193535452039,0.35619361973067704,0.08847319261638305,0.1538369320551582,0.12798626692392873,0.17968759718638774,0.3961470567266995,0.08852057275583354,0.09114706729814952,0.18522749344643882,0.39614705672669953,0.1752540683833251,0.39614705672669953,0.6,0.95,2.25,2.95,0.29621726667931186,0.46838052820932197,0.5140764537835872,0.8134334362000013,0.42776519202794383,0.6768184079575992,0.6003877155392306,0.9500484644424037,1.3243701742464864,2.095247400609325,0.32071981955869033,0.468367356956784,0.30432020210642396,0.4816866553888948,0.05149157688127355,0.4119326150501884,0.16516835111077494,0.9360455774736132,0.07306989919225584,0.41410328023122045,0.16516835111077494,0.9360455774736132
M1,40,ConcederTBNegotiator,BoulwareTBNegotiator,GeniusBOABaselineNegotiator,0.2,0.41039134083406165,20,15.75,11.557066646588321,20,0.12283036711053139,0.24982597537167472,20,0.14039920088674568,0.2862605705959036,20,0.1396758602996105,0.2849327348550134,20,0.14112254147388092,0.2875884063367937,20,0.4036287688840228,0.822347116563482,20,0.12261962706992369,0.24993408273146525,20,0.01859168085636006,0.03760878737605015,20,0.8352565308578752,0.39925948960075125,20,1.8567869828360766,0.822347116563482,20,0.8214360484008859,0.36380347992961193,20,1.8567869828360766,0.822347116563482,20,0.1798619353545204,5.065107781884336,0.10949106124134558,0.12545922664554232,0.12487727697354378,0.12604117631754078,0.36040951453243025,0.10953844138079608,0.016482777804340078,0.17498318644419342,0.36040951453243025,0.15944390506842415,0.36040951453243025,0.05,0.4,10.548750000000002,20.651249999999997,0.03151777696281803,0.24458048730748252,0.035769591738272925,0.27990534641804266,0.03553158147201808,0.27853489873640036,0.03600760200452777,0.2812757940996851,0.1030569604393639,0.804391180143568,0.03126752316459637,0.2444224322770268,0.004845489002159748,0.03691993666196047,0.6893252757821783,0.9811877859335716,1.556215174391418,2.157358791280735,0.6441401633608977,0.9544079621808766,1.4560245715765319,2.157358791280735
M1,40,ConcederTBNegotiator,BoulwareTBNegotiator,LinearTBNegotiator,0.55,0.5104177855340404,20,9.95,5.195899192733886,20,0.27162251503216756,0.25107197342990173,20,0.47131117058124233,0.43656322299753936,20,0.39218616118085026,0.3632034027284166,20,0.5504361799816344,0.5099230432666622,20,1.2142448561946522,1.1241984194249806,20,0.2715039737593257,0.2512064302609647,20,0.27898213735178523,0.25865997803561597,20,0.46342419193146195,0.5256443329079087,20,1.0461708955254472,1.1241984194249806,20,0.46282233466535827,0.49734143755169974,20,1.0461708955254472,1.1241984194249806,20,0.22370045761428853,2.277203224641093,0.11003714396751912,0.19133226844738388,0.15918090963935452,0.2234836272554133,0.492701680862287,0.11009607227192113,0.113362733613463,0.23037378623244423,0.492701680862287,0.21796949542904118,0.492701680862287,0.35,0.75,7.75,12.05,0.17324350844359038,0.3700015216207448,0.2991809056918051,0.6434414354706796,0.2498700377924758,0.5345022845692247,0.3506300377512498,0.7502423222120191,0.7737435839873159,1.6547461284019884,0.17307228216059656,0.3699356653580549,0.17762987833323052,0.38033439637034006,0.25745788440636774,0.6693904994565562,0.605669623318111,1.4894253006840772,0.26794611692880704,0.6576985524019096,0.605669623318111,1.5967974857846177
M1,40,ConcederTBNegotiator,BoulwareTBNegotiator,SmartAspirationNegotiator,0.2,0.41039134083406165,20,14.55,9.800510190801292,20,0.07838592266608695,0.15862789963077217,20,0.17069855665553255,0.3484335367977071,20,0.17025131186223338,0.3476722376719721,20,0.17114580144883174,0.3491948359234421,20,0.41978303597715205,0.8554949732261863,20,0.07817518262547923,0.1587360069905627,20,0.09305938527575532,0.1904132927036011,20,0.8238652301003768,0.42263394555932043,20,1.8406327157429474,0.8554949732261863,20,0.8142894573010688,0.37846797544884553,20,1.8406327157429474,0.8554949732261863,20,0.1798619353545204,4.295262972158979,0.06952174227367439,0.1527077304883881,0.15237407643550258,0.1530413845412736,0.3749372032504505,0.06956912241312488,0.08345230499574409,0.18522749344643882,0.3749372032504505,0.16587090360042664,0.3749372032504505,0.05,0.4,10.498750000000001,18.85125,0.020406665851706928,0.15569159841859365,0.04334443068046964,0.34050405795561645,0.0431754443626738,0.33968580186164615,0.04351341699826547,0.3413223140495867,0.10709552721264622,0.8366997143298265,0.020156412053485263,0.15553354338813785,0.023462415107008562,0.185855345500751,0.6178989225752826,0.9783399607441972,1.4237160373902733,2.153320224507453,0.6298469811612636,0.9526213144059223,1.4237160373902733,2.1533202245074525
M1,40,ConcederTBNegotiator,ConcederTBNegotiator,BoulwareTBNegotiator,0.5,0.512989176042577,20,11.0,6.078434701553735,20,0.10887345679012346,0.11059349983510497,20,0.39416633444100935,0.40348987079532844,20,0.2878480244579803,0.29448780023560195,20,0.5004846444240384,0.5124919413550549,20,0.8972061256721421,0.9175732414257618,20,0.10874174426474363,0.11072863403484312,20,0.39179837919204646,0.40170638703361383,20,0.5149157688127355,0.5282924319491505,20,1.3632096260479574,0.9175732414257618,20,0.603079157013749,0.4059311835566177,20,1.3632096260479574,0.9175732414257618,20,0.2248274191931505,2.663991465135688,0.04846973836617767,0.17683723274886845,0.12906496901475217,0.22460949648298476,0.40214420386391453,0.048528963540490785,0.1760555865269881,0.2315343668080485,0.40214420386391453,0.17790718524143023,0.40214420386391453,0.3,0.7,8.3,13.40125,0.06575617283950616,0.16277006172839506,0.23685702280678508,0.5514756460752335,0.14433242316040046,0.40266050549604415,0.30067850219365366,0.7015395750433618,0.5394702184530762,1.2549420328912082,0.06557177530397443,0.15191171322551286,0.23518439753553172,0.5484123608485612,0.3089494612876413,0.7208820763378296,1.0054737188288914,1.7209455332670232,0.44481804644289885,0.7613402675845989,1.0054737188288914,1.7209455332670232
M1,40,ConcederTBNegotiator,ConcederTBNegotiator,ConcederTBNegotiator,0.8,0.4103913408340616,20,3.45,1.190974832912761,20,0.395104910857066,0.20213038769682207,20,0.48482237895932945,0.2482505049783964,20,0.4645040335441511,0.23786652066188577,20,0.5051407243745077,0.2586344892949072,20,1.3647496687757248,0.6986313976536149,20,0.3950522258469141,0.20223849505661257,20,0.11011069014069444,0.0563504580090162,20,0.3404806297340057,0.3536295542434451,20,0.8956660829443747,0.6986313976536149,20,0.39623953348529056,0.3090720798251296,20,0.8956660829443747,0.6986313976536149,20,0.17986193535452039,0.5219677344333399,0.08858754829286233,0.10880058089774748,0.10424959911518161,0.1133515626803134,0.3061887100883573,0.08863492843231281,0.0246966771155959,0.1549849855396933,0.3061887100883573,0.13545681136550128,0.3061887100883573,0.6,0.95,2.9,3.9,0.2965987448711946,0.46898453534646956,0.3638400480583593,0.5755591271350571,0.3485822306238185,0.5514453857344005,0.3790978654929,0.5996728685357136,1.024278840987913,1.620102789616584,0.2964933748508908,0.4689713640939316,0.08264887386821074,0.13070705234505722,0.211227334504356,0.512818356706872,0.6403129621035157,1.2361369107321865,0.2832722084936186,0.5468626334741864,0.6403129621035157,1.2361369107321862
M1,40,ConcederTBNegotiator,ConcederTBNegotiator,GeniusBOABaselineNegotiator,0.5,0.512989176042577,20,11.0,6.078434701553735,20,0.127391975308642,0.129593098947793,20,0.3706064972075943,0.3793179878151949,20,0.2498269115576403,0.2554789614776675,20,0.49138608285754837,0.5031570141527222,20,0.8686049697238307,0.8882290745781827,20,0.12726026278326216,0.12972823314753115,20,0.364181299107038,0.3733718607185932,20,0.5149157688127355,0.5282924319491505,20,1.3918107819962688,0.8882290745781827,20,0.615732208084795,0.39294942706989655,20,1.3918107819962688,0.8882290745781827,20,0.2248274191931505,2.663991465135688,0.056796679817775836,0.1662434379452697,0.11196859163828247,0.22051828425225686,0.38928355570831513,0.05685590499208894,0.16363743284466212,0.2315343668080485,0.38928355570831513,0.1722176796069854,0.38928355570831513,0.3,0.7,8.5,13.5,0.07686728395061729,0.17791666666666667,0.1857497762815215,0.5184918739484525,0.1502228756797124,0.37433195640505024,0.2952193652537597,0.6875528004613372,0.5223095248840893,1.3014742757735072,0.07668288641508554,0.17783763915143874,0.18222236207889886,0.5106582434146894,0.3089494612876413,0.7723736532191032,0.9589414759465926,1.7381062268360101,0.4242323454067555,0.7689320982272266,1.0455153371565278,1.7381062268360101
M1,40,ConcederTBNegotiator,ConcederTBNegotiator,LinearTBNegotiator,0.7,0.47016234598162726,20,6.5,2.762531257265412,20,0.23651788108471158,0.15813415773466177,20,0.5210642250603281,0.34937842494350474,20,0.4692913875858634,0.3146558583615284,20,0.5728370625347927,0.384100991525481,20,1.2786463312053677,0.8568910076216711,20,0.2364388535694837,0.15825801027451725,20,0.3364314963849601,0.22579081294658104,20,0.36100173944409075,0.4492265528219657,20,0.9817694205147319,0.856891007621671,20,0.43433134801314255,0.37908557616872296,20,0.9817694205147319,0.856891007621671,20,0.20605773335083594,1.2107327055178305,0.06930535034683806,0.153121845976915,0.13790401020772491,0.16833968174610503,0.375549042300668,0.06935963111570542,0.09895718686292497,0.1968822174439318,0.37554904230066793,0.166141579050176,0.37554904230066793,0.5,0.9,5.1,7.6,0.16924998560724544,0.30378577656217765,0.37244389085893403,0.6696845592617224,0.33544151166499414,0.6031412635067327,0.40944627005287393,0.7362278550167116,0.9141377673251132,1.6431548950856218,0.1686975194538184,0.30375943405710165,0.24038347600375998,0.43247951676616025,0.1699075113922678,0.5520959674959138,0.6172608566344775,1.3462779843949864,0.2730740378909336,0.6359029856659039,0.6172608566344775,1.3462779843949861
M1,40,ConcederTBNegotiator,ConcederTBNegotiator,SmartAspirationNegotiator,0.5,0.512989176042577,20,11.0,6.078434701553735,20,0.10887345679012346,0.11059349983510497,20,0.39416633444100935,0.40348987079532844,20,0.2878480244579803,0.29448780023560195,20,0.5004846444240384,0.5124919413550549,20,0.8972061256721421,0.9175732414257618,20,0.10874174426474363,0.11072863403484312,20,0.39179837919204646,0.40170638703361383,20,0.5149157688127355,0.5282924319491505,20,1.3632096260479574,0.9175732414257618,20,0.603079157013749,0.4059311835566177,20,1.3632096260479574,0.9175732414257618,20,0.2248274191931505,2.663991465135688,0.04846973836617767,0.17683723274886845,0.12906496901475217,0.22460949648298476,0.40214420386391453,0.048528963540490785,0.1760555865269881,0.2315343668080485,0.40214420386391453,0.17790718524143023,0.40214420386391453,0.25,0.7,8.34875,13.55,0.054976851851851846,0.15199074074074076,0.23685702280678508,0.5514756460752335,0.17231796541342914,0.40266050549604415,0.30067850219365366,0.7015395750433618,0.45003624164830996,1.3443760096959743,0.06557177530397443,0.15191171322551286,0.23518439753553172,0.5493911982339135,0.3089494612876413,0.7208820763378296,1.0054737188288914,1.8103795100717897,0.44481804644289885,0.7613402675845989,1.0054737188288914,1.7209455332670232
M1,40,ConcederTBNegotiator,GeniusBOABaselineNegotiator,BoulwareTBNegotiator,0.2,0.41039134083406165,20,14.75,10.07276160324414,20,0.08908060535735272,0.18057292547808912,20,0.16929984034107928,0.34556343147903235,20,0.16487738970031557,0.33664518206413535,20,0.173722290981843,0.3544816808939292,20,0.42768028603951136,0.8716997884361537,20,0.08886986531674501,0.18068103283787965,20,0.0849411921175008,0.17375511182677125,20,0.8238652301003768,0.42263394555932043,20,1.832735465680588,0.8716997884361537,20,0.8107957415736193,0.3856369288582509,20,1.832735465680588,0.8716997884361537,20,0.1798619353545204,4.414582414536718,0.07913957390794214,0.15144985137174058,0.14754125623306713,0.15535844651041394,0.38203927665142323,0.07918695404739264,0.07615153533061668,0.18522749344643882,0.38203927665142323,0.16901283596201466,0.38203927665142323,0.05,0.4,10.5,19.3025,0.023080336524523373,0.1770809638011252,0.042994751601856326,0.3377066253267099,0.04183196382219435,0.3289379575378105,0.044157539381518285,0.34647529311560915,0.10906983972823603,0.8524942144545449,0.022830082726301708,0.15545997942877487,0.021432866817444933,0.16961895918424197,0.6178989225752826,0.9783399607441972,1.4079215372655547,2.151345911991863,0.6228595497063646,0.9517478854740601,1.4079215372655545,2.151345911991863
M1,40,ConcederTBNegotiator,GeniusBOABaselineNegotiator,ConcederTBNegotiator,0.8,0.4103913408340616,20,2.65,0.8127277008872492,20,0.39459627326788904,0.2018694621190459,20,0.6851375865929666,0.35101003829117366,20,0.5700813154163182,0.29202652349830366,20,0.8001938577696152,0.4099935530840439,20,1.7648714464538222,0.9038895387013933,20,0.39454358825773717,0.20197756947883644,20,0.4056724611249788,0.207970447375929,20,0.2059663075250942,0.42263394555932043,20,0.4955443052662771,0.9038895387013934,20,0.21922706249466928,0.399877561467869,20,0.4955443052662771,0.9038895387013934,20,0.17986193535452039,0.35619361973067704,0.08847319261638305,0.1538369320551582,0.12798626692392873,0.17968759718638774,0.3961470567266995,0.08852057275583354,0.09114706729814952,0.18522749344643882,0.39614705672669953,0.1752540683833251,0.39614705672669953,0.6,0.95,2.3,2.95,0.29621726667931186,0.46838052820932197,0.5140764537835871,0.8134334362000013,0.42776519202794383,0.6768184079575992,0.6003877155392306,0.9500484644424037,1.4317423593470269,2.095247400609325,0.32071981955869033,0.468367356956784,0.3043202021064239,0.4816866553888948,0.05149157688127355,0.4119326150501884,0.16516835111077494,0.9360455774736132,0.07306989919225584,0.41410328023122045,0.16516835111077494,0.8259202594217794
M1,40,ConcederTBNegotiator,GeniusBOABaselineNegotiator,GeniusBOABaselineNegotiator,0.2,0.41039134083406165,20,15.55,11.245934938082247,20,0.03567901234567901,0.07099516868441097,20,0.14736939963496642,0.3005631166467146,20,0.1467814036182026,0.2995130021043711,20,0.14795739565173027,0.30161323118905814,20,0.33041781161561184,0.6721214019778401,20,0.0354682723050713,0.0711032760442015,20,0.1125778897990618,0.2304644189155783,20,0.8616839887746414,0.34503149015426415,20,1.9299979401044876,0.6721214019778402,20,0.8538243191040518,0.2973441507237678,20,1.9299979401044876,0.6721214019778402,20,0.1798619353545204,4.9287482984499915,0.031115004557471817,0.13172759382884547,0.13126736083868062,0.13218782681901037,0.29457019221516273,0.03116238469692231,0.1010054849896834,0.15121671780714485,0.2945701922151628,0.13031681981113644,0.2945701922151628,0.05,0.4,10.897500000000003,20.35125,0.009729938271604937,0.07027777777777777,0.03751214142532811,0.25722665784460474,0.0373079673016661,0.29274598537358454,0.037716315548990104,0.29494550245538376,0.08475422112226115,0.6579692656067462,0.009479684473383277,0.070119722747322,0.028342041237835174,0.22489235454736387,0.6935364399238119,0.9877946504127635,1.6024464861133538,2.175661530597838,0.7089167047672296,0.9625050298566682,1.6024464861133538,2.175661530597838
M1,40,ConcederTBNegotiator,GeniusBOABaselineNegotiator,LinearTBNegotiator,0.55,0.5104177855340404,20,9.95,5.195899192733886,20,0.27162251503216756,0.25107197342990173,20,0.47131117058124233,0.43656322299753936,20,0.39218616118085026,0.3632034027284166,20,0.5504361799816344,0.5099230432666622,20,1.2142448561946522,1.1241984194249806,20,0.2715039737593257,0.2512064302609647,20,0.27898213735178523,0.25865997803561597,20,0.46342419193146195,0.5256443329079087,20,1.0461708955254472,1.1241984194249806,20,0.46282233466535827,0.49734143755169974,20,1.0461708955254472,1.1241984194249806,20,0.22370045761428853,2.277203224641093,0.11003714396751912,0.19133226844738388,0.15918090963935452,0.2234836272554133,0.492701680862287,0.11009607227192113,0.113362733613463,0.23037378623244423,0.492701680862287,0.21796949542904118,0.492701680862287,0.35,0.75,7.6487500000000015,12.0,0.17324350844359038,0.3700015216207448,0.30025003777186277,0.6423723033906219,0.2498700377924758,0.5345022845692247,0.34938124936231096,0.7502423222120191,0.7737435839873159,1.6547461284019884,0.17307228216059656,0.3699356653580549,0.17762987833323052,0.38033439637034006,0.25745788440636774,0.6693904994565562,0.605669623318111,1.4866721677327839,0.26794611692880704,0.6589165287627619,0.4955443052662771,1.4866721677327837
M1,40,ConcederTBNegotiator,GeniusBOABaselineNegotiator,SmartAspirationNegotiator,0.2,0.41039134083406165,20,14.55,9.800510190801292,20,0.07838592266608695,0.15862789963077217,20,0.17069855665553255,0.3484335367977071,20,0.17025131186223338,0.3476722376719721,20,0.17114580144883174,0.3491948359234421,20,0.41978303597715205,0.8554949732261863,20,0.07817518262547923,0.1587360069905627,20,0.09305938527575532,0.1904132927036011,20,0.8238652301003768,0.42263394555932043,20,1.8406327157429474,0.8554949732261863,20,0.8142894573010688,0.37846797544884553,20,1.8406327157429474,0.8554949732261863,20,0.1798619353545204,4.295262972158979,0.06952174227367439,0.1527077304883881,0.15237407643550258,0.1530413845412736,0.3749372032504505,0.06956912241312488,0.08345230499574409,0.18522749344643882,0.3749372032504505,0.16587090360042664,0.3749372032504505,0.05,0.4,10.44875,18.651249999999997,0.020406665851706928,0.15569159841859365,0.04334443068046964,0.3405040579556164,0.0431754443626738,0.297327179361793,0.04351341699826547,0.3413223140495867,0.10709552721264622,0.8366997143298264,0.020156412053485263,0.15553354338813785,0.023462415107008562,0.185855345500751,0.6178989225752826,0.9783399607441972,1.4237160373902733,2.1533202245074525,0.6298469811612636,0.9526213144059226,1.5279452069784416,2.1533202245074525
M1,40,ConcederTBNegotiator,LinearTBNegotiator,BoulwareTBNegotiator,0.25,0.44426165831931935,20,13.6,8.623102384689753,20,0.04118363477893139,0.07126559038913506,20,0.19754592430232165,0.34946131868635827,20,0.16365609465798497,0.2893729814859669,20,0.23143575394665833,0.40954965588674946,20,0.4362754833835747,0.7701882277618515,20,0.04098606599086166,0.07138262003902837,20,0.19053290650492433,0.33811774143353657,20,0.7805732191033219,0.44294365574614014,20,1.8241402683365249,0.7701882277618515,20,0.8069932564168409,0.3407285704745971,20,1.8241402683365249,0.7701882277618515,20,0.19470625648856146,3.7792412493849383,0.03123352209508529,0.15315817576152524,0.1268233008610644,0.17949305066198604,0.3375498736181357,0.031284812600584,0.14818663383184066,0.19412861639232437,0.3375498736181357,0.14933088010967527,0.3375498736181357,0.1,0.45,10.048750000000002,17.401249999999997,0.009100924486650475,0.0732663450712123,0.07955420293419786,0.35486821945982006,0.06595253098088635,0.29392751289411656,0.09315587488750936,0.41580892602552366,0.1762300079281164,0.7830027839908522,0.016884519514037025,0.07312146129329451,0.03831732134159257,0.34274849166825605,0.5811665642856028,0.9313745018092209,1.4774129677292471,2.170867568943802,0.6536023147976145,0.9603841980360672,1.4774129677292474,2.084185743791983
M1,40,ConcederTBNegotiator,LinearTBNegotiator,ConcederTBNegotiator,0.8,0.4103913408340616,20,2.65,0.8127277008872492,20,0.4182668658738553,0.21401221991642005,20,0.6862315113571131,0.3515712098545858,20,0.6031870393407465,0.3090094015365892,20,0.7692759833734799,0.39413301817258256,20,1.7907298885880816,0.9171546396255918,20,0.4182141808637033,0.21412032727621058,20,0.3510839941228773,0.17996715466709362,20,0.2059663075250942,0.42263394555932043,20,0.4696858631320177,0.9171546396255918,20,0.20778737839470582,0.4057459955884966,20,0.4696858631320177,0.9171546396255918,20,0.17986193535452039,0.35619361973067704,0.09379499086275492,0.15408287633667275,0.1354293413943789,0.1727364112789667,0.4019607435361005,0.0938423710022054,0.07887408314435661,0.18522749344643882,0.4019607435361005,0.1778260230359048,0.4019607435361005,0.6,0.95,2.25,2.95,0.3139702111337866,0.4964893569289067,0.514896897356697,0.8147324718574251,0.452594484971265,0.7161314551178575,0.5771993097421293,0.913333488596993,1.343764005847181,2.125954300643757,0.31386484111348273,0.49647618567636875,0.2633788518548478,0.4168628508238993,0.05149157688127355,0.4119326150501884,0.13446145107634194,0.9166517458729186,0.05948527432354926,0.40552351715624785,0.13446145107634194,0.9166517458729186
M1,40,ConcederTBNegotiator,LinearTBNegotiator,GeniusBOABaselineNegotiator,0.35,0.4893604849295929,20,13.05,8.02282926863611,20,0.06261981788084639,0.08604295511685844,20,0.27659803633107366,0.3854832091078173,20,0.22202851875189616,0.3092921807478175,20,0.3311675539102511,0.4616742374678169,20,0.6158158905429937,0.8570093733324928,20,0.06244859159785262,0.08617186492744078,20,0.2687910850549758,0.3754480740476344,20,0.6693904994565562,0.5039588606481887,20,1.644599861177106,0.8570093733324928,20,0.7275652100396226,0.3791379407440148,20,1.644599861177106,0.8570093733324928,20,0.21447168872174688,3.5161599568428716,0.03770998773874673,0.1689454653109697,0.13555327484800925,0.2023376557739301,0.37560091836068604,0.03776648495423476,0.16454737345600948,0.22086970897344796,0.37560091836068604,0.16616452883716923,0.37560091836068604,0.15,0.55,9.6,16.60125,0.0274543487566943,0.09778528700499847,0.1190523329164308,0.4341437397457165,0.09562183481528157,0.3484352026885108,0.14248283101758,0.5198522768029222,0.26555901458955594,0.9660727664964315,0.027230437463548612,0.09766674573215664,0.11534670790970944,0.4222354622002422,0.46342419193146195,0.8753568069816502,1.2943429852236683,1.9948567371305432,0.5726127966674789,0.8825176234117663,1.2943429852236683,1.9948567371305432
M1,40,ConcederTBNegotiator,LinearTBNegotiator,LinearTBNegotiator,0.55,0.5104177855340404,20,9.4,4.750623227812492,20,0.2308817742914268,0.21326324857552836,20,0.41765050419994276,0.38676438935276874,20,0.4131883209929514,0.38269408618791606,20,0.42211268740693414,0.39083469251762143,20,1.0661827826913124,0.9867920272810657,20,0.23076323301858498,0.2133977054065913,20,0.19139938551782576,0.1773803521409487,20,0.5085459682042976,0.48376986540873923,20,1.1942329690287872,0.9867920272810657,20,0.5283244766455093,0.43655333162943616,20,1.1942329690287872,0.9867920272810657,20,0.22370045761428853,2.0820524286841273,0.09346673969979406,0.1695069673103214,0.16772307829545535,0.17129085632518745,0.4324806743204368,0.09352566800419605,0.07774036695096227,0.21202149168589352,0.4324806743204368,0.19132793336417594,0.4324806743204368,0.35,0.75,7.3,11.25,0.14679530631907886,0.31444596606518915,0.26610234098376306,0.5691986674161224,0.2632350485819947,0.5631415934039079,0.2689696333855314,0.5752557414283369,0.6795222644851904,1.4528433008974342,0.14714635623467062,0.3143801098024993,0.1045194034873412,0.2609033711422134,0.3189875793238711,0.6981043570847243,0.8075724508226656,1.6775586167864394,0.3572672196290131,0.6993817336620056,0.7109073212711353,1.5808934872349092
M1,40,ConcederTBNegotiator,LinearTBNegotiator,SmartAspirationNegotiator,0.25,0.44426165831931935,20,13.6,8.623102384689753,20,0.0920138888888889,0.1615933223238635,20,0.19933213963545635,0.35263550663041354,20,0.16687670657424908,0.29509615904885667,20,0.2317875726966636,0.41017485421197025,20,0.4906781681598016,0.8668643355846903,20,0.09181632010081917,0.16171035197375683,20,0.1400544711449721,0.24841520782402887,20,0.7723736532191032,0.4575146666950262,20,1.769737583560298,0.8668643355846903,20,0.7829256994929308,0.38349774147744103,20,1.769737583560298,0.8668643355846903,20,0.19470625648856146,3.7792412493849383,0.07082139607153384,0.15454932496471377,0.12933159402033728,0.17976705590909015,0.37992004600096124,0.07087268657703256,0.10887276510249616,0.20051464350491457,0.37992004600096124,0.16807529575559493,0.37992004600096124,0.1,0.45,10.0,17.15,0.0374537037037037,0.16476080246913577,0.08026868906745174,0.3580834070594625,0.0340287988051063,0.2997246143433919,0.09329660238751147,0.4164421997755331,0.19799108183860717,0.8809276165880606,0.037216621158020026,0.16461591869121797,0.05617984348844461,0.251887308020342,0.5664073456940091,0.9783399607441972,1.379488135132039,2.159987031988557,0.610280712334576,0.9124094398616966,1.379488135132039,2.062424669881492
M1,40,ConcederTBNegotiator,SmartAspirationNegotiator,BoulwareTBNegotiator,0.2,0.41039134083406165,20,14.75,10.07276160324414,20,0.08908060535735272,0.18057292547808912,20,0.16929984034107928,0.34556343147903235,20,0.16487738970031557,0.33664518206413535,20,0.173722290981843,0.3544816808939292,20,0.42768028603951136,0.8716997884361537,20,0.08886986531674501,0.18068103283787965,20,0.0849411921175008,0.17375511182677125,20,0.8238652301003768,0.42263394555932043,20,1.832735465680588,0.8716997884361537,20,0.8107957415736193,0.3856369288582509,20,1.832735465680588,0.8716997884361537,20,0.1798619353545204,4.414582414536718,0.07913957390794214,0.15144985137174058,0.14754125623306713,0.15535844651041394,0.38203927665142323,0.07918695404739264,0.07615153533061668,0.18522749344643882,0.38203927665142323,0.16901283596201466,0.38203927665142323,0.05,0.4,10.297500000000003,19.0,0.02308033652452337,0.17708096380112523,0.042994751601856326,0.3377066253267099,0.04183196382219435,0.3289379575378105,0.044157539381518285,0.3464752931156092,0.109069839728236,0.7462907323507867,0.022830082726301708,0.17692290877066943,0.021432866817444936,0.14844951741755671,0.6178989225752826,0.9783399607441972,1.4079215372655547,2.151345911991863,0.6228595497063646,0.9517478854740601,1.4079215372655547,2.1513459119918634
M1,40,ConcederTBNegotiator,SmartAspirationNegotiator,ConcederTBNegotiator,0.8,0.4103913408340616,20,2.65,0.8127277008872492,20,0.39459627326788904,0.2018694621190459,20,0.6851375865929666,0.35101003829117366,20,0.5700813154163182,0.29202652349830366,20,0.8001938577696152,0.4099935530840439,20,1.7648714464538222,0.9038895387013933,20,0.39454358825773717,0.20197756947883644,20,0.4056724611249788,0.207970447375929,20,0.2059663075250942,0.42263394555932043,20,0.4955443052662771,0.9038895387013934,20,0.21922706249466928,0.399877561467869,20,0.4955443052662771,0.9038895387013934,20,0.17986193535452039,0.35619361973067704,0.08847319261638305,0.1538369320551582,0.12798626692392873,0.17968759718638774,0.3961470567266995,0.08852057275583354,0.09114706729814952,0.18522749344643882,0.39614705672669953,0.1752540683833251,0.39614705672669953,0.6,0.95,2.25,2.95,0.29621726667931186,0.46838052820932197,0.556841736985932,0.8134334362000013,0.42776519202794383,0.6768184079575992,0.6003877155392306,0.9500484644424037,1.3243701742464864,2.095247400609325,0.29611189665900806,0.468367356956784,0.3043202021064239,0.4816866553888948,0.05149157688127355,0.4119326150501884,0.16516835111077494,0.9360455774736132,0.07306989919225584,0.41410328023122045,0.16516835111077494,0.9360455774736132
M1,40,ConcederTBNegotiator,SmartAspirationNegotiator,GeniusBOABaselineNegotiator,0.2,0.41039134083406165,20,15.15,10.643876420889049,20,0.08031979011180641,0.1625961119009929,20,0.1613117057388248,0.32917212512812144,20,0.15895658658992,0.32449595042768686,20,0.16366682488772957,0.33384829982855596,20,0.402943201589456,0.8209403621572358,20,0.0801090500711987,0.16270421926078346,20,0.08364654126893369,0.17109854433849417,20,0.8375490070890654,0.39455542762900947,20,1.8574725501306435,0.8209403621572358,20,0.8217393409673287,0.36318113671457475,20,1.8574725501306435,0.8209403621572358,20,0.1798619353545204,4.6648845193581545,0.0712608879812054,0.14426604462457104,0.1422166207016231,0.14631546854751895,0.3597929772303475,0.0713082681206559,0.07498724329445841,0.17292154038571292,0.3597929772303475,0.159171151128529,0.3597929772303475,0.05,0.35,10.75,19.5,0.020890132713136795,0.15955933331003255,0.04099771795129271,0.3217303561222009,0.040351763044595465,0.2775614101352446,0.04164367285798993,0.32636436092738236,0.1028855686157222,0.8030200455544343,0.02063987891491513,0.15940127827957676,0.021109204105303158,0.16702965748710774,0.6452664765526597,0.9817609049913694,1.4573957061656653,2.1575301831043765,0.6447467484937833,0.9544837853224873,1.4573957061656653,2.1575301831043765
M1,40,ConcederTBNegotiator,SmartAspirationNegotiator,LinearTBNegotiator,0.55,0.5104177855340404,20,9.95,5.195899192733886,20,0.27162251503216756,0.25107197342990173,20,0.47131117058124233,0.43656322299753936,20,0.39218616118085026,0.3632034027284166,20,0.5504361799816344,0.5099230432666622,20,1.2142448561946522,1.1241984194249806,20,0.2715039737593257,0.2512064302609647,20,0.27898213735178523,0.25865997803561597,20,0.46342419193146195,0.5256443329079087,20,1.0461708955254472,1.1241984194249806,20,0.46282233466535827,0.49734143755169974,20,1.0461708955254472,1.1241984194249806,20,0.22370045761428853,2.277203224641093,0.11003714396751912,0.19133226844738388,0.15918090963935452,0.2234836272554133,0.492701680862287,0.11009607227192113,0.113362733613463,0.23037378623244423,0.492701680862287,0.21796949542904118,0.492701680862287,0.35,0.75,7.698750000000001,12.05,0.1726286396524123,0.3700015216207448,0.30025003777186277,0.6423723033906218,0.2498700377924758,0.5345022845692247,0.3506300377512498,0.7502423222120191,0.6636182659354819,1.6547461284019884,0.17307228216059656,0.3699356653580549,0.17762987833323052,0.38033439637034006,0.25745788440636774,0.7208820763378296,0.605669623318111,1.4866721677327837,0.26794611692880704,0.7064176068360473,0.605669623318111,1.4866721677327837
M1,40,ConcederTBNegotiator,SmartAspirationNegotiator,SmartAspirationNegotiator,0.2,0.41039134083406165,20,15.15,10.643876420889049,20,0.07723703127993524,0.15627042424859464,20,0.16108829748168033,0.32871370105710684,20,0.1546450357761142,0.31564883482992706,20,0.16753155918724646,0.3417785672842866,20,0.39941362624329585,0.8136978263628083,20,0.07702629123932753,0.1563785316083852,20,0.09059403440032175,0.1853544994466231,20,0.838012388398273,0.3936045892449939,20,1.8610021254768037,0.8136978263628083,20,0.8233008127202458,0.3599770642828036,20,1.8610021254768037,0.8136978263628083,20,0.1798619353545204,4.6648845193581545,0.06848853313254746,0.14406513141705013,0.13833920133287075,0.1497910615012295,0.3566187959666477,0.06853591327199797,0.08123519109682689,0.17250481709030704,0.3566187959666477,0.15776690447112343,0.3566187959666477,0.05,0.4,10.248750000000001,19.5,0.020119443005169,0.15339381564629023,0.04094186588700659,0.321283539607912,0.039273875341144,0.30847324968940776,0.04260985643286915,0.33409382952641614,0.10200317477918215,0.7959608948621141,0.019869189206947337,0.13465970245531048,0.022846077388150175,0.15834199141249336,0.646193239171075,0.9818767503186713,1.4644548568579856,2.158412576940917,0.6478696919996177,0.9548741532607167,1.4644548568579856,2.158412576940917
M1,40,GeniusBOABaselineNegotiator,BoulwareTBNegotiator,BoulwareTBNegotiator,0.2,0.41039134083406165,20,15.75,11.557066646588321,20,0.12283036711053139,0.24982597537167472,20,0.14039920088674568,0.2862605705959036,20,0.1396758602996105,0.2849327348550134,20,0.14112254147388092,0.2875884063367937,20,0.4036287688840228,0.822347116563482,20,0.12261962706992369,0.24993408273146525,20,0.01859168085636006,0.03760878737605015,20,0.8352565308578752,0.39925948960075125,20,1.8567869828360766,0.822347116563482,20,0.8214360484008859,0.36380347992961193,20,1.8567869828360766,0.822347116563482,20,0.1798619353545204,5.065107781884336,0.10949106124134558,0.12545922664554232,0.12487727697354378,0.12604117631754078,0.36040951453243025,0.10953844138079608,0.016482777804340078,0.17498318644419342,0.36040951453243025,0.15944390506842415,0.36040951453243025,0.05,0.4,10.85,20.85125,0.03151777696281803,0.24458048730748252,0.035769591738272925,0.24502881003521848,0.03553158147201808,0.24468800811743208,0.03600760200452777,0.2812757940996851,0.1030569604393639,0.8043911801435678,0.03126752316459638,0.2444224322770268,0.004845489002159748,0.036919936661960466,0.6406815240902792,0.9811877859335718,1.4560245715765319,2.157358791280735,0.6441401633608977,0.9544079621808766,1.4560245715765319,2.157358791280735
M1,40,GeniusBOABaselineNegotiator,BoulwareTBNegotiator,ConcederTBNegotiator,0.2,0.41039134083406165,20,15.75,11.557066646588321,20,0.12283036711053139,0.24982597537167472,20,0.14039920088674568,0.2862605705959036,20,0.1396758602996105,0.2849327348550134,20,0.14112254147388092,0.2875884063367937,20,0.4036287688840228,0.822347116563482,20,0.12261962706992369,0.24993408273146525,20,0.01859168085636006,0.03760878737605015,20,0.8352565308578752,0.39925948960075125,20,1.8567869828360766,0.822347116563482,20,0.8214360484008859,0.36380347992961193,20,1.8567869828360766,0.822347116563482,20,0.1798619353545204,5.065107781884336,0.10949106124134558,0.12545922664554232,0.12487727697354378,0.12604117631754078,0.36040951453243025,0.10953844138079608,0.016482777804340078,0.17498318644419342,0.36040951453243025,0.15944390506842415,0.36040951453243025,0.05,0.4,10.84875,20.9,0.03151777696281803,0.24458048730748252,0.035769591738272925,0.27990534641804266,0.03553158147201808,0.27853489873640036,0.03600760200452777,0.2812757940996851,0.1030569604393639,0.8043911801435678,0.03126752316459637,0.2444224322770268,0.004845489002159748,0.036919936661960466,0.6406815240902793,0.9811877859335716,1.4560245715765319,2.157358791280735,0.6441401633608977,0.9544079621808768,1.4560245715765319,2.157358791280735
M1,40,GeniusBOABaselineNegotiator,BoulwareTBNegotiator,GeniusBOABaselineNegotiator,0.2,0.41039134083406165,20,15.75,11.557066646588321,20,0.12283036711053139,0.24982597537167472,20,0.14039920088674568,0.2862605705959036,20,0.1396758602996105,0.2849327348550134,20,0.14112254147388092,0.2875884063367937,20,0.4036287688840228,0.822347116563482,20,0.12261962706992369,0.24993408273146525,20,0.01859168085636006,0.03760878737605015,20,0.8352565308578752,0.39925948960075125,20,1.8567869828360766,0.822347116563482,20,0.8214360484008859,0.36380347992961193,20,1.8567869828360766,0.822347116563482,20,0.1798619353545204,5.065107781884336,0.10949106124134558,0.12545922664554232,0.12487727697354378,0.12604117631754078,0.36040951453243025,0.10953844138079608,0.016482777804340078,0.17498318644419342,0.36040951453243025,0.15944390506842415,0.36040951453243025,0.05,0.4,10.85,20.752499999999998,0.03151777696281803,0.24458048730748252,0.035769591738272925,0.27990534641804266,0.03553158147201808,0.27853489873640036,0.03600760200452777,0.28127579409968506,0.1030569604393639,0.8043911801435678,0.03126752316459637,0.21397173097525105,0.004845489002159748,0.03245242430934527,0.6406815240902793,0.9811877859335716,1.4560245715765319,2.157358791280735,0.6441401633608977,0.9544079621808766,1.4560245715765319,2.157358791280735
M1,40,GeniusBOABaselineNegotiator,BoulwareTBNegotiator,LinearTBNegotiator,0.2,0.41039134083406165,20,15.75,11.557066646588321,20,0.12283036711053139,0.24982597537167472,20,0.14039920088674568,0.2862605705959036,20,0.1396758602996105,0.2849327348550134,20,0.14112254147388092,0.2875884063367937,20,0.4036287688840228,0.822347116563482,20,0.12261962706992369,0.24993408273146525,20,0.01859168085636006,0.03760878737605015,20,0.8352565308578752,0.39925948960075125,20,1.8567869828360766,0.822347116563482,20,0.8214360484008859,0.36380347992961193,20,1.8567869828360766,0.822347116563482,20,0.1798619353545204,5.065107781884336,0.10949106124134558,0.12545922664554232,0.12487727697354378,0.12604117631754078,0.36040951453243025,0.10953844138079608,0.016482777804340078,0.17498318644419342,0.36040951453243025,0.15944390506842415,0.36040951453243025,0.05,0.4,10.94875,21.00125,0.03151777696281803,0.24458048730748252,0.035769591738272925,0.27990534641804266,0.03553158147201808,0.24382013912720293,0.03600760200452777,0.2812757940996851,0.1030569604393639,0.8043911801435678,0.03126752316459637,0.24442243227702676,0.004845489002159748,0.03691993666196047,0.6406815240902793,0.9811877859335716,1.4560245715765319,2.157358791280735,0.6441401633608977,0.9544079621808768,1.4560245715765319,2.157358791280735
M1,40,GeniusBOABaselineNegotiator,BoulwareTBNegotiator,SmartAspirationNegotiator,0.2,0.41039134083406165,20,15.75,11.557066646588321,20,0.12283036711053139,0.24982597537167472,20,0.14039920088674568,0.2862605705959036,20,0.1396758602996105,0.2849327348550134,20,0.14112254147388092,0.2875884063367937,20,0.4036287688840228,0.822347116563482,20,0.12261962706992369,0.24993408273146525,20,0.01859168085636006,0.03760878737605015,20,0.8352565308578752,0.39925948960075125,20,1.8567869828360766,0.822347116563482,20,0.8214360484008859,0.36380347992961193,20,1.8567869828360766,0.822347116563482,20,0.1798619353545204,5.065107781884336,0.10949106124134558,0.12545922664554232,0.12487727697354378,0.12604117631754078,0.36040951453243025,0.10953844138079608,0.016482777804340078,0.17498318644419342,0.36040951453243025,0.15944390506842415,0.36040951453243025,0.05,0.4,10.95,20.65,0.03151777696281803,0.24458048730748252,0.035769591738272925,0.27990534641804266,0.03553158147201807,0.27853489873640036,0.03600760200452777,0.24623748094323408,0.1030569604393639,0.8043911801435678,0.03126752316459638,0.2444224322770268,0.004845489002159748,0.03691993666196047,0.6881091819898819,0.9811877859335716,1.4560245715765319,2.157358791280735,0.6441401633608977,0.9544079621808766,1.4560245715765319,2.157358791280735
M1,40,GeniusBOABaselineNegotiator,ConcederTBNegotiator,BoulwareTBNegotiator,0.2,0.41039134083406165,20,15.75,11.557066646588321,20,0.15345679012345678,0.31267006939780284,20,0.11201667756726852,0.22802086158923227,20,0.09430169509984673,0.19182691237722718,20,0.12973166003469033,0.2642148108012375,20,0.37749014525799385,0.7687117925762674,20,0.09430169509984673,0.19182691237722718,20,0.05915509502361006,0.12084315702057563,20,0.8356666120315055,0.39841802078726685,20,1.8829256064621056,0.7687117925762675,20,0.8329996838100527,0.34007540072719095,20,1.8829256064621056,0.7687117925762675,20,0.1798619353545204,5.065107781884336,0.13703369982180053,0.09993454877311243,0.08407185113391764,0.11579724641230728,0.3369027973680254,0.08407185113391764,0.052961848687882854,0.17461439647648558,0.3369027973680254,0.14904461584629014,0.3369027973680254,0.05,0.4,10.748750000000001,20.80125,0.03917438271604938,0.3058333333333333,0.028673960908403635,0.2231402997790884,0.024188040172077138,0.18778656833687285,0.03315988164473012,0.2271082032445661,0.09652230453285665,0.7521139328915101,0.024188040172077135,0.18778656833687285,0.014986342543972252,0.10332384750324793,0.6415016864375398,0.9812903062269793,1.5083018188285897,2.1638934471872426,0.6672674341792314,0.9572988710331684,1.5083018188285897,2.1638934471872426
M1,40,GeniusBOABaselineNegotiator,ConcederTBNegotiator,ConcederTBNegotiator,0.7,0.47016234598162726,20,7.2,3.17224808215512,20,0.700324074074074,0.46965445455849897,20,0.2935229305138224,0.19654792658395956,20,0.24182753814133778,0.16187737681745712,20,0.345218322886307,0.23121847635046203,20,1.287369935101719,0.8627503077264181,20,0.24182753814133778,0.16187737681745712,20,0.4584965359327363,0.3077770777410418,20,0.3089494612876413,0.48418801169585785,20,0.9730458166183806,0.8627503077264181,20,0.4304720562480268,0.381677709983172,20,0.9730458166183806,0.8627503077264181,20,0.20605773335083594,1.3902990212256685,0.20583514012036436,0.08614092683696083,0.0709458884423038,0.10133596523161788,0.37811699379428604,0.0709458884423038,0.13488925167806054,0.21220475237631067,0.37811699379428604,0.16727763178368926,0.37811699379428604,0.5,0.9,5.798750000000001,8.4,0.5005401234567902,0.9001080246913581,0.20991439475428703,0.3771314662733577,0.17296733349033283,0.3106877427923426,0.24686145601824122,0.4435751897543728,0.9203689129653642,1.6543709572380734,0.17296733349033283,0.3106877427923426,0.3275727899664572,0.5894202818990154,0.1029831537625471,0.5149157688127355,0.6060447944820261,1.3400468387547355,0.26811209133578484,0.5928320211602689,0.6060447944820261,1.3400468387547355
M1,40,GeniusBOABaselineNegotiator,ConcederTBNegotiator,GeniusBOABaselineNegotiator,0.2,0.41039134083406165,20,15.55,11.245934938082247,20,0.1335250498017972,0.2717710012189917,20,0.12364577519810831,0.25188326643628506,20,0.1091880790683563,0.22237312776226378,20,0.1381034713278603,0.2813934051103063,20,0.3808166001980138,0.7755375340915619,20,0.1091880790683563,0.22237312776226378,20,0.029004158711906813,0.05897474111876418,20,0.834652483137263,0.4004989693707001,20,1.8795991515220858,0.775537534091562,20,0.8315280718123533,0.3430950848318076,20,1.8795991515220858,0.775537534091562,20,0.1798619353545204,4.9287482984499915,0.11910889287561335,0.11039270880466001,0.09745932028895082,0.1233260973203692,0.3398943104849334,0.09745932028895082,0.025846819899013707,0.17552641240457237,0.33989431048493346,0.15036805075627585,0.33989431048493346,0.05,0.4,10.7,20.5,0.034191447635634475,0.26596985269001416,0.03158123531611358,0.24639849504076797,0.027909636164204533,0.21755933627389198,0.03525283446802261,0.2752376538076438,0.09735391826786163,0.7587668427715498,0.027909636164204527,0.21755933627389198,0.00744860846604644,0.05774489237305397,0.639473428649055,0.9810367740034188,1.5016489089485496,2.1630618334522373,0.6643242101838327,0.9569309680337437,1.5016489089485494,2.1630618334522373
M1,40,GeniusBOABaselineNegotiator,ConcederTBNegotiator,LinearTBNegotiator,0.25,0.44426165831931935,20,13.85,8.916424820461808,20,0.22118055555555557,0.3911285124555118,20,0.12964065961788937,0.22879049669708545,20,0.1184577342422333,0.20905338727950246,20,0.14082358499354541,0.2485276061146684,20,0.48046187479133434,0.8487095058496827,20,0.1184577342422333,0.20905338727950246,20,0.10272282131332226,0.18207512517600935,20,0.7723736532191032,0.4575146666950262,20,1.779953876928765,0.8487095058496827,20,0.7874453518448015,0.37546610848196554,20,1.779953876928765,0.8487095058496827,20,0.19470625648856146,3.9077954749045163,0.1714196285906239,0.10027185623124234,0.09162168663717724,0.10892202582530743,0.37196334105310863,0.09162168663717724,0.0797979419534467,0.20051464350491457,0.37196334105310863,0.1645552773953451,0.37196334105310863,0.1,0.45,9.95,17.6,0.08912037037037038,0.3972608024691358,0.052392097060424955,0.23263874302784196,0.04787318681458569,0.21257046414576347,0.056911007306264194,0.25270702190992034,0.09838546105784893,0.8625382885248196,0.024345004338703145,0.21257046414576344,0.04124718355578469,0.1846903383233724,0.5664073456940091,0.9268483838629237,1.3978774631952802,2.16203029066225,0.6184160865679434,0.9564746171216593,1.3978774631952802,2.16203029066225
M1,40,GeniusBOABaselineNegotiator,ConcederTBNegotiator,SmartAspirationNegotiator,0.2,0.41039134083406165,20,15.55,11.245934938082247,20,0.13271604938271603,0.2701109673853816,20,0.1192376465704302,0.24283797734587595,20,0.09827378312990578,0.19997746504006148,20,0.14020151001095466,0.28569848965169037,20,0.37119134252357644,0.7557869220771334,20,0.09827378312990578,0.19997746504006148,20,0.04201649333345168,0.08567548838235058,20,0.832282364437053,0.40536235032727563,20,1.8892244091965231,0.7557869220771335,20,0.8357862520462828,0.3343574833532306,20,1.8892244091965231,0.7557869220771335,20,0.1798619353545204,4.9287482984499915,0.11838135097022061,0.10642843607333077,0.08764398833634236,0.12521288381031917,0.3312382231168821,0.08764398833634236,0.037548938341572156,0.177657883086771,0.33123822311688217,0.14653862806646129,0.33123822311688217,0.05,0.4,10.4,20.3,0.03398919753086419,0.26435185185185184,0.030479203159194057,0.20799608998166635,0.0251810621795919,0.19573074439699095,0.0357773441387962,0.24462567588311307,0.0949476038492523,0.6474350811979005,0.0251810621795919,0.19573074439699095,0.010701692121432656,0.0733312945454707,0.634733191248635,0.9804442443283662,1.5208994242974243,2.165468147870847,0.6728405706516916,0.957995513092226,1.5208994242974243,2.165468147870847
M1,40,GeniusBOABaselineNegotiator,GeniusBOABaselineNegotiator,BoulwareTBNegotiator,0.2,0.41039134083406165,20,15.75,11.557066646588321,20,0.12283036711053139,0.24982597537167472,20,0.14039920088674568,0.2862605705959036,20,0.1396758602996105,0.2849327348550134,20,0.14112254147388092,0.2875884063367937,20,0.4036287688840228,0.822347116563482,20,0.12261962706992369,0.24993408273146525,20,0.01859168085636006,0.03760878737605015,20,0.8352565308578752,0.39925948960075125,20,1.8567869828360766,0.822347116563482,20,0.8214360484008859,0.36380347992961193,20,1.8567869828360766,0.822347116563482,20,0.1798619353545204,5.065107781884336,0.10949106124134558,0.12545922664554232,0.12487727697354378,0.12604117631754078,0.36040951453243025,0.10953844138079608,0.016482777804340078,0.17498318644419342,0.36040951453243025,0.15944390506842415,0.36040951453243025,0.05,0.4,10.748750000000001,20.55,0.03151777696281803,0.21414295725824478,0.035769591738272925,0.27990534641804266,0.03553158147201808,0.27853489873640036,0.03600760200452777,0.2812757940996851,0.1030569604393639,0.804391180143568,0.03126752316459637,0.2444224322770268,0.004845489002159748,0.036919936661960466,0.6406815240902792,0.9811877859335716,1.4560245715765319,2.157358791280735,0.6441401633608977,0.9544079621808766,1.4560245715765319,2.2575493940956215
M1,40,GeniusBOABaselineNegotiator,GeniusBOABaselineNegotiator,ConcederTBNegotiator,0.2,0.41039134083406165,20,15.75,11.557066646588321,20,0.12283036711053139,0.24982597537167472,20,0.14039920088674568,0.2862605705959036,20,0.1396758602996105,0.2849327348550134,20,0.14112254147388092,0.2875884063367937,20,0.4036287688840228,0.822347116563482,20,0.12261962706992369,0.24993408273146525,20,0.01859168085636006,0.03760878737605015,20,0.8352565308578752,0.39925948960075125,20,1.8567869828360766,0.822347116563482,20,0.8214360484008859,0.36380347992961193,20,1.8567869828360766,0.822347116563482,20,0.1798619353545204,5.065107781884336,0.10949106124134558,0.12545922664554232,0.12487727697354378,0.12604117631754078,0.36040951453243025,0.10953844138079608,0.016482777804340078,0.17498318644419342,0.36040951453243025,0.15944390506842415,0.36040951453243025,0.05,0.4,10.75,20.55125,0.03151777696281803,0.24458048730748252,0.035769591738272925,0.27990534641804266,0.03553158147201807,0.27853489873640036,0.03600760200452777,0.2812757940996851,0.10305696043936388,0.804391180143568,0.03126752316459638,0.2444224322770268,0.004845489002159748,0.03691993666196047,0.6406815240902792,0.9811877859335718,1.4560245715765319,2.157358791280735,0.6441401633608977,0.9544079621808768,1.4560245715765319,2.157358791280735
M1,40,GeniusBOABaselineNegotiator,GeniusBOABaselineNegotiator,GeniusBOABaselineNegotiator,0.2,0.41039134083406165,20,15.75,11.557066646588321,20,0.12283036711053139,0.24982597537167472,20,0.14039920088674568,0.2862605705959036,20,0.1396758602996105,0.2849327348550134,20,0.14112254147388092,0.2875884063367937,20,0.4036287688840228,0.822347116563482,20,0.12261962706992369,0.24993408273146525,20,0.01859168085636006,0.03760878737605015,20,0.8352565308578752,0.39925948960075125,20,1.8567869828360766,0.822347116563482,20,0.8214360484008859,0.36380347992961193,20,1.8567869828360766,0.822347116563482,20,0.1798619353545204,5.065107781884336,0.10949106124134558,0.12545922664554232,0.12487727697354378,0.12604117631754078,0.36040951453243025,0.10953844138079608,0.016482777804340078,0.17498318644419342,0.36040951453243025,0.15944390506842415,0.36040951453243025,0.05,0.4,11.2,20.803749999999997,0.03151777696281803,0.24458048730748252,0.035769591738272925,0.27990534641804266,0.03553158147201807,0.24382013912720293,0.03600760200452777,0.2812757940996851,0.1030569604393639,0.8043911801435678,0.03126752316459637,0.24442243227702676,0.004845489002159748,0.036919936661960466,0.6881091819898819,0.9811877859335716,1.4560245715765319,2.157358791280735,0.6441401633608977,0.9544079621808768,1.4560245715765319,2.157358791280735
M1,40,GeniusBOABaselineNegotiator,GeniusBOABaselineNegotiator,LinearTBNegotiator,0.2,0.41039134083406165,20,15.75,11.557066646588321,20,0.12283036711053139,0.24982597537167472,20,0.14039920088674568,0.2862605705959036,20,0.1396758602996105,0.2849327348550134,20,0.14112254147388092,0.2875884063367937,20,0.4036287688840228,0.822347116563482,20,0.12261962706992369,0.24993408273146525,20,0.01859168085636006,0.03760878737605015,20,0.8352565308578752,0.39925948960075125,20,1.8567869828360766,0.822347116563482,20,0.8214360484008859,0.36380347992961193,20,1.8567869828360766,0.822347116563482,20,0.1798619353545204,5.065107781884336,0.10949106124134558,0.12545922664554232,0.12487727697354378,0.12604117631754078,0.36040951453243025,0.10953844138079608,0.016482777804340078,0.17498318644419342,0.36040951453243025,0.15944390506842415,0.36040951453243025,0.05,0.4,10.6,20.804999999999996,0.03151777696281803,0.24458048730748252,0.035769591738272925,0.2799053464180427,0.03553158147201808,0.27853489873640036,0.03600760200452777,0.2812757940996851,0.1030569604393639,0.804391180143568,0.03126752316459638,0.2444224322770268,0.004845489002159748,0.036919936661960466,0.6406815240902792,0.981187785933572,1.4560245715765319,2.157358791280735,0.6441401633608977,0.9544079621808768,1.4560245715765319,2.157358791280735
M1,40,GeniusBOABaselineNegotiator,GeniusBOABaselineNegotiator,SmartAspirationNegotiator,0.2,0.41039134083406165,20,15.75,11.557066646588321,20,0.12283036711053139,0.24982597537167472,20,0.14039920088674568,0.2862605705959036,20,0.1396758602996105,0.2849327348550134,20,0.14112254147388092,0.2875884063367937,20,0.4036287688840228,0.822347116563482,20,0.12261962706992369,0.24993408273146525,20,0.01859168085636006,0.03760878737605015,20,0.8352565308578752,0.39925948960075125,20,1.8567869828360766,0.822347116563482,20,0.8214360484008859,0.36380347992961193,20,1.8567869828360766,0.822347116563482,20,0.1798619353545204,5.065107781884336,0.10949106124134558,0.12545922664554232,0.12487727697354378,0.12604117631754078,0.36040951453243025,0.10953844138079608,0.016482777804340078,0.17498318644419342,0.36040951453243025,0.15944390506842415,0.36040951453243025,0.05,0.35124999999999884,11.19875,20.75,0.03151777696281803,0.24458048730748252,0.035769591738272925,0.27990534641804266,0.03553158147201808,0.27853489873640036,0.03600760200452777,0.28127579409968506,0.10305696043936388,0.8043911801435678,0.03126752316459638,0.21473299850779476,0.004845489002159748,0.03233787271056037,0.6406815240902793,0.9811877859335718,1.556215174391418,2.157358791280735,0.6441401633608977,0.9544079621808766,1.4560245715765319,2.157358791280735
M1,40,GeniusBOABaselineNegotiator,LinearTBNegotiator,BoulwareTBNegotiator,0.2,0.41039134083406165,20,15.75,11.557066646588321,20,0.15345679012345678,0.31267006939780284,20,0.11201667756726852,0.22802086158923227,20,0.09430169509984673,0.19182691237722718,20,0.12973166003469033,0.2642148108012375,20,0.37749014525799385,0.7687117925762674,20,0.09430169509984673,0.19182691237722718,20,0.05915509502361006,0.12084315702057563,20,0.8356666120315055,0.39841802078726685,20,1.8829256064621056,0.7687117925762675,20,0.8329996838100527,0.34007540072719095,20,1.8829256064621056,0.7687117925762675,20,0.1798619353545204,5.065107781884336,0.13703369982180053,0.09993454877311243,0.08407185113391764,0.11579724641230728,0.3369027973680254,0.08407185113391764,0.052961848687882854,0.17461439647648558,0.3369027973680254,0.14904461584629014,0.3369027973680254,0.05,0.4,11.05,20.901249999999997,0.03917438271604938,0.3058333333333333,0.028673960908403635,0.1953593942261334,0.024188040172077135,0.18778656833687282,0.03315988164473012,0.2584940312213039,0.09652230453285665,0.7521139328915101,0.024188040172077138,0.18778656833687285,0.014986342543972247,0.1033238475032479,0.6415016864375398,0.9812903062269793,1.5083018188285897,2.1638934471872426,0.6672674341792313,0.9572988710331686,1.5083018188285897,2.1638934471872426
M1,40,GeniusBOABaselineNegotiator,LinearTBNegotiator,ConcederTBNegotiator,0.25,0.44426165831931935,20,13.6,8.623102384689753,20,0.22589550978311065,0.399507205991645,20,0.12674738544126987,0.2236490135623757,20,0.11544449059466613,0.2036987128003491,20,0.13805028028787358,0.24359931432440224,20,0.47939028066565037,0.8468052331163964,20,0.11544449059466613,0.2036987128003491,20,0.11045101918844454,0.19580849319129592,20,0.7723736532191032,0.4575146666950262,20,1.781025471054449,0.8468052331163963,20,0.7879194213273152,0.37462366490412496,20,1.781025471054449,0.8468052331163963,20,0.19470625648856146,3.7792412493849383,0.1750917529392726,0.09801850189554391,0.08927489707515428,0.10676210671593352,0.3711287567303604,0.08927489707515428,0.0858168558641183,0.20051464350491457,0.37112875673036033,0.16418606021832222,0.37112875673036033,0.05,0.45,9.65,17.0,0.0910063520613924,0.40574772007873505,0.05123478738977716,0.22743084950992687,0.04666788935555881,0.20714662558014255,0.05580168542399546,0.24771507343971105,0.09817114223271214,0.8606094190985886,0.04666788935555881,0.20714662558014257,0.044338462705833595,0.19860109449859248,0.5664073456940091,0.9268483838629237,1.3998063326215113,2.066939824879152,0.6192694116364682,0.9154609911560173,1.3998063326215113,2.066939824879152
M1,40,GeniusBOABaselineNegotiator,LinearTBNegotiator,GeniusBOABaselineNegotiator,0.2,0.41039134083406165,20,15.55,11.245934938082247,20,0.1335250498017972,0.2717710012189917,20,0.12364577519810831,0.25188326643628506,20,0.1091880790683563,0.22237312776226378,20,0.1381034713278603,0.2813934051103063,20,0.3808166001980138,0.7755375340915619,20,0.1091880790683563,0.22237312776226378,20,0.029004158711906813,0.05897474111876418,20,0.834652483137263,0.4004989693707001,20,1.8795991515220858,0.775537534091562,20,0.8315280718123533,0.3430950848318076,20,1.8795991515220858,0.775537534091562,20,0.1798619353545204,4.9287482984499915,0.11910889287561335,0.11039270880466001,0.09745932028895082,0.1233260973203692,0.3398943104849334,0.09745932028895082,0.025846819899013707,0.17552641240457237,0.33989431048493346,0.15036805075627585,0.33989431048493346,0.05,0.35,10.548750000000002,20.401249999999997,0.034191447635634475,0.2328586519679599,0.03158123531611358,0.24639849504076797,0.027909636164204527,0.21755933627389198,0.03525283446802261,0.2752376538076438,0.09735391826786163,0.7587668427715498,0.027909636164204533,0.21755933627389198,0.00744860846604644,0.05774489237305398,0.688268192271107,0.9810367740034188,1.5016489089485494,2.1630618334522373,0.6643242101838327,0.9569309680337434,1.5016489089485494,2.1630618334522373
M1,40,GeniusBOABaselineNegotiator,LinearTBNegotiator,LinearTBNegotiator,0.25,0.44426165831931935,20,13.85,8.916424820461808,20,0.22118055555555557,0.3911285124555118,20,0.12964065961788937,0.22879049669708545,20,0.1184577342422333,0.20905338727950246,20,0.14082358499354541,0.2485276061146684,20,0.48046187479133434,0.8487095058496827,20,0.1184577342422333,0.20905338727950246,20,0.10272282131332226,0.18207512517600935,20,0.7723736532191032,0.4575146666950262,20,1.779953876928765,0.8487095058496827,20,0.7874453518448015,0.37546610848196554,20,1.779953876928765,0.8487095058496827,20,0.19470625648856146,3.9077954749045163,0.1714196285906239,0.10027185623124234,0.09162168663717724,0.10892202582530743,0.37196334105310863,0.09162168663717724,0.0797979419534467,0.20051464350491457,0.37196334105310863,0.1645552773953451,0.37196334105310863,0.05,0.45,9.75,17.651249999999997,0.08912037037037038,0.3972608024691358,0.026642576207936815,0.23263874302784196,0.04787318681458569,0.21257046414576347,0.056911007306264194,0.25270702190992034,0.1939045644912203,0.8625382885248196,0.024345004338703145,0.21257046414576347,0.020755304303272173,0.1846903383233724,0.5664073456940091,0.9268483838629237,1.39787746319528,2.066511187228879,0.6184160865679434,0.9564746171216593,1.3978774631952802,2.16203029066225
M1,40,GeniusBOABaselineNegotiator,LinearTBNegotiator,SmartAspirationNegotiator,0.2,0.41039134083406165,20,15.75,11.557066646588321,20,0.12168147572437968,0.24746849998949727,20,0.145986618535878,0.29772570970004014,20,0.13145545494659577,0.2680648189798975,20,0.1605177821251602,0.3273866004201828,20,0.41365471279613564,0.8429199193895773,20,0.12147073568377198,0.24757660734928777,20,0.039135812893791054,0.07976445684161669,20,0.8366426537160094,0.3964152255091987,20,1.846761038923964,0.8429199193895773,20,0.8170006059808429,0.37290481573938067,20,1.846761038923964,0.8429199193895773,20,0.1798619353545204,5.065107781884336,0.10845785210021869,0.13048404540557704,0.1174845868925844,0.14348350391856962,0.3694259429113726,0.10850523223966915,0.034958314546495804,0.1737366327446775,0.3694259429113726,0.16343274135753658,0.3694259429113726,0.05,0.4,10.398750000000001,20.65,0.0312305541162801,0.2422827045351791,0.037166446150556004,0.29108018171630734,0.0334764801337644,0.26209408803037093,0.04085641216734759,0.3200662754022437,0.1055634464173921,0.8244430679677934,0.03098030031805845,0.24212464950472334,0.009981522011517498,0.07800820073682246,0.6434537698065481,0.9815343166481053,1.435972683752306,2.154852305302707,0.6352692785208117,0.953299101575866,1.435972683752306,2.154852305302707
M1,40,GeniusBOABaselineNegotiator,SmartAspirationNegotiator,BoulwareTBNegotiator,0.2,0.41039134083406165,20,16.35,12.524817468992469,20,0.13957904937106566,0.2841935462221964,20,0.10268557475603794,0.20887384261842531,20,0.09895964758015234,0.201384829196897,20,0.10641150193192353,0.2163628560399536,20,0.34495019888314155,0.701941231459047,20,0.09895964758015234,0.201384829196897,20,0.04061940179091332,0.08280871702529935,20,0.8536797326845565,0.3614558771002096,20,1.9154655528369582,0.701941231459047,20,0.847395241950227,0.310536338691187,20,1.9154655528369582,0.701941231459047,20,0.1798619353545204,5.489243280223028,0.12455331327143368,0.09154299772001276,0.08826079287340341,0.09482520256662208,0.30763930871145917,0.08826079287340341,0.03629252039803024,0.15841502276432415,0.30763930871145917,0.1360985511082889,0.30763930871145917,0.05,0.4,11.34875,21.65,0.0357049475279516,0.24431876872953825,0.026341185205595984,0.20447809415662718,0.025352528292153544,0.1731801595288839,0.027329842119038418,0.21185371501577027,0.08838731793914359,0.6036511038350042,0.025352528292153537,0.19710247329748404,0.010352419235798067,0.08097537853106701,0.6775279277436422,0.9857935863902423,1.573381711578294,2.1720284337809552,0.6960585504595799,0.9608977605682121,1.573381711578294,2.1720284337809552
M1,40,GeniusBOABaselineNegotiator,SmartAspirationNegotiator,ConcederTBNegotiator,0.2,0.41039134083406165,20,15.35,10.941350825868662,20,0.14106053085254716,0.2872334820802265,20,0.13471703496813744,0.27460101214500743,20,0.11467760468354267,0.2336373966510601,20,0.15475646525273226,0.3155646276389547,20,0.41049460078882216,0.8364355063702414,20,0.11467760468354267,0.2336373966510601,20,0.04016762702159241,0.08188169475861633,20,0.8300856033529573,0.4098700089612462,20,1.8499211509312772,0.8364355063702413,20,0.8183986284485719,0.3700361341641432,20,1.8499211509312772,0.8364355063702413,20,0.1798619353545204,4.795258425613895,0.1258856239036894,0.12034919984991047,0.10239610379557901,0.13830229590424187,0.36658402360351033,0.10239610379557901,0.03588623497625825,0.17963345158725572,0.3665840236035103,0.16217548622396227,0.3665840236035103,0.05,0.4,10.747500000000002,19.752499999999998,0.03607531789832197,0.24604574380677238,0.03434905025862087,0.26854101458082624,0.029282017568001122,0.22853838750426472,0.0394160829492406,0.30854364165738773,0.10477341841556372,0.8181228439531665,0.029282017568001122,0.22853838750426472,0.01023947554346784,0.08007182899242518,0.6303396690804437,0.9798950540573422,1.4422929077669329,2.1556423333045354,0.6380653234562698,0.9536486071927983,1.442292907766933,2.1556423333045354
M1,40,GeniusBOABaselineNegotiator,SmartAspirationNegotiator,GeniusBOABaselineNegotiator,0.2,0.41039134083406165,20,16.35,12.524817468992469,20,0.12462506009847558,0.25350860768021427,20,0.10238663717888274,0.2082604356528533,20,0.09854069531007885,0.20052515727759235,20,0.10623257904768664,0.21599571402811427,20,0.3293983344562411,0.6700294789859209,20,0.09854069531007885,0.20052515727759235,20,0.02608436478839673,0.05298345040262194,20,0.86503384176397,0.33815773685482636,20,1.9310174172638583,0.6700294789859208,20,0.8542753322234725,0.29641869132970394,20,1.9310174172638583,0.6700294789859208,20,0.1798619353545204,5.489243280223028,0.11110504601223974,0.09127416026412614,0.08788402504282049,0.09466429548543182,0.293653366540492,0.08788402504282049,0.023221020969419245,0.148204162598076,0.29365336654049196,0.12991121934849012,0.29365336654049196,0.05,0.4,10.94875,21.701249999999998,0.03196645020980408,0.2481698732833709,0.026266450811307192,0.2038802190023168,0.02524779022463517,0.19626456875733708,0.027285111397979196,0.18583794226114098,0.08449935183241847,0.6559303112880045,0.02524779022463517,0.19626456875733708,0.006718659985168919,0.05190530452603381,0.7002361459024692,0.9886321136600955,1.6044854404320947,2.1759163998876807,0.7459328813104212,0.9626177831365232,1.6044854404320952,2.1759163998876807
M1,40,GeniusBOABaselineNegotiator,SmartAspirationNegotiator,LinearTBNegotiator,0.2,0.41039134083406165,20,15.35,10.941350825868662,20,0.14106053085254716,0.2872334820802265,20,0.13471703496813744,0.27460101214500743,20,0.11467760468354267,0.2336373966510601,20,0.15475646525273226,0.3155646276389547,20,0.41049460078882216,0.8364355063702414,20,0.11467760468354267,0.2336373966510601,20,0.04016762702159241,0.08188169475861633,20,0.8300856033529573,0.4098700089612462,20,1.8499211509312772,0.8364355063702413,20,0.8183986284485719,0.3700361341641432,20,1.8499211509312772,0.8364355063702413,20,0.1798619353545204,4.795258425613895,0.1258856239036894,0.12034919984991047,0.10239610379557901,0.13830229590424187,0.36658402360351033,0.10239610379557901,0.03588623497625825,0.17963345158725572,0.3665840236035103,0.16217548622396227,0.3665840236035103,0.05,0.4,10.75,20.10125,0.03607531789832197,0.28104081479151405,0.03434905025862087,0.26854101458082624,0.02928201756800112,0.22853838750426472,0.0394160829492406,0.30854364165738773,0.10477341841556372,0.8181228439531665,0.029282017568001122,0.22853838750426472,0.01023947554346784,0.08007182899242518,0.6303396690804437,0.9798950540573422,1.442292907766933,2.1556423333045354,0.6380653234562699,0.9536486071927983,1.4422929077669329,2.1556423333045354
M1,40,GeniusBOABaselineNegotiator,SmartAspirationNegotiator,SmartAspirationNegotiator,0.2,0.41039134083406165,20,16.15,12.196958205785743,20,0.10994941974143604,0.2233948290615946,20,0.16275366152860665,0.33213095597808145,20,0.14380507143840487,0.29340569733419736,20,0.18170225161880846,0.3708562146219657,20,0.4354567427986494,0.8876567410177576,20,0.10973867970082833,0.22350293642138516,20,0.07205233837038295,0.1473077419713022,20,0.8300856033529573,0.4098700089612462,20,1.82495900892145,0.8876567410177576,20,0.8073554643798241,0.3926962287102631,20,1.82495900892145,0.8876567410177576,20,0.1798619353545204,5.345552622704714,0.09790710062631953,0.14556280941980013,0.12859071650809883,0.16253490233150147,0.38903271946591983,0.09795448076577003,0.0645604644333268,0.17963345158725572,0.38903271946591983,0.17210671053317475,0.38903271946591983,0.05,0.4,11.25,21.25125,0.02829754012054419,0.21881859256929181,0.04135820689873817,0.3246142677017646,0.036563884256716674,0.28679332101398913,0.04615252954075965,0.36243521438954013,0.11101395391802053,0.8680471279728209,0.02804728632232254,0.21866053753883605,0.018210653380665475,0.14384125169000628,0.6303396690804437,0.9798950540573422,1.3923686237472785,2.1494017978020787,0.6638231125840367,0.9508878161756111,1.3923686237472785,2.1494017978020787
M1,40,LinearTBNegotiator,BoulwareTBNegotiator,BoulwareTBNegotiator,0.2,0.41039134083406165,20,14.75,10.07276160324414,20,0.08908060535735272,0.18057292547808912,20,0.16929984034107928,0.34556343147903235,20,0.16487738970031557,0.33664518206413535,20,0.173722290981843,0.3544816808939292,20,0.42768028603951136,0.8716997884361537,20,0.08886986531674501,0.18068103283787965,20,0.0849411921175008,0.17375511182677125,20,0.8238652301003768,0.42263394555932043,20,1.832735465680588,0.8716997884361537,20,0.8107957415736193,0.3856369288582509,20,1.832735465680588,0.8716997884361537,20,0.1798619353545204,4.414582414536718,0.07913957390794214,0.15144985137174058,0.14754125623306713,0.15535844651041394,0.38203927665142323,0.07918695404739264,0.07615153533061668,0.18522749344643882,0.38203927665142323,0.16901283596201466,0.38203927665142323,0.05,0.4,10.798750000000002,19.201249999999998,0.023080336524523373,0.1770809638011252,0.042994751601856326,0.3377066253267099,0.04183196382219435,0.3289379575378105,0.044157539381518285,0.3464752931156092,0.10906983972823603,0.8524942144545449,0.022830082726301708,0.1769229087706694,0.021432866817444933,0.1484495174175567,0.6693904994565562,0.9783399607441972,1.4079215372655547,2.1513459119918634,0.6228595497063646,0.9517478854740601,1.4079215372655547,2.151345911991863
M1,40,LinearTBNegotiator,BoulwareTBNegotiator,ConcederTBNegotiator,0.35,0.4893604849295929,20,13.05,8.02282926863611,20,0.18359939270870057,0.2551933077006719,20,0.3007286298561769,0.4192219489623413,20,0.26435379200941317,0.3684702271651777,20,0.33710346770294064,0.46997367075950486,20,0.7850566524210545,1.0936372056253545,20,0.18342816642570683,0.2553222175112542,20,0.1537474240198111,0.21459715475550903,20,0.6693904994565562,0.5039588606481887,20,1.475359099299045,1.0936372056253545,20,0.6526936906081755,0.4838212637622675,20,1.475359099299045,1.0936372056253545,20,0.21447168872174688,3.5161599568428716,0.1118433983506577,0.1837321200057895,0.16148919722272087,0.20597504278885817,0.4793076383622368,0.1118998955661457,0.09405134985902663,0.22086970897344796,0.4793076383622368,0.21204401800752798,0.4793076383622368,0.15,0.55,9.45,16.401249999999997,0.07930273796863183,0.2878960474487694,0.12939401585576077,0.47206324385659293,0.11376123763993166,0.41494634637889466,0.1450267940715898,0.5291801413342915,0.3380907696801534,1.2320225351619556,0.07907882667548613,0.28777750617592757,0.0660422817517817,0.24145256628784048,0.46342419193146195,0.8753568069816502,1.028393216558144,1.922324982039946,0.4549575518466334,0.8504298293697173,1.028393216558144,1.922324982039946
M1,40,LinearTBNegotiator,BoulwareTBNegotiator,GeniusBOABaselineNegotiator,0.2,0.41039134083406165,20,15.75,11.557066646588321,20,0.12283036711053139,0.24982597537167472,20,0.14039920088674568,0.2862605705959036,20,0.1396758602996105,0.2849327348550134,20,0.14112254147388092,0.2875884063367937,20,0.4036287688840228,0.822347116563482,20,0.12261962706992369,0.24993408273146525,20,0.01859168085636006,0.03760878737605015,20,0.8352565308578752,0.39925948960075125,20,1.8567869828360766,0.822347116563482,20,0.8214360484008859,0.36380347992961193,20,1.8567869828360766,0.822347116563482,20,0.1798619353545204,5.065107781884336,0.10949106124134558,0.12545922664554232,0.12487727697354378,0.12604117631754078,0.36040951453243025,0.10953844138079608,0.016482777804340078,0.17498318644419342,0.36040951453243025,0.15944390506842415,0.36040951453243025,0.05,0.4,11.046250000000004,20.85,0.03151777696281803,0.24458048730748252,0.03576959173827292,0.27990534641804266,0.03553158147201807,0.24382013912720293,0.03600760200452777,0.2812757940996851,0.1030569604393639,0.8043911801435678,0.03126752316459638,0.2444224322770268,0.004845489002159748,0.03691993666196047,0.6406815240902792,0.9811877859335716,1.4560245715765319,2.157358791280735,0.6441401633608977,0.9544079621808766,1.4560245715765319,2.157358791280735
M1,40,LinearTBNegotiator,BoulwareTBNegotiator,LinearTBNegotiator,0.35,0.4893604849295929,20,13.05,8.02282926863611,20,0.18359939270870057,0.2551933077006719,20,0.3007286298561769,0.4192219489623413,20,0.26435379200941317,0.3684702271651777,20,0.33710346770294064,0.46997367075950486,20,0.7850566524210545,1.0936372056253545,20,0.18342816642570683,0.2553222175112542,20,0.1537474240198111,0.21459715475550903,20,0.6693904994565562,0.5039588606481887,20,1.475359099299045,1.0936372056253545,20,0.6526936906081755,0.4838212637622675,20,1.475359099299045,1.0936372056253545,20,0.21447168872174688,3.5161599568428716,0.1118433983506577,0.1837321200057895,0.16148919722272087,0.20597504278885817,0.4793076383622368,0.1118998955661457,0.09405134985902663,0.22086970897344796,0.4793076383622368,0.21204401800752798,0.4793076383622368,0.15,0.55,9.6,16.25,0.07930273796863183,0.2878960474487694,0.12939401585576077,0.47206324385659293,0.11376123763993169,0.41494634637889466,0.1450267940715898,0.5291801413342915,0.33809076968015345,1.2320225351619556,0.07907882667548613,0.28777750617592757,0.0660422817517817,0.24145256628784048,0.46342419193146195,0.8753568069816502,1.028393216558144,1.922324982039946,0.4549575518466334,0.8504298293697173,1.028393216558144,1.922324982039946
M1,40,LinearTBNegotiator,BoulwareTBNegotiator,SmartAspirationNegotiator,0.2,0.41039134083406165,20,14.55,9.800510190801292,20,0.07838592266608695,0.15862789963077217,20,0.17069855665553255,0.3484335367977071,20,0.17025131186223338,0.3476722376719721,20,0.17114580144883174,0.3491948359234421,20,0.41978303597715205,0.8554949732261863,20,0.07817518262547923,0.1587360069905627,20,0.09305938527575532,0.1904132927036011,20,0.8238652301003768,0.42263394555932043,20,1.8406327157429474,0.8554949732261863,20,0.8142894573010688,0.37846797544884553,20,1.8406327157429474,0.8554949732261863,20,0.1798619353545204,4.295262972158979,0.06952174227367439,0.1527077304883881,0.15237407643550258,0.1530413845412736,0.3749372032504505,0.06956912241312488,0.08345230499574409,0.18522749344643882,0.3749372032504505,0.16587090360042664,0.3749372032504505,0.05,0.4,10.298750000000002,18.5,0.020406665851706928,0.15569159841859365,0.04334443068046964,0.2980526826305955,0.0431754443626738,0.3396858018616461,0.04351341699826547,0.3413223140495867,0.10709552721264619,0.8366997143298264,0.020156412053485263,0.15553354338813785,0.023462415107008562,0.18585534550075097,0.6178989225752826,0.9783399607441972,1.5279452069784416,2.153320224507453,0.6298469811612636,0.9526213144059226,1.4237160373902733,2.1533202245074525
M1,40,LinearTBNegotiator,ConcederTBNegotiator,BoulwareTBNegotiator,0.2,0.41039134083406165,20,14.55,9.800510190801292,20,0.06949703377719806,0.14038828448259164,20,0.15834679274738103,0.32308825203804675,20,0.13649171120290632,0.2783989987689535,20,0.18020187429185577,0.36777750530714,20,0.3861906192719601,0.7865647885586852,20,0.06928629373659034,0.1404963918423822,20,0.11100434700766826,0.2272355772354795,20,0.8267517367375063,0.4167109589136305,20,1.8742251324481394,0.7865647885586851,20,0.8291506246237745,0.3479735035292229,20,1.8742251324481394,0.7865647885586851,20,0.1798619353545204,4.295262972158979,0.061527878480140144,0.14159966968057686,0.12201374087859103,0.1611855984825627,0.3447272178412939,0.06157525861959064,0.09959038273056743,0.18263163009559996,0.34472721784129384,0.15250611201898065,0.34472721784129384,0.05,0.4,10.548750000000002,18.7,0.018184443629484705,0.12080962392491143,0.040256489703431764,0.31580053013931336,0.034735544197842035,0.272166600542992,0.04577743520902148,0.31462631337469005,0.09869742303634822,0.673683815507572,0.01793418983126304,0.1377557656103601,0.027948655539986787,0.22174526896457683,0.6236719358495415,0.9790615874034796,1.584336159577233,2.161718328683751,0.6595693158066749,0.956336606236599,1.5867319362125276,2.161718328683751
M1,40,LinearTBNegotiator,ConcederTBNegotiator,ConcederTBNegotiator,0.7,0.47016234598162726,20,6.5,2.762531257265412,20,0.5655092592592592,0.37910466940648185,20,0.4201459698721206,0.28159561978399017,20,0.40504017985639484,0.2715008604211857,20,0.43525175988784637,0.2916903791467946,20,1.4058011990035006,0.9422959089744622,20,0.40504017985639484,0.2715008604211857,20,0.16046907940286442,0.10760380898529609,20,0.3089494612876413,0.48418801169585785,20,0.854614552716599,0.9422959089744622,20,0.3780784805035385,0.416868404963736,20,0.854614552716599,0.9422959089744622,20,0.20605773335083594,1.2107327055178305,0.16614994703057373,0.12341472180862459,0.11899049845088486,0.12783894516636427,0.4129793906478229,0.11899049845088486,0.047159448579688845,0.21220475237631067,0.4129793906478229,0.1827006338694816,0.4129793906478229,0.5,0.9,5.248750000000001,7.6,0.40424382716049373,0.7267746913580245,0.3003594228673573,0.539932516876884,0.2895477918582307,0.5205325678545588,0.31117105387648364,0.5283122893963687,1.0049626728952081,1.8066397251117927,0.28954779185823076,0.5205325678545588,0.11469603530226302,0.2062421235034657,0.1029831537625471,0.5149157688127355,0.4537760266083066,1.355662710351964,0.20074892252144255,0.5554080384856344,0.4537760266083066,1.2554530788248912
M1,40,LinearTBNegotiator,ConcederTBNegotiator,GeniusBOABaselineNegotiator,0.25,0.44426165831931935,20,14.35,9.538150543447806,20,0.11979166666666667,0.21095572880378788,20,0.1668726775992686,0.2949535289010145,20,0.11655464538262268,0.20567150962870395,20,0.21719070981591454,0.384235548173325,20,0.4535370218652039,0.8008627866058168,20,0.11655464538262268,0.20567150962870395,20,0.10071928298241953,0.1785147441304366,20,0.7723736532191032,0.4575146666950262,20,1.8068787298548954,0.8008627866058168,20,0.7993568123385807,0.35429888771407975,20,1.8068787298548954,0.8008627866058168,20,0.19470625648856146,4.180278786976068,0.09245542457026289,0.12926908360191897,0.09013951340669778,0.16839865379714017,0.35099359177410083,0.09013951340669778,0.07823753616088101,0.20051464350491457,0.35099359177410083,0.15527833386712447,0.35099359177410083,0.1,0.45,10.2,18.203749999999996,0.024822530864197535,0.21476080246913581,0.03408897980421266,0.29965637539432455,0.047111951270741435,0.20914490419846438,0.044213573041644284,0.39016784659018483,0.09300049047262285,0.814073553257785,0.047111951270741435,0.20914490419846438,0.020354596637091625,0.1810839693277474,0.5664073456940091,0.9268483838629237,1.4463421984623146,2.0772811283993313,0.639856715456746,0.9189818849999567,1.4463421984623146,2.167415261247476
M1,40,LinearTBNegotiator,ConcederTBNegotiator,LinearTBNegotiator,0.55,0.5104177855340404,20,9.95,5.195899192733886,20,0.36307870370370365,0.33594627396646326,20,0.32634068119664794,0.30202592088941066,20,0.26882346534730484,0.2487188317741118,20,0.383857897045991,0.3553330100047095,20,1.0157600660969996,0.9399981157452846,20,0.26882346534730484,0.2487188317741118,20,0.11508436282816274,0.10655754326051622,20,0.48657131135732146,0.5041630575645648,20,1.2446556856231,0.9399981157452846,20,0.5506313096057481,0.4158518692988128,20,1.2446556856231,0.9399981157452846,20,0.22370045761428853,2.277203224641093,0.1472349462538488,0.1323686960548364,0.10900583416572472,0.15573155794394808,0.41197233836352165,0.10900583416572472,0.04670090240819421,0.22095920221786725,0.41197233836352165,0.18225511747121062,0.41197233836352165,0.35,0.75,7.75,12.05125,0.23144290123456787,0.49471450617283963,0.20799608998166635,0.4742714202153747,0.17136650408021964,0.3662804266143901,0.24462567588311304,0.5239603195911362,0.6474350811979004,1.3840850509960982,0.17136650408021964,0.36688953262230883,0.07333129454547069,0.15683743111085477,0.23963484487179895,0.7335077778428439,0.8763307007240012,1.7050619167469736,0.3876856282111568,0.7135769910003393,0.8763307007240012,1.6129806705221987
M1,40,LinearTBNegotiator,ConcederTBNegotiator,SmartAspirationNegotiator,0.25,0.44426165831931935,20,14.35,9.538150543447806,20,0.09817530456717657,0.17254244531118645,20,0.14817754303473463,0.2617314029644437,20,0.07647591931355843,0.1344497444016311,20,0.21987916675591085,0.3890130615272564,20,0.39453039063664586,0.6960052512400738,20,0.07647591931355843,0.1344497444016311,20,0.14348646599148004,0.25451402271144075,20,0.8008226751375617,0.40695942807479824,20,1.8658853610834538,0.6960052512400738,20,0.8254611390243491,0.307910281863165,20,1.8658853610834538,0.6960052512400738,20,0.19470625648856146,4.180278786976068,0.07562006079709113,0.11470884493947767,0.05892519853574571,0.17049249134320965,0.3050377506760465,0.05892519853574571,0.11154568857790254,0.1783578332708983,0.3050377506760465,0.13494763095856285,0.3050377506760465,0.1,0.45,10.148750000000001,18.55125,0.03991826997501877,0.1758513506900536,0.05980685042716305,0.26600513317816343,0.03108046084311574,0.13700319727414867,0.04475126442964354,0.39500706908217814,0.08119916422691123,0.7078616170463804,0.015948641352968175,0.13700319727414867,0.0575526414270478,0.2580648987440563,0.6176155851472341,0.938227992630307,1.5525541346737193,2.1792165874931877,0.6868445034911291,0.9302899696463459,1.5525541346737193,2.1792165874931877
M1,40,LinearTBNegotiator,GeniusBOABaselineNegotiator,BoulwareTBNegotiator,0.2,0.41039134083406165,20,14.75,10.07276160324414,20,0.08908060535735272,0.18057292547808912,20,0.16929984034107928,0.34556343147903235,20,0.16487738970031557,0.33664518206413535,20,0.173722290981843,0.3544816808939292,20,0.42768028603951136,0.8716997884361537,20,0.08886986531674501,0.18068103283787965,20,0.0849411921175008,0.17375511182677125,20,0.8238652301003768,0.42263394555932043,20,1.832735465680588,0.8716997884361537,20,0.8107957415736193,0.3856369288582509,20,1.832735465680588,0.8716997884361537,20,0.1798619353545204,4.414582414536718,0.07913957390794214,0.15144985137174058,0.14754125623306713,0.15535844651041394,0.38203927665142323,0.07918695404739264,0.07615153533061668,0.18522749344643882,0.38203927665142323,0.16901283596201466,0.38203927665142323,0.05,0.4,10.6,18.80125,0.023080336524523373,0.1770809638011252,0.042994751601856326,0.2956049290803023,0.04183196382219435,0.32893795753781047,0.044157539381518285,0.3464752931156092,0.109069839728236,0.8524942144545449,0.022830082726301708,0.17692290877066938,0.021432866817444933,0.16961895918424194,0.6178989225752826,0.9783399607441972,1.4079215372655547,2.1513459119918634,0.6228595497063646,0.9517478854740601,1.5141250193693128,2.151345911991863
M1,40,LinearTBNegotiator,GeniusBOABaselineNegotiator,ConcederTBNegotiator,0.4,0.5026246899500346,20,12.7,7.664683191173176,20,0.20967355639371776,0.2621103687577644,20,0.3435622833562809,0.43058503619834004,20,0.30200193060178354,0.37845767974372174,20,0.38512263611077835,0.48271239265295846,20,0.8967981231062797,1.1232804411544446,20,0.209515501363262,0.2622427726922275,20,0.17567370958681844,0.22041384969745978,20,0.6178989225752826,0.5176187572997697,20,1.3636176286138197,1.1232804411544446,20,0.60325965591779,0.49693532718468547,20,1.3636176286138197,1.1232804411544446,20,0.2202849828840144,3.3591955177267945,0.11487493402138005,0.1887122125626044,0.16586639130870617,0.21155803381650268,0.49229935914658884,0.11493296260417785,0.09660062881676454,0.22685642263924508,0.49229935914658884,0.21779150971318695,0.49229935914658884,0.2,0.6,9.55,16.05,0.10537690165364902,0.3139702111337866,0.17222766935586478,0.514896897356697,0.15140937623230205,0.45353568843607345,0.19304596247942749,0.5771993097421292,0.4498322403653785,1.343764005847181,0.10516616161304126,0.31386484111348273,0.08796856731878903,0.2633788518548478,0.3604410381689148,0.8238652301003768,0.9166517458729186,1.8105835113547208,0.35608948246586236,0.8009957946793319,0.9138582091057905,1.8105835113547208
M1,40,LinearTBNegotiator,GeniusBOABaselineNegotiator,GeniusBOABaselineNegotiator,0.2,0.41039134083406165,20,15.75,11.557066646588321,20,0.12283036711053139,0.24982597537167472,20,0.14039920088674568,0.2862605705959036,20,0.1396758602996105,0.2849327348550134,20,0.14112254147388092,0.2875884063367937,20,0.4036287688840228,0.822347116563482,20,0.12261962706992369,0.24993408273146525,20,0.01859168085636006,0.03760878737605015,20,0.8352565308578752,0.39925948960075125,20,1.8567869828360766,0.822347116563482,20,0.8214360484008859,0.36380347992961193,20,1.8567869828360766,0.822347116563482,20,0.1798619353545204,5.065107781884336,0.10949106124134558,0.12545922664554232,0.12487727697354378,0.12604117631754078,0.36040951453243025,0.10953844138079608,0.016482777804340078,0.17498318644419342,0.36040951453243025,0.15944390506842415,0.36040951453243025,0.05,0.4,10.747500000000002,20.80125,0.03151777696281803,0.24458048730748252,0.035769591738272925,0.27990534641804266,0.03553158147201807,0.27853489873640036,0.03600760200452777,0.2812757940996851,0.1030569604393639,0.804391180143568,0.03126752316459638,0.24442243227702676,0.004845489002159748,0.03691993666196047,0.6406815240902793,0.9811877859335716,1.4560245715765319,2.157358791280735,0.6441401633608977,0.9544079621808768,1.5537104093210483,2.157358791280735
M1,40,LinearTBNegotiator,GeniusBOABaselineNegotiator,LinearTBNegotiator,0.4,0.5026246899500346,20,12.7,7.664683191173176,20,0.20967355639371776,0.2621103687577644,20,0.3435622833562809,0.43058503619834004,20,0.30200193060178354,0.37845767974372174,20,0.38512263611077835,0.48271239265295846,20,0.8967981231062797,1.1232804411544446,20,0.209515501363262,0.2622427726922275,20,0.17567370958681844,0.22041384969745978,20,0.6178989225752826,0.5176187572997697,20,1.3636176286138197,1.1232804411544446,20,0.60325965591779,0.49693532718468547,20,1.3636176286138197,1.1232804411544446,20,0.2202849828840144,3.3591955177267945,0.11487493402138005,0.1887122125626044,0.16586639130870617,0.21155803381650268,0.49229935914658884,0.11493296260417785,0.09660062881676454,0.22685642263924508,0.49229935914658884,0.21779150971318695,0.49229935914658884,0.15,0.6,9.55,15.9,0.10537690165364902,0.3139702111337866,0.17222766935586478,0.514896897356697,0.15140937623230205,0.49024262356363524,0.19304596247942749,0.5771993097421293,0.4498322403653785,1.343764005847181,0.10516616161304129,0.31451702448692104,0.08796856731878905,0.2633788518548478,0.4119326150501884,0.8238652301003768,0.9166517458729186,1.8105835113547208,0.35608948246586236,0.8009957946793319,0.9166517458729186,1.8105835113547208
M1,40,LinearTBNegotiator,GeniusBOABaselineNegotiator,SmartAspirationNegotiator,0.2,0.41039134083406165,20,14.55,9.800510190801292,20,0.07838592266608695,0.15862789963077217,20,0.17069855665553255,0.3484335367977071,20,0.17025131186223338,0.3476722376719721,20,0.17114580144883174,0.3491948359234421,20,0.41978303597715205,0.8554949732261863,20,0.07817518262547923,0.1587360069905627,20,0.09305938527575532,0.1904132927036011,20,0.8238652301003768,0.42263394555932043,20,1.8406327157429474,0.8554949732261863,20,0.8142894573010688,0.37846797544884553,20,1.8406327157429474,0.8554949732261863,20,0.1798619353545204,4.295262972158979,0.06952174227367439,0.1527077304883881,0.15237407643550258,0.1530413845412736,0.3749372032504505,0.06956912241312488,0.08345230499574409,0.18522749344643882,0.3749372032504505,0.16587090360042664,0.3749372032504505,0.05,0.4,10.19875,18.901249999999997,0.020406665851706928,0.15569159841859365,0.04334443068046964,0.3405040579556164,0.0431754443626738,0.3396858018616462,0.04351341699826547,0.3413223140495867,0.10709552721264622,0.8366997143298264,0.020156412053485263,0.15553354338813785,0.023462415107008562,0.185855345500751,0.6178989225752826,0.9783399607441972,1.4237160373902733,2.1533202245074525,0.6298469811612636,0.9526213144059223,1.4237160373902733,2.1533202245074525
M1,40,LinearTBNegotiator,LinearTBNegotiator,BoulwareTBNegotiator,0.2,0.41039134083406165,20,14.55,9.800510190801292,20,0.06949703377719806,0.14038828448259164,20,0.15834679274738103,0.32308825203804675,20,0.13649171120290632,0.2783989987689535,20,0.18020187429185577,0.36777750530714,20,0.3861906192719601,0.7865647885586852,20,0.06928629373659034,0.1404963918423822,20,0.11100434700766826,0.2272355772354795,20,0.8267517367375063,0.4167109589136305,20,1.8742251324481394,0.7865647885586851,20,0.8291506246237745,0.3479735035292229,20,1.8742251324481394,0.7865647885586851,20,0.1798619353545204,4.295262972158979,0.061527878480140144,0.14159966968057686,0.12201374087859103,0.1611855984825627,0.3447272178412939,0.06157525861959064,0.09959038273056743,0.18263163009559996,0.34472721784129384,0.15250611201898065,0.34472721784129384,0.05,0.4,10.298750000000002,18.65,0.018184443629484702,0.13791382064081587,0.040256489703431764,0.3158005301393134,0.034735544197842035,0.23909584626634536,0.04577743520902148,0.3594344597356347,0.09869742303634822,0.673683815507572,0.01793418983126304,0.1377557656103601,0.027948655539986787,0.22174526896457683,0.6236719358495416,0.9790615874034796,1.490900870800657,2.161718328683751,0.659569315806675,0.9563366062365988,1.490900870800657,2.161718328683751
M1,40,LinearTBNegotiator,LinearTBNegotiator,ConcederTBNegotiator,0.3,0.4701623459816273,20,13.35,8.343134587002783,20,0.17087097901866827,0.26609736310822063,20,0.18684072317038863,0.29141863909894833,20,0.17690027771943334,0.27595936898032447,20,0.19678116862134393,0.3068779092175722,20,0.5445524253594456,0.8489346413061173,20,0.17068658148313653,0.2662212156480761,20,0.026172257784059877,0.04060452526511338,20,0.7541549271202354,0.4320425397580163,20,1.715863326360654,0.8489346413061174,20,0.7590919170754054,0.37556570761821445,20,1.715863326360654,0.8489346413061174,20,0.20605773335083596,3.6565399520657,0.1166223113385115,0.1277198498394024,0.12094452598131865,0.13449517369748612,0.3720620110173163,0.11667659210737885,0.01779571782263263,0.18935099166183367,0.3720620110173163,0.16459892864141906,0.3720620110173163,0.1,0.5,9.898750000000001,16.8,0.05767715761527625,0.28406480042206034,0.062875611293762,0.3108058350470153,0.05951130714835819,0.2942892482905085,0.06623991543916581,0.32732242180352206,0.18342838020280025,0.9056764705160909,0.05744007506959259,0.28393308789668054,0.008899702628526391,0.04344481293959337,0.5703705201167448,0.9379393341237255,1.3547392812040089,2.0769873715172986,0.5993319061650928,0.9188519279857177,1.3547392812040089,2.0769873715172986
M1,40,LinearTBNegotiator,LinearTBNegotiator,GeniusBOABaselineNegotiator,0.2,0.41039134083406165,20,14.75,10.07276160324414,20,0.06834814239104633,0.1380308091004141,20,0.14951338955684282,0.30496249114058244,20,0.13466669778369,0.27465415024819184,20,0.1643600813299956,0.33527083203297303,20,0.3673749215047319,0.7479557913815789,20,0.06813740235043862,0.13813891646020462,20,0.09631144543195978,0.19708637934349002,20,0.838737309573648,0.3921170823791878,20,1.8930408302153676,0.7479557913815789,20,0.8374746233186651,0.33089301860173725,20,1.8930408302153676,0.7479557913815789,20,0.1798619353545204,4.414582414536718,0.06049466933901321,0.13365570471249183,0.12037248865044996,0.14693892077453374,0.32780607876399687,0.0605420494784637,0.08637691416366539,0.17185288846239477,0.32780607876399687,0.14502025944322303,0.32780607876399687,0.05,0.35,10.3,19.401249999999997,0.017897220782946775,0.13561603786851242,0.03804813890579721,0.298133723758237,0.03427929084303795,0.26851657370455945,0.04181698696855644,0.3277508738119144,0.09399349859454116,0.7318834853849862,0.01764696698472511,0.13545798283805663,0.024275430146059686,0.19235946581315994,0.6476430815218253,0.9820579806125149,1.5285322663351133,2.1664222531255577,0.6762173131964561,0.9584176059103214,1.5285322663351135,2.1664222531255577
M1,40,LinearTBNegotiator,LinearTBNegotiator,LinearTBNegotiator,0.3,0.4701623459816273,20,13.35,8.343134587002783,20,0.17087097901866827,0.26609736310822063,20,0.18684072317038863,0.29141863909894833,20,0.17690027771943334,0.27595936898032447,20,0.19678116862134393,0.3068779092175722,20,0.5445524253594456,0.8489346413061173,20,0.17068658148313653,0.2662212156480761,20,0.026172257784059877,0.04060452526511338,20,0.7541549271202354,0.4320425397580163,20,1.715863326360654,0.8489346413061174,20,0.7590919170754054,0.37556570761821445,20,1.715863326360654,0.8489346413061174,20,0.20605773335083596,3.6565399520657,0.1166223113385115,0.1277198498394024,0.12094452598131865,0.13449517369748612,0.3720620110173163,0.11667659210737885,0.01779571782263263,0.18935099166183367,0.3720620110173163,0.16459892864141906,0.3720620110173163,0.1,0.5,9.648750000000001,16.7,0.05767715761527625,0.28406480042206034,0.062875611293762,0.3108058350470153,0.05951130714835819,0.2942892482905085,0.06623991543916581,0.32732242180352206,0.18342838020280025,0.9056764705160909,0.05744007506959259,0.28393308789668054,0.008899702628526391,0.04344481293959336,0.5703705201167448,0.9379393341237258,1.3547392812040089,2.0769873715172986,0.5993319061650928,0.9188519279857177,1.3547392812040089,2.0769873715172986
M1,40,LinearTBNegotiator,LinearTBNegotiator,SmartAspirationNegotiator,0.2,0.41039134083406165,20,14.55,9.800510190801292,20,0.06949703377719806,0.14038828448259164,20,0.15834679274738103,0.32308825203804675,20,0.13649171120290632,0.2783989987689535,20,0.18020187429185577,0.36777750530714,20,0.3861906192719601,0.7865647885586852,20,0.06928629373659034,0.1404963918423822,20,0.11100434700766826,0.2272355772354795,20,0.8267517367375063,0.4167109589136305,20,1.8742251324481394,0.7865647885586851,20,0.8291506246237745,0.3479735035292229,20,1.8742251324481394,0.7865647885586851,20,0.1798619353545204,4.295262972158979,0.061527878480140144,0.14159966968057686,0.12201374087859103,0.1611855984825627,0.3447272178412939,0.06157525861959064,0.09959038273056743,0.18263163009559996,0.34472721784129384,0.15250611201898065,0.34472721784129384,0.05,0.4,10.45,18.701249999999998,0.018184443629484702,0.13791382064081587,0.040256489703431764,0.31580053013931336,0.034735544197842035,0.23909584626634536,0.04577743520902148,0.31462631337469,0.09869742303634822,0.7695148809194425,0.01793418983126304,0.1377557656103601,0.027948655539986787,0.22174526896457683,0.6731726373159841,0.9790615874034796,1.490900870800657,2.161718328683751,0.6595693158066749,0.9563366062365988,1.490900870800657,2.161718328683751
M1,40,LinearTBNegotiator,SmartAspirationNegotiator,BoulwareTBNegotiator,0.2,0.41039134083406165,20,14.75,10.07276160324414,20,0.08908060535735272,0.18057292547808912,20,0.16929984034107928,0.34556343147903235,20,0.16487738970031557,0.33664518206413535,20,0.173722290981843,0.3544816808939292,20,0.42768028603951136,0.8716997884361537,20,0.08886986531674501,0.18068103283787965,20,0.0849411921175008,0.17375511182677125,20,0.8238652301003768,0.42263394555932043,20,1.832735465680588,0.8716997884361537,20,0.8107957415736193,0.3856369288582509,20,1.832735465680588,0.8716997884361537,20,0.1798619353545204,4.414582414536718,0.07913957390794214,0.15144985137174058,0.14754125623306713,0.15535844651041394,0.38203927665142323,0.07918695404739264,0.07615153533061668,0.18522749344643882,0.38203927665142323,0.16901283596201466,0.38203927665142323,0.05,0.4,10.4,19.30125,0.023080336524523373,0.17708096380112523,0.042994751601856326,0.3377066253267099,0.04183196382219435,0.32893795753781047,0.044157539381518285,0.34647529311560915,0.10906983972823603,0.8524942144545449,0.022830082726301708,0.17692290877066943,0.021432866817444933,0.16961895918424197,0.6681032100345254,0.9783399607441972,1.4079215372655547,2.151345911991863,0.6228595497063646,0.9517478854740601,1.4079215372655547,2.151345911991863
M1,40,LinearTBNegotiator,SmartAspirationNegotiator,ConcederTBNegotiator,0.35,0.4893604849295929,20,13.05,8.02282926863611,20,0.1786383363993649,0.2482568936398161,20,0.3006410022218656,0.41909943038628467,20,0.257415251716636,0.35876894875838633,20,0.3438667527270952,0.47942991201418295,20,0.7799203408430962,1.0864557544123856,20,0.17846711011637112,0.2483858034503984,20,0.16547176535330138,0.2309898100710429,20,0.6693904994565562,0.5039588606481887,20,1.4804954108770034,1.0864557544123856,20,0.6549659768343042,0.4806442149350754,20,1.4804954108770034,1.0864557544123856,20,0.21447168872174688,3.5161599568428716,0.10880338085206653,0.183678423872334,0.15723742449741854,0.2101194232472494,0.4761602285967346,0.10885987806755455,0.10123574781600903,0.22086970897344796,0.4761602285967346,0.21065161496702225,0.4761602285967346,0.15,0.55,9.65,16.35,0.07717657097891653,0.28010010181981326,0.12935646115534166,0.47192554328838965,0.11078757751445575,0.4040429259188162,0.1479253447962275,0.539808160657963,0.3358894932895999,1.2239511883965926,0.07695265968577084,0.3053601731546215,0.07106699946613466,0.2598765312404681,0.46342419193146195,0.8753568069816502,1.0364645633235072,1.9245262584304996,0.4585282873448359,0.8514036663237727,1.0364645633235072,1.9245262584304992
M1,40,LinearTBNegotiator,SmartAspirationNegotiator,GeniusBOABaselineNegotiator,0.2,0.41039134083406165,20,15.75,11.557066646588321,20,0.09958641289945168,0.20213038769682207,20,0.1535744364473906,0.313295583533592,20,0.1293113555754897,0.26366521990094904,20,0.17783751731929154,0.362925947166235,20,0.4067352857942329,0.8287215547640061,20,0.09937567285884397,0.20223849505661257,20,0.07855061091285039,0.16064191588034404,20,0.8465567313838799,0.3760719673729471,20,1.8536804659258668,0.8287215547640061,20,0.8200617362161269,0.3666235090307511,20,1.8536804659258668,0.8287215547640061,20,0.1798619353545204,5.065107781884336,0.08858754829286233,0.13730784347898878,0.11555637758018666,0.15905930937779092,0.3632032352508399,0.08863492843231281,0.07040442381307344,0.16482080676168656,0.3632032352508399,0.16067983731508442,0.3632032352508399,0.05,0.4,11.0,20.6,0.025706788410048104,0.1980925788853231,0.03906340062843416,0.30625581753933256,0.03294045529098788,0.22648534669569498,0.04518634596588042,0.3547057457905063,0.10383358966691643,0.8106042139639881,0.025456534611826447,0.1979345238548673,0.019835221516282333,0.15683779677494114,0.6632819251422888,0.9840128360650731,1.4498115377561114,2.1565821620531826,0.6860590882975666,0.9540643841346869,1.4498115377561114,2.1565821620531826
M1,40,LinearTBNegotiator,SmartAspirationNegotiator,LinearTBNegotiator,0.35,0.4893604849295929,20,13.05,8.02282926863611,20,0.1786383363993649,0.2482568936398161,20,0.3006410022218656,0.41909943038628467,20,0.257415251716636,0.35876894875838633,20,0.3438667527270952,0.47942991201418295,20,0.7799203408430962,1.0864557544123856,20,0.17846711011637112,0.2483858034503984,20,0.16547176535330138,0.2309898100710429,20,0.6693904994565562,0.5039588606481887,20,1.4804954108770034,1.0864557544123856,20,0.6549659768343042,0.4806442149350754,20,1.4804954108770034,1.0864557544123856,20,0.21447168872174688,3.5161599568428716,0.10880338085206653,0.183678423872334,0.15723742449741854,0.2101194232472494,0.4761602285967346,0.10885987806755455,0.10123574781600903,0.22086970897344796,0.4761602285967346,0.21065161496702225,0.4761602285967346,0.15,0.55,9.69875,16.35,0.07717657097891653,0.28010010181981326,0.12935646115534166,0.47192554328838965,0.11078757751445574,0.4040429259188162,0.1479253447962275,0.539808160657963,0.3358894932895999,1.2239511883965926,0.07695265968577084,0.27998156054697143,0.07106699946613466,0.2598765312404681,0.46342419193146195,0.8753568069816502,1.0364645633235072,1.9245262584304996,0.4585282873448359,0.8514036663237727,1.0364645633235072,1.9245262584304996
M1,40,LinearTBNegotiator,SmartAspirationNegotiator,SmartAspirationNegotiator,0.2,0.41039134083406165,20,14.95,10.354124527783222,20,0.072912382704399,0.14739643261084248,20,0.17073564063219077,0.34850963151222825,20,0.16259601121651598,0.33196389218955297,20,0.17887527004786555,0.3650553708349034,20,0.4143836639687805,0.844415695635299,20,0.07270164266379128,0.147504539970633,20,0.10626239383647709,0.2175052946349921,20,0.8238652301003768,0.42263394555932043,20,1.846032087751319,0.844415695635299,20,0.8166781205389103,0.3735665419039516,20,1.846032087751319,0.844415695635299,20,0.1798619353545204,4.537895153157754,0.06459933481992687,0.15274108046745005,0.14548959048620536,0.15999257044869467,0.37008149575482696,0.06464671495937736,0.09532589835691267,0.18522749344643882,0.37008149575482696,0.16372275563608485,0.37008149575482696,0.05,0.35124999999999884,10.55,19.5,0.01903828086128494,0.14474451849521777,0.0433537016746342,0.34057822590893283,0.04126161920124445,0.3243752005702114,0.04544578414802392,0.3567812512476543,0.1057456842105533,0.8259009703130833,0.018788027063063276,0.14458646346476195,0.026763167247188996,0.21226136262219447,0.6178989225752826,0.9783399607441972,1.4345147814070163,2.154670067509546,0.6346243076369464,0.953218480215383,1.4345147814070163,2.154670067509546
M1,40,SmartAspirationNegotiator,BoulwareTBNegotiator,BoulwareTBNegotiator,0.2,0.41039134083406165,20,14.75,11.656825423217438,20,0.12283036711053139,0.24982597537167475,20,0.14039920088674568,0.2862605705959036,20,0.1396758602996105,0.28493273485501347,20,0.14112254147388092,0.2875884063367938,20,0.4036287688840228,0.822347116563482,20,0.12261962706992369,0.24993408273146525,20,0.01859168085636006,0.03760878737605015,20,0.8352565308578752,0.3992594896007513,20,1.8567869828360766,0.822347116563482,20,0.8214360484008859,0.36380347992961193,20,1.8567869828360766,0.822347116563482,20,0.1798619353545204,5.108828993439741,0.1094910612413456,0.12545922664554232,0.12487727697354381,0.1260411763175408,0.36040951453243025,0.10953844138079608,0.016482777804340078,0.17498318644419344,0.36040951453243025,0.15944390506842415,0.36040951453243025,0.05,0.4,9.746250000000003,20.05,0.03151777696281803,0.24458048730748252,0.035769591738272925,0.2459007234447883,0.03553158147201808,0.27853489873640036,0.03600760200452777,0.28127579409968506,0.1030569604393639,0.8043911801435678,0.03126752316459638,0.24442243227702676,0.004845489002159748,0.03691993666196047,0.6406815240902793,0.9811877859335716,1.4560245715765319,2.157358791280735,0.6441401633608977,0.9544079621808766,1.4560245715765319,2.157358791280735
M1,40,SmartAspirationNegotiator,BoulwareTBNegotiator,ConcederTBNegotiator,0.2,0.41039134083406165,20,14.35,11.008489546947988,20,0.13648801276476014,0.27785087293505195,20,0.14341418681208162,0.29244719117837575,20,0.12251742635318089,0.24972437128557384,20,0.16431094727098236,0.3351700110711778,20,0.42331638638892344,0.8627452552918035,20,0.12251742635318089,0.24972437128557384,20,0.04188228737020431,0.08540010355632549,20,0.8238652301003768,0.42263394555932043,20,1.837099365331176,0.8627452552918036,20,0.8127263154723664,0.38167547480382036,20,1.837099365331176,0.8627452552918036,20,0.1798619353545204,4.824683267488026,0.1217735141401248,0.12817063266353007,0.10944653128725616,0.14689473403980408,0.378114779467185,0.10944653128725616,0.037428245620143206,0.18522749344643882,0.378114779467185,0.1672766521731467,0.378114779467185,0.05,0.4,9.998750000000001,19.201249999999998,0.03493218837637522,0.27189577861594005,0.03652333821960691,0.2859353182687146,0.031241972985410676,0.21379287972095112,0.041804703453803126,0.327652605693888,0.10797886481558905,0.843766415153369,0.031241972985410676,0.24421803084354116,0.010668140630620814,0.0730964341097878,0.6681032100345254,0.9783399607441972,1.4166493365667308,2.1524368869045096,0.626720697503859,0.9522305289487468,1.4166493365667308,2.1524368869045096
M1,40,SmartAspirationNegotiator,BoulwareTBNegotiator,GeniusBOABaselineNegotiator,0.2,0.41039134083406165,20,14.75,11.656825423217438,20,0.12283036711053139,0.24982597537167475,20,0.14039920088674568,0.2862605705959036,20,0.1396758602996105,0.28493273485501347,20,0.14112254147388092,0.2875884063367938,20,0.4036287688840228,0.822347116563482,20,0.12261962706992369,0.24993408273146525,20,0.01859168085636006,0.03760878737605015,20,0.8352565308578752,0.3992594896007513,20,1.8567869828360766,0.822347116563482,20,0.8214360484008859,0.36380347992961193,20,1.8567869828360766,0.822347116563482,20,0.1798619353545204,5.108828993439741,0.1094910612413456,0.12545922664554232,0.12487727697354381,0.1260411763175408,0.36040951453243025,0.10953844138079608,0.016482777804340078,0.17498318644419344,0.36040951453243025,0.15944390506842415,0.36040951453243025,0.05,0.4,10.147500000000003,20.05,0.03151777696281803,0.24458048730748252,0.035769591738272925,0.24502881003521848,0.03553158147201808,0.27853489873640036,0.03600760200452777,0.2812757940996851,0.1030569604393639,0.804391180143568,0.03126752316459638,0.2444224322770268,0.004845489002159748,0.036919936661960466,0.6406815240902792,0.9811877859335718,1.4560245715765319,2.157358791280735,0.6441401633608977,0.9544079621808766,1.4560245715765319,2.157358791280735
M1,40,SmartAspirationNegotiator,BoulwareTBNegotiator,LinearTBNegotiator,0.2,0.41039134083406165,20,14.55,11.329862729692898,20,0.12908888313178707,0.26266817927964764,20,0.13880267504211535,0.2829845686856332,20,0.12692832659209966,0.25877534760224963,20,0.15067702349213105,0.30719378976901673,20,0.4066942332160178,0.828637316650914,20,0.12692832659209966,0.25877534760224963,20,0.02383746335243423,0.048372905937488796,20,0.8366426537160094,0.3964152255091988,20,1.8537215185040818,0.8286373166509139,20,0.8200798977327347,0.36658624238499,20,1.8537215185040818,0.8286373166509139,20,0.1798619353545204,4.96553127490959,0.11511940526149718,0.12402345550424868,0.1134132965553944,0.13463361445310296,0.3631663162699945,0.1134132965553944,0.021200360765303912,0.1737366327446775,0.3631663162699945,0.16066350448745423,0.3631663162699945,0.05,0.4,9.748750000000001,19.653749999999995,0.03308240596813195,0.2570975193499939,0.03537046027711534,0.276712294728782,0.03234469804514036,0.22230015204361625,0.0383962225090903,0.3003847581361853,0.10382332652236262,0.8105221088075577,0.03234469804514036,0.25303983132137875,0.006156934626178291,0.047411501654108804,0.6434537698065481,0.9815343166481053,1.4498936429125417,2.1565924251977364,0.6414278620245952,0.954068924513839,1.4498936429125417,2.1565924251977364
M1,40,SmartAspirationNegotiator,BoulwareTBNegotiator,SmartAspirationNegotiator,0.2,0.41039134083406165,20,14.55,11.329862729692898,20,0.13171925599942028,0.2680655905198553,20,0.15275096479489722,0.31160585535556395,20,0.129847271458193,0.26476489608933335,20,0.17565465813160147,0.3584468146217946,20,0.43722118558921474,0.8912773012309833,20,0.129847271458193,0.26476489608933335,20,0.04589615312581129,0.09363638230318286,20,0.8238652301003768,0.42263394555932043,20,1.8231945661308848,0.8912773012309833,20,0.8065748810781802,0.39429795184923455,20,1.8231945661308848,0.8912773012309833,20,0.1798619353545204,4.96553127490959,0.11748492503487984,0.13656728745335353,0.11603833191943784,0.15709624298726926,0.3906194999415869,0.11603833191943784,0.04103795393542673,0.18522749344643882,0.3906194999415869,0.17280869664987014,0.3906194999415869,0.05,0.4,9.55,19.401249999999997,0.03373999918504025,0.2623582650852603,0.03885753271531081,0.2675935088084794,0.033074434261663704,0.25887772105356543,0.0446406311689579,0.35034002741512615,0.11145506461566188,0.7629873065627675,0.033074434261663704,0.2588777210535654,0.011671607069522558,0.08012069918210002,0.6178989225752826,0.9783399607441972,1.388839738166148,2.148960687104437,0.6144178287154863,0.9506926703502003,1.388839738166148,2.148960687104437
M1,40,SmartAspirationNegotiator,ConcederTBNegotiator,BoulwareTBNegotiator,0.2,0.41039134083406165,20,14.55,11.329862729692898,20,0.13023777451793878,0.2650256546618252,20,0.1194369543741906,0.24324694832999555,20,0.1021385174294227,0.20790773249579214,20,0.13673539131895848,0.27858616416419885,20,0.36911168326632,0.7515195513218161,20,0.1021385174294227,0.20790773249579214,20,0.034685640341938606,0.07063289543912837,20,0.8358553091892393,0.3980308223893967,20,1.8913040684537794,0.7515195513218161,20,0.8367062860071478,0.3324696134991695,20,1.8913040684537794,0.7515195513218161,20,0.1798619353545204,4.96553127490959,0.11615261440262412,0.1066076755099088,0.09111958129005292,0.12209576972976463,0.3293679654224417,0.09111958129005292,0.030956231307307073,0.1744446992965559,0.3293679654224417,0.14571123262249602,0.3293679654224417,0.05,0.4,10.097500000000002,19.701249999999998,0.03336962881466988,0.25939530212229733,0.030529030110134154,0.20834487863824705,0.02614724575447113,0.2034602129960248,0.034910814465797156,0.27250149378984023,0.09442768903493819,0.7353570089081625,0.02614724575447113,0.2034602129960248,0.008868978873554388,0.06910785563311757,0.6418790807530076,0.9813374805164127,1.5250587428119373,2.165988062685161,0.6746806385734214,0.9582255215824421,1.5250587428119373,2.165988062685161
M1,40,SmartAspirationNegotiator,ConcederTBNegotiator,ConcederTBNegotiator,0.6,0.5026246899500345,20,6.75,3.209771265829914,20,0.6004320987654321,0.5020817311800269,20,0.25171866263405474,0.21011857181656418,20,0.2073974358158353,0.17305419506303635,20,0.2960398894522741,0.24718294857009201,20,1.1038694240335416,0.9223188748131552,20,0.2073974358158353,0.17305419506303635,20,0.39303466294959677,0.32902753611699054,20,0.4119326150501884,0.5176187572997697,20,1.156546327686558,0.9223188748131552,20,0.5116520387041479,0.4080306351215709,20,1.156546327686558,0.9223188748131552,20,0.22028498288401435,1.406744281553762,0.22004702071114587,0.09208852434373375,0.07584434501468172,0.10833270367278579,0.4042240693986134,0.07584434501468172,0.14420267569646417,0.22685642263924508,0.4042240693986134,0.17882731045871214,0.4042240693986134,0.4,0.8,5.35,8.1,0.40064814814814814,0.8002160493827161,0.16811012687451934,0.33532719839359004,0.13853723116483035,0.2762576404668402,0.1976830225842083,0.3943967563203398,0.7368684018971867,1.470870446169896,0.13853723116483035,0.2762576404668402,0.2621109169833177,0.5247766823281644,0.2059663075250942,0.6178989225752826,0.7895453055502033,1.5235473498229128,0.34929207379190585,0.6740120036163899,0.7895453055502034,1.5235473498229128
M1,40,SmartAspirationNegotiator,ConcederTBNegotiator,GeniusBOABaselineNegotiator,0.2,0.41039134083406165,20,14.55,11.329862729692898,20,0.1335250498017972,0.2717710012189917,20,0.12364577519810831,0.25188326643628506,20,0.1091880790683563,0.22237312776226376,20,0.1381034713278603,0.2813934051103063,20,0.3808166001980138,0.7755375340915619,20,0.1091880790683563,0.22237312776226376,20,0.029004158711906813,0.05897474111876418,20,0.834652483137263,0.4004989693707001,20,1.8795991515220858,0.775537534091562,20,0.8315280718123533,0.34309508483180756,20,1.8795991515220858,0.775537534091562,20,0.1798619353545204,4.96553127490959,0.11910889287561335,0.11039270880466001,0.09745932028895081,0.1233260973203692,0.3398943104849334,0.09745932028895081,0.025846819899013707,0.17552641240457237,0.33989431048493346,0.15036805075627582,0.33989431048493346,0.05,0.35124999999999884,9.84875,19.45,0.034191447635634475,0.26596985269001416,0.03158123531611358,0.24639849504076797,0.027909636164204533,0.21755933627389196,0.03525283446802261,0.2752376538076438,0.09735391826786163,0.7587668427715498,0.027909636164204533,0.21755933627389196,0.007448608466046438,0.05774489237305398,0.639473428649055,0.9810367740034188,1.5016489089485496,2.1630618334522373,0.6643242101838327,0.9569309680337434,1.5016489089485496,2.1630618334522373
M1,40,SmartAspirationNegotiator,ConcederTBNegotiator,LinearTBNegotiator,0.25,0.44426165831931924,20,12.9,8.896480676146755,20,0.22235189813358516,0.39321004284021366,20,0.12668479427390464,0.2235377861391364,20,0.11048839038553955,0.1948914916095359,20,0.1428811981622697,0.2521840806687369,20,0.47572148668139447,0.8402856151184865,20,0.11048839038553955,0.1948914916095359,20,0.11186350774804561,0.1983185512306777,20,0.7723736532191032,0.45751466669502616,20,1.784694265038705,0.8402856151184864,20,0.7895424829174073,0.37173940876985023,20,1.784694265038705,0.8402856151184864,20,0.1947062564885614,3.8990545682659774,0.17233189950435915,0.09796975432799616,0.08541496220114941,0.1105245464548429,0.36827140816035153,0.08541496220114941,0.08691693730320971,0.20051464350491455,0.3682714081603515,0.16292197923329343,0.3682714081603515,0.1,0.45,9.498750000000001,16.901249999999997,0.08958890740158221,0.3993692191095891,0.05120975092283107,0.22731818540866944,0.044685449271908186,0.1982256452037147,0.05773405257375393,0.25641072561362405,0.09743738343586096,0.8540055899269279,0.022751135567364397,0.1982256452037147,0.02258344159021684,0.20114357390587437,0.5664073456940091,0.9268483838629237,1.4064101617931717,2.162978368284238,0.6221909224986338,0.9150561532314871,1.4064101617931717,2.162978368284238
M1,40,SmartAspirationNegotiator,ConcederTBNegotiator,SmartAspirationNegotiator,0.2,0.41039134083406165,20,14.55,11.329862729692898,20,0.13271604938271603,0.2701109673853816,20,0.1192376465704302,0.24283797734587595,20,0.09827378312990578,0.1999774650400615,20,0.14020151001095466,0.28569848965169037,20,0.37119134252357644,0.7557869220771334,20,0.09827378312990578,0.1999774650400615,20,0.04201649333345168,0.08567548838235058,20,0.832282364437053,0.4053623503272756,20,1.8892244091965231,0.7557869220771335,20,0.8357862520462828,0.33435748335323057,20,1.8892244091965231,0.7557869220771335,20,0.1798619353545204,4.96553127490959,0.11838135097022061,0.10642843607333077,0.08764398833634238,0.12521288381031917,0.3312382231168821,0.08764398833634238,0.037548938341572156,0.17765788308677097,0.33123822311688217,0.14653862806646126,0.33123822311688217,0.05,0.4,9.94875,19.253749999999997,0.03398919753086419,0.26435185185185184,0.03047920315919405,0.23758223778541177,0.0251810621795919,0.19573074439699095,0.0357773441387962,0.2794337311738325,0.0949476038492523,0.7395163274226751,0.025181062179591894,0.19573074439699095,0.010701692121432656,0.08376956161614371,0.634733191248635,0.9804442443283662,1.5208994242974243,2.165468147870847,0.6728405706516914,0.957995513092226,1.5208994242974243,2.165468147870847
M1,40,SmartAspirationNegotiator,GeniusBOABaselineNegotiator,BoulwareTBNegotiator,0.2,0.41039134083406165,20,14.75,11.656825423217438,20,0.12283036711053139,0.24982597537167475,20,0.14039920088674568,0.2862605705959036,20,0.1396758602996105,0.28493273485501347,20,0.14112254147388092,0.2875884063367938,20,0.4036287688840228,0.822347116563482,20,0.12261962706992369,0.24993408273146525,20,0.01859168085636006,0.03760878737605015,20,0.8352565308578752,0.3992594896007513,20,1.8567869828360766,0.822347116563482,20,0.8214360484008859,0.36380347992961193,20,1.8567869828360766,0.822347116563482,20,0.1798619353545204,5.108828993439741,0.1094910612413456,0.12545922664554232,0.12487727697354381,0.1260411763175408,0.36040951453243025,0.10953844138079608,0.016482777804340078,0.17498318644419344,0.36040951453243025,0.15944390506842415,0.36040951453243025,0.05,0.4,10.0,19.8,0.03151777696281803,0.24458048730748252,0.035769591738272925,0.27990534641804266,0.03553158147201808,0.27853489873640036,0.03600760200452777,0.2812757940996851,0.1030569604393639,0.8043911801435678,0.03126752316459637,0.2444224322770268,0.004845489002159748,0.03691993666196047,0.6406815240902793,0.9811877859335716,1.4560245715765319,2.157358791280735,0.6441401633608977,0.9544079621808766,1.4560245715765319,2.157358791280735
M1,40,SmartAspirationNegotiator,GeniusBOABaselineNegotiator,ConcederTBNegotiator,0.2,0.41039134083406165,20,14.35,11.008489546947988,20,0.13648801276476014,0.27785087293505195,20,0.14341418681208162,0.29244719117837575,20,0.12251742635318089,0.24972437128557384,20,0.16431094727098236,0.3351700110711778,20,0.42331638638892344,0.8627452552918035,20,0.12251742635318089,0.24972437128557384,20,0.04188228737020431,0.08540010355632549,20,0.8238652301003768,0.42263394555932043,20,1.837099365331176,0.8627452552918036,20,0.8127263154723664,0.38167547480382036,20,1.837099365331176,0.8627452552918036,20,0.1798619353545204,4.824683267488026,0.1217735141401248,0.12817063266353007,0.10944653128725616,0.14689473403980408,0.378114779467185,0.10944653128725616,0.037428245620143206,0.18522749344643882,0.378114779467185,0.1672766521731467,0.378114779467185,0.05,0.4,9.748750000000001,18.85,0.03493218837637522,0.27189577861594,0.03652333821960691,0.2859353182687146,0.031241972985410676,0.24421803084354116,0.041804703453803126,0.327652605693888,0.10797886481558905,0.7386539079622578,0.031241972985410676,0.24421803084354116,0.010668140630620814,0.08350114968964897,0.6178989225752826,0.9783399607441972,1.4166493365667308,2.1524368869045096,0.626720697503859,0.9522305289487468,1.4166493365667305,2.1524368869045096
M1,40,SmartAspirationNegotiator,GeniusBOABaselineNegotiator,GeniusBOABaselineNegotiator,0.2,0.41039134083406165,20,14.75,11.656825423217438,20,0.12283036711053139,0.24982597537167475,20,0.14039920088674568,0.2862605705959036,20,0.1396758602996105,0.28493273485501347,20,0.14112254147388092,0.2875884063367938,20,0.4036287688840228,0.822347116563482,20,0.12261962706992369,0.24993408273146525,20,0.01859168085636006,0.03760878737605015,20,0.8352565308578752,0.3992594896007513,20,1.8567869828360766,0.822347116563482,20,0.8214360484008859,0.36380347992961193,20,1.8567869828360766,0.822347116563482,20,0.1798619353545204,5.108828993439741,0.1094910612413456,0.12545922664554232,0.12487727697354381,0.1260411763175408,0.36040951453243025,0.10953844138079608,0.016482777804340078,0.17498318644419344,0.36040951453243025,0.15944390506842415,0.36040951453243025,0.05,0.4,9.998750000000001,20.0525,0.03151777696281803,0.21490389550947503,0.03576959173827292,0.27990534641804266,0.03553158147201808,0.24382013912720293,0.03600760200452777,0.2812757940996851,0.1030569604393639,0.804391180143568,0.03126752316459638,0.21397173097525105,0.004845489002159748,0.03691993666196047,0.6406815240902793,0.9811877859335716,1.4560245715765319,2.157358791280735,0.6884641346208948,0.9544079621808768,1.4560245715765319,2.157358791280735
M1,40,SmartAspirationNegotiator,GeniusBOABaselineNegotiator,LinearTBNegotiator,0.2,0.41039134083406165,20,14.55,11.329862729692898,20,0.12908888313178707,0.26266817927964764,20,0.13880267504211535,0.2829845686856332,20,0.12692832659209966,0.25877534760224963,20,0.15067702349213105,0.30719378976901673,20,0.4066942332160178,0.828637316650914,20,0.12692832659209966,0.25877534760224963,20,0.02383746335243423,0.048372905937488796,20,0.8366426537160094,0.3964152255091988,20,1.8537215185040818,0.8286373166509139,20,0.8200798977327347,0.36658624238499,20,1.8537215185040818,0.8286373166509139,20,0.1798619353545204,4.96553127490959,0.11511940526149718,0.12402345550424868,0.1134132965553944,0.13463361445310296,0.3631663162699945,0.1134132965553944,0.021200360765303912,0.1737366327446775,0.3631663162699945,0.16066350448745423,0.3631663162699945,0.05,0.35,9.998750000000001,19.3,0.03308240596813195,0.2570975193499939,0.03537046027711534,0.276712294728782,0.03234469804514036,0.22151195513905897,0.0383962225090903,0.3003847581361853,0.10382332652236263,0.8105221088075577,0.03234469804514037,0.22230015204361625,0.006156934626178291,0.047411501654108804,0.6434537698065481,0.9815343166481053,1.4498936429125417,2.1565924251977364,0.6414278620245953,0.9540689245138388,1.4498936429125417,2.1565924251977364
M1,40,SmartAspirationNegotiator,GeniusBOABaselineNegotiator,SmartAspirationNegotiator,0.2,0.41039134083406165,20,14.55,11.329862729692898,20,0.13171925599942028,0.2680655905198553,20,0.15275096479489722,0.31160585535556395,20,0.129847271458193,0.26476489608933335,20,0.17565465813160147,0.3584468146217946,20,0.43722118558921474,0.8912773012309833,20,0.129847271458193,0.26476489608933335,20,0.04589615312581129,0.09363638230318286,20,0.8238652301003768,0.42263394555932043,20,1.8231945661308848,0.8912773012309833,20,0.8065748810781802,0.39429795184923455,20,1.8231945661308848,0.8912773012309833,20,0.1798619353545204,4.96553127490959,0.11748492503487984,0.13656728745335353,0.11603833191943784,0.15709624298726926,0.3906194999415869,0.11603833191943784,0.04103795393542673,0.18522749344643882,0.3906194999415869,0.17280869664987014,0.3906194999415869,0.05,0.4,9.798750000000002,19.85125,0.03373999918504025,0.2623582650852603,0.038857532715310804,0.2675935088084794,0.033074434261663704,0.2588777210535653,0.0446406311689579,0.35034002741512615,0.11145506461566186,0.7629873065627675,0.0330744342616637,0.2588777210535654,0.011671607069522558,0.09152888120086293,0.6693904994565562,0.9783399607441972,1.388839738166148,2.148960687104437,0.6144178287154864,0.9506926703502006,1.3888397381661477,2.148960687104437
M1,40,SmartAspirationNegotiator,LinearTBNegotiator,BoulwareTBNegotiator,0.2,0.41039134083406165,20,14.55,11.329862729692898,20,0.13023777451793878,0.2650256546618252,20,0.1194369543741906,0.24324694832999555,20,0.1021385174294227,0.20790773249579214,20,0.13673539131895848,0.27858616416419885,20,0.36911168326632,0.7515195513218161,20,0.1021385174294227,0.20790773249579214,20,0.034685640341938606,0.07063289543912837,20,0.8358553091892393,0.3980308223893967,20,1.8913040684537794,0.7515195513218161,20,0.8367062860071478,0.3324696134991695,20,1.8913040684537794,0.7515195513218161,20,0.1798619353545204,4.96553127490959,0.11615261440262412,0.1066076755099088,0.09111958129005292,0.12209576972976463,0.3293679654224417,0.09111958129005292,0.030956231307307073,0.1744446992965559,0.3293679654224417,0.14571123262249602,0.3293679654224417,0.05,0.4,9.548750000000002,19.60125,0.03336962881466988,0.25939530212229733,0.030529030110134154,0.23798085339293254,0.02614724575447113,0.20346021299602474,0.034910814465797156,0.27250149378984023,0.09442768903493819,0.7353570089081625,0.02614724575447113,0.2034602129960248,0.008868978873554388,0.06910785563311757,0.6418790807530076,0.9813374805164129,1.5250587428119373,2.165988062685161,0.6746806385734214,0.9582255215824423,1.5250587428119373,2.165988062685161
M1,40,SmartAspirationNegotiator,LinearTBNegotiator,ConcederTBNegotiator,0.25,0.44426165831931924,20,12.65,8.573367575168312,20,0.22775770885300547,0.4028164205792937,20,0.11923666422977655,0.21030211172000726,20,0.09411601650232901,0.16579701972161975,20,0.1443573119572241,0.2548072037183947,20,0.46623103731255855,0.823420644019308,20,0.09411601650232901,0.16579701972161975,20,0.13364169235067647,0.23701940085767392,20,0.7723736532191032,0.45751466669502616,20,1.7941847144075411,0.8234206440193081,20,0.7937410244297879,0.3642784047105993,20,1.7941847144075411,0.8234206440193081,20,0.1947062564885614,3.7574440080571008,0.17654208017821538,0.09216896425306752,0.07266374768662534,0.11167418081950968,0.3608800086843504,0.07266374768662534,0.10387833249159004,0.20051464350491455,0.3608800086843504,0.1596520500309436,0.3608800086843504,0.1,0.45,8.85,16.4,0.09175123168935033,0.40909967840454575,0.04823049890517982,0.2139115513292389,0.03813649971862396,0.1687553722139357,0.029646893469906198,0.25906773044454195,0.18821222949970995,0.8369227810630232,0.03813649971862396,0.1687553722139357,0.05361473197072637,0.24034430619060992,0.5664073456940091,0.9268483838629237,1.4234929706570765,2.1648764581580053,0.629748297220919,0.9577337516386566,1.4234929706570765,2.072203522220389
M1,40,SmartAspirationNegotiator,LinearTBNegotiator,GeniusBOABaselineNegotiator,0.2,0.41039134083406165,20,14.75,11.656825423217438,20,0.11790123456790125,0.23971160880508077,20,0.13081821955721634,0.26660081172424527,20,0.10900915618411941,0.2220059857504244,20,0.15262728293031325,0.3111956376980662,20,0.3795376736823339,0.7729132322535713,20,0.10900915618411941,0.2220059857504244,20,0.04370689319859665,0.0891441157183634,20,0.8334520754719321,0.4029621539273133,20,1.8808780780377656,0.7729132322535712,20,0.832093864416969,0.3419341029035966,20,1.8808780780377656,0.7729132322535712,20,0.1798619353545204,5.108828993439741,0.10505824464766356,0.1168429574229189,0.09729841320776053,0.13638750163807734,0.3387441594935014,0.09729841320776053,0.03906913129791214,0.17660595063407644,0.3387441594935014,0.14985922799189863,0.3387441594935014,0.05,0.4,9.748750000000001,19.7,0.030285493827160493,0.23472222222222228,0.033374346405890584,0.260743383758984,0.02786490544314531,0.2172014905054182,0.03888378736863585,0.30428527701254976,0.09703418663894166,0.75620898974019,0.027864905443145304,0.21720149050541818,0.011124292087718899,0.08715036134643366,0.6370726133183933,0.980736672087086,1.5042067619799093,2.163381565081157,0.6654557953930639,0.9570724161848976,1.5983745909943732,2.163381565081157
M1,40,SmartAspirationNegotiator,LinearTBNegotiator,LinearTBNegotiator,0.25,0.44426165831931924,20,12.9,8.896480676146755,20,0.22235189813358516,0.39321004284021366,20,0.12668479427390464,0.2235377861391364,20,0.11048839038553955,0.1948914916095359,20,0.1428811981622697,0.2521840806687369,20,0.47572148668139447,0.8402856151184865,20,0.11048839038553955,0.1948914916095359,20,0.11186350774804561,0.1983185512306777,20,0.7723736532191032,0.45751466669502616,20,1.784694265038705,0.8402856151184864,20,0.7895424829174073,0.37173940876985023,20,1.784694265038705,0.8402856151184864,20,0.1947062564885614,3.8990545682659774,0.17233189950435915,0.09796975432799616,0.08541496220114941,0.1105245464548429,0.36827140816035153,0.08541496220114941,0.08691693730320971,0.20051464350491455,0.3682714081603515,0.16292197923329343,0.3682714081603515,0.09875000000000114,0.45,9.34875,16.8,0.08958890740158221,0.3993692191095891,0.05120975092283107,0.22731818540866944,0.044685449271908186,0.1982256452037147,0.057024493027183605,0.25641072561362405,0.19200840924724433,0.8540055899269279,0.04413709142929509,0.1982256452037147,0.04490345812967402,0.2011435739058744,0.5664073456940091,0.9281356732849544,1.4064101617931715,2.162978368284238,0.6221909224986338,0.9150561532314871,1.4064101617931717,2.162978368284238
M1,40,SmartAspirationNegotiator,LinearTBNegotiator,SmartAspirationNegotiator,0.2,0.41039134083406165,20,14.55,11.329862729692898,20,0.13171925599942028,0.2680655905198553,20,0.15275096479489722,0.31160585535556395,20,0.129847271458193,0.26476489608933335,20,0.17565465813160147,0.3584468146217946,20,0.43722118558921474,0.8912773012309833,20,0.129847271458193,0.26476489608933335,20,0.04589615312581129,0.09363638230318286,20,0.8238652301003768,0.42263394555932043,20,1.8231945661308848,0.8912773012309833,20,0.8065748810781802,0.39429795184923455,20,1.8231945661308848,0.8912773012309833,20,0.1798619353545204,4.96553127490959,0.11748492503487984,0.13656728745335353,0.11603833191943784,0.15709624298726926,0.3906194999415869,0.11603833191943784,0.04103795393542673,0.18522749344643882,0.3906194999415869,0.17280869664987014,0.3906194999415869,0.05,0.4,10.15,19.8525,0.03373999918504025,0.2623582650852603,0.03885753271531081,0.3046088742343458,0.033074434261663704,0.25887772105356543,0.0446406311689579,0.35034002741512615,0.11145506461566188,0.8715760135539516,0.0330744342616637,0.2588777210535654,0.011671607069522558,0.09152888120086293,0.6681032100345254,0.9783399607441972,1.3888397381661477,2.148960687104437,0.6144178287154863,0.9506926703502003,1.388839738166148,2.148960687104437
M1,40,SmartAspirationNegotiator,SmartAspirationNegotiator,BoulwareTBNegotiator,0.2,0.41039134083406165,20,14.95,11.988920323628637,20,0.14901234567901234,0.30355026182371253,20,0.13448064318771888,0.2741159464463668,20,0.12579902402125626,0.2564580676209708,20,0.14316226235418153,0.2917738252717627,20,0.41797363205445015,0.8517821547164461,20,0.12579902402125626,0.2564580676209708,20,0.0232133216577561,0.0470921942027418,20,0.8238652301003768,0.42263394555932043,20,1.8424421196656495,0.8517821547164461,20,0.8150899312498657,0.37682543756309816,20,1.8424421196656495,0.8517821547164461,20,0.1798619353545204,5.254376000810632,0.13303676792503338,0.12013661043427051,0.11239770382543077,0.12787551704311026,0.37330998879357447,0.11239770382543077,0.020639064099602627,0.18522749344643882,0.37330998879357447,0.16515102963226927,0.37330998879357447,0.05,0.4,10.046250000000004,20.202499999999997,0.03806327160493826,0.2969444444444444,0.034289952313516225,0.26806823101998906,0.03206237240242952,0.2507812261796919,0.03651753222460292,0.28535523586028627,0.1066431762319707,0.8330809064844225,0.03206237240242952,0.2507812261796919,0.0060008992025087585,0.04616321826475255,0.6178989225752826,0.9783399607441972,1.427334845235677,2.1537725754881283,0.6314479290588573,0.9528214328931218,1.427334845235677,2.1537725754881283
M1,40,SmartAspirationNegotiator,SmartAspirationNegotiator,ConcederTBNegotiator,0.2,0.41039134083406165,20,14.35,11.008489546947988,20,0.1391266634068277,0.28326526981000566,20,0.14332702990153126,0.2922683489714572,20,0.12620784683159703,0.25729695432746724,20,0.16044621297146547,0.327239743615447,20,0.42578072320989013,0.8678019677529198,20,0.12620784683159703,0.25729695432746724,20,0.034327132592271256,0.06989725305870145,20,0.8238652301003768,0.42263394555932043,20,1.8346350285102093,0.8678019677529198,20,0.8116361015065987,0.3839125466598577,20,1.8346350285102093,0.8678019677529198,20,0.1798619353545204,4.824683267488026,0.12414647819615833,0.12809225161047455,0.11276536213485557,0.14341914108609347,0.3803309814171074,0.11276536213485557,0.03063382181883326,0.18522749344643882,0.3803309814171074,0.1682570921423143,0.3803309814171074,0.05,0.4,9.95,19.25,0.0355918510368921,0.2771730799000751,0.036501548991969314,0.2857610044476138,0.03216457810501471,0.25159887180037344,0.0408385198789239,0.31992313709485415,0.10859494902083071,0.8486950887953025,0.032164578105014704,0.25159887180037344,0.00877935193613755,0.06839084013378288,0.6178989225752826,0.9783399607441972,1.5148060395362435,2.1518208026992682,0.6245402695723233,0.951957975457305,1.4117206629247971,2.1518208026992682
M1,40,SmartAspirationNegotiator,SmartAspirationNegotiator,GeniusBOABaselineNegotiator,0.2,0.41039134083406165,20,14.95,11.988920323628637,20,0.14901234567901234,0.30355026182371253,20,0.13448064318771888,0.2741159464463668,20,0.12579902402125626,0.2564580676209708,20,0.14316226235418153,0.2917738252717627,20,0.41797363205445015,0.8517821547164461,20,0.12579902402125626,0.2564580676209708,20,0.0232133216577561,0.0470921942027418,20,0.8238652301003768,0.42263394555932043,20,1.8424421196656495,0.8517821547164461,20,0.8150899312498657,0.37682543756309816,20,1.8424421196656495,0.8517821547164461,20,0.1798619353545204,5.254376000810632,0.13303676792503338,0.12013661043427051,0.11239770382543077,0.12787551704311026,0.37330998879357447,0.11239770382543077,0.020639064099602627,0.18522749344643882,0.37330998879357447,0.16515102963226927,0.37330998879357447,0.05,0.4,9.84875,19.901249999999997,0.03806327160493826,0.2969444444444444,0.034289952313516225,0.26806823101998906,0.03206237240242952,0.2507812261796919,0.03651753222460292,0.2853552358602863,0.10664317623197073,0.8330809064844225,0.03206237240242952,0.21953567564008303,0.0060008992025087585,0.04616321826475255,0.6178989225752826,0.9783399607441972,1.427334845235677,2.1537725754881283,0.6314479290588573,0.9528214328931217,1.427334845235677,2.1537725754881283
M1,40,SmartAspirationNegotiator,SmartAspirationNegotiator,LinearTBNegotiator,0.2,0.41039134083406165,20,14.35,11.008489546947988,20,0.1391266634068277,0.28326526981000566,20,0.14332702990153126,0.2922683489714572,20,0.12620784683159703,0.25729695432746724,20,0.16044621297146547,0.327239743615447,20,0.42578072320989013,0.8678019677529198,20,0.12620784683159703,0.25729695432746724,20,0.034327132592271256,0.06989725305870145,20,0.8238652301003768,0.42263394555932043,20,1.8346350285102093,0.8678019677529198,20,0.8116361015065987,0.3839125466598577,20,1.8346350285102093,0.8678019677529198,20,0.1798619353545204,4.824683267488026,0.12414647819615833,0.12809225161047455,0.11276536213485557,0.14341914108609347,0.3803309814171074,0.11276536213485557,0.03063382181883326,0.18522749344643882,0.3803309814171074,0.1682570921423143,0.3803309814171074,0.05,0.4,9.84875,19.263749999999987,0.0355918510368921,0.2771730799000751,0.03650154899196932,0.2857610044476138,0.03216457810501471,0.22103480946423354,0.0408385198789239,0.31992313709485415,0.10859494902083071,0.8486950887953025,0.03216457810501471,0.25159887180037344,0.00877935193613755,0.06839084013378287,0.6178989225752826,0.9783399607441972,1.4117206629247971,2.1518208026992682,0.6245402695723233,0.951957975457305,1.4117206629247971,2.1518208026992687
M1,40,SmartAspirationNegotiator,SmartAspirationNegotiator,SmartAspirationNegotiator,0.2,0.41039134083406165,20,14.55,11.329862729692898,20,0.13171925599942028,0.2680655905198553,20,0.15275096479489722,0.31160585535556395,20,0.129847271458193,0.26476489608933335,20,0.17565465813160147,0.3584468146217946,20,0.43722118558921474,0.8912773012309833,20,0.129847271458193,0.26476489608933335,20,0.04589615312581129,0.09363638230318286,20,0.8238652301003768,0.42263394555932043,20,1.8231945661308848,0.8912773012309833,20,0.8065748810781802,0.39429795184923455,20,1.8231945661308848,0.8912773012309833,20,0.1798619353545204,4.96553127490959,0.11748492503487984,0.13656728745335353,0.11603833191943784,0.15709624298726926,0.3906194999415869,0.11603833191943784,0.04103795393542673,0.18522749344643882,0.3906194999415869,0.17280869664987014,0.3906194999415869,0.05,0.4,9.5,19.35125,0.03373999918504025,0.2623582650852603,0.03885753271531081,0.3046088742343458,0.033074434261663704,0.25887772105356543,0.0446406311689579,0.3503400274151261,0.11145506461566186,0.8715760135539516,0.033074434261663704,0.2588777210535654,0.011671607069522558,0.09152888120086293,0.6178989225752826,0.9783399607441972,1.494713727482555,2.148960687104437,0.6144178287154863,0.9506926703502003,1.388839738166148,2.148960687104437
M2,20,BoulwareTBNegotiator,BoulwareTBNegotiator,BoulwareTBNegotiator,0.4,0.5026246899500346,20,12.3,7.269981539106366,20,0.13326445403500659,0.16658627819475214,20,0.21417172335809248,0.26819040885470896,20,0.17363410049281103,0.2174371654022192,20,0.25470934622337393,0.3189436523071987,20,0.5616079007511916,0.7029670959041701,20,0.1332052760641688,0.16663585204349246,20,0.12150407015920517,0.15230780026370622,20,0.7435011214136455,0.37796231247180906,20,1.9021172736986205,0.7029670959041701,20,0.7720492908156417,0.2853269119438833,20,1.9021172736986205,0.7029670959041701,20,0.2202849828840144,3.1862098916556345,0.07300965546378271,0.11753962908206778,0.09529603940414859,0.13978321875998695,0.30808891362791824,0.0730313821609379,0.06675183659904906,0.16564928702951637,0.30808891362791824,0.12505003269965748,0.30808891362791824,0.2,0.6,9.09875,15.30125,0.06697790602984897,0.21612263904145354,0.10745575248870702,0.3208876942274779,0.08711341428305305,0.26015478670256903,0.127798090694361,0.4133484156346401,0.28188941100726306,0.84132639049512,0.06689900206873194,0.19951155005960564,0.060899088625629094,0.18210905169278127,0.5931056792361505,0.8938965635911407,1.6223987839546918,2.1818357634425487,0.6585145132175706,0.8855840684137128,1.6223987839546918,2.1818357634425487
M2,20,BoulwareTBNegotiator,BoulwareTBNegotiator,ConcederTBNegotiator,0.5,0.512989176042577,20,11.0,6.078434701553735,20,0.33276447294150097,0.34069982721413233,20,0.3185965591589257,0.32611417281918054,20,0.28188001623586334,0.28859466837153364,20,0.35531310208198813,0.36363367726682727,20,0.9699575912593523,0.9929281728524934,20,0.28188001623586334,0.28859466837153364,20,0.07343308584612485,0.0750390088952937,20,0.6108469956428613,0.4447051972083749,20,1.4937675831904598,0.9929281728524932,20,0.6063044688107475,0.4030190473960756,20,1.4937675831904598,0.9929281728524932,20,0.2248274191931505,2.663991465135688,0.1493182828203536,0.14292583793456118,0.12648219009886053,0.15936948577026175,0.43516995868947594,0.12648219009886053,0.03288729567140127,0.19490064597745368,0.4351699586894759,0.1766308852961476,0.4351699586894759,0.3,0.7,8.25,13.4,0.1999352269747771,0.49880103039990564,0.19145384814308403,0.4457392701747674,0.169365100970836,0.3943949315008906,0.2135425953153321,0.49708360884864417,0.5804234565859573,1.3570722592577598,0.16936510097083599,0.42252366031714744,0.04417749434449612,0.1026886773477536,0.4374689915925513,0.7842249996931709,1.1042334485170644,1.8808822511888672,0.4491787179303328,0.7644122556341639,1.1066529151920523,1.8808822511888672
M2,20,BoulwareTBNegotiator,BoulwareTBNegotiator,GeniusBOABaselineNegotiator,0.4,0.5026246899500346,20,12.3,7.269981539106366,20,0.13326445403500659,0.16658627819475214,20,0.21417172335809248,0.26819040885470896,20,0.17363410049281103,0.2174371654022192,20,0.25470934622337393,0.3189436523071987,20,0.5616079007511916,0.7029670959041701,20,0.1332052760641688,0.16663585204349246,20,0.12150407015920517,0.15230780026370622,20,0.7435011214136455,0.37796231247180906,20,1.9021172736986205,0.7029670959041701,20,0.7720492908156417,0.2853269119438833,20,1.9021172736986205,0.7029670959041701,20,0.2202849828840144,3.1862098916556345,0.07300965546378271,0.11753962908206778,0.09529603940414859,0.13978321875998695,0.30808891362791824,0.0730313821609379,0.06675183659904906,0.16564928702951637,0.30808891362791824,0.12505003269965748,0.30808891362791824,0.2,0.6,9.048750000000002,15.45,0.06697790602984897,0.19955100204016415,0.10745575248870702,0.3208876942274779,0.08711341428305305,0.26015478670256903,0.127798090694361,0.38162060175238693,0.28188941100726306,0.84132639049512,0.06689900206873194,0.1995115500596057,0.060899088625629094,0.18210905169278127,0.5931056792361507,0.8938965635911407,1.6223987839546918,2.1818357634425487,0.6585145132175706,0.8855840684137128,1.6223987839546918,2.181835763442549
M2,20,BoulwareTBNegotiator,BoulwareTBNegotiator,LinearTBNegotiator,0.5,0.512989176042577,20,11.0,6.078434701553735,20,0.33276447294150097,0.34069982721413233,20,0.3185965591589257,0.32611417281918054,20,0.28188001623586334,0.28859466837153364,20,0.35531310208198813,0.36363367726682727,20,0.9699575912593523,0.9929281728524934,20,0.28188001623586334,0.28859466837153364,20,0.07343308584612485,0.0750390088952937,20,0.6108469956428613,0.4447051972083749,20,1.4937675831904598,0.9929281728524932,20,0.6063044688107475,0.4030190473960756,20,1.4937675831904598,0.9929281728524932,20,0.2248274191931505,2.663991465135688,0.1493182828203536,0.14292583793456118,0.12648219009886053,0.15936948577026175,0.43516995868947594,0.12648219009886053,0.03288729567140127,0.19490064597745368,0.4351699586894759,0.1766308852961476,0.4351699586894759,0.3,0.7,8.35,13.601249999999999,0.19910504418748584,0.46559371890822476,0.19145384814308403,0.4457392701747674,0.16936510097083599,0.3943949315008906,0.17809996862366811,0.49708360884864417,0.5828429232609451,1.3570722592577598,0.1412363721545792,0.39439493150089067,0.04417749434449612,0.10268867734775358,0.4374689915925513,0.7842249996931709,1.1066529151920523,1.8808822511888672,0.4491787179303328,0.7634302196911622,1.1066529151920523,1.8833017178638551
M2,20,BoulwareTBNegotiator,BoulwareTBNegotiator,SmartAspirationNegotiator,0.45,0.5104177855340404,20,11.45,6.476475649773205,20,0.3720037705127429,0.4211654651632299,20,0.3662068163872506,0.41453527682653,20,0.3052592067668931,0.3455715319583116,20,0.4271544260076081,0.4834990216947484,20,1.104417403287244,1.25023601881629,20,0.3052592067668931,0.3455715319583116,20,0.121895219240715,0.1379274897364368,20,0.5743606031727496,0.5330252130353283,20,1.359307771162568,1.25023601881629,20,0.5517286527163576,0.5074575816255508,20,1.359307771162568,1.25023601881629,20,0.22370045761428853,2.8384406022729407,0.18458390353653908,0.1816780953789396,0.15145340156331505,0.21190278919456415,0.5479400942944184,0.15145340156331505,0.06044938763124914,0.23360859957338703,0.5479400942944184,0.2224030910496264,0.5479400942944184,0.25,0.65,8.548750000000002,14.1,0.2069760316291644,0.5370315093963213,0.20377702315705992,0.5286366096174413,0.1698518829030718,0.44066653063071454,0.23770216341104805,0.6166066886041681,0.6145300779432841,1.594304728631204,0.1698518829030718,0.44066653063071454,0.06785028050797634,0.1894513926566383,0.36550220201902245,0.7832190043264766,0.8694204458186082,1.9716669278425176,0.35288856680727915,0.750568738625436,0.8663586500352113,1.8491950965065278
M2,20,BoulwareTBNegotiator,ConcederTBNegotiator,BoulwareTBNegotiator,0.45,0.5104177855340404,20,11.45,6.476475649773205,20,0.25838024691358025,0.29228664894087575,20,0.2910402669008254,0.32927673519298334,20,0.249708716489695,0.2825627358858278,20,0.33237181731195586,0.3759907345001388,20,0.8404607807152311,0.9508401193268423,20,0.249708716489695,0.2825627358858278,20,0.08266310082226089,0.09342799861431102,20,0.636438862314211,0.4626122184557883,20,1.623264393734581,0.9508401193268423,20,0.6588658550753661,0.3859359514557786,20,1.623264393734581,0.9508401193268423,20,0.22370045761428853,2.8384406022729407,0.12810027192569334,0.14431189200693875,0.12383857912840993,0.1647852048854676,0.41672405593957085,0.12383857912840993,0.040946625757057695,0.20274874406706858,0.41672405593957085,0.16914388839357122,0.41672405593957085,0.25,0.65,8.6,13.90125,0.11521975308641977,0.37290864197530865,0.16201782899793482,0.420062704803716,0.13899049941573946,0.3604269335636506,0.18504515858013013,0.4796984760437815,0.4678875098477214,1.213034051582741,0.13899049941573946,0.3604269335636506,0.04605465916439072,0.11927154248013108,0.4551707985566889,0.817706926071733,1.2506911228670714,1.9958376646020906,0.5076423035480693,0.8100894066026629,1.157547805150194,1.9958376646020906
M2,20,BoulwareTBNegotiator,ConcederTBNegotiator,ConcederTBNegotiator,0.8,0.4103913408340616,20,5.05,1.9861361590045288,20,0.8001382716049383,0.4101076134873122,20,0.3737389386104987,0.1913445302094798,20,0.24359680648422422,0.12465846195900833,20,0.5038810707367734,0.2580305984599513,20,1.547616148825936,0.7927966739062718,20,0.24359680648422422,0.12465846195900833,20,0.5565805605488454,0.2853689294024473,20,0.2088584011537271,0.428568396469682,20,0.9161090256238762,0.7927966739062718,20,0.37183896772433533,0.32178778791076634,20,0.9161090256238762,0.7927966739062718,20,0.17986193535452039,0.8704625509644737,0.17973758636217654,0.08386043782754715,0.05463397980253919,0.1130868958525551,0.3474584620172709,0.05463397980253919,0.12506844766280129,0.18782838123280077,0.3474584620172709,0.14102971614716067,0.3474584620172709,0.6,0.95,4.1,5.8,0.6489928395061739,0.9500345679012346,0.2804891493627045,0.4436762805463445,0.198033541782175,0.28916007118627335,0.37813251184391705,0.5981924899064156,1.161254841935286,1.8373871289939239,0.18284578688149195,0.28916007118627335,0.41750894718464726,0.6608842705719938,0.05221460028843178,0.4177168023074542,0.6263380454558884,1.3024703325145264,0.25422399054543876,0.5286589372961975,0.6263380454558884,1.3024703325145264
M2,20,BoulwareTBNegotiator,ConcederTBNegotiator,GeniusBOABaselineNegotiator,0.45,0.5104177855340404,20,11.45,6.476475649773205,20,0.25838024691358025,0.29228664894087575,20,0.2910402669008254,0.32927673519298334,20,0.249708716489695,0.2825627358858278,20,0.33237181731195586,0.3759907345001388,20,0.8404607807152311,0.9508401193268423,20,0.249708716489695,0.2825627358858278,20,0.08266310082226089,0.09342799861431102,20,0.636438862314211,0.4626122184557883,20,1.623264393734581,0.9508401193268423,20,0.6588658550753661,0.3859359514557786,20,1.623264393734581,0.9508401193268423,20,0.22370045761428853,2.8384406022729407,0.12810027192569334,0.14431189200693875,0.12383857912840993,0.1647852048854676,0.41672405593957085,0.12383857912840993,0.040946625757057695,0.20274874406706858,0.41672405593957085,0.16914388839357122,0.41672405593957085,0.25,0.6512499999999989,8.748750000000001,14.101249999999999,0.14385185185185184,0.37290864197530865,0.16201782899793482,0.420062704803716,0.13899049941573946,0.3604269335636506,0.18504515858013013,0.516530140726738,0.46555892690480155,1.213034051582741,0.13899049941573946,0.3604269335636506,0.03690254874992318,0.11927154248013108,0.4551707985566889,0.817706926071733,1.2506911228670714,1.9958376646020906,0.5076423035480693,0.8478952944844872,1.2506911228670714,1.9981662475450104
M2,20,BoulwareTBNegotiator,ConcederTBNegotiator,LinearTBNegotiator,0.55,0.5104177855340404,20,9.4,4.750623227812492,20,0.46964444444444453,0.43520362889040715,20,0.3648017989673182,0.3378613248942179,20,0.2659672107247702,0.24627610140401374,20,0.4636363872098662,0.42944654838442203,20,1.199248042379081,1.110926278678843,20,0.2659672107247702,0.24627610140401374,20,0.2037651984329699,0.18882775247713685,20,0.4860362194706619,0.518079422188684,20,1.264477132070731,1.110926278678843,20,0.5132378989280363,0.4509132309884888,20,1.264477132070731,1.110926278678843,20,0.22370045761428853,2.0820524286841273,0.19073640005769418,0.14807425432859617,0.1079352603787092,0.18821324827848315,0.4868849087148865,0.1079352603787092,0.08275741135316692,0.2270583179285112,0.4868849087148865,0.1976214367430878,0.4868849087148865,0.35,0.8,7.35,11.35,0.2991160493827161,0.640172839506173,0.23241561084077395,0.49718798709386247,0.16886427502729914,0.36246702259803393,0.29536382283004137,0.631908951589691,0.7612266412435488,1.634548813693898,0.1694673988515065,0.36246702259803393,0.1297757106726365,0.27775468619330324,0.2830341153623078,0.7397888496061045,0.8291763607559142,1.8086030962142519,0.33655391817030983,0.6899218796857628,0.7203511679272101,1.699777903385548
M2,20,BoulwareTBNegotiator,ConcederTBNegotiator,SmartAspirationNegotiator,0.45,0.5104177855340404,20,11.45,6.476475649773205,20,0.3720037705127429,0.4211654651632299,20,0.3662068163872506,0.41453527682653,20,0.3052592067668931,0.3455715319583116,20,0.4271544260076081,0.4834990216947484,20,1.104417403287244,1.25023601881629,20,0.3052592067668931,0.3455715319583116,20,0.121895219240715,0.1379274897364368,20,0.5743606031727496,0.5330252130353283,20,1.359307771162568,1.25023601881629,20,0.5517286527163576,0.5074575816255508,20,1.359307771162568,1.25023601881629,20,0.22370045761428853,2.8384406022729407,0.18458390353653908,0.1816780953789396,0.15145340156331505,0.21190278919456415,0.5479400942944184,0.15145340156331505,0.06044938763124914,0.23360859957338703,0.5479400942944184,0.2224030910496264,0.5479400942944184,0.25,0.65,8.65,14.0,0.2069760316291644,0.5782884441172158,0.20377702315705992,0.5296517958251291,0.16985188290307177,0.44066653063071454,0.23770216341104805,0.6166066886041681,0.6145300779432841,1.594304728631204,0.16985188290307177,0.44066653063071454,0.06785028050797634,0.1759401579734537,0.36550220201902245,0.7832190043264766,0.8694204458186082,1.8491950965065278,0.3528885668072792,0.750568738625436,0.8694204458186082,1.8491950965065278
M2,20,BoulwareTBNegotiator,GeniusBOABaselineNegotiator,BoulwareTBNegotiator,0.4,0.5026246899500346,20,12.3,7.269981539106366,20,0.2311912802362927,0.2896373798377831,20,0.21870421026309222,0.2738857584180292,20,0.19738657724940306,0.24728361856553785,20,0.2400218432767815,0.30048789827052064,20,0.6685997007624773,0.8374088966738417,20,0.19738657724940306,0.24728361856553785,20,0.04263526602737846,0.05320427970498272,20,0.7393484864768597,0.38318035459075317,20,1.7951254736873348,0.8374088966738417,20,0.7286224503868269,0.3398954174589899,20,1.7951254736873348,0.8374088966738417,20,0.2202849828840144,3.1862098916556345,0.12693917854787315,0.1200357260827925,0.10837682424359564,0.1316946279219894,0.36701063071345824,0.10837682424359564,0.023317803678393745,0.16793619481944994,0.36701063071345824,0.14896573470107816,0.36701063071345824,0.2,0.6,9.05,15.35,0.11594131913049203,0.37525373161854353,0.10972199594120688,0.3276864245849776,0.09898965266134907,0.295783501837457,0.12045433922106477,0.35958934733249825,0.3353853110129059,1.001814090512049,0.09898965266134907,0.295783501837457,0.02146468655971574,0.06380584549504119,0.5868767268309717,0.8918202461227477,1.4619110839377636,2.1283398634369064,0.5595622031212288,0.8638706481993055,1.4619110839377636,2.1283398634369064
M2,20,BoulwareTBNegotiator,GeniusBOABaselineNegotiator,ConcederTBNegotiator,0.5,0.512989176042577,20,11.0,6.078434701553735,20,0.4394311396081677,0.45013751810321545,20,0.281163572405846,0.2877087387566303,20,0.18445650576887457,0.18864025564826176,20,0.37787063904281737,0.3867772218649988,20,1.0017582844198596,1.025554995616476,20,0.18445650576887457,0.18864025564826176,20,0.25507237240962144,0.261396984797633,20,0.5381029201298702,0.5193390439271515,20,1.4619668900299525,1.025554995616476,20,0.593396903677145,0.41626192980128085,20,1.4619668900299525,1.025554995616476,20,0.2248274191931505,2.663991465135688,0.19728146558155904,0.1260939143257885,0.08267523724480058,0.16951259140677644,0.4494692942331361,0.08267523724480058,0.11456227971571337,0.22761037149580854,0.4494692942331361,0.18243483441025826,0.4494692942331361,0.25,0.7,8.34875,13.451249999999998,0.2639352269747771,0.6149270522415583,0.1689940560912362,0.3933330887204558,0.11091099469064276,0.2580020168471064,0.22707711749182957,0.5286641605938052,0.6019233391572494,1.4015932296824698,0.11045133524640423,0.2580020168471064,0.1531610662825941,0.38246150506840565,0.335627285874364,0.7405785543853763,1.0621319447673423,1.8618018352925625,0.43110812674328935,0.7556856806110007,1.0621319447673423,1.8618018352925625
M2,20,BoulwareTBNegotiator,GeniusBOABaselineNegotiator,GeniusBOABaselineNegotiator,0.4,0.5026246899500346,20,12.3,7.269981539106366,20,0.2311912802362927,0.2896373798377831,20,0.21870421026309222,0.2738857584180292,20,0.19738657724940306,0.24728361856553785,20,0.2400218432767815,0.30048789827052064,20,0.6685997007624773,0.8374088966738417,20,0.19738657724940306,0.24728361856553785,20,0.04263526602737846,0.05320427970498272,20,0.7393484864768597,0.38318035459075317,20,1.7951254736873348,0.8374088966738417,20,0.7286224503868269,0.3398954174589899,20,1.7951254736873348,0.8374088966738417,20,0.2202849828840144,3.1862098916556345,0.12693917854787315,0.1200357260827925,0.10837682424359564,0.1316946279219894,0.36701063071345824,0.10837682424359564,0.023317803678393745,0.16793619481944994,0.36701063071345824,0.14896573470107816,0.36701063071345824,0.2,0.6,8.85,15.15,0.11594131913049203,0.3464412413420934,0.1097219959412069,0.32836756342448875,0.09898965266134907,0.3203827329844705,0.12045433922106477,0.38948122334642743,0.3353853110129059,1.0851176879494415,0.09898965266134907,0.295783501837457,0.02146468655971574,0.06393816161671396,0.5868767268309717,0.8918202461227477,1.4619110839377636,2.1283398634369064,0.5933742525743485,0.8638706481993055,1.4619110839377634,2.1283398634369064
M2,20,BoulwareTBNegotiator,GeniusBOABaselineNegotiator,LinearTBNegotiator,0.5,0.512989176042577,20,11.0,6.078434701553735,20,0.4394311396081677,0.45013751810321545,20,0.281163572405846,0.2877087387566303,20,0.18445650576887457,0.18864025564826176,20,0.37787063904281737,0.3867772218649988,20,1.0017582844198596,1.025554995616476,20,0.18445650576887457,0.18864025564826176,20,0.25507237240962144,0.261396984797633,20,0.5381029201298702,0.5193390439271515,20,1.4619668900299525,1.025554995616476,20,0.593396903677145,0.41626192980128085,20,1.4619668900299525,1.025554995616476,20,0.2248274191931505,2.663991465135688,0.19728146558155904,0.1260939143257885,0.08267523724480058,0.16951259140677644,0.4494692942331361,0.08267523724480058,0.11456227971571337,0.22761037149580854,0.4494692942331361,0.18243483441025826,0.4494692942331361,0.3,0.7,8.5,13.55,0.22006124881642952,0.6149270522415583,0.1689940560912362,0.3933330887204558,0.11091099469064276,0.27638839461666437,0.22707711749182957,0.5663625409815519,0.6019233391572494,1.4015932296824698,0.09252461692108484,0.2580020168471064,0.1531610662825941,0.35698367853664886,0.335627285874364,0.7418440270994721,1.0621319447673423,1.8618018352925625,0.43110812674328935,0.7556856806110006,1.0621319447673423,1.8618018352925625
M2,20,BoulwareTBNegotiator,GeniusBOABaselineNegotiator,SmartAspirationNegotiator,0.45,0.5104177855340404,20,11.45,6.476475649773205,20,0.3720037705127429,0.4211654651632299,20,0.3662068163872506,0.41453527682653,20,0.3052592067668931,0.3455715319583116,20,0.4271544260076081,0.4834990216947484,20,1.104417403287244,1.25023601881629,20,0.3052592067668931,0.3455715319583116,20,0.121895219240715,0.1379274897364368,20,0.5743606031727496,0.5330252130353283,20,1.359307771162568,1.25023601881629,20,0.5517286527163576,0.5074575816255508,20,1.359307771162568,1.25023601881629,20,0.22370045761428853,2.8384406022729407,0.18458390353653908,0.1816780953789396,0.15145340156331505,0.21190278919456415,0.5479400942944184,0.15145340156331505,0.06044938763124914,0.23360859957338703,0.5479400942944184,0.2224030910496264,0.5479400942944184,0.25,0.65,8.498750000000001,14.0,0.20697603162916445,0.5782884441172158,0.20377702315705992,0.5286366096174413,0.1698518829030718,0.44151282640486267,0.23770216341104805,0.6166066886041681,0.49205824660729425,1.594304728631204,0.1698518829030718,0.44066653063071454,0.06751249964089703,0.1894513926566383,0.36550220201902245,0.7832190043264766,0.7469486144826183,1.8491950965065278,0.3528885668072792,0.750568738625436,0.8694204458186082,1.8491950965065278
M2,20,BoulwareTBNegotiator,LinearTBNegotiator,BoulwareTBNegotiator,0.45,0.5104177855340404,20,11.45,6.476475649773205,20,0.25838024691358025,0.29228664894087575,20,0.2910402669008254,0.32927673519298334,20,0.249708716489695,0.2825627358858278,20,0.33237181731195586,0.3759907345001388,20,0.8404607807152311,0.9508401193268423,20,0.249708716489695,0.2825627358858278,20,0.08266310082226089,0.09342799861431102,20,0.636438862314211,0.4626122184557883,20,1.623264393734581,0.9508401193268423,20,0.6588658550753661,0.3859359514557786,20,1.623264393734581,0.9508401193268423,20,0.22370045761428853,2.8384406022729407,0.12810027192569334,0.14431189200693875,0.12383857912840993,0.1647852048854676,0.41672405593957085,0.12383857912840993,0.040946625757057695,0.20274874406706858,0.41672405593957085,0.16914388839357122,0.41672405593957085,0.25,0.65,8.94875,14.25,0.14385185185185184,0.3729086419753086,0.16201782899793482,0.420062704803716,0.13899049941573946,0.3604269335636506,0.18504515858013013,0.4796984760437815,0.46788750984772143,1.213034051582741,0.13899049941573946,0.3604269335636506,0.04582585640402924,0.11927154248013108,0.4098537826173084,0.8177069260717331,1.2506911228670714,1.9958376646020906,0.5076423035480693,0.8100894066026629,1.2506911228670714,1.9958376646020906
M2,20,BoulwareTBNegotiator,LinearTBNegotiator,ConcederTBNegotiator,0.7,0.47016234598162726,20,7.2,3.17224808215512,20,0.6778439996727715,0.45481667797845365,20,0.3448403018697747,0.23111872550635926,20,0.22202238736156527,0.14872555440126503,20,0.46765821637798427,0.3135118966114535,20,1.367524603412321,0.9170541289911722,20,0.22202238736156527,0.14872555440126503,20,0.4558802554534034,0.3059992175861517,20,0.31328760173059067,0.49098677932204077,20,1.0962005710374911,0.9170541289911722,20,0.44493622194784355,0.372222575188795,20,1.0962005710374911,0.9170541289911722,20,0.20605773335083594,1.3902990212256685,0.199332197815049,0.10129224749664541,0.06518184812798404,0.13740264686530682,0.4019166928083398,0.06518184812798404,0.1341100701105393,0.21518444366508316,0.4019166928083398,0.16313373625290573,0.4019166928083398,0.5,0.9,5.9,8.5,0.4843718163447486,0.8713161830007945,0.24652586751250238,0.443154736227047,0.15875677042205952,0.28528800430107093,0.33429496460294533,0.601021468153023,0.9774235513697533,1.7576256554548884,0.14294036618718306,0.28528800430107093,0.3248992377995159,0.5860477264137891,0.10442920057686356,0.5221460028843178,0.7060995189949235,1.5838268860907003,0.2865983293581462,0.6032741145375409,0.7060995189949235,1.4863016230800588
M2,20,BoulwareTBNegotiator,LinearTBNegotiator,GeniusBOABaselineNegotiator,0.45,0.5104177855340404,20,11.45,6.476475649773205,20,0.25838024691358025,0.29228664894087575,20,0.2910402669008254,0.32927673519298334,20,0.249708716489695,0.2825627358858278,20,0.33237181731195586,0.3759907345001388,20,0.8404607807152311,0.9508401193268423,20,0.249708716489695,0.2825627358858278,20,0.08266310082226089,0.09342799861431102,20,0.636438862314211,0.4626122184557883,20,1.623264393734581,0.9508401193268423,20,0.6588658550753661,0.3859359514557786,20,1.623264393734581,0.9508401193268423,20,0.22370045761428853,2.8384406022729407,0.12810027192569334,0.14431189200693875,0.12383857912840993,0.1647852048854676,0.41672405593957085,0.12383857912840993,0.040946625757057695,0.20274874406706858,0.41672405593957085,0.16914388839357122,0.41672405593957085,0.24875000000000114,0.65,8.648750000000001,14.101249999999999,0.14385185185185184,0.3729086419753086,0.16201782899793482,0.420062704803716,0.13829851055902784,0.3604269335636506,0.14821349389717373,0.4796984760437815,0.4678875098477214,1.213034051582741,0.1113109451472506,0.38810648783213936,0.04605465916439072,0.11927154248013108,0.4551707985566889,0.8177069260717331,1.2506911228670714,1.9958376646020906,0.5076423035480692,0.8110345537997077,1.157547805150194,1.9958376646020906
M2,20,BoulwareTBNegotiator,LinearTBNegotiator,LinearTBNegotiator,0.55,0.5104177855340404,20,9.4,4.750623227812492,20,0.46964444444444453,0.43520362889040715,20,0.3648017989673182,0.3378613248942179,20,0.2659672107247702,0.24627610140401374,20,0.4636363872098662,0.42944654838442203,20,1.199248042379081,1.110926278678843,20,0.2659672107247702,0.24627610140401374,20,0.2037651984329699,0.18882775247713685,20,0.4860362194706619,0.518079422188684,20,1.264477132070731,1.110926278678843,20,0.5132378989280363,0.4509132309884888,20,1.264477132070731,1.110926278678843,20,0.22370045761428853,2.0820524286841273,0.19073640005769418,0.14807425432859617,0.1079352603787092,0.18821324827848315,0.4868849087148865,0.1079352603787092,0.08275741135316692,0.2270583179285112,0.4868849087148865,0.1976214367430878,0.4868849087148865,0.35,0.75,7.3,11.3,0.29911604938271613,0.640172839506173,0.23241561084077395,0.49718798709386247,0.16886427502729914,0.3630701464222413,0.29536382283004137,0.6319089515896911,0.7639472710642639,1.634548813693898,0.1453424458831906,0.36246702259803393,0.12977571067263646,0.27775468619330324,0.28303411536230777,0.6890383235790161,0.8291763607559142,1.699777903385548,0.33544964329057503,0.6899218796857627,0.8291763607559144,1.8086030962142519
M2,20,BoulwareTBNegotiator,LinearTBNegotiator,SmartAspirationNegotiator,0.45,0.5104177855340404,20,11.45,6.476475649773205,20,0.3720037705127429,0.4211654651632299,20,0.3662068163872506,0.41453527682653,20,0.3052592067668931,0.3455715319583116,20,0.4271544260076081,0.4834990216947484,20,1.104417403287244,1.25023601881629,20,0.3052592067668931,0.3455715319583116,20,0.121895219240715,0.1379274897364368,20,0.5743606031727496,0.5330252130353283,20,1.359307771162568,1.25023601881629,20,0.5517286527163576,0.5074575816255508,20,1.359307771162568,1.25023601881629,20,0.22370045761428853,2.8384406022729407,0.18458390353653908,0.1816780953789396,0.15145340156331505,0.21190278919456415,0.5479400942944184,0.15145340156331505,0.06044938763124914,0.23360859957338703,0.5479400942944184,0.2224030910496264,0.5479400942944184,0.25,0.65,8.8,14.05125,0.20697603162916445,0.5370315093963213,0.20377702315705992,0.569244057924989,0.16985188290307177,0.4745183615966699,0.23770216341104805,0.6639697542533081,0.6114682821598871,1.594304728631204,0.1698518829030718,0.44066653063071454,0.054339045824791675,0.1759401579734537,0.3641968370118128,0.7832190043264766,0.8694204458186082,1.8491950965065278,0.3528885668072792,0.750568738625436,0.8694204458186082,1.8491950965065278
M2,20,BoulwareTBNegotiator,SmartAspirationNegotiator,BoulwareTBNegotiator,0.4,0.5026246899500346,20,12.3,7.269981539106366,20,0.23766964881075386,0.29777784982808453,20,0.16377361603408935,0.20486207618521984,20,0.13621297566427884,0.17041521224091288,20,0.19133425640389984,0.2393089401295268,20,0.5652168808789326,0.7075020021985242,20,0.13621297566427884,0.17041521224091288,20,0.10157395943086907,0.12726438594995676,20,0.8158172195684621,0.2870926714381567,20,1.8985082935708797,0.7075020021985242,20,0.770584443938576,0.28716758246240687,20,1.8985082935708797,0.7075020021985242,20,0.2202849828840144,3.1862098916556345,0.13050689682422692,0.0897847635589309,0.07468775979826416,0.10488176731959764,0.31007642394208873,0.07468775979826416,0.055776076347379,0.1258239109188352,0.31007642394208873,0.12585674212276274,0.31007642394208873,0.2,0.6,9.2,15.251249999999999,0.11918050341772261,0.35615879420378516,0.06187746952485949,0.24529053324147326,0.06840285186878696,0.20402309945977076,0.09611054578462398,0.3103638946779947,0.28369390107113357,0.8467398606867317,0.06840285186878696,0.22097563040864374,0.050934033261461044,0.1522138856002771,0.7015798264683752,0.9300546126685487,1.6169853137630803,2.1800312733786784,0.6563172429019719,0.8848516449751799,1.6169853137630803,2.1800312733786784
M2,20,BoulwareTBNegotiator,SmartAspirationNegotiator,ConcederTBNegotiator,0.55,0.5104177855340404,20,9.95,5.195899192733886,20,0.46429541773231,0.43023955912827955,20,0.418633849275316,0.3878192083650639,20,0.34816415694357034,0.32255752552521477,20,0.48910354160706165,0.45308089120491296,20,1.301563116282942,1.2058779758584075,20,0.34816415694357034,0.32255752552521477,20,0.14093938466349137,0.1305233656796982,20,0.469931402595886,0.5330252130353282,20,1.1621620581668701,1.2058779758584075,20,0.4717092921804474,0.4894531209747039,20,1.1621620581668701,1.2058779758584075,20,0.22370045761428853,2.277203224641093,0.18856080056079316,0.16996926212534982,0.14136706853078673,0.1985714557199129,0.5284993248114929,0.14136706853078673,0.05720438718912616,0.233608599573387,0.5284993248114929,0.21451228825857774,0.5284993248114929,0.35,0.75,7.65,12.001249999999999,0.2946584777029323,0.6328787121714441,0.26667237012768163,0.5705953284229504,0.2217745464452884,0.47455376744185235,0.3115701938100749,0.6666368894040486,0.8290568635485392,1.777022533096932,0.2217745464452884,0.47455376744185235,0.08947599900666987,0.19208312196219623,0.26107300144215884,0.6787898037496131,0.6896558054324672,1.634668310901273,0.27992399987814315,0.6634945844827517,0.6896558054324672,1.634668310901273
M2,20,BoulwareTBNegotiator,SmartAspirationNegotiator,GeniusBOABaselineNegotiator,0.45,0.5104177855340404,20,11.9,6.889351050333903,20,0.22038024691358027,0.2491847026068901,20,0.23579931741671975,0.26661903940081666,20,0.2095166725939474,0.23697443801615134,20,0.2620819622394921,0.2962636407854819,20,0.6919788817470198,0.7824227814085233,20,0.2095166725939474,0.23697443801615134,20,0.052565289645544654,0.059289202769330605,20,0.7154032603477554,0.37304592249954327,20,1.7717462927027925,0.7824227814085233,20,0.7191330880070463,0.31757713462632875,20,1.7717462927027925,0.7824227814085233,20,0.22370045761428853,3.0193912248036114,0.10921001106048675,0.11685094605440048,0.10385862665744924,0.12984326545135166,0.34291190316928766,0.10385862665744924,0.025984638793902434,0.16349458412186701,0.34291190316928766,0.13918431598031836,0.34291190316928766,0.25,0.65,8.947500000000002,14.85,0.12274074074074078,0.31801975308641983,0.13132841261787612,0.34027022221556347,0.11666158614032415,0.3023717590475707,0.14599523909542805,0.40719036616957205,0.385397565976493,0.9985601975175467,0.11666158614032415,0.3023717590475707,0.023525743782493745,0.08160483550859557,0.5326872906694885,0.8615760360903687,1.4651649769322657,2.0783276084733195,0.5946949733382741,0.8435712026758188,1.4651649769322657,2.078327608473319
M2,20,BoulwareTBNegotiator,SmartAspirationNegotiator,LinearTBNegotiator,0.55,0.5104177855340404,20,9.95,5.195899192733886,20,0.46429541773231,0.43023955912827955,20,0.418633849275316,0.3878192083650639,20,0.34816415694357034,0.32255752552521477,20,0.48910354160706165,0.45308089120491296,20,1.301563116282942,1.2058779758584075,20,0.34816415694357034,0.32255752552521477,20,0.14093938466349137,0.1305233656796982,20,0.469931402595886,0.5330252130353282,20,1.1621620581668701,1.2058779758584075,20,0.4717092921804474,0.4894531209747039,20,1.1621620581668701,1.2058779758584075,20,0.22370045761428853,2.277203224641093,0.18856080056079316,0.16996926212534982,0.14136706853078673,0.1985714557199129,0.5284993248114929,0.14136706853078673,0.05720438718912616,0.233608599573387,0.5284993248114929,0.21451228825857774,0.5284993248114929,0.35,0.75,7.8987500000000015,12.1,0.2957121232931759,0.6328787121714441,0.26667237012768163,0.5705953284229504,0.22098461137967487,0.47455376744185224,0.3115701938100749,0.6666368894040486,0.8290568635485392,1.7740693690173448,0.2217745464452884,0.47455376744185235,0.07700971304011031,0.19208312196219626,0.26107300144215884,0.6787898037496131,0.6896558054324672,1.6376214749808602,0.27992399987814315,0.6634945844827517,0.6896558054324672,1.634668310901273
M2,20,BoulwareTBNegotiator,SmartAspirationNegotiator,SmartAspirationNegotiator,0.45,0.5104177855340404,20,11.45,6.476475649773205,20,0.3720037705127429,0.4211654651632299,20,0.3662068163872506,0.41453527682653,20,0.3052592067668931,0.3455715319583116,20,0.4271544260076081,0.4834990216947484,20,1.104417403287244,1.25023601881629,20,0.3052592067668931,0.3455715319583116,20,0.121895219240715,0.1379274897364368,20,0.5743606031727496,0.5330252130353283,20,1.359307771162568,1.25023601881629,20,0.5517286527163576,0.5074575816255508,20,1.359307771162568,1.25023601881629,20,0.22370045761428853,2.8384406022729407,0.18458390353653908,0.1816780953789396,0.15145340156331505,0.21190278919456415,0.5479400942944184,0.15145340156331505,0.06044938763124914,0.23360859957338703,0.5479400942944184,0.2224030910496264,0.5479400942944184,0.25,0.65,8.8,14.2,0.20697603162916445,0.5782884441172158,0.20377702315705992,0.5286366096174413,0.1698518829030718,0.4745183615966699,0.23770216341104805,0.6166066886041681,0.6145300779432841,1.594304728631204,0.1698518829030718,0.44066653063071454,0.06785028050797634,0.1894513926566383,0.36550220201902245,0.7832190043264766,0.8694204458186082,1.8522568922899247,0.3528885668072792,0.750568738625436,0.7469486144826183,1.8491950965065278
M2,20,ConcederTBNegotiator,BoulwareTBNegotiator,BoulwareTBNegotiator,0.4,0.5026246899500346,20,12.3,7.269981539106366,20,0.09463703703703705,0.1180485444643143,20,0.24498824516027035,0.30691327064510426,20,0.1983010719910583,0.2484327376555014,20,0.29167541832948246,0.36539380363470725,20,0.5846135273575779,0.731875085754523,20,0.09457785906619927,0.11809811831305465,20,0.1970975592632832,0.24729568532165258,20,0.7058297744019751,0.42529868525116143,20,1.8791116470922344,0.731875085754523,20,0.7627115502084638,0.2970603593876748,20,1.8791116470922344,0.731875085754523,20,0.2202849828840144,3.1862098916556345,0.0517370557331542,0.1345106715264118,0.10888044788987827,0.16014089516294536,0.32075839878597784,0.05175878243030938,0.10838211273263597,0.18639536710872529,0.32075839878597784,0.13019244277422629,0.32075839878597784,0.2,0.6,9.3,15.25,0.0476641975308642,0.14160987654320992,0.12286401338979595,0.3671124769307448,0.09944690003217668,0.29715524394994,0.14628112674741525,0.4370697099115496,0.2933922243104562,0.8758348304046996,0.04758529356974715,0.1415704245626514,0.09869583317766811,0.29549928534889824,0.5365986587186449,0.8750608900853054,1.5878903440451126,2.1703329501393562,0.6445079023068038,0.880915198110124,1.5878903440451126,2.1703329501393562
M2,20,ConcederTBNegotiator,BoulwareTBNegotiator,ConcederTBNegotiator,0.9,0.30779350562554625,20,1.85,0.4893604849295929,20,0.7200691358024691,0.2460220089903749,20,0.7283348477271494,0.2488322623035327,20,0.5565810119377642,0.19014398108597366,20,0.9000886835165348,0.30752054352109176,20,2.176738831256768,0.7436865335974402,20,0.5565810119377642,0.19014398108597366,20,0.34350767157877066,0.1173765624351181,20,0.10442920057686356,0.3214262973522615,20,0.28698634319304395,0.7436865335974402,20,0.11648472247199097,0.30185450118782703,20,0.28698634319304395,0.7436865335974402,20,0.1348964515158903,0.21447168872174688,0.10782389946845436,0.10905554728712846,0.08333427397525157,0.13477682059900536,0.3259349940427112,0.08333427397525157,0.05144254662375377,0.1408712859246006,0.3259349940427112,0.13229356805817336,0.3259349940427112,0.75,1.0,1.6,2.0,0.600172839506173,0.8000000000000002,0.6070690033758448,0.8091787439613526,0.4639162979603525,0.6183574879227051,0.750221708791337,1.0,1.8143108462578623,2.418357487922705,0.4639162979603525,0.6183574879227051,0.2863054108309843,0.38164251207729477,0.0,0.2610730014421589,0.045367686527106876,0.6494143281919497,0.01841426430090287,0.26359040972862313,0.045367686527106876,0.6494143281919497
M2,20,ConcederTBNegotiator,BoulwareTBNegotiator,GeniusBOABaselineNegotiator,0.4,0.5026246899500346,20,12.3,7.269981539106366,20,0.09463703703703705,0.1180485444643143,20,0.24498824516027035,0.30691327064510426,20,0.1983010719910583,0.2484327376555014,20,0.29167541832948246,0.36539380363470725,20,0.5846135273575779,0.731875085754523,20,0.09457785906619927,0.11809811831305465,20,0.1970975592632832,0.24729568532165258,20,0.7058297744019751,0.42529868525116143,20,1.8791116470922344,0.731875085754523,20,0.7627115502084638,0.2970603593876748,20,1.8791116470922344,0.731875085754523,20,0.2202849828840144,3.1862098916556345,0.0517370557331542,0.1345106715264118,0.10888044788987827,0.16014089516294536,0.32075839878597784,0.05175878243030938,0.10838211273263597,0.18639536710872529,0.32075839878597784,0.13019244277422629,0.32075839878597784,0.2,0.6,9.048750000000002,15.35,0.0476641975308642,0.1416098765432099,0.12286401338979595,0.3671124769307448,0.09944690003217668,0.3218687869396603,0.14628112674741525,0.4379784242339368,0.2933922243104562,0.8776549635487424,0.04758529356974715,0.1415704245626514,0.09869583317766811,0.29549928534889824,0.5365986587186449,0.8750608900853054,1.5878903440451126,2.172153083283399,0.6437691295074189,0.880915198110124,1.5878903440451126,2.170332950139356
M2,20,ConcederTBNegotiator,BoulwareTBNegotiator,LinearTBNegotiator,0.7,0.47016234598162726,20,7.2,3.17224808215512,20,0.5668173107774015,0.38024443723899726,20,0.5681814988730011,0.38112818427404743,20,0.4481957126284966,0.30063724183835944,20,0.6881672851175057,0.46161912670973543,20,1.7031803085234039,1.1425008057870922,20,0.4481957126284966,0.30063724183835944,20,0.23997157248900908,0.16098188487137594,20,0.31328760173059067,0.49098677932204077,20,0.7605448659264082,1.1425008057870922,20,0.3086971200415037,0.46372899771267306,20,0.7605448659264082,1.1425008057870922,20,0.20605773335083594,1.3902990212256685,0.16664947230757987,0.16703679152285592,0.13176008062644864,0.2023135024192632,0.5007230553532918,0.13176008062644864,0.07055342179281454,0.21518444366508316,0.5007230553532918,0.20323819415658276,0.5007230553532918,0.5,0.9,5.9,8.45,0.4050670385623413,0.7285675829924614,0.40605529394337836,0.7303077038026238,0.3203091456127248,0.5760822796442684,0.49180144227403205,0.8845331279609793,1.2171776264490983,2.18918299059771,0.3203091456127248,0.5760822796442684,0.17149229666130736,0.30845084831671077,0.10442920057686356,0.5221460028843178,0.2745421838521027,1.2465475480007135,0.11143376976428072,0.5059604703187267,0.2745421838521027,1.2465475480007135
M2,20,ConcederTBNegotiator,BoulwareTBNegotiator,SmartAspirationNegotiator,0.5,0.512989176042577,20,11.0,6.078434701553735,20,0.20034567901234568,0.204841011233594,20,0.3752431537666596,0.3842323526060591,20,0.34666124743856797,0.35505880920693195,20,0.4038250600947513,0.41340589600518624,20,0.9508319865456649,0.9733057164457123,20,0.20029636403664752,0.2048916073310939,20,0.2035286960581037,0.2085142886740923,20,0.5761362479154439,0.480317672961394,20,1.5128931879041472,0.9733057164457121,20,0.6140673495541156,0.3950544998035612,20,1.5128931879041472,0.9733057164457121,20,0.2248274191931505,2.663991465135688,0.08977553143683038,0.16839725327803604,0.1556113841457783,0.1811831224102938,0.42657003799290255,0.08979770615425796,0.09138541625603583,0.21050850163709317,0.42657003799290244,0.17314026841007626,0.42657003799290244,0.3,0.7,8.45,13.5,0.10051851851851853,0.28020740740740746,0.2254418049077244,0.525044502625595,0.20823383969245884,0.4850886551846772,0.24264977012298994,0.5650003500665124,0.5713675604327326,1.3302964126585972,0.12041490965130655,0.28017781842198863,0.12223486047168344,0.2848225316445239,0.3888739447741673,0.7633985510567206,1.0385626552629819,1.8923576140170795,0.4600467509710482,0.7680879481371831,1.1310571091280113,1.894729266680283
M2,20,ConcederTBNegotiator,ConcederTBNegotiator,BoulwareTBNegotiator,0.55,0.5104177855340404,20,9.4,4.750623227812492,20,0.2423111111111111,0.22423094420300366,20,0.41416960477634773,0.38367624510825316,20,0.3337372351775644,0.30916887559816464,20,0.4946019743751312,0.45818361461834173,20,1.0706503206638067,0.99158343441951,20,0.24226672763298276,0.22428128668438263,20,0.25233524674214836,0.2339023279339591,20,0.469931402595886,0.5330252130353282,20,1.3930748537860054,0.99158343441951,20,0.5654343545428522,0.40247323228368836,20,1.3930748537860054,0.99158343441951,20,0.22370045761428853,2.0820524286841273,0.0982735442437882,0.16815352842112935,0.13549923398347571,0.20080782285878296,0.43458060108604685,0.09829560780905,0.10251221504973297,0.233608599573387,0.43458060108604685,0.17639167127603644,0.43458060108604685,0.35,0.7512499999999989,7.348750000000001,11.3,0.15444938271604938,0.3301728395061729,0.26383148726470185,0.5645077222879936,0.21259377804873916,0.45488069230638956,0.31506919648066456,0.6741347522695978,0.682112357245453,1.4591882840821604,0.1538360141577339,0.33069744110823174,0.16068392323302277,0.343986570251274,0.2610730014421589,0.7310044040380449,1.004536890367652,1.781612817204359,0.40674525652808485,0.7231378059861002,1.004536890367652,1.8787473080589472
M2,20,ConcederTBNegotiator,ConcederTBNegotiator,ConcederTBNegotiator,0.95,0.22360679774997896,20,0.95,0.22360679774997896,20,0.5067012345679014,0.11910236644598884,20,0.6110467105576763,0.14365134528897838,20,0.6086030246066826,0.1431107741124694,20,0.6134903965086698,0.14419191646548737,20,1.7287946556832536,0.4064050570239455,20,0.5066963030703315,0.1191244207735828,20,0.10679409343833834,0.02506749569190457,20,0.22549156140610993,0.19272562669490967,20,0.7349305187665583,0.4064050570239455,20,0.2983005273429816,0.16495551583374232,20,0.7349305187665583,0.4064050570239455,20,0.09799999999999999,0.09799999999999999,0.05219891358024693,0.06295797793258817,0.06272106216870735,0.063194893696469,0.17811486944542324,0.05220857931548377,0.010986314380985221,0.08446573005002896,0.17811486944542324,0.07229494234688698,0.17811486944542324,0.85,1.0,0.85,1.0,0.4534370370370371,0.5333333333333334,0.5468038759325863,0.6431681278702215,0.5446019407610627,0.6406035665294925,0.5490058111041097,0.6457326892109501,1.5470447889022096,1.8196695890737757,0.4534222425443276,0.5333333333333334,0.09558356855978198,0.11239935587761654,0.18239680117650328,0.31168108186532323,0.6440555853760366,0.9166803855476028,0.26141535267620253,0.3720708766765398,0.6440555853760366,0.9166803855476028
M2,20,ConcederTBNegotiator,ConcederTBNegotiator,GeniusBOABaselineNegotiator,0.55,0.5104177855340404,20,9.4,4.750623227812492,20,0.17009206341108282,0.15720933256586606,20,0.3779806597509762,0.3500917338706836,20,0.26293552812071336,0.24346260191091418,20,0.49302579138123914,0.456720865830453,20,0.9260533829130353,0.8573928003072332,20,0.1700476799329545,0.15725967504724508,20,0.3229781114482846,0.29946119078320793,20,0.5100920666452929,0.4957548181086468,20,1.5376717915367768,0.8573928003072333,20,0.6241247227910324,0.3480066726593003,20,1.5376717915367768,0.8573928003072333,20,0.22370045761428853,2.0820524286841273,0.068900027845671,0.15343446739794037,0.10670218985894776,0.20016674493693296,0.3757689626415517,0.0689220914109328,0.13124465352600012,0.21727412879893965,0.37576896264155174,0.15252064903118373,0.37576896264155174,0.3,0.75,7.25,11.35,0.10849180690694049,0.2316923199152252,0.20650753332749683,0.5151591608897597,0.16753814628528851,0.3583329099561382,0.3140661709390969,0.6719854118233812,0.5900961241313257,1.2620106416947445,0.0930227018149275,0.23166766242737613,0.2049051007633914,0.4403177493960052,0.3158375433277138,0.7043465899628721,1.2017145327550678,1.873629050318486,0.4877632234380318,0.7604862221440329,1.2017145327550676,1.873629050318486
M2,20,ConcederTBNegotiator,ConcederTBNegotiator,LinearTBNegotiator,0.8,0.4103913408340616,20,4.25,1.5852942612451615,20,0.24918861004066667,0.1274764005605198,20,0.5102994640534384,0.26139860163639483,20,0.3677698182865078,0.188357872970187,20,0.6528291098203688,0.3344393303026026,20,1.2697875381475432,0.6502736038333092,20,0.2491688840503874,0.1275168774385197,20,0.40366022576998145,0.20692245286408284,20,0.3135501537394484,0.37486266057227946,20,1.193937636302269,0.6502736038333092,20,0.48460666339089287,0.2639391806265589,20,1.193937636302269,0.6502736038333092,20,0.17986193535452039,0.6947858435669603,0.055868995847341646,0.11456298832654385,0.08255147757948723,0.14657449907360043,0.2849949725004292,0.0558867356212837,0.0906877634523167,0.16429080468814522,0.2849949725004292,0.11567644616208991,0.2849949725004292,0.6,0.95,3.5,4.85,0.1870642970366728,0.295781844793662,0.38290954344490913,0.6058419045098353,0.29892411387153034,0.4366155227014851,0.4898435411566136,0.7750682863181851,0.9528833839264912,1.5074656538133326,0.18702484505611428,0.2957769132960921,0.3028186961004993,0.47929137302209296,0.17653605648397588,0.45170603513871554,0.9562595206364797,1.431615751968058,0.38813562914947575,0.6132347090461157,0.9562595206364797,1.5108417905233211
M2,20,ConcederTBNegotiator,ConcederTBNegotiator,SmartAspirationNegotiator,0.55,0.5104177855340404,20,8.3,3.9081561138887873,20,0.1640888888888889,0.1516381924826068,20,0.4063462016630896,0.3764158740311453,20,0.28620637098003354,0.26505869660139575,20,0.5264860323461457,0.48777305146089484,20,0.976781292215068,0.9044699405448974,20,0.16404450541076057,0.15168853496398582,20,0.362441526935385,0.33608451649690896,20,0.469931402595886,0.5330252130353282,20,1.486943882234744,0.9044699405448974,20,0.6035348007379928,0.3671147861477202,20,1.486943882234744,0.9044699405448974,20,0.22370045761428853,1.7128249365180006,0.06645836804975604,0.16497153050015315,0.1161670956711298,0.2137759653291765,0.39640142905006237,0.06648043161501788,0.14729553371415863,0.233608599573387,0.39640142905006237,0.16089514900483368,0.39640142905006237,0.35,0.75,6.548750000000001,9.8,0.10467160493827161,0.2235061728395062,0.2588529580108103,0.5538394453153688,0.1823468644684923,0.39006587749157484,0.3353590515531283,0.7176130131391628,0.6223775209598921,1.331185063470244,0.104607495469864,0.2234815153516571,0.23075155608326425,0.49413149778750587,0.26107300144215884,0.6787898037496131,1.1325401109795683,1.929948596303714,0.4596860570020686,0.747383544473917,1.1325401109795685,1.8413476534899202
M2,20,ConcederTBNegotiator,GeniusBOABaselineNegotiator,BoulwareTBNegotiator,0.4,0.5026246899500346,20,12.3,7.269981539106366,20,0.2311912802362927,0.2896373798377831,20,0.21870421026309222,0.2738857584180292,20,0.19738657724940306,0.24728361856553785,20,0.2400218432767815,0.30048789827052064,20,0.6685997007624773,0.8374088966738417,20,0.19738657724940306,0.24728361856553785,20,0.04263526602737846,0.05320427970498272,20,0.7393484864768597,0.38318035459075317,20,1.7951254736873348,0.8374088966738417,20,0.7286224503868269,0.3398954174589899,20,1.7951254736873348,0.8374088966738417,20,0.2202849828840144,3.1862098916556345,0.12693917854787315,0.1200357260827925,0.10837682424359564,0.1316946279219894,0.36701063071345824,0.10837682424359564,0.023317803678393745,0.16793619481944994,0.36701063071345824,0.14896573470107816,0.36701063071345824,0.2,0.6,9.3,15.35,0.11594131913049203,0.3464412413420934,0.10972199594120688,0.3276864245849776,0.09898965266134907,0.295783501837457,0.12045433922106477,0.36033664423284584,0.3353853110129059,1.0018140905120487,0.09898965266134907,0.29639848261613183,0.02146468655971574,0.06380584549504119,0.5868767268309717,0.8918202461227477,1.4619110839377636,2.1283398634369064,0.5933742525743485,0.8638706481993055,1.4619110839377634,2.1283398634369064
M2,20,ConcederTBNegotiator,GeniusBOABaselineNegotiator,ConcederTBNegotiator,0.9,0.30779350562554625,20,1.85,0.4893604849295929,20,0.7200691358024691,0.2460220089903749,20,0.7283348477271494,0.2488322623035327,20,0.5565810119377642,0.19014398108597366,20,0.9000886835165348,0.30752054352109176,20,2.176738831256768,0.7436865335974402,20,0.5565810119377642,0.19014398108597366,20,0.34350767157877066,0.1173765624351181,20,0.10442920057686356,0.3214262973522615,20,0.28698634319304395,0.7436865335974402,20,0.11648472247199097,0.30185450118782703,20,0.28698634319304395,0.7436865335974402,20,0.1348964515158903,0.21447168872174688,0.10782389946845436,0.10905554728712846,0.08333427397525157,0.13477682059900536,0.3259349940427112,0.08333427397525157,0.05144254662375377,0.1408712859246006,0.3259349940427112,0.13229356805817336,0.3259349940427112,0.75,1.0,1.6,2.0,0.600172839506173,0.8000000000000002,0.6070690033758448,0.8091787439613526,0.4639162979603525,0.6183574879227051,0.750221708791337,1.0,1.8143108462578628,2.418357487922705,0.4639162979603525,0.6183574879227051,0.2863054108309843,0.38164251207729477,0.0,0.2610730014421589,0.045367686527106876,0.6494143281919497,0.01841426430090287,0.26359040972862313,0.045367686527106876,0.6494143281919497
M2,20,ConcederTBNegotiator,GeniusBOABaselineNegotiator,GeniusBOABaselineNegotiator,0.4,0.5026246899500346,20,12.3,7.269981539106366,20,0.2311912802362927,0.2896373798377831,20,0.21870421026309222,0.2738857584180292,20,0.19738657724940306,0.24728361856553785,20,0.2400218432767815,0.30048789827052064,20,0.6685997007624773,0.8374088966738417,20,0.19738657724940306,0.24728361856553785,20,0.04263526602737846,0.05320427970498272,20,0.7393484864768597,0.38318035459075317,20,1.7951254736873348,0.8374088966738417,20,0.7286224503868269,0.3398954174589899,20,1.7951254736873348,0.8374088966738417,20,0.2202849828840144,3.1862098916556345,0.12693917854787315,0.1200357260827925,0.10837682424359564,0.1316946279219894,0.36701063071345824,0.10837682424359564,0.023317803678393745,0.16793619481944994,0.36701063071345824,0.14896573470107816,0.36701063071345824,0.2,0.6,9.398750000000001,15.15,0.11594131913049203,0.3464412413420934,0.1097219959412069,0.3276864245849776,0.09898965266134907,0.295783501837457,0.12045433922106477,0.35958934733249825,0.3353853110129059,1.001814090512049,0.09898965266134907,0.295783501837457,0.02146468655971574,0.06393816161671396,0.5487587869194998,0.8918202461227477,1.4619110839377634,2.1283398634369064,0.5933742525743485,0.8638706481993055,1.4619110839377636,2.1283398634369064
M2,20,ConcederTBNegotiator,GeniusBOABaselineNegotiator,LinearTBNegotiator,0.7,0.47016234598162726,20,7.2,3.17224808215512,20,0.5668173107774015,0.38024443723899726,20,0.5681814988730011,0.38112818427404743,20,0.4481957126284966,0.30063724183835944,20,0.6881672851175057,0.46161912670973543,20,1.7031803085234039,1.1425008057870922,20,0.4481957126284966,0.30063724183835944,20,0.23997157248900908,0.16098188487137594,20,0.31328760173059067,0.49098677932204077,20,0.7605448659264082,1.1425008057870922,20,0.3086971200415037,0.46372899771267306,20,0.7605448659264082,1.1425008057870922,20,0.20605773335083594,1.3902990212256685,0.16664947230757987,0.16703679152285592,0.13176008062644864,0.2023135024192632,0.5007230553532918,0.13176008062644864,0.07055342179281454,0.21518444366508316,0.5007230553532918,0.20323819415658276,0.5007230553532918,0.5,0.9,5.598750000000001,8.4,0.40506703856234144,0.7285675829924614,0.40605529394337836,0.7303077038026238,0.3203091456127248,0.5760822796442684,0.49180144227403205,0.8845331279609793,1.2171776264490983,2.18918299059771,0.3203091456127248,0.5760822796442684,0.17149229666130736,0.3084508483167108,0.10442920057686356,0.5221460028843178,0.2745421838521027,1.2495850647636755,0.11143376976428072,0.5059604703187267,0.2745421838521027,1.2465475480007135
M2,20,ConcederTBNegotiator,GeniusBOABaselineNegotiator,SmartAspirationNegotiator,0.5,0.512989176042577,20,11.0,6.078434701553735,20,0.20034567901234568,0.204841011233594,20,0.3752431537666596,0.3842323526060591,20,0.34666124743856797,0.35505880920693195,20,0.4038250600947513,0.41340589600518624,20,0.9508319865456649,0.9733057164457123,20,0.20029636403664752,0.2048916073310939,20,0.2035286960581037,0.2085142886740923,20,0.5761362479154439,0.480317672961394,20,1.5128931879041472,0.9733057164457121,20,0.6140673495541156,0.3950544998035612,20,1.5128931879041472,0.9733057164457121,20,0.2248274191931505,2.663991465135688,0.08977553143683038,0.16839725327803604,0.1556113841457783,0.1811831224102938,0.42657003799290255,0.08979770615425796,0.09138541625603583,0.21050850163709317,0.42657003799290244,0.17314026841007626,0.42657003799290244,0.3,0.7,8.398750000000001,13.45,0.12048395061728394,0.2802074074074075,0.2254418049077244,0.525044502625595,0.20823383969245884,0.4850886551846772,0.24264977012298994,0.5650003500665124,0.5689959077695289,1.3302964126585972,0.11991565056139862,0.28017781842198863,0.10191140157507839,0.2848225316445239,0.3888739447741673,0.7633985510567206,1.1334287617912149,1.8923576140170795,0.4600467509710482,0.7680879481371831,1.0385626552629819,1.8923576140170795
M2,20,ConcederTBNegotiator,LinearTBNegotiator,BoulwareTBNegotiator,0.55,0.5104177855340404,20,9.4,4.750623227812492,20,0.2423111111111111,0.22423094420300366,20,0.41416960477634773,0.38367624510825316,20,0.3337372351775644,0.30916887559816464,20,0.4946019743751312,0.45818361461834173,20,1.0706503206638067,0.99158343441951,20,0.24226672763298276,0.22428128668438263,20,0.25233524674214836,0.2339023279339591,20,0.469931402595886,0.5330252130353282,20,1.3930748537860054,0.99158343441951,20,0.5654343545428522,0.40247323228368836,20,1.3930748537860054,0.99158343441951,20,0.22370045761428853,2.0820524286841273,0.0982735442437882,0.16815352842112935,0.13549923398347571,0.20080782285878296,0.43458060108604685,0.09829560780905,0.10251221504973297,0.233608599573387,0.43458060108604685,0.17639167127603644,0.43458060108604685,0.35,0.75,7.247500000000002,11.25,0.13248395061728396,0.3301728395061729,0.26383148726470185,0.5645077222879936,0.21259377804873916,0.4548806923063896,0.31506919648066456,0.6741347522695978,0.5849778663908647,1.461616646353523,0.15438527324764179,0.33014818201832385,0.16068392323302277,0.343986570251274,0.26107300144215884,0.6787898037496131,1.004536890367652,1.781612817204359,0.40773090309960425,0.7231378059861002,1.004536890367652,1.781612817204359
M2,20,ConcederTBNegotiator,LinearTBNegotiator,ConcederTBNegotiator,0.9,0.30779350562554625,20,1.85,0.4893604849295929,20,0.7362507665426635,0.25155600993733324,20,0.7313451728517688,0.24986177177373184,20,0.5937127732981137,0.20284277552947716,20,0.8689775724054238,0.29688076801798646,20,2.198941112246201,0.7512795534847969,20,0.5937127732981137,0.20284277552947716,20,0.27526479910731005,0.09403799248850929,20,0.10442920057686356,0.3214262973522615,20,0.26478406220361106,0.7512795534847969,20,0.1074730513571756,0.30493642768113094,20,0.26478406220361106,0.7512795534847969,20,0.1348964515158903,0.21447168872174688,0.11024928232022399,0.1095067497062621,0.08889976602641379,0.13011373338611038,0.3292627817327482,0.08889976602641379,0.04121396735969658,0.1408712859246006,0.3292627817327482,0.13364428189774763,0.3292627817327482,0.75,1.0,1.6,2.0,0.6136575317896682,0.8179795897113273,0.6095776076463608,0.812523549655374,0.4948594324273105,0.6596150005453156,0.7242957828654111,0.9654320987654323,1.83281274708239,2.4430266890220755,0.4948594324273105,0.6596150005453156,0.22943635043810057,0.30581709822011643,0.0,0.2610730014421589,0.020698485427737,0.630912427367422,0.008401296395552434,0.2560806837996104,0.020698485427737,0.630912427367422
M2,20,ConcederTBNegotiator,LinearTBNegotiator,GeniusBOABaselineNegotiator,0.55,0.5104177855340404,20,9.4,4.750623227812492,20,0.17009206341108282,0.15720933256586606,20,0.3779806597509762,0.3500917338706836,20,0.26293552812071336,0.24346260191091418,20,0.49302579138123914,0.456720865830453,20,0.9260533829130353,0.8573928003072332,20,0.1700476799329545,0.15725967504724508,20,0.3229781114482846,0.29946119078320793,20,0.5100920666452929,0.4957548181086468,20,1.5376717915367768,0.8573928003072333,20,0.6241247227910324,0.3480066726593003,20,1.5376717915367768,0.8573928003072333,20,0.22370045761428853,2.0820524286841273,0.068900027845671,0.15343446739794037,0.10670218985894776,0.20016674493693296,0.3757689626415517,0.0689220914109328,0.13124465352600012,0.21727412879893965,0.37576896264155174,0.15252064903118373,0.37576896264155174,0.3,0.75,7.35,11.3,0.10849180690694049,0.2316923199152252,0.24080215861219267,0.5151591608897597,0.1675381462852885,0.3583329099561382,0.3140661709390969,0.6719854118233812,0.5900961241313258,1.2620106416947448,0.1084276974385329,0.23166766242737613,0.205638473500564,0.4403177493960052,0.3158375433277138,0.7043465899628722,1.2017145327550676,1.873629050318486,0.4877632234380318,0.760486222144033,1.2017145327550676,1.9576183650139132
M2,20,ConcederTBNegotiator,LinearTBNegotiator,LinearTBNegotiator,0.75,0.4442616583193193,20,5.8,2.375311613906246,20,0.5368395061728395,0.3175867538681712,20,0.5591574310412988,0.3307780679559785,20,0.5424187134192897,0.3209500143604144,20,0.5758961486633077,0.3406061215515425,20,1.655154368255437,0.979142889780128,20,0.5368148486849905,0.31763057137393846,20,0.03908129997831722,0.022975550177604047,20,0.2610730014421589,0.46393889825238216,20,0.8085708061943752,0.9791428897801281,20,0.32819034143081377,0.39742374674512376,20,0.8085708061943752,0.9791428897801281,20,0.19470625648856144,1.0410262143420637,0.13918853179893412,0.1449698801014601,0.14066254569992637,0.1492772145029938,0.42912829200185426,0.13920773566754813,0.010069478835445683,0.20333018712414222,0.4291282920018543,0.17417863666457248,0.4291282920018543,0.55,0.9,4.798750000000001,6.7,0.3938666666666667,0.6440691358024692,0.4102460578621049,0.6708409609256941,0.39793178399369117,0.6869056428448885,0.42256033173051843,0.6908980113628997,1.2143587823908764,2.0959499541199977,0.39382228318853835,0.6440592728073294,0.0287380485419801,0.04683873855557006,0.05221460028843178,0.469931402595886,0.36777522032981447,1.2493663920589357,0.14927607354255512,0.5071046093190726,0.4752191443843036,1.2493663920589357
M2,20,ConcederTBNegotiator,LinearTBNegotiator,SmartAspirationNegotiator,0.55,0.5104177855340404,20,9.4,4.750623227812492,20,0.2423111111111111,0.22423094420300366,20,0.41416960477634773,0.38367624510825316,20,0.3337372351775644,0.30916887559816464,20,0.4946019743751312,0.45818361461834173,20,1.0706503206638067,0.99158343441951,20,0.24226672763298276,0.22428128668438263,20,0.25233524674214836,0.2339023279339591,20,0.469931402595886,0.5330252130353282,20,1.3930748537860054,0.99158343441951,20,0.5654343545428522,0.40247323228368836,20,1.3930748537860054,0.99158343441951,20,0.22370045761428853,2.0820524286841273,0.0982735442437882,0.16815352842112935,0.13549923398347571,0.20080782285878296,0.43458060108604685,0.09829560780905,0.10251221504973297,0.233608599573387,0.43458060108604685,0.17639167127603644,0.43458060108604685,0.35,0.75,7.25,11.351249999999999,0.15444938271604938,0.3301728395061729,0.26383148726470185,0.5645077222879936,0.21259377804873916,0.45488069230638956,0.31506919648066456,0.6741347522695978,0.5849778663908647,1.4591882840821604,0.13241490965130656,0.33014818201832385,0.16068392323302277,0.343986570251274,0.2610730014421589,0.7310044040380449,1.004536890367652,1.781612817204359,0.40773090309960425,0.7231378059861002,1.004536890367652,1.8787473080589472
M2,20,ConcederTBNegotiator,SmartAspirationNegotiator,BoulwareTBNegotiator,0.45,0.5104177855340404,20,11.45,6.476475649773205,20,0.18038024691358026,0.203814232781642,20,0.33779281655192583,0.38230636377294985,20,0.31205439550204067,0.35327905459493353,20,0.36353123760181094,0.41133367295096607,20,0.8559658800174319,0.9684269603275418,20,0.18032600044031227,0.20386457526302104,20,0.18320523716149864,0.20746909768794505,20,0.6229518237007631,0.47791005041687307,20,1.60775929443238,0.9684269603275415,20,0.6525724991998824,0.39307426427698305,20,1.60775929443238,0.9684269603275415,20,0.22370045761428853,2.8384406022729407,0.08932552593921664,0.16755315145490746,0.1548313722958216,0.18027493061399322,0.4244318288490316,0.08934758950447846,0.09092734110951475,0.20945331453304603,0.42443182884903147,0.17227239192529406,0.42443182884903147,0.25,0.65,8.5,14.101249999999999,0.10051851851851853,0.26024197530864207,0.18799146769299058,0.4875941654108612,0.1736269877559315,0.4850886551846772,0.20235594763004966,0.5247065275735722,0.4765014539044996,1.2378019587935678,0.1004445460549713,0.26020745482565333,0.10191140157507834,0.2644990727479189,0.43568952055948634,0.8102141268420399,1.228294868319448,1.9872237205453125,0.4600467509710482,0.8065930977829499,1.133428761791215,1.9872237205453125
M2,20,ConcederTBNegotiator,SmartAspirationNegotiator,ConcederTBNegotiator,0.9,0.30779350562554625,20,1.85,0.4893604849295929,20,0.7200691358024691,0.2460220089903749,20,0.7283348477271494,0.2488322623035327,20,0.5565810119377642,0.19014398108597366,20,0.9000886835165348,0.30752054352109176,20,2.176738831256768,0.7436865335974402,20,0.5565810119377642,0.19014398108597366,20,0.34350767157877066,0.1173765624351181,20,0.10442920057686356,0.3214262973522615,20,0.28698634319304395,0.7436865335974402,20,0.11648472247199097,0.30185450118782703,20,0.28698634319304395,0.7436865335974402,20,0.1348964515158903,0.21447168872174688,0.10782389946845436,0.10905554728712846,0.08333427397525157,0.13477682059900536,0.3259349940427112,0.08333427397525157,0.05144254662375377,0.1408712859246006,0.3259349940427112,0.13229356805817336,0.3259349940427112,0.75,1.0,1.65,2.0,0.600172839506173,0.8000000000000002,0.6070690033758448,0.8091787439613526,0.4639162979603525,0.6183574879227051,0.750221708791337,1.0,1.8143108462578623,2.418357487922705,0.4639162979603525,0.6183574879227051,0.2863054108309843,0.38164251207729477,0.0,0.2610730014421589,0.045367686527106876,0.6494143281919497,0.01841426430090287,0.26359040972862313,0.045367686527106876,0.6494143281919497
M2,20,ConcederTBNegotiator,SmartAspirationNegotiator,GeniusBOABaselineNegotiator,0.45,0.5104177855340404,20,11.45,6.476475649773205,20,0.18038024691358026,0.203814232781642,20,0.33779281655192583,0.38230636377294985,20,0.31205439550204067,0.35327905459493353,20,0.36353123760181094,0.41133367295096607,20,0.8559658800174319,0.9684269603275418,20,0.18032600044031227,0.20386457526302104,20,0.18320523716149864,0.20746909768794505,20,0.6229518237007631,0.47791005041687307,20,1.60775929443238,0.9684269603275415,20,0.6525724991998824,0.39307426427698305,20,1.60775929443238,0.9684269603275415,20,0.22370045761428853,2.8384406022729407,0.08932552593921664,0.16755315145490746,0.1548313722958216,0.18027493061399322,0.4244318288490316,0.08934758950447846,0.09092734110951475,0.20945331453304603,0.42443182884903147,0.17227239192529406,0.42443182884903147,0.25,0.65,8.6,14.25,0.10051851851851852,0.26024197530864207,0.18799146769299058,0.5250445026255948,0.17362698775593152,0.45048180324814996,0.20235594763004966,0.5650003500665124,0.3816353473762667,1.2354303061303642,0.1004445460549713,0.26020745482565333,0.10191140157507836,0.2848225316445239,0.43568952055948634,0.8102141268420399,1.228294868319448,1.9872237205453125,0.49855190061681504,0.8065930977829499,1.228294868319448,1.9872237205453125
M2,20,ConcederTBNegotiator,SmartAspirationNegotiator,LinearTBNegotiator,0.55,0.5104177855340404,20,7.75,3.5224841712692063,20,0.44031111111111115,0.40798134699525823,20,0.4453812109074386,0.41264162489805695,20,0.3403633459904706,0.31531812070330417,20,0.5503990758244066,0.5099651290928097,20,1.3310735329259884,1.2332645967913722,20,0.3403633459904706,0.31531812070330417,20,0.210035729833936,0.19464700838950555,20,0.469931402595886,0.5330252130353282,20,1.1326516415238237,1.2332645967913722,20,0.45973132607079936,0.5005690608599553,20,1.1326516415238237,1.2332645967913722,20,0.22370045761428853,1.5437967550984915,0.17880570898493206,0.1808481658291329,0.1381942594762941,0.22350207218197168,0.540502040643198,0.1381942594762941,0.08530781270567762,0.233608599573387,0.540502040643198,0.21938406371315353,0.540502040643198,0.3,0.75,6.05,9.05,0.2794502469135811,0.600172839506173,0.24327147032193083,0.6070690033758448,0.2168103940205886,0.494804535952823,0.3505764428574762,0.750221708791337,0.8478362195941141,1.8143108462578628,0.2168103940205886,0.4639162979603526,0.13376604883688764,0.2863054108309843,0.26107300144215884,0.6787898037496131,0.6494143281919496,1.7366982831886664,0.26236452900148566,0.6558722424129757,0.6494143281919497,1.7366982831886664
M2,20,ConcederTBNegotiator,SmartAspirationNegotiator,SmartAspirationNegotiator,0.45,0.5104177855340404,20,11.45,6.476475649773205,20,0.18038024691358026,0.203814232781642,20,0.33779281655192583,0.38230636377294985,20,0.31205439550204067,0.35327905459493353,20,0.36353123760181094,0.41133367295096607,20,0.8559658800174319,0.9684269603275418,20,0.18032600044031227,0.20386457526302104,20,0.18320523716149864,0.20746909768794505,20,0.6229518237007631,0.47791005041687307,20,1.60775929443238,0.9684269603275415,20,0.6525724991998824,0.39307426427698305,20,1.60775929443238,0.9684269603275415,20,0.22370045761428853,2.8384406022729407,0.08932552593921664,0.16755315145490746,0.1548313722958216,0.18027493061399322,0.4244318288490316,0.08934758950447846,0.09092734110951475,0.20945331453304603,0.42443182884903147,0.17227239192529406,0.42443182884903147,0.25,0.65,8.69875,14.201249999999998,0.0805530864197531,0.26024197530864207,0.18799146769299058,0.4875941654108612,0.13902013581940426,0.45048180324814996,0.20235594763004966,0.5257138731358948,0.3816353473762667,1.3302964126585972,0.1004445460549713,0.26020745482565333,0.10140331510266369,0.2644990727479189,0.43568952055948634,0.8102141268420399,1.228294868319448,1.9872237205453125,0.4600467509710482,0.8065930977829499,1.228294868319448,1.9872237205453125
M2,20,GeniusBOABaselineNegotiator,BoulwareTBNegotiator,BoulwareTBNegotiator,0.4,0.5026246899500346,20,12.3,7.269981539106366,20,0.13197037037037038,0.1649601821929842,20,0.21931957058123616,0.27465899664081583,20,0.16435502718081593,0.20577743703605628,20,0.2742841139816564,0.3435405562455754,20,0.5706095115328427,0.7142781754746159,20,0.13191119239953258,0.16500975604172455,20,0.14237292158212383,0.17853080020385084,20,0.7310232393877741,0.3936415414330258,20,1.8931156629169692,0.7142781754746159,20,0.7683956321709995,0.28991795955249966,20,1.8931156629169692,0.7142781754746159,20,0.2202849828840144,3.1862098916556345,0.07229698746899554,0.1203746126756671,0.09018593813986771,0.1505632872114665,0.3130462128203298,0.07231871416615072,0.07824457304531578,0.17252101210076096,0.3130462128203298,0.12706214802965504,0.3130462128203298,0.2,0.6,9.19875,15.2,0.06633086419753087,0.19760987654320988,0.11002967610027888,0.32860946506219346,0.08247387762705552,0.24623617673457637,0.13758547457350223,0.4109827533898106,0.2863902163980886,0.8548288066675969,0.06625196023641382,0.19757042456265136,0.07133351433708843,0.21341232882715927,0.5743888561973434,0.8876576225782049,1.6088963677822155,2.1773349580517234,0.6530340252506072,0.8837572390913916,1.537841543998527,2.1773349580517234
M2,20,GeniusBOABaselineNegotiator,BoulwareTBNegotiator,ConcederTBNegotiator,0.45,0.5104177855340404,20,11.45,6.476475649773205,20,0.413836091036296,0.46861426606407913,20,0.20040221604561842,0.22646946140934665,20,0.09207250265427343,0.10376200880616929,20,0.30873192943696337,0.34917691401252404,20,0.8146405231275328,0.9215531888827724,20,0.09207250265427343,0.10376200880616929,20,0.32187110080938375,0.36475248224865325,20,0.5979089774237419,0.5063151929506209,20,1.6490846513222792,0.9215531888827724,20,0.6693460246395158,0.3740486960314352,20,1.6490846513222792,0.9215531888827724,20,0.22370045761428853,2.8384406022729407,0.20537925741250893,0.09925461766565663,0.04547570541381516,0.1530335299174981,0.40388849274382216,0.04547570541381516,0.15985982367287568,0.22190241713778808,0.40388849274382216,0.16393406899940322,0.40388849274382216,0.25,0.65,8.648750000000001,13.95,0.23021620969780504,0.5974559723747869,0.11166335630059758,0.28914107579063925,0.05141482506272749,0.13273018024581937,0.17191188753846767,0.4455519713354591,0.45354292229900006,1.1757381239560656,0.04125040566484099,0.13273018024581937,0.17894799249057008,0.46479420912819724,0.3982765675250546,0.796301434465917,1.1977126502866136,2.010182252150812,0.522780326251841,0.8159117230271906,1.2879870504937467,2.0101822521508117
M2,20,GeniusBOABaselineNegotiator,BoulwareTBNegotiator,GeniusBOABaselineNegotiator,0.4,0.5026246899500346,20,12.3,7.269981539106366,20,0.13197037037037038,0.1649601821929842,20,0.21931957058123616,0.27465899664081583,20,0.16435502718081593,0.20577743703605628,20,0.2742841139816564,0.3435405562455754,20,0.5706095115328427,0.7142781754746159,20,0.13191119239953258,0.16500975604172455,20,0.14237292158212383,0.17853080020385084,20,0.7310232393877741,0.3936415414330258,20,1.8931156629169692,0.7142781754746159,20,0.7683956321709995,0.28991795955249966,20,1.8931156629169692,0.7142781754746159,20,0.2202849828840144,3.1862098916556345,0.07229698746899554,0.1203746126756671,0.09018593813986771,0.1505632872114665,0.3130462128203298,0.07231871416615072,0.07824457304531578,0.17252101210076096,0.3130462128203298,0.12706214802965504,0.3130462128203298,0.19875000000000115,0.65,9.09875,15.2,0.06633086419753087,0.19760987654320988,0.11002967610027888,0.32860946506219346,0.08247387762705552,0.24623617673457637,0.13758547457350223,0.41098275338981055,0.2863902163980886,0.8548288066675968,0.06625196023641382,0.19757042456265136,0.05357366252582958,0.21341232882715927,0.5743888561973433,0.8876576225782049,1.6088963677822155,2.1773349580517234,0.6530340252506072,0.8837572390913916,1.537841543998527,2.1773349580517234
M2,20,GeniusBOABaselineNegotiator,BoulwareTBNegotiator,LinearTBNegotiator,0.45,0.5104177855340404,20,11.9,6.889351050333903,20,0.33155716144982,0.37528842376265625,20,0.2209911163903533,0.2498226634549925,20,0.1725918671297514,0.19509204371323985,20,0.2693903656509552,0.3045532831967451,20,0.7735393942305265,0.8749337506726411,20,0.1725918671297514,0.19509204371323985,20,0.15907280674742982,0.18009660504015987,20,0.6738313917564955,0.4201993027370165,20,1.6901857802192854,0.874933750672641,20,0.6860285383075367,0.35512635895682937,20,1.6901857802192854,0.874933750672641,20,0.22370045761428853,3.0193912248036114,0.16447740363360117,0.10948960972986146,0.0855028580359843,0.13347636142373862,0.38345662309332407,0.0855028580359843,0.07893081727179882,0.18416046418352452,0.383456623093324,0.15564098912897448,0.383456623093324,0.25,0.7,8.9,14.75,0.1845056932608739,0.5153714966860025,0.12310163426989473,0.3194924077740642,0.09614780532688191,0.24903592893262094,0.15005546321290755,0.38872526808900276,0.4307089618006632,1.2020774347678553,0.09567002994061441,0.24951370431888845,0.08850449578948458,0.22964111770537513,0.5091822299733221,0.8796428439854622,1.3473553477894225,2.033016212649149,0.5468772904389823,0.8251797861760911,1.3473553477894225,2.033016212649149
M2,20,GeniusBOABaselineNegotiator,BoulwareTBNegotiator,SmartAspirationNegotiator,0.45,0.5104177855340404,20,11.45,6.476475649773205,20,0.3720037705127429,0.4211654651632299,20,0.3662068163872506,0.41453527682653,20,0.3052592067668931,0.3455715319583116,20,0.4271544260076081,0.4834990216947484,20,1.104417403287244,1.25023601881629,20,0.3052592067668931,0.3455715319583116,20,0.121895219240715,0.1379274897364368,20,0.5743606031727496,0.5330252130353283,20,1.359307771162568,1.25023601881629,20,0.5517286527163576,0.5074575816255508,20,1.359307771162568,1.25023601881629,20,0.22370045761428853,2.8384406022729407,0.18458390353653908,0.1816780953789396,0.15145340156331505,0.21190278919456415,0.5479400942944184,0.15145340156331505,0.06044938763124914,0.23360859957338703,0.5479400942944184,0.2224030910496264,0.5479400942944184,0.25,0.65,8.65,14.3,0.2069760316291644,0.5370315093963213,0.20377702315705992,0.5296517958251291,0.1698518829030718,0.44151282640486267,0.23770216341104805,0.6639697542533081,0.6145300779432841,1.7167765599671938,0.16985188290307177,0.44066653063071454,0.06785028050797634,0.1759401579734537,0.36550220201902245,0.7832190043264766,0.7469486144826183,1.8491950965065278,0.3528885668072792,0.750568738625436,0.8694204458186082,1.8491950965065278
M2,20,GeniusBOABaselineNegotiator,ConcederTBNegotiator,BoulwareTBNegotiator,0.45,0.5104177855340404,20,11.9,6.889351050333903,20,0.2543802469135803,0.2877496019583509,20,0.20725217123672332,0.2342391035419048,20,0.15169774255279517,0.1713926374971457,20,0.26280659992065153,0.29708556958666393,20,0.6688845893870269,0.7562278090421606,20,0.15169774255279517,0.1713926374971457,20,0.11110885736785636,0.1256929320895183,20,0.7546142070662765,0.3285704456267414,20,1.794840585062785,0.7562278090421606,20,0.7285068171061737,0.30694487229527856,20,1.794840585062785,0.7562278090421606,20,0.22370045761428853,3.0193912248036114,0.12611182341356633,0.10265981346762892,0.07511613530417305,0.13020349163108483,0.3314314503488242,0.07511613530417305,0.0550873563269118,0.14400234695648328,0.3314314503488242,0.13452452156025801,0.3314314503488242,0.25,0.65,8.94875,14.9,0.14092493827160557,0.36713086419753094,0.11546888696232253,0.2990354555111242,0.08453995833968402,0.2188555267659063,0.14639781558496107,0.40831758034026444,0.37256740355427476,0.9652017752197792,0.08412022218835244,0.2188555267659063,0.06185785724527709,0.16066767624120148,0.593682096676077,0.8833598953784361,1.498523399230033,2.0911577708955376,0.5781668010475013,0.8487788299531116,1.424444102771845,2.0911577708955376
M2,20,GeniusBOABaselineNegotiator,ConcederTBNegotiator,ConcederTBNegotiator,0.75,0.4442616583193193,20,5.8,2.375311613906246,20,0.7395453788381106,0.43765935005662193,20,0.351196111707577,0.20759241383134813,20,0.20402236647566876,0.12050131801058403,20,0.49836985693948527,0.29468350965211226,20,1.4419376022532646,0.8528441777193182,20,0.20402236647566876,0.12050131801058403,20,0.5355718816476059,0.31707118904736625,20,0.2610730014421589,0.46393889825238216,20,1.0217875721965475,0.8528441777193182,20,0.4147327724670949,0.346160434842239,20,1.0217875721965475,0.8528441777193182,20,0.19470625648856144,1.0410262143420637,0.19181266731213667,0.09098138679227175,0.052812031136197174,0.12915074244834632,0.37377544089668013,0.052812031136197174,0.13896257555365316,0.20333018712414222,0.37377544089668013,0.1517114996319141,0.37377544089668013,0.55,0.95,4.75,6.7,0.5425176399545321,0.8873161830007945,0.2577410903507088,0.42128737772522806,0.14977446290170243,0.2447082941561436,0.36570771779971534,0.5978664612943125,1.0579998206559498,1.7298909384512506,0.14977446290170243,0.25827027004963515,0.3928311417661251,0.6426274365587166,0.05221460028843178,0.469931402595886,0.7338342359985616,1.4057253537938625,0.2978555577581571,0.5705690587456786,0.7314346248635806,1.4057253537938625
M2,20,GeniusBOABaselineNegotiator,ConcederTBNegotiator,GeniusBOABaselineNegotiator,0.45,0.5104177855340404,20,11.9,6.889351050333903,20,0.22038024691358027,0.2491847026068901,20,0.23579931741671975,0.26661903940081666,20,0.2095166725939474,0.23697443801615134,20,0.2620819622394921,0.2962636407854819,20,0.6919788817470198,0.7824227814085233,20,0.2095166725939474,0.23697443801615134,20,0.052565289645544654,0.059289202769330605,20,0.7154032603477554,0.37304592249954327,20,1.7717462927027925,0.7824227814085233,20,0.7191330880070463,0.31757713462632875,20,1.7717462927027925,0.7824227814085233,20,0.22370045761428853,3.0193912248036114,0.10921001106048675,0.11685094605440048,0.10385862665744924,0.12984326545135166,0.34291190316928766,0.10385862665744924,0.025984638793902434,0.16349458412186701,0.34291190316928766,0.13918431598031836,0.34291190316928766,0.25,0.65,8.9,14.9,0.12274074074074078,0.3186299999999995,0.1313284126178761,0.36638794841527433,0.09344781452691835,0.3023717590475707,0.14599523909542805,0.3781686853835561,0.385397565976493,0.9985601975175467,0.11666158614032415,0.3023717590475707,0.029333652955103928,0.07579692633598538,0.5692304846051418,0.8615760360903689,1.4651649769322657,2.078327608473319,0.5946949733382741,0.8435712026758188,1.4651649769322657,2.078327608473319
M2,20,GeniusBOABaselineNegotiator,ConcederTBNegotiator,LinearTBNegotiator,0.55,0.5104177855340404,20,8.85,4.319783132958121,20,0.49164444444444444,0.4556203403117686,20,0.36627791276227256,0.3392312062295213,20,0.31645030251220974,0.2931260430713894,20,0.41610552301233533,0.38533636938765314,20,1.2242002699689896,1.1340827527708113,20,0.31645030251220974,0.2931260430713894,20,0.17528210664553018,0.16239452223112266,20,0.469931402595886,0.5330252130353282,20,1.2395249044808225,1.1340827527708113,20,0.5031100535625398,0.46031219899519404,20,1.2395249044808225,1.1340827527708113,20,0.22370045761428853,1.8932284317368686,0.19968441836226566,0.14867463129481812,0.12846815262349895,0.16888110996613723,0.49703368095190187,0.12846815262349895,0.07117253741294866,0.233608599573387,0.49703368095190187,0.20174071609383018,0.49703368095190187,0.35,0.75,6.8987500000000015,10.5,0.31311604938271603,0.6701728395061727,0.23335495598301764,0.4992008695415275,0.20159300271624078,0.4313076023081788,0.2651169092497945,0.5670941367748761,0.6687323841936916,1.6713519180181016,0.20159300271624078,0.4313076023081788,0.11165010680790213,0.23891410648315828,0.2610730014421589,0.6787898037496131,0.7951505958605845,1.6838992131010613,0.32274321994463284,0.6846041798905578,0.7951505958605845,1.6838992131010606
M2,20,GeniusBOABaselineNegotiator,ConcederTBNegotiator,SmartAspirationNegotiator,0.45,0.5104177855340404,20,11.45,6.476475649773205,20,0.3752919351590117,0.4248951045348295,20,0.36609058017222085,0.4144034345343648,20,0.31280451211461135,0.35412988317333494,20,0.41937664822983034,0.47467698589539464,20,1.1074730955034533,1.2537019736035588,20,0.31280451211461135,0.35412988317333494,20,0.10657213611521901,0.12054710272205967,20,0.5743606031727496,0.5330252130353283,20,1.3562520789463588,1.2537019736035588,20,0.550488379552817,0.5088643760290877,20,1.3562520789463588,1.2537019736035588,20,0.22370045761428853,2.8384406022729407,0.18621849006116453,0.1816203129467318,0.1552042643613686,0.208036361532095,0.549459115954628,0.1552042643613686,0.052832097170726365,0.23360859957338703,0.549459115954628,0.2230196458812947,0.549459115954628,0.25,0.6512499999999989,8.747500000000002,14.0,0.2088027897659804,0.5417810805520428,0.20371244748204337,0.5690632460349427,0.17404371920735967,0.45156530502186304,0.2333811757567271,0.6053721207029336,0.616227684730067,1.5987185062768394,0.17404371920735967,0.45156530502186304,0.05933745654936745,0.15380681568107057,0.31328760173059067,0.7832190043264766,0.8650066681729722,1.847497489719745,0.30124923152005784,0.7498796979790248,0.8650066681729726,1.847497489719745
M2,20,GeniusBOABaselineNegotiator,GeniusBOABaselineNegotiator,BoulwareTBNegotiator,0.4,0.5026246899500346,20,12.3,7.269981539106366,20,0.2311912802362927,0.2896373798377831,20,0.21870421026309222,0.2738857584180292,20,0.19738657724940306,0.24728361856553785,20,0.2400218432767815,0.30048789827052064,20,0.6685997007624773,0.8374088966738417,20,0.19738657724940306,0.24728361856553785,20,0.04263526602737846,0.05320427970498272,20,0.7393484864768597,0.38318035459075317,20,1.7951254736873348,0.8374088966738417,20,0.7286224503868269,0.3398954174589899,20,1.7951254736873348,0.8374088966738417,20,0.2202849828840144,3.1862098916556345,0.12693917854787315,0.1200357260827925,0.10837682424359564,0.1316946279219894,0.36701063071345824,0.10837682424359564,0.023317803678393745,0.16793619481944994,0.36701063071345824,0.14896573470107816,0.36701063071345824,0.2,0.6,9.09875,15.25,0.11594131913049203,0.37525373161854353,0.10972199594120688,0.3276864245849776,0.09898965266134907,0.295783501837457,0.12045433922106477,0.35958934733249825,0.3353853110129059,1.0018140905120487,0.09898965266134907,0.295783501837457,0.02146468655971574,0.06380584549504119,0.5868767268309717,0.8927731946205337,1.4619110839377636,2.1283398634369064,0.5933742525743485,0.8638706481993055,1.4619110839377636,2.1283398634369064
M2,20,GeniusBOABaselineNegotiator,GeniusBOABaselineNegotiator,ConcederTBNegotiator,0.5,0.512989176042577,20,11.0,6.078434701553735,20,0.4394311396081677,0.45013751810321545,20,0.281163572405846,0.2877087387566303,20,0.18445650576887457,0.18864025564826176,20,0.37787063904281737,0.3867772218649988,20,1.0017582844198596,1.025554995616476,20,0.18445650576887457,0.18864025564826176,20,0.25507237240962144,0.261396984797633,20,0.5381029201298702,0.5193390439271515,20,1.4619668900299525,1.025554995616476,20,0.593396903677145,0.41626192980128085,20,1.4619668900299525,1.025554995616476,20,0.2248274191931505,2.663991465135688,0.19728146558155904,0.1260939143257885,0.08267523724480058,0.16951259140677644,0.4494692942331361,0.08267523724480058,0.11456227971571337,0.22761037149580854,0.4494692942331361,0.18243483441025826,0.4494692942331361,0.3,0.7,8.3,13.601249999999999,0.2639352269747771,0.6588010303999058,0.1689940560912362,0.39333308872045575,0.09252461692108484,0.2580020168471064,0.22707711749182957,0.529606620103498,0.6019233391572494,1.4015932296824698,0.11091099469064276,0.2580020168471064,0.1531610662825941,0.35698367853664886,0.335627285874364,0.7405785543853763,1.0621319447673423,1.8618018352925625,0.3905359325098256,0.7556856806110007,1.0596329763594532,1.8618018352925625
M2,20,GeniusBOABaselineNegotiator,GeniusBOABaselineNegotiator,GeniusBOABaselineNegotiator,0.4,0.5026246899500346,20,12.3,7.269981539106366,20,0.2311912802362927,0.2896373798377831,20,0.21870421026309222,0.2738857584180292,20,0.19738657724940306,0.24728361856553785,20,0.2400218432767815,0.30048789827052064,20,0.6685997007624773,0.8374088966738417,20,0.19738657724940306,0.24728361856553785,20,0.04263526602737846,0.05320427970498272,20,0.7393484864768597,0.38318035459075317,20,1.7951254736873348,0.8374088966738417,20,0.7286224503868269,0.3398954174589899,20,1.7951254736873348,0.8374088966738417,20,0.2202849828840144,3.1862098916556345,0.12693917854787315,0.1200357260827925,0.10837682424359564,0.1316946279219894,0.36701063071345824,0.10837682424359564,0.023317803678393745,0.16793619481944994,0.36701063071345824,0.14896573470107816,0.36701063071345824,0.2,0.65,9.297500000000003,15.2,0.11594131913049203,0.3464412413420934,0.1097219959412069,0.3276864245849776,0.09898965266134907,0.295783501837457,0.12045433922106477,0.35958934733249825,0.3353853110129059,1.001814090512049,0.09898965266134907,0.295783501837457,0.02146468655971574,0.06380584549504119,0.5868767268309717,0.8918202461227477,1.3786074865003708,2.1283398634369064,0.5595622031212288,0.8638706481993055,1.4619110839377634,2.1283398634369064
M2,20,GeniusBOABaselineNegotiator,GeniusBOABaselineNegotiator,LinearTBNegotiator,0.5,0.512989176042577,20,11.0,6.078434701553735,20,0.4394311396081677,0.45013751810321545,20,0.281163572405846,0.2877087387566303,20,0.18445650576887457,0.18864025564826176,20,0.37787063904281737,0.3867772218649988,20,1.0017582844198596,1.025554995616476,20,0.18445650576887457,0.18864025564826176,20,0.25507237240962144,0.261396984797633,20,0.5381029201298702,0.5193390439271515,20,1.4619668900299525,1.025554995616476,20,0.593396903677145,0.41626192980128085,20,1.4619668900299525,1.025554995616476,20,0.2248274191931505,2.663991465135688,0.19728146558155904,0.1260939143257885,0.08267523724480058,0.16951259140677644,0.4494692942331361,0.08267523724480058,0.11456227971571337,0.22761037149580854,0.4494692942331361,0.18243483441025826,0.4494692942331361,0.3,0.7,8.44875,13.601249999999999,0.2639352269747771,0.6149270522415582,0.1689940560912362,0.3933330887204558,0.11091099469064276,0.2580020168471064,0.22707711749182957,0.528664160593805,0.6019233391572494,1.4015932296824698,0.09252461692108484,0.27638839461666437,0.12768323975083726,0.38246150506840565,0.335627285874364,0.7405785543853763,1.0621319447673423,1.8618018352925625,0.43110812674328935,0.7556856806110007,1.0596329763594532,1.8618018352925625
M2,20,GeniusBOABaselineNegotiator,GeniusBOABaselineNegotiator,SmartAspirationNegotiator,0.45,0.5104177855340404,20,11.45,6.476475649773205,20,0.3720037705127429,0.4211654651632299,20,0.3662068163872506,0.41453527682653,20,0.3052592067668931,0.3455715319583116,20,0.4271544260076081,0.4834990216947484,20,1.104417403287244,1.25023601881629,20,0.3052592067668931,0.3455715319583116,20,0.121895219240715,0.1379274897364368,20,0.5743606031727496,0.5330252130353283,20,1.359307771162568,1.25023601881629,20,0.5517286527163576,0.5074575816255508,20,1.359307771162568,1.25023601881629,20,0.22370045761428853,2.8384406022729407,0.18458390353653908,0.1816780953789396,0.15145340156331505,0.21190278919456415,0.5479400942944184,0.15145340156331505,0.06044938763124914,0.23360859957338703,0.5479400942944184,0.2224030910496264,0.5479400942944184,0.25,0.6512499999999989,8.45,14.15125,0.2069760316291644,0.5370315093963213,0.20377702315705992,0.5286366096174413,0.16985188290307177,0.44151282640486267,0.23770216341104805,0.6166066886041681,0.6145300779432842,1.7167765599671938,0.16985188290307177,0.44151282640486267,0.06785028050797634,0.1894513926566383,0.31328760173059067,0.8354336046149085,0.7469486144826183,1.8491950965065278,0.35288856680727915,0.750568738625436,0.8694204458186082,1.8491950965065278
M2,20,GeniusBOABaselineNegotiator,LinearTBNegotiator,BoulwareTBNegotiator,0.45,0.5104177855340404,20,11.9,6.889351050333903,20,0.2543802469135803,0.2877496019583509,20,0.20725217123672332,0.2342391035419048,20,0.15169774255279517,0.1713926374971457,20,0.26280659992065153,0.29708556958666393,20,0.6688845893870269,0.7562278090421606,20,0.15169774255279517,0.1713926374971457,20,0.11110885736785636,0.1256929320895183,20,0.7546142070662765,0.3285704456267414,20,1.794840585062785,0.7562278090421606,20,0.7285068171061737,0.30694487229527856,20,1.794840585062785,0.7562278090421606,20,0.22370045761428853,3.0193912248036114,0.12611182341356633,0.10265981346762892,0.07511613530417305,0.13020349163108483,0.3314314503488242,0.07511613530417305,0.0550873563269118,0.14400234695648328,0.3314314503488242,0.13452452156025801,0.3314314503488242,0.25,0.6512499999999989,8.94875,14.85,0.14162962962962963,0.36713086419753094,0.09252306589372235,0.2990354555111242,0.08453995833968402,0.21927526291723787,0.14639781558496107,0.37921538425634194,0.37256740355427476,0.9652017752197792,0.08453995833968402,0.2188555267659063,0.06185785724527709,0.17267260752108043,0.593682096676077,0.8833598953784361,1.498523399230033,2.0911577708955376,0.6082348042592358,0.8487788299531116,1.498523399230033,2.0911577708955376
M2,20,GeniusBOABaselineNegotiator,LinearTBNegotiator,ConcederTBNegotiator,0.7,0.47016234598162726,20,6.5,2.762531257265412,20,0.6847931202053366,0.4594841277100249,20,0.3275767176879292,0.21952345802209097,20,0.17785034778921685,0.11905694046965276,20,0.47730308758664153,0.31998997557452924,20,1.339946555581195,0.8985310437542067,20,0.17785034778921685,0.11905694046965276,20,0.5070014155583167,0.3403352812493351,20,0.31328760173059067,0.49098677932204077,20,1.1237786188686172,0.8985310437542069,20,0.4561298599871531,0.36470425073075063,20,1.1237786188686172,0.8985310437542069,20,0.20605773335083594,1.2107327055178305,0.20137779785179483,0.0962103974594705,0.052179004768324704,0.14024179015061633,0.39379859277073576,0.052179004768324704,0.14915851350694448,0.21518444366508316,0.39379859277073587,0.1598386852781488,0.39379859277073587,0.5,0.9,5.2,7.65,0.4893354738680092,0.8802507665426637,0.23419473595404128,0.4209586994218171,0.12720531358466777,0.2284953819937659,0.3071544260076082,0.6134220168498683,0.9577249457760921,1.722168165386298,0.12720531358466777,0.2284953819937659,0.36222789885366985,0.6517749322629633,0.10442920057686356,0.5221460028843178,0.7415570090635143,1.5060002286737202,0.3009901496944015,0.6112695702799049,0.7415570090635143,1.5060002286737202
M2,20,GeniusBOABaselineNegotiator,LinearTBNegotiator,GeniusBOABaselineNegotiator,0.45,0.5104177855340404,20,11.9,6.889351050333903,20,0.22038024691358027,0.2491847026068901,20,0.23579931741671975,0.26661903940081666,20,0.2095166725939474,0.23697443801615134,20,0.2620819622394921,0.2962636407854819,20,0.6919788817470198,0.7824227814085233,20,0.2095166725939474,0.23697443801615134,20,0.052565289645544654,0.059289202769330605,20,0.7154032603477554,0.37304592249954327,20,1.7717462927027925,0.7824227814085233,20,0.7191330880070463,0.31757713462632875,20,1.7717462927027925,0.7824227814085233,20,0.22370045761428853,3.0193912248036114,0.10921001106048675,0.11685094605440048,0.10385862665744924,0.12984326545135166,0.34291190316928766,0.10385862665744924,0.025984638793902434,0.16349458412186701,0.34291190316928766,0.13918431598031836,0.34291190316928766,0.25,0.65,9.1,14.6,0.12274074074074078,0.31801975308641983,0.13132841261787612,0.36638794841527433,0.11666158614032415,0.3023717590475707,0.14599523909542805,0.37889422740320583,0.385397565976493,0.9985601975175467,0.11666158614032415,0.3023717590475707,0.029333652955103928,0.07579692633598538,0.5692304846051418,0.8615760360903687,1.4651649769322657,2.078327608473319,0.5635854446710812,0.8435712026758188,1.388519647989634,2.078327608473319
M2,20,GeniusBOABaselineNegotiator,LinearTBNegotiator,LinearTBNegotiator,0.55,0.5104177855340404,20,8.85,4.319783132958121,20,0.49164444444444444,0.4556203403117686,20,0.36627791276227256,0.3392312062295213,20,0.31645030251220974,0.2931260430713894,20,0.41610552301233533,0.38533636938765314,20,1.2242002699689896,1.1340827527708113,20,0.31645030251220974,0.2931260430713894,20,0.17528210664553018,0.16239452223112266,20,0.469931402595886,0.5330252130353282,20,1.2395249044808225,1.1340827527708113,20,0.5031100535625398,0.46031219899519404,20,1.2395249044808225,1.1340827527708113,20,0.22370045761428853,1.8932284317368686,0.19968441836226566,0.14867463129481812,0.12846815262349895,0.16888110996613723,0.49703368095190187,0.12846815262349895,0.07117253741294866,0.233608599573387,0.49703368095190187,0.20174071609383018,0.49703368095190187,0.35,0.75,6.9,10.501249999999999,0.31311604938271603,0.7148049382716047,0.23335495598301764,0.4992008695415275,0.20159300271624078,0.4313076023081788,0.2651169092497945,0.5670941367748761,0.7798259613487512,1.6685745785892276,0.20159300271624078,0.4313076023081788,0.11165010680790213,0.23891410648315828,0.2610730014421589,0.6787898037496131,0.7951505958605845,1.6838992131010606,0.3227432199446328,0.7285685955849235,0.7951505958605845,1.6838992131010606
M2,20,GeniusBOABaselineNegotiator,LinearTBNegotiator,SmartAspirationNegotiator,0.45,0.5104177855340404,20,11.45,6.476475649773205,20,0.3720037705127429,0.4211654651632299,20,0.3662068163872506,0.41453527682653,20,0.3052592067668931,0.3455715319583116,20,0.4271544260076081,0.4834990216947484,20,1.104417403287244,1.25023601881629,20,0.3052592067668931,0.3455715319583116,20,0.121895219240715,0.1379274897364368,20,0.5743606031727496,0.5330252130353283,20,1.359307771162568,1.25023601881629,20,0.5517286527163576,0.5074575816255508,20,1.359307771162568,1.25023601881629,20,0.22370045761428853,2.8384406022729407,0.18458390353653908,0.1816780953789396,0.15145340156331505,0.21190278919456415,0.5479400942944184,0.15145340156331505,0.06044938763124914,0.23360859957338703,0.5479400942944184,0.2224030910496264,0.5479400942944184,0.25,0.7,8.65,14.05,0.20594460826114297,0.5782884441172158,0.20377702315705992,0.5286366096174413,0.16985188290307177,0.44066653063071454,0.23770216341104805,0.6166066886041681,0.6145300779432841,1.594304728631204,0.1698518829030718,0.44066653063071454,0.06785028050797634,0.17594015797345366,0.36550220201902245,0.7832190043264766,0.7469486144826183,1.8491950965065278,0.30317854533000965,0.750568738625436,0.8694204458186082,1.8491950965065278
M2,20,GeniusBOABaselineNegotiator,SmartAspirationNegotiator,BoulwareTBNegotiator,0.4,0.5026246899500346,20,12.3,7.269981539106366,20,0.23766964881075386,0.29777784982808453,20,0.16377361603408935,0.20486207618521984,20,0.13621297566427884,0.17041521224091288,20,0.19133425640389984,0.2393089401295268,20,0.5652168808789326,0.7075020021985242,20,0.13621297566427884,0.17041521224091288,20,0.10157395943086907,0.12726438594995676,20,0.8158172195684621,0.2870926714381567,20,1.8985082935708797,0.7075020021985242,20,0.770584443938576,0.28716758246240687,20,1.8985082935708797,0.7075020021985242,20,0.2202849828840144,3.1862098916556345,0.13050689682422692,0.0897847635589309,0.07468775979826416,0.10488176731959764,0.31007642394208873,0.07468775979826416,0.055776076347379,0.1258239109188352,0.31007642394208873,0.12585674212276274,0.31007642394208873,0.2,0.6,9.34875,15.25,0.11843994625901684,0.35615879420378516,0.08225669882670546,0.24580001397401896,0.06840285186878696,0.22097563040864374,0.09611054578462398,0.2865579670231758,0.28369390107113357,0.8467398606867318,0.06840285186878696,0.20402309945977076,0.050934033261461044,0.15221388560027713,0.7015798264683752,0.9300546126685487,1.6169853137630803,2.1800312733786784,0.6563172429019719,0.88485164497518,1.5466045688111307,2.1800312733786784
M2,20,GeniusBOABaselineNegotiator,SmartAspirationNegotiator,ConcederTBNegotiator,0.55,0.5104177855340404,20,9.95,5.195899192733886,20,0.4683142856333052,0.4339691984998792,20,0.41849178279027965,0.3876873660728987,20,0.3573861968130037,0.3311158767402381,20,0.4795973687675555,0.44425885540555915,20,1.3052978512138644,1.2093439306456766,20,0.3573861968130037,0.3311158767402381,20,0.1222111719545518,0.11314297866532108,20,0.469931402595886,0.5330252130353282,20,1.1584273232359477,1.2093439306456766,20,0.4701934027583423,0.49085991537824086,20,1.1584273232359477,1.2093439306456766,20,0.22370045761428853,2.277203224641093,0.1901953870854186,0.16991147969314205,0.14511793132884032,0.1947050280574437,0.5300183464717027,0.14511793132884032,0.049587096728603404,0.233608599573387,0.5300183464717027,0.21512884309024602,0.5300183464717027,0.35,0.75,7.65,12.15,0.2982695846847183,0.638358986581892,0.2665819641826585,0.5704016013979006,0.22764311727129147,0.4871292763547158,0.30552081109402546,0.6536739264410855,0.8314335130500352,1.7791621893776934,0.22764311727129147,0.4871292763547158,0.07787769382273406,0.16654465008636957,0.2610730014421589,0.6787898037496131,0.6845629850721187,1.6322916613997769,0.2766547746587885,0.6637320308578961,0.6845629850721187,1.6322916613997769
M2,20,GeniusBOABaselineNegotiator,SmartAspirationNegotiator,GeniusBOABaselineNegotiator,0.45,0.5104177855340404,20,11.9,6.889351050333903,20,0.22038024691358027,0.2491847026068901,20,0.23579931741671975,0.26661903940081666,20,0.2095166725939474,0.23697443801615134,20,0.2620819622394921,0.2962636407854819,20,0.6919788817470198,0.7824227814085233,20,0.2095166725939474,0.23697443801615134,20,0.052565289645544654,0.059289202769330605,20,0.7154032603477554,0.37304592249954327,20,1.7717462927027925,0.7824227814085233,20,0.7191330880070463,0.31757713462632875,20,1.7717462927027925,0.7824227814085233,20,0.22370045761428853,3.0193912248036114,0.10921001106048675,0.11685094605440048,0.10385862665744924,0.12984326545135166,0.34291190316928766,0.10385862665744924,0.025984638793902434,0.16349458412186701,0.34291190316928766,0.13918431598031836,0.34291190316928766,0.25,0.65,8.9,14.701249999999998,0.12274074074074078,0.34242962962962964,0.1313284126178761,0.34027022221556347,0.11666158614032415,0.30295210333790534,0.14599523909542805,0.3781686853835561,0.385397565976493,0.9985601975175467,0.11666158614032415,0.3023717590475707,0.029333652955103928,0.07579692633598538,0.5692304846051418,0.8615760360903687,1.4651649769322657,2.0783276084733195,0.5946949733382741,0.8435712026758188,1.4651649769322657,2.078327608473319
M2,20,GeniusBOABaselineNegotiator,SmartAspirationNegotiator,LinearTBNegotiator,0.55,0.5104177855340404,20,9.95,5.195899192733886,20,0.4683142856333052,0.4339691984998792,20,0.41849178279027965,0.3876873660728987,20,0.3573861968130037,0.3311158767402381,20,0.4795973687675555,0.44425885540555915,20,1.3052978512138644,1.2093439306456766,20,0.3573861968130037,0.3311158767402381,20,0.1222111719545518,0.11314297866532108,20,0.469931402595886,0.5330252130353282,20,1.1584273232359477,1.2093439306456766,20,0.4701934027583423,0.49085991537824086,20,1.1584273232359477,1.2093439306456766,20,0.22370045761428853,2.277203224641093,0.1901953870854186,0.16991147969314205,0.14511793132884032,0.1947050280574437,0.5300183464717027,0.14511793132884032,0.049587096728603404,0.233608599573387,0.5300183464717027,0.21512884309024602,0.5300183464717027,0.35,0.75,7.7,12.05,0.2982695846847183,0.6394217659628197,0.2665819641826585,0.5704016013979006,0.22764311727129147,0.4871292763547158,0.30552081109402546,0.6536739264410855,0.8314335130500352,1.7791621893776934,0.22764311727129147,0.4871292763547158,0.06679432428977963,0.1665446500863696,0.2610730014421589,0.6787898037496131,0.6816013329585974,1.6322916613997769,0.2778568779389089,0.6625299275777757,0.6845629850721187,1.7507577459407337
M2,20,GeniusBOABaselineNegotiator,SmartAspirationNegotiator,SmartAspirationNegotiator,0.45,0.5104177855340404,20,11.45,6.476475649773205,20,0.3720037705127429,0.4211654651632299,20,0.3662068163872506,0.41453527682653,20,0.3052592067668931,0.3455715319583116,20,0.4271544260076081,0.4834990216947484,20,1.104417403287244,1.25023601881629,20,0.3052592067668931,0.3455715319583116,20,0.121895219240715,0.1379274897364368,20,0.5743606031727496,0.5330252130353283,20,1.359307771162568,1.25023601881629,20,0.5517286527163576,0.5074575816255508,20,1.359307771162568,1.25023601881629,20,0.22370045761428853,2.8384406022729407,0.18458390353653908,0.1816780953789396,0.15145340156331505,0.21190278919456415,0.5479400942944184,0.15145340156331505,0.06044938763124914,0.23360859957338703,0.5479400942944184,0.2224030910496264,0.5479400942944184,0.25,0.7,8.548750000000002,14.0,0.20697603162916445,0.5370315093963213,0.20377702315705992,0.5286366096174413,0.16985188290307177,0.44066653063071454,0.23770216341104805,0.6177907652453956,0.6145300779432841,1.597366524414601,0.16985188290307177,0.44066653063071454,0.06785028050797634,0.1759401579734537,0.31328760173059067,0.7832190043264766,0.7469486144826183,1.8491950965065278,0.3528885668072792,0.750568738625436,0.8694204458186082,1.8491950965065278
M2,20,LinearTBNegotiator,BoulwareTBNegotiator,BoulwareTBNegotiator,0.4,0.5026246899500346,20,12.3,7.269981539106366,20,0.09463703703703705,0.1180485444643143,20,0.24498824516027035,0.30691327064510426,20,0.1983010719910583,0.2484327376555014,20,0.29167541832948246,0.36539380363470725,20,0.5846135273575779,0.731875085754523,20,0.09457785906619927,0.11809811831305465,20,0.1970975592632832,0.24729568532165258,20,0.7058297744019751,0.42529868525116143,20,1.8791116470922344,0.731875085754523,20,0.7627115502084638,0.2970603593876748,20,1.8791116470922344,0.731875085754523,20,0.2202849828840144,3.1862098916556345,0.0517370557331542,0.1345106715264118,0.10888044788987827,0.16014089516294536,0.32075839878597784,0.05175878243030938,0.10838211273263597,0.18639536710872529,0.32075839878597784,0.13019244277422629,0.32075839878597784,0.2,0.6012499999999988,8.997500000000002,15.302499999999998,0.0476641975308642,0.1533530864197531,0.12286401338979595,0.3671124769307448,0.09944690003217668,0.32186878693966037,0.14628112674741525,0.47341828280706644,0.2933922243104562,0.8758348304046996,0.04758529356974715,0.14157042456265137,0.09869583317766811,0.32009971687030203,0.5365986587186449,0.8750608900853054,1.5150850182833326,2.170332950139356,0.6445079023068038,0.880915198110124,1.5878903440451126,2.170332950139356
M2,20,LinearTBNegotiator,BoulwareTBNegotiator,ConcederTBNegotiator,0.8,0.4103913408340616,20,4.25,1.5852942612451615,20,0.6401382716049383,0.3280293453204998,20,0.6474909514929463,0.33177634973804365,20,0.49480453595282314,0.2535253081146315,20,0.8001773670330696,0.41002739136145566,20,1.9351201745908309,0.991582044796587,20,0.49480453595282314,0.2535253081146315,20,0.3053728310802465,0.15650208324682413,20,0.2088584011537271,0.428568396469682,20,0.528604999858981,0.991582044796587,20,0.21455518064307907,0.4024726682504361,20,0.528604999858981,0.991582044796587,20,0.17986193535452039,0.6947858435669603,0.14376519929127246,0.14540739638283798,0.11111236530033543,0.17970242746534046,0.43457999205694836,0.11111236530033543,0.06859006216500502,0.18782838123280077,0.43457999205694836,0.1763914240775645,0.43457999205694836,0.6,0.95,3.498750000000001,4.85,0.48027654320987667,0.7600345679012348,0.48580315902454013,0.7687567958442509,0.37125158398294117,0.5874692499302345,0.6003547340661392,0.9500443417582674,1.451882861258957,2.297548159589737,0.37125158398294117,0.5874692499302345,0.22910315008319806,0.3625750918280327,0.05221460028843178,0.4177168023074541,0.1661770148600754,1.0118423131908554,0.06744949338644693,0.4106960969852553,0.1661770148600754,1.0118423131908552
M2,20,LinearTBNegotiator,BoulwareTBNegotiator,GeniusBOABaselineNegotiator,0.4,0.5026246899500346,20,12.3,7.269981539106366,20,0.09463703703703705,0.1180485444643143,20,0.24498824516027035,0.30691327064510426,20,0.1983010719910583,0.2484327376555014,20,0.29167541832948246,0.36539380363470725,20,0.5846135273575779,0.731875085754523,20,0.09457785906619927,0.11809811831305465,20,0.1970975592632832,0.24729568532165258,20,0.7058297744019751,0.42529868525116143,20,1.8791116470922344,0.731875085754523,20,0.7627115502084638,0.2970603593876748,20,1.8791116470922344,0.731875085754523,20,0.2202849828840144,3.1862098916556345,0.0517370557331542,0.1345106715264118,0.10888044788987827,0.16014089516294536,0.32075839878597784,0.05175878243030938,0.10838211273263597,0.18639536710872529,0.32075839878597784,0.13019244277422629,0.32075839878597784,0.2,0.6,9.1,15.4,0.0476641975308642,0.1416098765432099,0.12286401338979595,0.3671124769307448,0.09944690003217668,0.29715524394994,0.14628112674741525,0.4379784242339368,0.2933922243104562,0.8758348304046996,0.04758529356974715,0.1415704245626514,0.09869583317766811,0.29549928534889824,0.5365986587186449,0.8750608900853054,1.5878903440451126,2.1703329501393562,0.6445079023068038,0.880915198110124,1.5878903440451126,2.172153083283399
M2,20,LinearTBNegotiator,BoulwareTBNegotiator,LinearTBNegotiator,0.7,0.47016234598162726,20,7.2,3.17224808215512,20,0.5668173107774015,0.38024443723899726,20,0.5681814988730011,0.38112818427404743,20,0.4481957126284966,0.30063724183835944,20,0.6881672851175057,0.46161912670973543,20,1.7031803085234039,1.1425008057870922,20,0.4481957126284966,0.30063724183835944,20,0.23997157248900908,0.16098188487137594,20,0.31328760173059067,0.49098677932204077,20,0.7605448659264082,1.1425008057870922,20,0.3086971200415037,0.46372899771267306,20,0.7605448659264082,1.1425008057870922,20,0.20605773335083594,1.3902990212256685,0.16664947230757987,0.16703679152285592,0.13176008062644864,0.2023135024192632,0.5007230553532918,0.13176008062644864,0.07055342179281454,0.21518444366508316,0.5007230553532918,0.20323819415658276,0.5007230553532918,0.5,0.9,5.8,8.5,0.40506703856234133,0.7285675829924614,0.40605529394337836,0.7303077038026238,0.3203091456127248,0.5760822796442684,0.49180144227403205,0.8845331279609793,1.217177626449098,2.18918299059771,0.3203091456127248,0.5760822796442684,0.17149229666130736,0.3084508483167108,0.10442920057686356,0.5221460028843178,0.2745421838521027,1.2465475480007135,0.11143376976428072,0.5059604703187267,0.2745421838521027,1.2465475480007135
M2,20,LinearTBNegotiator,BoulwareTBNegotiator,SmartAspirationNegotiator,0.5,0.512989176042577,20,11.0,6.078434701553735,20,0.20034567901234568,0.204841011233594,20,0.3752431537666596,0.3842323526060591,20,0.34666124743856797,0.35505880920693195,20,0.4038250600947513,0.41340589600518624,20,0.9508319865456649,0.9733057164457123,20,0.20029636403664752,0.2048916073310939,20,0.2035286960581037,0.2085142886740923,20,0.5761362479154439,0.480317672961394,20,1.5128931879041472,0.9733057164457121,20,0.6140673495541156,0.3950544998035612,20,1.5128931879041472,0.9733057164457121,20,0.2248274191931505,2.663991465135688,0.08977553143683038,0.16839725327803604,0.1556113841457783,0.1811831224102938,0.42657003799290255,0.08979770615425796,0.09138541625603583,0.21050850163709317,0.42657003799290244,0.17314026841007626,0.42657003799290244,0.25,0.7,8.4,13.65,0.12048395061728397,0.2802074074074075,0.2254418049077244,0.525044502625595,0.20823383969245884,0.48508865518467725,0.24264977012299,0.6052941725594527,0.4765014539044997,1.3302964126585972,0.12041490965130655,0.28017781842198863,0.12223486047168342,0.284822531644524,0.3888739447741673,0.7633985510567206,1.1334287617912149,1.8923576140170795,0.4215416013252814,0.8065930977829499,1.1334287617912149,1.8923576140170795
M2,20,LinearTBNegotiator,ConcederTBNegotiator,BoulwareTBNegotiator,0.55,0.5104177855340404,20,9.4,4.750623227812492,20,0.2423111111111111,0.22423094420300366,20,0.41416960477634773,0.38367624510825316,20,0.3337372351775644,0.30916887559816464,20,0.4946019743751312,0.45818361461834173,20,1.0706503206638067,0.99158343441951,20,0.24226672763298276,0.22428128668438263,20,0.25233524674214836,0.2339023279339591,20,0.469931402595886,0.5330252130353282,20,1.3930748537860054,0.99158343441951,20,0.5654343545428522,0.40247323228368836,20,1.3930748537860054,0.99158343441951,20,0.22370045761428853,2.0820524286841273,0.0982735442437882,0.16815352842112935,0.13549923398347571,0.20080782285878296,0.43458060108604685,0.09829560780905,0.10251221504973297,0.233608599573387,0.43458060108604685,0.17639167127603644,0.43458060108604685,0.35,0.75,7.3,11.35,0.15444938271604938,0.3301728395061729,0.26289187403025494,0.5645077222879936,0.21259377804873916,0.4548806923063896,0.31506919648066456,0.6741347522695978,0.5849778663908648,1.4591882840821604,0.15438527324764179,0.33014818201832385,0.16068392323302277,0.343986570251274,0.26107300144215884,0.6787898037496132,1.004536890367652,1.781612817204359,0.40674525652808485,0.7231378059861002,0.9074023995130636,1.781612817204359
M2,20,LinearTBNegotiator,ConcederTBNegotiator,ConcederTBNegotiator,0.8,0.4103913408340616,20,2.65,0.8127277008872492,20,0.6863604938271605,0.3517408450131345,20,0.6077647697735638,0.31139724851049977,20,0.5321636341814866,0.27269012113264723,20,0.6833659053656408,0.3501043758883523,20,1.9018900333742876,0.974535342034134,20,0.5321636341814866,0.27269012113264723,20,0.15423595507380522,0.07897050175463072,20,0.2088584011537271,0.428568396469682,20,0.5618351410755242,0.9745353420341342,20,0.2280429436294536,0.3955535918293983,20,0.5618351410755242,0.9745353420341342,20,0.17986193535452039,0.35619361973067704,0.15415722222286699,0.136475861472471,0.11951171493846921,0.15344000800647284,0.427108945167809,0.11951171493846921,0.034610348387561655,0.18782838123280077,0.4271089451678091,0.17335900513464905,0.4271089451678091,0.6,0.95,2.25,2.95,0.5577975308641974,0.8149234567901233,0.45600852273500314,0.7215819550524841,0.39927090765443873,0.6318331790767726,0.5127461378155675,0.8113307310281958,1.4269602553465495,2.2580873668950923,0.39927090765443873,0.6318331790767726,0.11575049307836723,0.18310005157038378,0.05221460028843178,0.36680756702623213,0.20563780755472044,1.0367649191032626,0.08346621193276663,0.42081191922503625,0.20563780755472044,1.0367649191032626
M2,20,LinearTBNegotiator,ConcederTBNegotiator,GeniusBOABaselineNegotiator,0.55,0.5104177855340404,20,9.95,5.195899192733886,20,0.1945365078555273,0.17989456747849009,20,0.37219101342187744,0.34471875485554926,20,0.2734979423868313,0.2532648639101961,20,0.47088408445692354,0.43617264580090237,20,0.9389185346992821,0.8693320771895886,20,0.194492124377399,0.17994490995986914,20,0.2763919600795246,0.25622773584103326,20,0.511127979603651,0.49479345738462677,20,1.52480663975053,0.8693320771895886,20,0.6189028937008134,0.35285269891505805,20,1.52480663975053,0.8693320771895886,20,0.22370045761428853,2.277203224641093,0.07884227040630604,0.15107965551931438,0.1109982205950246,0.19116109044360413,0.3810015814449348,0.07886433397156788,0.11229675647203628,0.21685279388469747,0.3810015814449348,0.15464451368039386,0.3810015814449348,0.3487500000000011,0.75,7.748750000000001,12.0,0.10642507611423827,0.26502565324855853,0.237117838220948,0.507264188622807,0.1742596826364545,0.37273620213720815,0.29997599380544154,0.6417921751084056,0.5982830389043919,1.2795540304941722,0.12398325299408848,0.26500099576070946,0.17599274081135313,0.376791179347696,0.3172501519072927,0.7062175437231102,1.18417114395564,1.9506010094941424,0.44607746083219035,0.7917283265694364,1.0990122700069176,1.86544213554542
M2,20,LinearTBNegotiator,ConcederTBNegotiator,LinearTBNegotiator,0.75,0.4442616583193193,20,5.8,2.375311613906246,20,0.5368395061728395,0.3175867538681712,20,0.5591574310412988,0.3307780679559785,20,0.5424187134192897,0.3209500143604144,20,0.5758961486633077,0.3406061215515425,20,1.655154368255437,0.979142889780128,20,0.5368148486849905,0.31763057137393846,20,0.03908129997831722,0.022975550177604047,20,0.2610730014421589,0.46393889825238216,20,0.8085708061943752,0.9791428897801281,20,0.32819034143081377,0.39742374674512376,20,0.8085708061943752,0.9791428897801281,20,0.19470625648856144,1.0410262143420637,0.13918853179893412,0.1449698801014601,0.14066254569992637,0.1492772145029938,0.42912829200185426,0.13920773566754813,0.010069478835445683,0.20333018712414222,0.4291282920018543,0.17417863666457248,0.4291282920018543,0.55,0.95,4.7,6.7,0.3938666666666667,0.6440691358024692,0.4102460578621048,0.6708409609256941,0.39793178399369117,0.6516869537973982,0.42256033173051843,0.6908980113628997,1.2143587823908764,1.9857510576538577,0.39382228318853835,0.6798074141814425,0.0287380485419801,0.049424551414654336,0.05221460028843178,0.469931402595886,0.36777522032981447,1.2493663920589357,0.14927607354255512,0.5071046093190726,0.47797411679595464,1.2493663920589357
M2,20,LinearTBNegotiator,ConcederTBNegotiator,SmartAspirationNegotiator,0.55,0.5104177855340404,20,9.4,4.750623227812492,20,0.2423111111111111,0.22423094420300366,20,0.41416960477634773,0.38367624510825316,20,0.3337372351775644,0.30916887559816464,20,0.4946019743751312,0.45818361461834173,20,1.0706503206638067,0.99158343441951,20,0.24226672763298276,0.22428128668438263,20,0.25233524674214836,0.2339023279339591,20,0.469931402595886,0.5330252130353282,20,1.3930748537860054,0.99158343441951,20,0.5654343545428522,0.40247323228368836,20,1.3930748537860054,0.99158343441951,20,0.22370045761428853,2.0820524286841273,0.0982735442437882,0.16815352842112935,0.13549923398347571,0.20080782285878296,0.43458060108604685,0.09829560780905,0.10251221504973297,0.233608599573387,0.43458060108604685,0.17639167127603644,0.43458060108604685,0.35,0.8,7.4475000000000025,11.4,0.15444938271604938,0.3521382716049383,0.26383148726470185,0.5645077222879936,0.21259377804873916,0.4548806923063896,0.31506919648066456,0.6741347522695978,0.682112357245453,1.4591882840821604,0.15438527324764179,0.35211854561465905,0.16068392323302277,0.343986570251274,0.2610730014421589,0.6787898037496131,1.0021085280962894,1.781612817204359,0.40773090309960425,0.7625636688469121,1.004536890367652,1.8787473080589472
M2,20,LinearTBNegotiator,GeniusBOABaselineNegotiator,BoulwareTBNegotiator,0.4,0.5026246899500346,20,12.3,7.269981539106366,20,0.2311912802362927,0.2896373798377831,20,0.21870421026309222,0.2738857584180292,20,0.19738657724940306,0.24728361856553785,20,0.2400218432767815,0.30048789827052064,20,0.6685997007624773,0.8374088966738417,20,0.19738657724940306,0.24728361856553785,20,0.04263526602737846,0.05320427970498272,20,0.7393484864768597,0.38318035459075317,20,1.7951254736873348,0.8374088966738417,20,0.7286224503868269,0.3398954174589899,20,1.7951254736873348,0.8374088966738417,20,0.2202849828840144,3.1862098916556345,0.12693917854787315,0.1200357260827925,0.10837682424359564,0.1316946279219894,0.36701063071345824,0.10837682424359564,0.023317803678393745,0.16793619481944994,0.36701063071345824,0.14896573470107816,0.36701063071345824,0.2,0.6,9.048750000000002,15.3,0.11594131913049203,0.37525373161854353,0.10904085710169571,0.3276864245849776,0.09837467188267426,0.3203827329844705,0.12045433922106479,0.38948122334642743,0.3353853110129059,1.0038966804479816,0.09898965266134907,0.295783501837457,0.02146468655971574,0.06393816161671396,0.5868767268309717,0.8918202461227477,1.4619110839377636,2.1283398634369064,0.5925289513380213,0.8638706481993055,1.4619110839377636,2.1283398634369064
M2,20,LinearTBNegotiator,GeniusBOABaselineNegotiator,ConcederTBNegotiator,0.8,0.4103913408340616,20,4.25,1.5852942612451615,20,0.6401382716049383,0.3280293453204998,20,0.6474909514929463,0.33177634973804365,20,0.49480453595282314,0.2535253081146315,20,0.8001773670330696,0.41002739136145566,20,1.9351201745908309,0.991582044796587,20,0.49480453595282314,0.2535253081146315,20,0.3053728310802465,0.15650208324682413,20,0.2088584011537271,0.428568396469682,20,0.528604999858981,0.991582044796587,20,0.21455518064307907,0.4024726682504361,20,0.528604999858981,0.991582044796587,20,0.17986193535452039,0.6947858435669603,0.14376519929127246,0.14540739638283798,0.11111236530033543,0.17970242746534046,0.43457999205694836,0.11111236530033543,0.06859006216500502,0.18782838123280077,0.43457999205694836,0.1763914240775645,0.43457999205694836,0.6,0.95,3.45,4.85,0.48027654320987667,0.7600345679012348,0.48580315902454013,0.7687567958442509,0.37125158398294117,0.5874692499302345,0.6003547340661393,0.9500443417582675,1.451882861258957,2.297548159589737,0.37125158398294117,0.5874692499302345,0.2291031500831981,0.3625750918280327,0.05221460028843178,0.4177168023074542,0.1661770148600754,1.0118423131908552,0.06744949338644693,0.3628867486268488,0.1661770148600754,0.8910329848578868
M2,20,LinearTBNegotiator,GeniusBOABaselineNegotiator,GeniusBOABaselineNegotiator,0.4,0.5026246899500346,20,12.3,7.269981539106366,20,0.2311912802362927,0.2896373798377831,20,0.21870421026309222,0.2738857584180292,20,0.19738657724940306,0.24728361856553785,20,0.2400218432767815,0.30048789827052064,20,0.6685997007624773,0.8374088966738417,20,0.19738657724940306,0.24728361856553785,20,0.04263526602737846,0.05320427970498272,20,0.7393484864768597,0.38318035459075317,20,1.7951254736873348,0.8374088966738417,20,0.7286224503868269,0.3398954174589899,20,1.7951254736873348,0.8374088966738417,20,0.2202849828840144,3.1862098916556345,0.12693917854787315,0.1200357260827925,0.10837682424359564,0.1316946279219894,0.36701063071345824,0.10837682424359564,0.023317803678393745,0.16793619481944994,0.36701063071345824,0.14896573470107816,0.36701063071345824,0.2,0.6,9.398750000000001,15.2,0.11594131913049203,0.3464412413420934,0.1097219959412069,0.3549319781654489,0.09898965266134907,0.295783501837457,0.12045433922106477,0.35958934733249825,0.3353853110129059,1.0018140905120487,0.09898965266134907,0.295783501837457,0.02146468655971574,0.06393816161671396,0.5859237783331857,0.8918202461227477,1.4619110839377636,2.1283398634369064,0.5933742525743485,0.8638706481993055,1.4619110839377634,2.1283398634369064
M2,20,LinearTBNegotiator,GeniusBOABaselineNegotiator,LinearTBNegotiator,0.7,0.47016234598162726,20,7.2,3.17224808215512,20,0.5668173107774015,0.38024443723899726,20,0.5681814988730011,0.38112818427404743,20,0.4481957126284966,0.30063724183835944,20,0.6881672851175057,0.46161912670973543,20,1.7031803085234039,1.1425008057870922,20,0.4481957126284966,0.30063724183835944,20,0.23997157248900908,0.16098188487137594,20,0.31328760173059067,0.49098677932204077,20,0.7605448659264082,1.1425008057870922,20,0.3086971200415037,0.46372899771267306,20,0.7605448659264082,1.1425008057870922,20,0.20605773335083594,1.3902990212256685,0.16664947230757987,0.16703679152285592,0.13176008062644864,0.2023135024192632,0.5007230553532918,0.13176008062644864,0.07055342179281454,0.21518444366508316,0.5007230553532918,0.20323819415658276,0.5007230553532918,0.5,0.9,5.8,8.45,0.40506703856234133,0.7285675829924614,0.40605529394337836,0.7303077038026238,0.3203091456127248,0.5760822796442684,0.49180144227403205,0.8845331279609793,1.2171776264490983,2.18918299059771,0.3203091456127248,0.5760822796442684,0.17149229666130736,0.3084508483167108,0.10442920057686356,0.5221460028843178,0.2745421838521027,1.2465475480007135,0.11143376976428072,0.5059604703187267,0.2745421838521027,1.2465475480007135
M2,20,LinearTBNegotiator,GeniusBOABaselineNegotiator,SmartAspirationNegotiator,0.5,0.512989176042577,20,11.0,6.078434701553735,20,0.20034567901234568,0.204841011233594,20,0.3752431537666596,0.3842323526060591,20,0.34666124743856797,0.35505880920693195,20,0.4038250600947513,0.41340589600518624,20,0.9508319865456649,0.9733057164457123,20,0.20029636403664752,0.2048916073310939,20,0.2035286960581037,0.2085142886740923,20,0.5761362479154439,0.480317672961394,20,1.5128931879041472,0.9733057164457121,20,0.6140673495541156,0.3950544998035612,20,1.5128931879041472,0.9733057164457121,20,0.2248274191931505,2.663991465135688,0.08977553143683038,0.16839725327803604,0.1556113841457783,0.1811831224102938,0.42657003799290255,0.08979770615425796,0.09138541625603583,0.21050850163709317,0.42657003799290244,0.17314026841007626,0.42657003799290244,0.25,0.7,8.397500000000003,13.451249999999998,0.10051851851851853,0.2802074074074075,0.2254418049077244,0.525044502625595,0.2082338396924588,0.4850886551846772,0.24264977012299,0.5650003500665124,0.5713675604327326,1.3302964126585972,0.12041490965130655,0.28017781842198863,0.12223486047168344,0.284822531644524,0.3888739447741673,0.7633985510567206,1.1334287617912149,1.8923576140170795,0.4600467509710482,0.7680879481371831,1.1334287617912149,1.8923576140170795
M2,20,LinearTBNegotiator,LinearTBNegotiator,BoulwareTBNegotiator,0.55,0.5104177855340404,20,9.4,4.750623227812492,20,0.2423111111111111,0.22423094420300366,20,0.41416960477634773,0.38367624510825316,20,0.3337372351775644,0.30916887559816464,20,0.4946019743751312,0.45818361461834173,20,1.0706503206638067,0.99158343441951,20,0.24226672763298276,0.22428128668438263,20,0.25233524674214836,0.2339023279339591,20,0.469931402595886,0.5330252130353282,20,1.3930748537860054,0.99158343441951,20,0.5654343545428522,0.40247323228368836,20,1.3930748537860054,0.99158343441951,20,0.22370045761428853,2.0820524286841273,0.0982735442437882,0.16815352842112935,0.13549923398347571,0.20080782285878296,0.43458060108604685,0.09829560780905,0.10251221504973297,0.233608599573387,0.43458060108604685,0.17639167127603644,0.43458060108604685,0.35,0.75,7.3,11.3,0.15444938271604938,0.3301728395061729,0.26383148726470185,0.5645077222879936,0.21259377804873916,0.4548806923063896,0.31506919648066456,0.6741347522695978,0.682112357245453,1.4591882840821604,0.15438527324764179,0.33014818201832385,0.16011110246109125,0.343986570251274,0.2610730014421589,0.6787898037496131,1.0021085280962894,1.781612817204359,0.40773090309960425,0.7241234525576197,1.004536890367652,1.781612817204359
M2,20,LinearTBNegotiator,LinearTBNegotiator,ConcederTBNegotiator,0.8,0.4103913408340616,20,3.45,1.190974832912761,20,0.6498375500453217,0.33300497017583974,20,0.5312145939717036,0.27212783689998915,20,0.3796485592124257,0.1944515384901968,20,0.6827806287309814,0.34980413530978144,20,1.7122667379887286,0.8772606439758178,20,0.3796485592124257,0.1944515384901968,20,0.30313206951855587,0.15535259681958458,20,0.2612374124469481,0.4016985306244477,20,0.7514584364610833,0.8772606439758178,20,0.3050090343899236,0.3560708203469666,20,0.7514584364610833,0.8772606439758178,20,0.17986193535452039,0.5219677344333399,0.14594586303105966,0.11926528300815685,0.08522214424512539,0.15330842177118834,0.3844764290473733,0.08522214424512539,0.06808627752606292,0.17605214330385704,0.3844764290473733,0.15605491758358675,0.3844764290473733,0.6487500000000012,0.95,2.95,3.9,0.487551002040164,0.7715524610491898,0.39859589088360814,0.6306786212877753,0.28488460142764305,0.4507215275510127,0.5123071803395731,0.8106357150245378,1.2847427838073802,2.032909703624741,0.28488460142764305,0.4507215275510127,0.2274225789119301,0.3599141874735251,0.11441467619913173,0.40806014869476454,0.4308154708250719,1.1789823906424322,0.17486344471082474,0.47853648729538867,0.4308154708250719,1.178982390642432
M2,20,LinearTBNegotiator,LinearTBNegotiator,GeniusBOABaselineNegotiator,0.55,0.5104177855340404,20,9.95,5.195899192733886,20,0.1945365078555273,0.17989456747849009,20,0.37219101342187744,0.34471875485554926,20,0.2734979423868313,0.2532648639101961,20,0.47088408445692354,0.43617264580090237,20,0.9389185346992821,0.8693320771895886,20,0.194492124377399,0.17994490995986914,20,0.2763919600795246,0.25622773584103326,20,0.511127979603651,0.49479345738462677,20,1.52480663975053,0.8693320771895886,20,0.6189028937008134,0.35285269891505805,20,1.52480663975053,0.8693320771895886,20,0.22370045761428853,2.277203224641093,0.07884227040630604,0.15107965551931438,0.1109982205950246,0.19116109044360413,0.3810015814449348,0.07886433397156788,0.11229675647203628,0.21685279388469747,0.3810015814449348,0.15464451368039386,0.3810015814449348,0.3487500000000011,0.8,7.6,12.05125,0.12404736246249604,0.26502565324855853,0.237117838220948,0.507264188622807,0.1494501176988603,0.37273620213720815,0.29997599380544154,0.684519197771276,0.5982830389043919,1.2795540304941722,0.12398325299408848,0.26500099576070946,0.15089293599431028,0.376791179347696,0.3172501519072927,0.7050058073000091,1.18417114395564,1.86544213554542,0.48064254740591483,0.7571632399957118,1.18417114395564,1.86544213554542
M2,20,LinearTBNegotiator,LinearTBNegotiator,LinearTBNegotiator,0.75,0.4442616583193193,20,5.8,2.375311613906246,20,0.5368395061728395,0.3175867538681712,20,0.5591574310412988,0.3307780679559785,20,0.5424187134192897,0.3209500143604144,20,0.5758961486633077,0.3406061215515425,20,1.655154368255437,0.979142889780128,20,0.5368148486849905,0.31763057137393846,20,0.03908129997831722,0.022975550177604047,20,0.2610730014421589,0.46393889825238216,20,0.8085708061943752,0.9791428897801281,20,0.32819034143081377,0.39742374674512376,20,0.8085708061943752,0.9791428897801281,20,0.19470625648856144,1.0410262143420637,0.13918853179893412,0.1449698801014601,0.14066254569992637,0.1492772145029938,0.42912829200185426,0.13920773566754813,0.010069478835445683,0.20333018712414222,0.4291282920018543,0.17417863666457248,0.4291282920018543,0.55,0.9,4.65,6.7,0.3938666666666667,0.6798123456790124,0.4102460578621048,0.7080688042204926,0.39793178399369117,0.6507839104884889,0.42256033173051843,0.6908980113628997,1.2143587823908764,2.0959499541199977,0.39382228318853835,0.6440592728073294,0.0287380485419801,0.049424551414654336,0.05221460028843178,0.469931402595886,0.47797411679595464,1.2493663920589357,0.1940046405146198,0.5071046093190726,0.47797411679595464,1.2493663920589357
M2,20,LinearTBNegotiator,LinearTBNegotiator,SmartAspirationNegotiator,0.55,0.5104177855340404,20,9.95,5.195899192733886,20,0.1847587300777495,0.17082047351344049,20,0.4009788771489073,0.37143482331701533,20,0.3062749580856577,0.2836829944000315,20,0.49568279621215705,0.4591866522339992,20,0.9867164843755643,0.9136901201474712,20,0.18471434659962122,0.17087081599481954,20,0.3109684496125359,0.28831583623917967,20,0.469931402595886,0.5330252130353282,20,1.4770086900742478,0.9136901201474712,20,0.5995022112821844,0.37085715956590504,20,1.4770086900742478,0.9136901201474712,20,0.22370045761428853,2.277203224641093,0.07486537338205203,0.16278848877290414,0.12432955406967586,0.20124742347613245,0.40044235092786035,0.07488743694731387,0.12635998652881858,0.233608599573387,0.40044235092786035,0.16253531647144262,0.40044235092786035,0.35,0.8,7.698750000000001,12.0,0.11782514024027384,0.25169231991522517,0.2554373878654216,0.546520366432393,0.19511778353570763,0.44522142627309524,0.3157569921951356,0.6756086002291786,0.628699915971117,1.3447330527800117,0.11776103077186624,0.2516676624273761,0.19728988337208705,0.4239409378018023,0.26107300144215884,0.6787898037496131,1.1189921216698004,1.835025258478695,0.45418707138051173,0.7811461361592752,1.1189921216698004,1.9245294005798066
M2,20,LinearTBNegotiator,SmartAspirationNegotiator,BoulwareTBNegotiator,0.4,0.5026246899500346,20,12.3,7.269981539106366,20,0.35919128023629276,0.45047728062179415,20,0.25026620704248037,0.3135453555316391,20,0.1992656688766222,0.24964481318183476,20,0.30126674520833857,0.3774458978814435,20,0.8597236943212536,1.0775679916850724,20,0.1992656688766222,0.24964481318183476,20,0.16004289764406457,0.20073421580274456,20,0.6265752034611813,0.5248869456167602,20,1.6040014801285587,1.0775679916850724,20,0.6510472421043296,0.43737345498598884,20,1.6040014801285587,1.0775679916850724,20,0.2202849828840144,3.1862098916556345,0.19743037307075775,0.1374173108836246,0.10941166341094434,0.1654229583563049,0.47226499483800705,0.10941166341094434,0.08797564898122967,0.23004184661665697,0.47226499483800705,0.1916873682729126,0.47226499483800705,0.2,0.6,9.05,15.25,0.17994131913049205,0.5384412413420934,0.12550299433090098,0.37502941975405985,0.09992919847495865,0.2986021392782857,0.1510767901868433,0.45145670022983386,0.4309473077922939,1.2885000808502132,0.09992919847495865,0.2986021392782857,0.0801685023680588,0.25988589173907173,0.4177168023074542,0.8354336046149085,1.175225093599599,2.032777866657518,0.4759237163883926,0.8250830440580568,1.1752250935995987,2.032777866657518
M2,20,LinearTBNegotiator,SmartAspirationNegotiator,ConcederTBNegotiator,0.8,0.4103913408340616,20,4.25,1.5852942612451615,20,0.6401382716049383,0.3280293453204998,20,0.6474909514929463,0.33177634973804365,20,0.49480453595282314,0.2535253081146315,20,0.8001773670330696,0.41002739136145566,20,1.9351201745908309,0.991582044796587,20,0.49480453595282314,0.2535253081146315,20,0.3053728310802465,0.15650208324682413,20,0.2088584011537271,0.428568396469682,20,0.528604999858981,0.991582044796587,20,0.21455518064307907,0.4024726682504361,20,0.528604999858981,0.991582044796587,20,0.17986193535452039,0.6947858435669603,0.14376519929127246,0.14540739638283798,0.11111236530033543,0.17970242746534046,0.43457999205694836,0.11111236530033543,0.06859006216500502,0.18782838123280077,0.43457999205694836,0.1763914240775645,0.43457999205694836,0.6,0.95,3.4,4.85,0.48027654320987667,0.7600345679012348,0.48580315902454013,0.7687567958442509,0.37125158398294117,0.5874692499302345,0.6003547340661392,0.9500443417582674,1.451882861258957,2.297548159589737,0.37125158398294117,0.5874692499302345,0.22910315008319806,0.3625750918280327,0.05221460028843178,0.4177168023074542,0.1661770148600754,1.0118423131908552,0.06744949338644693,0.4106960969852553,0.1661770148600754,1.0118423131908554
M2,20,LinearTBNegotiator,SmartAspirationNegotiator,GeniusBOABaselineNegotiator,0.45,0.5104177855340404,20,11.45,6.476475649773205,20,0.24047106228367748,0.2719729459197307,20,0.28500532091658526,0.3224315268261091,20,0.26762366847872104,0.30288298060179963,20,0.3023869733544494,0.34198007305041844,20,0.810481704116848,0.9168359995719488,20,0.2404168158104095,0.27202328840110973,20,0.061970157544039936,0.06995678464930868,20,0.6496755012329332,0.4475984052895485,20,1.6532434703329641,0.9168359995719488,20,0.6710340453058685,0.3721340387637564,20,1.6532434703329641,0.9168359995719488,20,0.22370045761428853,2.8384406022729407,0.1191973990430088,0.14131184716615647,0.13274431903526135,0.1498793752970516,0.4018210933753217,0.11921946260827063,0.030659912688780926,0.19616865032619463,0.4018210933753217,0.163094933453791,0.4018210933753217,0.25,0.65,8.498750000000001,14.05,0.13390230483523918,0.34703981973211573,0.15866508122891249,0.4113455606042581,0.14894325052075394,0.3863040864366881,0.16838691193707103,0.4698870501261725,0.45123246729306404,1.1697309409406318,0.13382833237169198,0.34700529924912704,0.02770568507071387,0.08938173552270079,0.47429038810595436,0.825060614359912,1.2939942335091805,2.0124927071567478,0.5252185783254616,0.853303379031377,1.2939942335091805,2.0124927071567478
M2,20,LinearTBNegotiator,SmartAspirationNegotiator,LinearTBNegotiator,0.7,0.47016234598162726,20,7.2,3.17224808215512,20,0.5668173107774015,0.38024443723899726,20,0.5681814988730011,0.38112818427404743,20,0.4481957126284966,0.30063724183835944,20,0.6881672851175057,0.46161912670973543,20,1.7031803085234039,1.1425008057870922,20,0.4481957126284966,0.30063724183835944,20,0.23997157248900908,0.16098188487137594,20,0.31328760173059067,0.49098677932204077,20,0.7605448659264082,1.1425008057870922,20,0.3086971200415037,0.46372899771267306,20,0.7605448659264082,1.1425008057870922,20,0.20605773335083594,1.3902990212256685,0.16664947230757987,0.16703679152285592,0.13176008062644864,0.2023135024192632,0.5007230553532918,0.13176008062644864,0.07055342179281454,0.21518444366508316,0.5007230553532918,0.20323819415658276,0.5007230553532918,0.5,0.9,5.748750000000001,8.45,0.40506703856234133,0.7285675829924614,0.40605529394337836,0.7303077038026238,0.3203091456127248,0.5760822796442684,0.49180144227403205,0.8845331279609793,1.2171776264490983,2.18918299059771,0.3203091456127248,0.5760822796442684,0.17149229666130736,0.3084508483167108,0.10442920057686356,0.5221460028843178,0.2745421838521027,1.2465475480007135,0.11143376976428072,0.5059604703187267,0.2745421838521027,1.2465475480007135
M2,20,LinearTBNegotiator,SmartAspirationNegotiator,SmartAspirationNegotiator,0.45,0.5104177855340404,20,11.45,6.476475649773205,20,0.3720037705127429,0.4211654651632299,20,0.3662068163872506,0.41453527682653,20,0.3052592067668931,0.3455715319583116,20,0.4271544260076081,0.4834990216947484,20,1.104417403287244,1.25023601881629,20,0.3052592067668931,0.3455715319583116,20,0.121895219240715,0.1379274897364368,20,0.5743606031727496,0.5330252130353283,20,1.359307771162568,1.25023601881629,20,0.5517286527163576,0.5074575816255508,20,1.359307771162568,1.25023601881629,20,0.22370045761428853,2.8384406022729407,0.18458390353653908,0.1816780953789396,0.15145340156331505,0.21190278919456415,0.5479400942944184,0.15145340156331505,0.06044938763124914,0.23360859957338703,0.5479400942944184,0.2224030910496264,0.5479400942944184,0.24875000000000114,0.65,8.7,14.30125,0.2069760316291644,0.5370315093963213,0.20377702315705992,0.5286366096174413,0.1698518829030718,0.44066653063071454,0.23770216341104805,0.6166066886041681,0.6145300779432842,1.7167765599671938,0.1698518829030718,0.44066653063071454,0.06785028050797634,0.176277938840533,0.36550220201902245,0.7832190043264766,0.8694204458186082,1.8491950965065278,0.30317854533000965,0.750568738625436,0.8694204458186082,1.8491950965065278
M2,20,SmartAspirationNegotiator,BoulwareTBNegotiator,BoulwareTBNegotiator,0.4,0.5026246899500346,20,10.5,6.261830907633125,20,0.2696696488107539,0.3379878250240873,20,0.3024481288005685,0.37911516114327903,20,0.3019468420681527,0.37867004527958176,20,0.3029494155329842,0.37956027700697625,20,0.8745659064118909,1.0962181473106456,20,0.2696104708399161,0.3380373988728277,20,0.033338944693068084,0.04152287813414861,20,0.636322748421288,0.5126385537083912,20,1.5891592680379212,1.0962181473106456,20,0.6450229451394899,0.4449433559712877,20,1.5891592680379212,1.0962181473106456,20,0.2202849828840144,2.744368396323067,0.14812969545494806,0.16615454523696313,0.16595946460846134,0.16634962586546487,0.4804387859288744,0.14815142215210328,0.0181982037133616,0.2246737521799113,0.4804387859288744,0.19500502365738248,0.4804387859288744,0.2,0.6,8.0,13.0,0.13518050341772264,0.4041587942037852,0.151593955209945,0.45330230239119185,0.15126978507072392,0.45262389906558165,0.1519181253491661,0.4539807057168022,0.43836841383761255,1.3107633989861691,0.1351015994566056,0.40411934222322665,0.016816525892560552,0.04986136349357562,0.43233811974761405,0.8403073770949618,1.1529617754636425,2.0253567606121994,0.4679749947033427,0.8220708955756371,1.1529617754636425,2.0253567606121994
M2,20,SmartAspirationNegotiator,BoulwareTBNegotiator,ConcederTBNegotiator,0.55,0.5104177855340404,20,9.6,5.471457036773948,20,0.44550460661610647,0.41280107876769584,20,0.44658684517578406,0.41376049248608027,20,0.3522807873666677,0.3263778916787046,20,0.5408929029849004,0.501143093293456,20,1.3386782969676747,1.2403220637398564,20,0.3522807873666677,0.3263778916787046,20,0.18861211561823277,0.1747652016147513,20,0.469931402595886,0.5330252130353283,20,1.1250468774821374,1.2403220637398564,20,0.45664463274942085,0.5034336120776294,20,1.1250468774821374,1.2403220637398564,20,0.22370045761428853,2.3979717745584384,0.18091804956872334,0.1813385311701226,0.1430414178207427,0.21963564451950254,0.5435951119089686,0.1430414178207427,0.07659422669875982,0.23360859957338703,0.5435951119089686,0.2206395086377123,0.5435951119089686,0.35,0.75,7.198750000000001,11.80125,0.2837543344010464,0.6072548788311664,0.2844606402461613,0.6087130501054068,0.22439422035089582,0.4801673543824395,0.2954355994305585,0.7863502065392425,0.8526756148933693,1.9461816495605568,0.22439422035089582,0.4801673543824395,0.12013283979053106,0.2570913914459345,0.2610730014421589,0.6787898037496131,0.6390441954078319,1.611049559556443,0.2593812824721978,0.6539079830266439,0.6390441954078319,1.611049559556443
M2,20,SmartAspirationNegotiator,BoulwareTBNegotiator,GeniusBOABaselineNegotiator,0.4,0.5026246899500346,20,10.5,6.261830907633125,20,0.27678075992186496,0.3469233750676435,20,0.31980629928094323,0.4009267737827746,20,0.30130271968489986,0.3778606657466509,20,0.3383098788769866,0.4239928818188982,20,0.9163933584837514,1.1487769226331923,20,0.2767215819510272,0.3469729489163838,20,0.06158829692595944,0.07701993290251445,20,0.6265752034611813,0.5248869456167602,20,1.5473318159660607,1.1487769226331923,20,0.6280456245740168,0.46627640718479574,20,1.5473318159660607,1.1487769226331923,20,0.2202849828840144,2.744368396323067,0.15204587292844168,0.175713905954881,0.1656047383880362,0.18582307352172583,0.5034736848382037,0.15206759962559682,0.03375547389612901,0.23004184661665697,0.5034736848382037,0.2043546455828366,0.5034736848382037,0.2,0.6,7.798750000000001,13.2,0.13873605897327818,0.41482546087045175,0.1602730404501324,0.479339558111754,0.15094772387909744,0.4516577154907022,0.16959835702116732,0.5070214007328059,0.45928213987354277,1.37350457709396,0.13865715501216114,0.44930211562460975,0.03094120200900623,0.09223539184291266,0.3655022020190225,0.8354336046149085,0.9759427927033002,2.004443034576269,0.44134941003814115,0.8135822352929004,1.0902205973558523,2.004443034576269
M2,20,SmartAspirationNegotiator,BoulwareTBNegotiator,LinearTBNegotiator,0.55,0.5104177855340404,20,9.6,5.471457036773948,20,0.45997766323011885,0.42623254332557403,20,0.41843299031212033,0.38763280475197487,20,0.33825626617767296,0.31336268249968297,20,0.4986097144465679,0.46190292700426683,20,1.2968436438543596,1.2014981528295239,20,0.33825626617767296,0.31336268249968297,20,0.16035344826889492,0.14854024450458378,20,0.4843250340148404,0.5196674576268632,20,1.1668815305954525,1.2014981528295239,20,0.47362487614148574,0.4876753971139808,20,1.1668815305954525,1.2014981528295239,20,0.22370045761428853,2.3979717745584384,0.18680464845532713,0.1698875671399266,0.13733725089747106,0.2024378833823821,0.5265797827351802,0.13733725089747106,0.06510063248491102,0.22775430514583886,0.5265797827351802,0.21373316642460888,0.5265797827351802,0.35,0.75,7.3,11.80125,0.29296446133723614,0.6269908651230016,0.26654455078746625,0.5703214298367745,0.21546952504880826,0.4610430073065376,0.31761957652612427,0.6795998523670115,0.8231111249062826,1.7676337247965506,0.21546952504880826,0.4610430073065376,0.10215005147731604,0.2185568450604738,0.22979459230856986,0.6879493873798568,0.6960914496532616,1.6376716115376433,0.2825361598250136,0.6659078969349348,0.6960914496532616,1.755369131773191
M2,20,SmartAspirationNegotiator,BoulwareTBNegotiator,SmartAspirationNegotiator,0.4,0.5026246899500346,20,10.5,6.261830907633125,20,0.27678075992186496,0.3469233750676435,20,0.31980629928094323,0.4009267737827746,20,0.30130271968489986,0.3778606657466509,20,0.3383098788769866,0.4239928818188982,20,0.9163933584837514,1.1487769226331923,20,0.2767215819510272,0.3469729489163838,20,0.06158829692595944,0.07701993290251445,20,0.6265752034611813,0.5248869456167602,20,1.5473318159660607,1.1487769226331923,20,0.6280456245740168,0.46627640718479574,20,1.5473318159660607,1.1487769226331923,20,0.2202849828840144,2.744368396323067,0.15204587292844168,0.175713905954881,0.1656047383880362,0.18582307352172583,0.5034736848382037,0.15206759962559682,0.03375547389612901,0.23004184661665697,0.5034736848382037,0.2043546455828366,0.5034736848382037,0.2,0.6,7.748750000000001,13.05125,0.13873605897327818,0.41482546087045175,0.1602730404501324,0.4803366409794457,0.15094772387909744,0.4516577154907022,0.16959835702116732,0.5070214007328059,0.45928213987354277,1.37350457709396,0.13865715501216114,0.41478600888989325,0.03094120200900623,0.09223539184291266,0.4177168023074542,0.8354336046149085,1.0902205973558523,2.004443034576269,0.4425090138551332,0.8135822352929004,0.9759427927033002,2.004443034576269
M2,20,SmartAspirationNegotiator,ConcederTBNegotiator,BoulwareTBNegotiator,0.4,0.5026246899500346,20,10.5,6.261830907633125,20,0.2696696488107539,0.3379878250240873,20,0.3024481288005685,0.37911516114327903,20,0.3019468420681527,0.37867004527958176,20,0.3029494155329842,0.37956027700697625,20,0.8745659064118909,1.0962181473106456,20,0.2696104708399161,0.3380373988728277,20,0.033338944693068084,0.04152287813414861,20,0.636322748421288,0.5126385537083912,20,1.5891592680379212,1.0962181473106456,20,0.6450229451394899,0.4449433559712877,20,1.5891592680379212,1.0962181473106456,20,0.2202849828840144,2.744368396323067,0.14812969545494806,0.16615454523696313,0.16595946460846134,0.16634962586546487,0.4804387859288744,0.14815142215210328,0.0181982037133616,0.2246737521799113,0.4804387859288744,0.19500502365738248,0.4804387859288744,0.2,0.6012499999999988,7.6975000000000025,13.101249999999999,0.13518050341772264,0.4041587942037852,0.151593955209945,0.45330230239119185,0.1512697850707239,0.45262389906558165,0.1519181253491661,0.4539807057168022,0.43836841383761255,1.3107633989861691,0.1351015994566056,0.43774656006905427,0.016816525892560552,0.04986136349357562,0.43233811974761427,0.8403073770949618,1.1529617754636425,2.0253567606121994,0.4679749947033427,0.8220708955756371,1.0439124023200734,2.0253567606121994
M2,20,SmartAspirationNegotiator,ConcederTBNegotiator,ConcederTBNegotiator,0.65,0.4893604849295929,20,4.85,1.8994459025837258,20,0.6502419753086419,0.48902216163136997,20,0.303801596674653,0.22816381042941475,20,0.19803354178217497,0.14864574206380138,20,0.4095696515671311,0.3076818787950282,20,1.2578451686579482,0.9453497824901995,20,0.19803354178217497,0.14864574206380138,20,0.45227685052569677,0.34028076077922415,20,0.36550220201902245,0.5110352423510368,20,1.205880005791864,0.9453497824901995,20,0.48945394490323196,0.38370748178165237,20,1.205880005791864,0.9453497824901995,20,0.21447168872174688,0.8324688709210881,0.21432341199868,0.09999719886460719,0.06514686882882971,0.13484752890038465,0.4143178097278944,0.06514686882882971,0.14913461885738713,0.22397106999581953,0.4143178097278944,0.1681672184968512,0.4143178097278944,0.45,0.85,3.9487500000000013,5.6,0.45038024691358014,0.8501037037037037,0.20996899624406054,0.39705138592244743,0.12209476727875965,0.25878456138490724,0.28382109267427474,0.5353182104599874,0.8714838617672978,1.6442064755485988,0.136902828306926,0.25878456138490724,0.27843733382044916,0.5913484638898948,0.15664380086529534,0.5743606031727496,0.8195186989012135,1.688831639405177,0.33263397533136985,0.6462739144750942,0.8195186989012135,1.688831639405177
M2,20,SmartAspirationNegotiator,ConcederTBNegotiator,GeniusBOABaselineNegotiator,0.4,0.5026246899500346,20,10.5,6.261830907633125,20,0.27678075992186496,0.3469233750676435,20,0.31980629928094323,0.4009267737827746,20,0.30130271968489986,0.3778606657466509,20,0.3383098788769866,0.4239928818188982,20,0.9163933584837514,1.1487769226331923,20,0.2767215819510272,0.3469729489163838,20,0.06158829692595944,0.07701993290251445,20,0.6265752034611813,0.5248869456167602,20,1.5473318159660607,1.1487769226331923,20,0.6280456245740168,0.46627640718479574,20,1.5473318159660607,1.1487769226331923,20,0.2202849828840144,2.744368396323067,0.15204587292844168,0.175713905954881,0.1656047383880362,0.18582307352172583,0.5034736848382037,0.15206759962559682,0.03375547389612901,0.23004184661665697,0.5034736848382037,0.2043546455828366,0.5034736848382037,0.2,0.6,8.0,13.15,0.13873605897327818,0.44933663610759833,0.1602730404501324,0.479339558111754,0.15094772387909744,0.4516577154907022,0.16959835702116732,0.507021400732806,0.45928213987354277,1.37350457709396,0.13865715501216114,0.41478600888989325,0.03094120200900623,0.09223539184291266,0.4177168023074542,0.8354336046149085,1.0902205973558523,2.004443034576269,0.44250901385513314,0.8135822352929004,1.0902205973558523,2.004443034576269
M2,20,SmartAspirationNegotiator,ConcederTBNegotiator,LinearTBNegotiator,0.55,0.5104177855340404,20,9.05,5.010252646219287,20,0.47953321878567445,0.4443807312556733,20,0.36664144209902993,0.3395685732096019,20,0.288658842667206,0.26733466963348934,20,0.44462404153085383,0.41180247678571447,20,1.212816102983734,1.1235178776748769,20,0.288658842667206,0.26733466963348934,20,0.19096234083176394,0.17694628661292738,20,0.469931402595886,0.5330252130353283,20,1.250909071466078,1.1235178776748769,20,0.5077307665800936,0.45602402789336105,20,1.250909071466078,1.1235178776748769,20,0.22370045761428853,2.195840038273328,0.19475844250383517,0.14882248889297958,0.11716458483241446,0.1804803929535448,0.49240342028979434,0.11716458483241446,0.07755012934560265,0.23360859957338703,0.49240342028979434,0.19986134224559182,0.49240342028979434,0.35,0.75,6.9,11.05,0.30540890578168056,0.6536575317896682,0.23358629283368143,0.4996965913643784,0.1839075282694202,0.3934101570649918,0.2832650573979426,0.605983025663765,0.7725814914490432,1.6530507145184248,0.1839075282694202,0.39341015706499183,0.12162843765368725,0.26029624400984075,0.26107300144215884,0.6800951687568226,0.8106744599313871,1.6911436830007687,0.32904419224129716,0.6864173409188903,0.8106744599313871,1.6911436830007687
M2,20,SmartAspirationNegotiator,ConcederTBNegotiator,SmartAspirationNegotiator,0.4,0.5026246899500346,20,10.5,6.261830907633125,20,0.27952592592592596,0.3503728455967748,20,0.3194991561428221,0.4005408294713535,20,0.30760201365557116,0.38577611744393286,20,0.331396298630073,0.41530554149877413,20,0.9185242382115701,1.1514545045394817,20,0.2794667479550882,0.3504224194455151,20,0.05192955067498488,0.06488312205325908,20,0.6265752034611813,0.5248869456167602,20,1.545200936238242,1.1514545045394817,20,0.6271807230217182,0.4673632093711992,20,1.545200936238242,1.1514545045394817,20,0.2202849828840144,2.744368396323067,0.15355767004398754,0.1755447584025711,0.16907383804931295,0.18201567875582927,0.5046471868491297,0.1535793967411427,0.02843628201468659,0.23004184661665697,0.5046471868491297,0.20483095764194775,0.5046471868491297,0.2,0.65,7.798750000000001,13.05,0.14010864197530865,0.4189432098765432,0.1601194688810718,0.5187237652200098,0.15409737086443312,0.49948281714449355,0.16614156689771054,0.49665103036243546,0.46034757973745216,1.3795645008011488,0.14002973801419163,0.4189037578959847,0.02611182888351895,0.07774727246645083,0.4177168023074542,0.8354336046149085,1.0870242777641241,2.00337759471236,0.4412116615266853,0.8131497845167512,1.0870242777641241,2.0033775947123598
M2,20,SmartAspirationNegotiator,GeniusBOABaselineNegotiator,BoulwareTBNegotiator,0.4,0.5026246899500346,20,10.5,6.261830907633125,20,0.2696696488107539,0.3379878250240873,20,0.3024481288005685,0.37911516114327903,20,0.3019468420681527,0.37867004527958176,20,0.3029494155329842,0.37956027700697625,20,0.8745659064118909,1.0962181473106456,20,0.2696104708399161,0.3380373988728277,20,0.033338944693068084,0.04152287813414861,20,0.636322748421288,0.5126385537083912,20,1.5891592680379212,1.0962181473106456,20,0.6450229451394899,0.4449433559712877,20,1.5891592680379212,1.0962181473106456,20,0.2202849828840144,2.744368396323067,0.14812969545494806,0.16615454523696313,0.16595946460846134,0.16634962586546487,0.4804387859288744,0.14815142215210328,0.0181982037133616,0.2246737521799113,0.4804387859288744,0.19500502365738248,0.4804387859288744,0.2,0.6,7.9,13.2,0.13518050341772264,0.4377810805520429,0.151593955209945,0.45330230239119185,0.1512697850707239,0.45262389906558165,0.1519181253491661,0.4549246512804503,0.43836841383761255,1.3107633989861691,0.1351015994566056,0.40411934222322665,0.016816525892560552,0.04986136349357562,0.43233811974761416,0.8403073770949618,1.1529617754636425,2.0253567606121994,0.423713007094306,0.8220708955756371,1.1529617754636425,2.0253567606121994
M2,20,SmartAspirationNegotiator,GeniusBOABaselineNegotiator,ConcederTBNegotiator,0.55,0.5104177855340404,20,9.6,5.471457036773948,20,0.44550460661610647,0.41280107876769584,20,0.44658684517578406,0.41376049248608027,20,0.3522807873666677,0.3263778916787046,20,0.5408929029849004,0.501143093293456,20,1.3386782969676747,1.2403220637398564,20,0.3522807873666677,0.3263778916787046,20,0.18861211561823277,0.1747652016147513,20,0.469931402595886,0.5330252130353283,20,1.1250468774821374,1.2403220637398564,20,0.45664463274942085,0.5034336120776294,20,1.1250468774821374,1.2403220637398564,20,0.22370045761428853,2.3979717745584384,0.18091804956872334,0.1813385311701226,0.1430414178207427,0.21963564451950254,0.5435951119089686,0.1430414178207427,0.07659422669875982,0.23360859957338703,0.5435951119089686,0.2206395086377123,0.5435951119089686,0.35,0.75,7.15,11.8,0.2837543344010464,0.6072548788311664,0.2844606402461613,0.6087130501054068,0.22439422035089582,0.4801673543824395,0.34452706014142687,0.7372587458283741,0.7311749443747927,1.8246809790419802,0.1924225785969529,0.4801673543824395,0.12013283979053106,0.2570913914459345,0.26107300144215884,0.6787898037496131,0.6390441954078319,1.611049559556443,0.2593812824721978,0.6539079830266439,0.6390441954078319,1.732550230075019
M2,20,SmartAspirationNegotiator,GeniusBOABaselineNegotiator,GeniusBOABaselineNegotiator,0.4,0.5026246899500346,20,10.5,6.261830907633125,20,0.27678075992186496,0.3469233750676435,20,0.31980629928094323,0.4009267737827746,20,0.30130271968489986,0.3778606657466509,20,0.3383098788769866,0.4239928818188982,20,0.9163933584837514,1.1487769226331923,20,0.2767215819510272,0.3469729489163838,20,0.06158829692595944,0.07701993290251445,20,0.6265752034611813,0.5248869456167602,20,1.5473318159660607,1.1487769226331923,20,0.6280456245740168,0.46627640718479574,20,1.5473318159660607,1.1487769226331923,20,0.2202849828840144,2.744368396323067,0.15204587292844168,0.175713905954881,0.1656047383880362,0.18582307352172583,0.5034736848382037,0.15206759962559682,0.03375547389612901,0.23004184661665697,0.5034736848382037,0.2043546455828366,0.5034736848382037,0.2,0.65,8.048750000000002,13.05,0.13873605897327818,0.44933663610759833,0.1602730404501324,0.479339558111754,0.15094772387909744,0.4516577154907022,0.16959835702116732,0.5070214007328059,0.45928213987354277,1.37350457709396,0.13865715501216114,0.4156489115582604,0.03094120200900623,0.09223539184291266,0.4177168023074542,0.8354336046149085,1.0902205973558523,2.004443034576269,0.4425090138551332,0.8135822352929004,1.0902205973558523,2.004443034576269
M2,20,SmartAspirationNegotiator,GeniusBOABaselineNegotiator,LinearTBNegotiator,0.55,0.5104177855340404,20,9.6,5.471457036773948,20,0.45997766323011885,0.42623254332557403,20,0.41843299031212033,0.38763280475197487,20,0.33825626617767296,0.31336268249968297,20,0.4986097144465679,0.46190292700426683,20,1.2968436438543596,1.2014981528295239,20,0.33825626617767296,0.31336268249968297,20,0.16035344826889492,0.14854024450458378,20,0.4843250340148404,0.5196674576268632,20,1.1668815305954525,1.2014981528295239,20,0.47362487614148574,0.4876753971139808,20,1.1668815305954525,1.2014981528295239,20,0.22370045761428853,2.3979717745584384,0.18680464845532713,0.1698875671399266,0.13733725089747106,0.2024378833823821,0.5265797827351802,0.13733725089747106,0.06510063248491102,0.22775430514583886,0.5265797827351802,0.21373316642460888,0.5265797827351802,0.35,0.75,7.3,11.80125,0.29296446133723614,0.6269908651230016,0.26654455078746625,0.5703214298367745,0.18477283976659212,0.4610430073065376,0.31761957652612427,0.6795998523670115,0.8260535629121686,1.7676337247965506,0.21546952504880826,0.4610430073065376,0.10215005147731604,0.23310769425836847,0.2807006806498239,0.6879493873798568,0.6960914496532616,1.6376716115376435,0.2825361598250136,0.6647135924579579,0.6960914496532616,1.6376716115376433
M2,20,SmartAspirationNegotiator,GeniusBOABaselineNegotiator,SmartAspirationNegotiator,0.4,0.5026246899500346,20,10.5,6.261830907633125,20,0.27678075992186496,0.3469233750676435,20,0.31980629928094323,0.4009267737827746,20,0.30130271968489986,0.3778606657466509,20,0.3383098788769866,0.4239928818188982,20,0.9163933584837514,1.1487769226331923,20,0.2767215819510272,0.3469729489163838,20,0.06158829692595944,0.07701993290251445,20,0.6265752034611813,0.5248869456167602,20,1.5473318159660607,1.1487769226331923,20,0.6280456245740168,0.46627640718479574,20,1.5473318159660607,1.1487769226331923,20,0.2202849828840144,2.744368396323067,0.15204587292844168,0.175713905954881,0.1656047383880362,0.18582307352172583,0.5034736848382037,0.15206759962559682,0.03375547389612901,0.23004184661665697,0.5034736848382037,0.2043546455828366,0.5034736848382037,0.15,0.6,7.85,13.35,0.13873605897327818,0.41482546087045175,0.1602730404501324,0.5192228728194567,0.15094772387909744,0.4516577154907022,0.16959835702116732,0.5070214007328059,0.45928213987354277,1.37350457709396,0.10414104827744464,0.41478600888989325,0.03094120200900623,0.09223539184291266,0.4177168023074542,0.8354336046149085,1.0902205973558523,2.004443034576269,0.4425090138551332,0.8135822352929004,0.9759427927033002,2.004443034576269
M2,20,SmartAspirationNegotiator,LinearTBNegotiator,BoulwareTBNegotiator,0.4,0.5026246899500346,20,10.5,6.261830907633125,20,0.2696696488107539,0.3379878250240873,20,0.3024481288005685,0.37911516114327903,20,0.3019468420681527,0.37867004527958176,20,0.3029494155329842,0.37956027700697625,20,0.8745659064118909,1.0962181473106456,20,0.2696104708399161,0.3380373988728277,20,0.033338944693068084,0.04152287813414861,20,0.636322748421288,0.5126385537083912,20,1.5891592680379212,1.0962181473106456,20,0.6450229451394899,0.4449433559712877,20,1.5891592680379212,1.0962181473106456,20,0.2202849828840144,2.744368396323067,0.14812969545494806,0.16615454523696313,0.16595946460846134,0.16634962586546487,0.4804387859288744,0.14815142215210328,0.0181982037133616,0.2246737521799113,0.4804387859288744,0.19500502365738248,0.4804387859288744,0.2,0.6,7.65,13.05,0.13518050341772264,0.4041587942037852,0.151593955209945,0.45330230239119185,0.1512697850707239,0.45262389906558165,0.1519181253491661,0.4539807057168022,0.43836841383761255,1.313489633314756,0.1351015994566056,0.40411934222322665,0.016816525892560552,0.04986136349357562,0.43233811974761416,0.8403073770949618,1.1529617754636425,2.0253567606121994,0.423713007094306,0.8220708955756371,1.1529617754636425,2.0253567606121994
M2,20,SmartAspirationNegotiator,LinearTBNegotiator,ConcederTBNegotiator,0.65,0.4893604849295929,20,6.15,2.7772572611727635,20,0.6410315093963213,0.48208794922324577,20,0.30446860102914297,0.2286659728515122,20,0.17689841468868558,0.13273390199684976,20,0.4320387873696003,0.3245980437061746,20,1.2499687114546072,0.9394198949262701,20,0.17689841468868558,0.13273390199684976,20,0.4642015117068656,0.3492583884380516,20,0.36550220201902245,0.5110352423510368,20,1.213756462995205,0.9394198949262703,20,0.4926509156063868,0.3813006031145731,20,1.213756462995205,0.9394198949262703,20,0.21447168872174688,1.2171866612894884,0.21128435941694232,0.10021728124967212,0.05817319744561522,0.14226136505372902,0.41171892191628656,0.05817319744561522,0.15306923765886396,0.22397106999581953,0.4117189219162866,0.16711235741146727,0.4117189219162866,0.45,0.85,4.85,7.2,0.4440037705127427,0.8380592482798997,0.2110135796722748,0.39792362238601103,0.12265051111471928,0.23114631826265195,0.29854750986020756,0.5647009265093702,0.7700464844579638,1.6339064930519218,0.12265051111471928,0.231146318262652,0.32146077182538474,0.6069422515883464,0.15664380086529534,0.5743606031727495,0.8298186813978903,1.5976942445925197,0.33681462932780304,0.6484872018849706,0.8298186813978903,1.5976942445925197
M2,20,SmartAspirationNegotiator,LinearTBNegotiator,GeniusBOABaselineNegotiator,0.4,0.5026246899500346,20,10.5,6.261830907633125,20,0.27678075992186496,0.3469233750676435,20,0.31980629928094323,0.4009267737827746,20,0.30130271968489986,0.3778606657466509,20,0.3383098788769866,0.4239928818188982,20,0.9163933584837514,1.1487769226331923,20,0.2767215819510272,0.3469729489163838,20,0.06158829692595944,0.07701993290251445,20,0.6265752034611813,0.5248869456167602,20,1.5473318159660607,1.1487769226331923,20,0.6280456245740168,0.46627640718479574,20,1.5473318159660607,1.1487769226331923,20,0.2202849828840144,2.744368396323067,0.15204587292844168,0.175713905954881,0.1656047383880362,0.18582307352172583,0.5034736848382037,0.15206759962559682,0.03375547389612901,0.23004184661665697,0.5034736848382037,0.2043546455828366,0.5034736848382037,0.2,0.6,7.8987500000000015,13.1,0.13873605897327818,0.41482546087045175,0.1602730404501324,0.479339558111754,0.15094772387909744,0.4516577154907022,0.16959835702116732,0.5070214007328059,0.45928213987354277,1.37350457709396,0.13865715501216114,0.41478600888989325,0.03094120200900623,0.09223539184291266,0.4177168023074542,0.8354336046149085,1.0902205973558523,2.004443034576269,0.44250901385513314,0.8135822352929004,1.0902205973558523,2.004443034576269
M2,20,SmartAspirationNegotiator,LinearTBNegotiator,LinearTBNegotiator,0.55,0.5104177855340404,20,9.05,5.010252646219287,20,0.47953321878567445,0.4443807312556733,20,0.36664144209902993,0.3395685732096019,20,0.288658842667206,0.26733466963348934,20,0.44462404153085383,0.41180247678571447,20,1.212816102983734,1.1235178776748769,20,0.288658842667206,0.26733466963348934,20,0.19096234083176394,0.17694628661292738,20,0.469931402595886,0.5330252130353283,20,1.250909071466078,1.1235178776748769,20,0.5077307665800936,0.45602402789336105,20,1.250909071466078,1.1235178776748769,20,0.22370045761428853,2.195840038273328,0.19475844250383517,0.14882248889297958,0.11716458483241446,0.1804803929535448,0.49240342028979434,0.11716458483241446,0.07755012934560265,0.23360859957338703,0.49240342028979434,0.19986134224559182,0.49240342028979434,0.35,0.75,6.75,11.15,0.30540890578168056,0.6536575317896682,0.23358629283368143,0.4996965913643784,0.1839075282694202,0.3934101570649918,0.2832650573979426,0.605983025663765,0.7725814914490432,1.6530507145184248,0.18325283255443464,0.41959798566443823,0.10429496185916812,0.26029624400984075,0.2610730014421589,0.6787898037496131,0.8106744599313871,1.6911436830007687,0.32904419224129716,0.6864173409188903,0.8106744599313872,1.6911436830007691
M2,20,SmartAspirationNegotiator,LinearTBNegotiator,SmartAspirationNegotiator,0.4,0.5026246899500346,20,10.5,6.261830907633125,20,0.27678075992186496,0.3469233750676435,20,0.31980629928094323,0.4009267737827746,20,0.30130271968489986,0.3778606657466509,20,0.3383098788769866,0.4239928818188982,20,0.9163933584837514,1.1487769226331923,20,0.2767215819510272,0.3469729489163838,20,0.06158829692595944,0.07701993290251445,20,0.6265752034611813,0.5248869456167602,20,1.5473318159660607,1.1487769226331923,20,0.6280456245740168,0.46627640718479574,20,1.5473318159660607,1.1487769226331923,20,0.2202849828840144,2.744368396323067,0.15204587292844168,0.175713905954881,0.1656047383880362,0.18582307352172583,0.5034736848382037,0.15206759962559682,0.03375547389612901,0.23004184661665697,0.5034736848382037,0.2043546455828366,0.5034736848382037,0.2,0.6,7.547500000000002,13.05125,0.13873605897327818,0.41482546087045175,0.1602730404501324,0.4803366409794457,0.15094772387909744,0.4516577154907022,0.16959835702116732,0.5070214007328059,0.45928213987354277,1.37350457709396,0.13865715501216114,0.44930211562460975,0.03094120200900623,0.09223539184291266,0.4177168023074542,0.8354336046149085,1.0902205973558523,2.004443034576269,0.4425090138551332,0.8135822352929004,1.0902205973558523,2.004443034576269
M2,20,SmartAspirationNegotiator,SmartAspirationNegotiator,BoulwareTBNegotiator,0.4,0.5026246899500346,20,10.5,6.261830907633125,20,0.2696696488107539,0.3379878250240873,20,0.3024481288005685,0.37911516114327903,20,0.3019468420681527,0.37867004527958176,20,0.3029494155329842,0.37956027700697625,20,0.8745659064118909,1.0962181473106456,20,0.2696104708399161,0.3380373988728277,20,0.033338944693068084,0.04152287813414861,20,0.636322748421288,0.5126385537083912,20,1.5891592680379212,1.0962181473106456,20,0.6450229451394899,0.4449433559712877,20,1.5891592680379212,1.0962181473106456,20,0.2202849828840144,2.744368396323067,0.14812969545494806,0.16615454523696313,0.16595946460846134,0.16634962586546487,0.4804387859288744,0.14815142215210328,0.0181982037133616,0.2246737521799113,0.4804387859288744,0.19500502365738248,0.4804387859288744,0.2,0.6,7.498750000000001,13.0,0.13518050341772264,0.4041587942037852,0.151593955209945,0.45330230239119185,0.15126978507072392,0.4535656306718147,0.1519181253491661,0.45492465128045023,0.43836841383761255,1.3107633989861691,0.1351015994566056,0.40411934222322665,0.016816525892560552,0.04986136349357562,0.43233811974761405,0.8403073770949618,1.0439124023200734,2.0253567606121994,0.4679749947033427,0.8220708955756371,1.0439124023200734,2.0253567606121994
M2,20,SmartAspirationNegotiator,SmartAspirationNegotiator,ConcederTBNegotiator,0.55,0.5104177855340404,20,9.6,5.471457036773948,20,0.4683142856333052,0.4339691984998792,20,0.41849178279027965,0.38768736607289866,20,0.35738619681300376,0.3311158767402381,20,0.47959736876755554,0.4442588554055592,20,1.3052978512138644,1.2093439306456766,20,0.35738619681300376,0.3311158767402381,20,0.1222111719545518,0.1131429786653211,20,0.469931402595886,0.5330252130353283,20,1.1584273232359477,1.2093439306456766,20,0.4701934027583423,0.4908599153782408,20,1.1584273232359477,1.2093439306456766,20,0.22370045761428853,2.3979717745584384,0.1901953870854186,0.16991147969314202,0.14511793132884032,0.19470502805744372,0.5300183464717027,0.14511793132884032,0.04958709672860341,0.23360859957338703,0.5300183464717027,0.215128843090246,0.5300183464717027,0.35,0.75,7.2,11.8,0.2982695846847183,0.6383589865818919,0.2665819641826585,0.5704016013979006,0.22764311727129147,0.4871292763547158,0.30552081109402546,0.6536739264410855,0.8314335130500353,1.7791621893776934,0.22764311727129147,0.4871292763547159,0.07787769382273406,0.1665446500863696,0.2610730014421589,0.6787898037496131,0.6845629850721187,1.6322916613997769,0.2778568779389089,0.6625299275777757,0.6845629850721187,1.6322916613997769
M2,20,SmartAspirationNegotiator,SmartAspirationNegotiator,GeniusBOABaselineNegotiator,0.4,0.5026246899500346,20,10.5,6.261830907633125,20,0.27678075992186496,0.3469233750676435,20,0.31980629928094323,0.4009267737827746,20,0.30130271968489986,0.3778606657466509,20,0.3383098788769866,0.4239928818188982,20,0.9163933584837514,1.1487769226331923,20,0.2767215819510272,0.3469729489163838,20,0.06158829692595944,0.07701993290251445,20,0.6265752034611813,0.5248869456167602,20,1.5473318159660607,1.1487769226331923,20,0.6280456245740168,0.46627640718479574,20,1.5473318159660607,1.1487769226331923,20,0.2202849828840144,2.744368396323067,0.15204587292844168,0.175713905954881,0.1656047383880362,0.18582307352172583,0.5034736848382037,0.15206759962559682,0.03375547389612901,0.23004184661665697,0.5034736848382037,0.2043546455828366,0.5034736848382037,0.2,0.6012499999999988,7.65,13.002499999999998,0.13873605897327818,0.44933663610759833,0.1602730404501324,0.479339558111754,0.15094772387909744,0.4892464644421528,0.16959835702116732,0.5070214007328059,0.45928213987354277,1.37350457709396,0.13865715501216114,0.41478600888989325,0.03094120200900623,0.09223539184291266,0.4177168023074542,0.8354336046149085,1.0902205973558523,2.004443034576269,0.44250901385513314,0.8135822352929004,0.9759427927033002,2.004443034576269
M2,20,SmartAspirationNegotiator,SmartAspirationNegotiator,LinearTBNegotiator,0.55,0.5104177855340404,20,9.6,5.471457036773948,20,0.4683142856333052,0.4339691984998792,20,0.41849178279027965,0.38768736607289866,20,0.35738619681300376,0.3311158767402381,20,0.47959736876755554,0.4442588554055592,20,1.3052978512138644,1.2093439306456766,20,0.35738619681300376,0.3311158767402381,20,0.1222111719545518,0.1131429786653211,20,0.469931402595886,0.5330252130353283,20,1.1584273232359477,1.2093439306456766,20,0.4701934027583423,0.4908599153782408,20,1.1584273232359477,1.2093439306456766,20,0.22370045761428853,2.3979717745584384,0.1901953870854186,0.16991147969314202,0.14511793132884032,0.19470502805744372,0.5300183464717027,0.14511793132884032,0.04958709672860341,0.23360859957338703,0.5300183464717027,0.215128843090246,0.5300183464717027,0.35,0.75,7.1975000000000025,11.80125,0.2972068053037906,0.6383589865818919,0.2665819641826585,0.5704016013979006,0.22764311727129147,0.4871292763547158,0.3044328326085669,0.6536739264410855,0.8314335130500353,1.7791621893776934,0.22764311727129147,0.4871292763547158,0.06679432428977963,0.1665446500863696,0.26107300144215884,0.6787898037496131,0.6845629850721187,1.6322916613997769,0.2778568779389089,0.6625299275777757,0.6845629850721187,1.6322916613997769
M2,20,SmartAspirationNegotiator,SmartAspirationNegotiator,SmartAspirationNegotiator,0.4,0.5026246899500346,20,10.5,6.261830907633125,20,0.27678075992186496,0.3469233750676435,20,0.31980629928094323,0.4009267737827746,20,0.30130271968489986,0.3778606657466509,20,0.3383098788769866,0.4239928818188982,20,0.9163933584837514,1.1487769226331923,20,0.2767215819510272,0.3469729489163838,20,0.06158829692595944,0.07701993290251445,20,0.6265752034611813,0.5248869456167602,20,1.5473318159660607,1.1487769226331923,20,0.6280456245740168,0.46627640718479574,20,1.5473318159660607,1.1487769226331923,20,0.2202849828840144,2.744368396323067,0.15204587292844168,0.175713905954881,0.1656047383880362,0.18582307352172583,0.5034736848382037,0.15206759962559682,0.03375547389612901,0.23004184661665697,0.5034736848382037,0.2043546455828366,0.5034736848382037,0.2,0.6,7.75,13.0,0.13873605897327818,0.41482546087045175,0.1602730404501324,0.479339558111754,0.15094772387909744,0.4892464644421528,0.16959835702116732,0.5070214007328059,0.45928213987354277,1.37350457709396,0.13865715501216114,0.41478600888989325,0.03094120200900623,0.09242693618614344,0.4177168023074542,0.8354336046149085,1.0902205973558523,2.004443034576269,0.4425090138551332,0.8135822352929004,0.9759427927033002,2.004443034576269
M2,40,BoulwareTBNegotiator,BoulwareTBNegotiator,BoulwareTBNegotiator,0.2,0.41039134083406165,20,15.55,11.245934938082247,20,0.1264094928803041,0.2579681696527614,20,0.14671578289446888,0.29953643446451195,20,0.13114307006940124,0.26788364949063664,20,0.1622884957195365,0.33118921943838736,20,0.4198410586692418,0.8570410385817853,20,0.12633058891918705,0.2580086465307614,20,0.03595790680034945,0.07318057290762593,20,0.8562334701864669,0.3858879728642814,20,2.0438841157805703,0.8570410385817853,20,0.8295909531536939,0.3478638962940238,20,2.0438841157805703,0.8570410385817853,20,0.1798619353545204,4.9287482984499915,0.11305953522145548,0.13127763052330965,0.11740518586307093,0.14515007518354844,0.37561479626807476,0.11307727499539756,0.032072800188150875,0.16912286084872896,0.37561479626807476,0.15245807453014937,0.37561479626807476,0.05,0.4,10.9,20.3025,0.03212089173859454,0.25212762773591685,0.03723378193810839,0.2926917841696162,0.033230313572321604,0.26169341206550745,0.041237250303895176,0.32369015627372494,0.10658845561481134,0.8375111960751489,0.03202719328476805,0.25206844976507903,0.009210057019127128,0.07162170650864588,0.6681749346042982,0.9972773718730934,1.626213978374663,2.357136718835001,0.6600630602956038,0.9567368727972614,1.626213978374663,2.357136718835001
M2,40,BoulwareTBNegotiator,BoulwareTBNegotiator,ConcederTBNegotiator,0.25,0.44426165831931935,20,14.35,9.538150543447806,20,0.2117680871824053,0.3750931909128953,20,0.1781031433690454,0.3151829648640865,20,0.1379066534291613,0.24401324875572944,20,0.21829963330892949,0.38635268097244363,20,0.5679743739204961,1.0054591206410681,20,0.1379066534291613,0.24401324875572944,20,0.0803929798797682,0.1423394322167142,20,0.7966296555947576,0.44010754556602777,20,1.895750800529316,1.0054591206410681,20,0.7694652066672438,0.40810522661708926,20,1.895750800529316,1.0054591206410681,20,0.19470625648856146,4.180278786976068,0.16439183906459387,0.13813502481806092,0.10694352147916189,0.16932652815696,0.44066188870071565,0.10694352147916189,0.06238300667779811,0.19288563630205993,0.44066188870071565,0.17886000162299853,0.44066188870071565,0.05,0.45,10.398750000000001,18.201249999999998,0.042906703856234144,0.38062947050857643,0.03621245396926633,0.3199938327688245,0.05551829821564156,0.24775779371385429,0.08785195442278067,0.3922298718237946,0.22849230232619916,1.0206171360462255,0.02805551314446831,0.24775779371385429,0.03233365620713909,0.1444720781099404,0.5984997754556554,0.9452270656990844,1.4431080384035868,2.235232872123613,0.5857422951916117,0.9084056584706895,1.4431080384035868,2.3483935626550454
M2,40,BoulwareTBNegotiator,BoulwareTBNegotiator,GeniusBOABaselineNegotiator,0.2,0.41039134083406165,20,15.55,11.245934938082247,20,0.1264094928803041,0.2579681696527614,20,0.14671578289446888,0.29953643446451195,20,0.13114307006940124,0.26788364949063664,20,0.1622884957195365,0.33118921943838736,20,0.4198410586692418,0.8570410385817853,20,0.12633058891918705,0.2580086465307614,20,0.03595790680034945,0.07318057290762593,20,0.8562334701864669,0.3858879728642814,20,2.0438841157805703,0.8570410385817853,20,0.8295909531536939,0.3478638962940238,20,2.0438841157805703,0.8570410385817853,20,0.1798619353545204,4.9287482984499915,0.11305953522145548,0.13127763052330965,0.11740518586307093,0.14515007518354844,0.37561479626807476,0.11307727499539756,0.032072800188150875,0.16912286084872896,0.37561479626807476,0.15245807453014937,0.37561479626807476,0.05,0.4,10.9,20.4,0.03212089173859454,0.25212762773591685,0.03723378193810839,0.2926917841696162,0.033230313572321604,0.26169341206550745,0.041237250303895176,0.3236901562737249,0.10658845561481134,0.8375111960751491,0.03202719328476805,0.25206844976507903,0.009210057019127128,0.07162170650864588,0.6681749346042982,0.9972773718730934,1.626213978374663,2.357136718835001,0.6600630602956038,0.9567368727972614,1.626213978374663,2.357136718835001
M2,40,BoulwareTBNegotiator,BoulwareTBNegotiator,LinearTBNegotiator,0.25,0.44426165831931935,20,14.35,9.538150543447806,20,0.2117680871824053,0.3750931909128953,20,0.1781031433690454,0.3151829648640865,20,0.1379066534291613,0.24401324875572944,20,0.21829963330892949,0.38635268097244363,20,0.5679743739204961,1.0054591206410681,20,0.1379066534291613,0.24401324875572944,20,0.0803929798797682,0.1423394322167142,20,0.7966296555947576,0.44010754556602777,20,1.895750800529316,1.0054591206410681,20,0.7694652066672438,0.40810522661708926,20,1.895750800529316,1.0054591206410681,20,0.19470625648856146,4.180278786976068,0.16439183906459387,0.13813502481806092,0.10694352147916189,0.16932652815696,0.44066188870071565,0.10694352147916189,0.06238300667779811,0.19288563630205993,0.44066188870071565,0.17886000162299853,0.44066188870071565,0.05,0.45,10.248750000000001,18.401249999999997,0.042906703856234144,0.38062947050857643,0.03621245396926633,0.3199938327688245,0.05551829821564156,0.24775779371385429,0.08785195442278065,0.3922298718237946,0.11533161179476684,1.0206171360462255,0.05551829821564156,0.24775779371385429,0.03233365620713909,0.14447207810994037,0.5984997754556554,0.9464653774499527,1.4431080384035868,2.235232872123613,0.5857422951916117,0.9531881181428756,1.4431080384035868,2.3483935626550454
M2,40,BoulwareTBNegotiator,BoulwareTBNegotiator,SmartAspirationNegotiator,0.2,0.41039134083406165,20,15.55,11.245934938082247,20,0.16718050341772261,0.3416285180608156,20,0.163117914309499,0.33319289798426555,20,0.13935352098054674,0.2847311392820228,20,0.18688230763845132,0.3816546566865082,20,0.49341633203672064,1.0080143140293467,20,0.13935352098054674,0.2847311392820228,20,0.04752878665790457,0.09692351740448535,20,0.8354336046149085,0.42856839646968203,20,1.9703088424130915,1.0080143140293467,20,0.7997275275855765,0.4091423525980131,20,1.9703088424130915,1.0080143140293467,20,0.1798619353545204,4.9287482984499915,0.14972529952955366,0.14602822602454218,0.12478892381813046,0.1672675282309539,0.441781751578638,0.12478892381813046,0.04247860441282339,0.1878283812328008,0.441781751578638,0.17931454212513562,0.441781751578638,0.05,0.4,10.798750000000002,20.452499999999997,0.04231364437294917,0.3336696488107539,0.04133431479186593,0.28490151382713214,0.03528292630010797,0.24342411566098554,0.04738570328362388,0.37287778011155454,0.12498227395668104,0.9846617428101068,0.03528292630010797,0.2781143138877984,0.012102776983515907,0.08295479633229322,0.6265752034611813,0.9920774054802038,1.4790634316397053,2.338742900493131,0.6003362091593691,0.949271016405232,1.6018747843330516,2.338742900493131
M2,40,BoulwareTBNegotiator,ConcederTBNegotiator,BoulwareTBNegotiator,0.2,0.41039134083406165,20,15.55,11.245934938082247,20,0.1264094928803041,0.2579681696527614,20,0.14671578289446888,0.29953643446451195,20,0.13114307006940124,0.26788364949063664,20,0.1622884957195365,0.33118921943838736,20,0.4198410586692418,0.8570410385817853,20,0.12633058891918705,0.2580086465307614,20,0.03595790680034945,0.07318057290762593,20,0.8562334701864669,0.3858879728642814,20,2.0438841157805703,0.8570410385817853,20,0.8295909531536939,0.3478638962940238,20,2.0438841157805703,0.8570410385817853,20,0.1798619353545204,4.9287482984499915,0.11305953522145548,0.13127763052330965,0.11740518586307093,0.14515007518354844,0.37561479626807476,0.11307727499539756,0.032072800188150875,0.16912286084872896,0.37561479626807476,0.15245807453014937,0.37561479626807476,0.05,0.4,10.896250000000004,20.75,0.03212089173859454,0.25212762773591685,0.03723378193810839,0.2926917841696162,0.033230313572321604,0.26169341206550745,0.041237250303895176,0.3236901562737249,0.10658845561481134,0.8375111960751489,0.03202719328476805,0.25206844976507903,0.009210057019127128,0.07162170650864588,0.6681749346042982,0.9972773718730934,1.728021074367355,2.357136718835001,0.7024450335101262,0.9567368727972614,1.626213978374663,2.357136718835001
M2,40,BoulwareTBNegotiator,ConcederTBNegotiator,ConcederTBNegotiator,0.55,0.5104177855340404,20,8.3,3.9081561138887873,20,0.5503111111111111,0.5100649041020663,20,0.2571767020507559,0.23798175464687568,20,0.16765803198080884,0.15504200447280847,20,0.34669537212070295,0.32092150482094295,20,1.0646645152126228,0.9860284133958177,20,0.16765803198080884,0.15504200447280847,20,0.38274104384359775,0.35492312462000125,20,0.469931402595886,0.5330252130353282,20,1.3990606592371893,0.9860284133958177,20,0.5678639296891631,0.40021850798192743,20,1.3990606592371893,0.9860284133958177,20,0.22370045761428853,1.7128249365180006,0.22354580050778977,0.10430010263583772,0.06795015442832913,0.14065005084334636,0.43214600577946527,0.06795015442832913,0.15555191775364258,0.233608599573387,0.43214600577946527,0.17540349478142184,0.43214600577946527,0.35,0.75,6.55,9.9,0.3504493827160494,0.7501728395061729,0.16392691280296157,0.35042649129855025,0.10690701237807658,0.22840905158354113,0.22094681322784662,0.4724439310135592,0.6783032083219726,1.4510258221032735,0.10690701237807658,0.22840905158354113,0.20890152713835017,0.5218126572077958,0.26107300144215884,0.7310044040380449,1.0126993523465386,1.7854219661278397,0.4110439601173009,0.7246838992610253,1.0126993523465386,1.882012292850502
M2,40,BoulwareTBNegotiator,ConcederTBNegotiator,GeniusBOABaselineNegotiator,0.2,0.41039134083406165,20,15.55,11.245934938082247,20,0.1264094928803041,0.2579681696527614,20,0.14671578289446888,0.29953643446451195,20,0.13114307006940124,0.26788364949063664,20,0.1622884957195365,0.33118921943838736,20,0.4198410586692418,0.8570410385817853,20,0.12633058891918705,0.2580086465307614,20,0.03595790680034945,0.07318057290762593,20,0.8562334701864669,0.3858879728642814,20,2.0438841157805703,0.8570410385817853,20,0.8295909531536939,0.3478638962940238,20,2.0438841157805703,0.8570410385817853,20,0.1798619353545204,4.9287482984499915,0.11305953522145548,0.13127763052330965,0.11740518586307093,0.14515007518354844,0.37561479626807476,0.11307727499539756,0.032072800188150875,0.16912286084872896,0.37561479626807476,0.15245807453014937,0.37561479626807476,0.05,0.4,10.795000000000005,20.6,0.03212089173859454,0.25212762773591685,0.03723378193810839,0.2926917841696162,0.033230313572321604,0.26169341206550745,0.041237250303895176,0.3236901562737249,0.10658845561481134,0.8375111960751489,0.03202719328476805,0.25206844976507903,0.009210057019127128,0.07162170650864588,0.6681749346042982,0.9972773718730934,1.7280210743673545,2.357136718835001,0.6600630602956038,0.9567368727972612,1.626213978374663,2.357136718835001
M2,40,BoulwareTBNegotiator,ConcederTBNegotiator,LinearTBNegotiator,0.25,0.44426165831931935,20,14.1,9.221827653082544,20,0.22723563816857256,0.4025797503179084,20,0.1470226685532202,0.2599515117319651,20,0.10898758765667867,0.19262272028721505,20,0.18505774944976172,0.32728030317671525,20,0.5212809752750129,0.9224827737818385,20,0.10898758765667867,0.19262272028721505,20,0.11839465836738643,0.20987018703202165,20,0.7832190043264766,0.46393889825238216,20,1.942444199174799,0.9224827737818385,20,0.788417563500595,0.3744260047137129,20,1.942444199174799,0.9224827737818385,20,0.19470625648856146,4.041644167779663,0.1764383548628442,0.11392877321295558,0.08442062932833556,0.1434369170975756,0.4042959012887553,0.08442062932833556,0.09197966491222226,0.20333018712414222,0.4042959012887553,0.16409943182036968,0.4042959012887553,0.05,0.45,10.298750000000002,18.35125,0.09130907008224384,0.4084710622836775,0.059252936392881005,0.26404897810033906,0.04340869760873207,0.19570347532338556,0.03772101802223081,0.3323944808772926,0.1059929320656702,0.9365690184843558,0.043950671906648496,0.19570347532338556,0.047534327602186385,0.2128750993876532,0.5743606031727495,0.9920774054802038,1.5271561559654565,2.2539102315818065,0.6198565374916436,0.9158918394198632,1.5271561559654565,2.2539102315818065
M2,40,BoulwareTBNegotiator,ConcederTBNegotiator,SmartAspirationNegotiator,0.2,0.41039134083406165,20,15.55,11.245934938082247,20,0.16718050341772261,0.3416285180608156,20,0.163117914309499,0.33319289798426555,20,0.13935352098054674,0.2847311392820228,20,0.18688230763845132,0.3816546566865082,20,0.49341633203672064,1.0080143140293467,20,0.13935352098054674,0.2847311392820228,20,0.04752878665790457,0.09692351740448535,20,0.8354336046149085,0.42856839646968203,20,1.9703088424130915,1.0080143140293467,20,0.7997275275855765,0.4091423525980131,20,1.9703088424130915,1.0080143140293467,20,0.1798619353545204,4.9287482984499915,0.14972529952955366,0.14602822602454218,0.12478892381813046,0.1672675282309539,0.441781751578638,0.12478892381813046,0.04247860441282339,0.1878283812328008,0.441781751578638,0.17931454212513562,0.441781751578638,0.05,0.4,10.85,19.952499999999997,0.04231364437294917,0.3336696488107539,0.04133431479186593,0.3254960469996765,0.03528292630010797,0.2781143138877984,0.04738570328362388,0.3728777801115545,0.12498227395668104,0.9846617428101065,0.03528292630010797,0.27811431388779845,0.012102776983515907,0.09476346622375612,0.6265752034611813,0.9920774054802038,1.4790634316397053,2.338742900493131,0.600336209159369,0.949271016405232,1.4790634316397053,2.338742900493131
M2,40,BoulwareTBNegotiator,GeniusBOABaselineNegotiator,BoulwareTBNegotiator,0.2,0.41039134083406165,20,15.55,11.245934938082247,20,0.1264094928803041,0.2579681696527614,20,0.14671578289446888,0.29953643446451195,20,0.13114307006940124,0.26788364949063664,20,0.1622884957195365,0.33118921943838736,20,0.4198410586692418,0.8570410385817853,20,0.12633058891918705,0.2580086465307614,20,0.03595790680034945,0.07318057290762593,20,0.8562334701864669,0.3858879728642814,20,2.0438841157805703,0.8570410385817853,20,0.8295909531536939,0.3478638962940238,20,2.0438841157805703,0.8570410385817853,20,0.1798619353545204,4.9287482984499915,0.11305953522145548,0.13127763052330965,0.11740518586307093,0.14515007518354844,0.37561479626807476,0.11307727499539756,0.032072800188150875,0.16912286084872896,0.37561479626807476,0.15245807453014937,0.37561479626807476,0.05,0.4,10.95,20.25125,0.03212089173859454,0.25212762773591685,0.03723378193810839,0.2926917841696162,0.033230313572321604,0.26169341206550745,0.041237250303895176,0.2833397411351778,0.10658845561481134,0.7330936617236723,0.03202719328476805,0.25206844976507903,0.009210057019127128,0.07162170650864588,0.6681749346042982,0.9972773718730934,1.626213978374663,2.357136718835001,0.7024450335101262,0.9567368727972612,1.626213978374663,2.357136718835001
M2,40,BoulwareTBNegotiator,GeniusBOABaselineNegotiator,ConcederTBNegotiator,0.25,0.44426165831931935,20,14.35,9.538150543447806,20,0.2117680871824053,0.3750931909128953,20,0.1781031433690454,0.3151829648640865,20,0.1379066534291613,0.24401324875572944,20,0.21829963330892949,0.38635268097244363,20,0.5679743739204961,1.0054591206410681,20,0.1379066534291613,0.24401324875572944,20,0.0803929798797682,0.1423394322167142,20,0.7966296555947576,0.44010754556602777,20,1.895750800529316,1.0054591206410681,20,0.7694652066672438,0.40810522661708926,20,1.895750800529316,1.0054591206410681,20,0.19470625648856146,4.180278786976068,0.16439183906459387,0.13813502481806092,0.10694352147916189,0.16932652815696,0.44066188870071565,0.10694352147916189,0.06238300667779811,0.19288563630205993,0.44066188870071565,0.17886000162299853,0.44066188870071565,0.05,0.45,10.55,18.55,0.042906703856234144,0.38062947050857643,0.036212453969266326,0.3199938327688244,0.05483172858886285,0.24775779371385429,0.04436939479406436,0.3922298718237946,0.22849230232619916,1.0206171360462255,0.05551829821564156,0.24775779371385429,0.01631388164959606,0.1444720781099404,0.5984997754556554,0.9452270656990844,1.4431080384035868,2.235232872123613,0.5857422951916117,0.9531881181428756,1.4431080384035868,2.2380618893868967
M2,40,BoulwareTBNegotiator,GeniusBOABaselineNegotiator,GeniusBOABaselineNegotiator,0.2,0.41039134083406165,20,15.55,11.245934938082247,20,0.1264094928803041,0.2579681696527614,20,0.14671578289446888,0.29953643446451195,20,0.13114307006940124,0.26788364949063664,20,0.1622884957195365,0.33118921943838736,20,0.4198410586692418,0.8570410385817853,20,0.12633058891918705,0.2580086465307614,20,0.03595790680034945,0.07318057290762593,20,0.8562334701864669,0.3858879728642814,20,2.0438841157805703,0.8570410385817853,20,0.8295909531536939,0.3478638962940238,20,2.0438841157805703,0.8570410385817853,20,0.1798619353545204,4.9287482984499915,0.11305953522145548,0.13127763052330965,0.11740518586307093,0.14515007518354844,0.37561479626807476,0.11307727499539756,0.032072800188150875,0.16912286084872896,0.37561479626807476,0.15245807453014937,0.37561479626807476,0.05,0.4,10.748750000000001,20.2,0.03212089173859454,0.25212762773591685,0.03723378193810839,0.2926917841696162,0.033230313572321604,0.26169341206550745,0.041237250303895176,0.32369015627372494,0.10658845561481134,0.8375111960751489,0.03202719328476805,0.25206844976507903,0.009210057019127128,0.07162170650864588,0.6681749346042982,0.9972773718730934,1.626213978374663,2.357136718835001,0.6600630602956038,0.9567368727972612,1.7306315127261396,2.357136718835001
M2,40,BoulwareTBNegotiator,GeniusBOABaselineNegotiator,LinearTBNegotiator,0.25,0.44426165831931935,20,14.35,9.538150543447806,20,0.2117680871824053,0.3750931909128953,20,0.1781031433690454,0.3151829648640865,20,0.1379066534291613,0.24401324875572944,20,0.21829963330892949,0.38635268097244363,20,0.5679743739204961,1.0054591206410681,20,0.1379066534291613,0.24401324875572944,20,0.0803929798797682,0.1423394322167142,20,0.7966296555947576,0.44010754556602777,20,1.895750800529316,1.0054591206410681,20,0.7694652066672438,0.40810522661708926,20,1.895750800529316,1.0054591206410681,20,0.19470625648856146,4.180278786976068,0.16439183906459387,0.13813502481806092,0.10694352147916189,0.16932652815696,0.44066188870071565,0.10694352147916189,0.06238300667779811,0.19288563630205993,0.44066188870071565,0.17886000162299853,0.44066188870071565,0.05,0.45,10.2,18.45,0.08512204968777694,0.3806294705085765,0.07168512631921109,0.3199938327688244,0.05551829821564156,0.24775779371385429,0.04436939479406436,0.3922298718237946,0.11533161179476684,1.0206171360462255,0.05551829821564156,0.24775779371385429,0.03233365620713909,0.1444720781099404,0.5984997754556554,0.9452270656990844,1.4431080384035868,2.3483935626550454,0.5857422951916116,0.9072573902739679,1.4431080384035868,2.2380618893868967
M2,40,BoulwareTBNegotiator,GeniusBOABaselineNegotiator,SmartAspirationNegotiator,0.2,0.41039134083406165,20,15.55,11.245934938082247,20,0.16718050341772261,0.3416285180608156,20,0.163117914309499,0.33319289798426555,20,0.13935352098054674,0.2847311392820228,20,0.18688230763845132,0.3816546566865082,20,0.49341633203672064,1.0080143140293467,20,0.13935352098054674,0.2847311392820228,20,0.04752878665790457,0.09692351740448535,20,0.8354336046149085,0.42856839646968203,20,1.9703088424130915,1.0080143140293467,20,0.7997275275855765,0.4091423525980131,20,1.9703088424130915,1.0080143140293467,20,0.1798619353545204,4.9287482984499915,0.14972529952955366,0.14602822602454218,0.12478892381813046,0.1672675282309539,0.441781751578638,0.12478892381813046,0.04247860441282339,0.1878283812328008,0.441781751578638,0.17931454212513562,0.441781751578638,0.05,0.4,10.748750000000001,20.3,0.04231364437294917,0.3336696488107539,0.04133431479186593,0.3254960469996765,0.03528292630010797,0.2781143138877984,0.04738570328362388,0.3728777801115545,0.12498227395668104,0.8618503901167603,0.03528292630010797,0.24429137061665507,0.012102776983515907,0.09476346622375612,0.6265752034611813,0.9920774054802038,1.4790634316397053,2.338742900493131,0.600336209159369,0.949271016405232,1.4790634316397053,2.338742900493131
M2,40,BoulwareTBNegotiator,LinearTBNegotiator,BoulwareTBNegotiator,0.2,0.41039134083406165,20,15.55,11.245934938082247,20,0.1264094928803041,0.2579681696527614,20,0.14671578289446888,0.29953643446451195,20,0.13114307006940124,0.26788364949063664,20,0.1622884957195365,0.33118921943838736,20,0.4198410586692418,0.8570410385817853,20,0.12633058891918705,0.2580086465307614,20,0.03595790680034945,0.07318057290762593,20,0.8562334701864669,0.3858879728642814,20,2.0438841157805703,0.8570410385817853,20,0.8295909531536939,0.3478638962940238,20,2.0438841157805703,0.8570410385817853,20,0.1798619353545204,4.9287482984499915,0.11305953522145548,0.13127763052330965,0.11740518586307093,0.14515007518354844,0.37561479626807476,0.11307727499539756,0.032072800188150875,0.16912286084872896,0.37561479626807476,0.15245807453014937,0.37561479626807476,0.05,0.4,10.59875,20.50125,0.03212089173859454,0.25212762773591685,0.03723378193810839,0.2926917841696162,0.033230313572321604,0.26169341206550745,0.041237250303895176,0.3236901562737249,0.10658845561481134,0.8375111960751489,0.03202719328476805,0.25206844976507903,0.009210057019127128,0.07162170650864588,0.6681749346042982,0.9972773718730934,1.626213978374663,2.357136718835001,0.6600630602956038,0.9567368727972612,1.728021074367355,2.357136718835001
M2,40,BoulwareTBNegotiator,LinearTBNegotiator,ConcederTBNegotiator,0.5,0.512989176042577,20,11.0,6.078434701553735,20,0.48933547386800924,0.5013382847290345,20,0.23419473595404128,0.23951972933445065,20,0.12720531358466775,0.12990177183619883,20,0.34118415832341487,0.34913768683270247,20,0.9577249457760919,0.9803777433979358,20,0.12720531358466775,0.12990177183619883,20,0.3622278988536699,0.37133623523551507,20,0.5221460028843178,0.5357104955871025,20,1.5060002286737202,0.9803777433979358,20,0.6112695702799048,0.3979249607728139,20,1.5060002286737202,0.9803777433979358,20,0.2248274191931505,2.663991465135688,0.2197211909379441,0.10497414976185969,0.05693196167578801,0.15301633784793134,0.4296694904616635,0.05693196167578801,0.16274528064111102,0.23478547654100096,0.4296694904616635,0.17439830339746204,0.4296694904616635,0.3,0.7,8.44875,13.4,0.2938778275306821,0.6847931202053366,0.1408127542201534,0.3275767176879292,0.0765602793801187,0.19051160634035413,0.17103549674438143,0.47730308758664153,0.5755033359709888,1.3399465555811951,0.0765602793801187,0.17785034778921688,0.21654954766961992,0.5070014155583167,0.31328760173059067,0.7310044040380449,1.1237786188686172,1.8882218384788232,0.45612985998715316,0.7664092805726566,1.1237786188686172,1.8882218384788232
M2,40,BoulwareTBNegotiator,LinearTBNegotiator,GeniusBOABaselineNegotiator,0.2,0.41039134083406165,20,15.55,11.245934938082247,20,0.1264094928803041,0.2579681696527614,20,0.14671578289446888,0.29953643446451195,20,0.13114307006940124,0.26788364949063664,20,0.1622884957195365,0.33118921943838736,20,0.4198410586692418,0.8570410385817853,20,0.12633058891918705,0.2580086465307614,20,0.03595790680034945,0.07318057290762593,20,0.8562334701864669,0.3858879728642814,20,2.0438841157805703,0.8570410385817853,20,0.8295909531536939,0.3478638962940238,20,2.0438841157805703,0.8570410385817853,20,0.1798619353545204,4.9287482984499915,0.11305953522145548,0.13127763052330965,0.11740518586307093,0.14515007518354844,0.37561479626807476,0.11307727499539756,0.032072800188150875,0.16912286084872896,0.37561479626807476,0.15245807453014937,0.37561479626807476,0.05,0.4,10.75,20.5,0.03212089173859454,0.25212762773591685,0.03723378193810839,0.2926917841696162,0.033230313572321604,0.2290558265664809,0.041237250303895176,0.32369015627372494,0.10658845561481134,0.8375111960751491,0.03202719328476805,0.25206844976507903,0.009210057019127128,0.07162170650864588,0.6681749346042982,0.9972773718730934,1.626213978374663,2.357136718835001,0.6600630602956038,0.9567368727972612,1.6262139783746634,2.357136718835001
M2,40,BoulwareTBNegotiator,LinearTBNegotiator,LinearTBNegotiator,0.25,0.44426165831931935,20,14.1,9.221827653082544,20,0.22723563816857256,0.4025797503179084,20,0.1470226685532202,0.2599515117319651,20,0.10898758765667867,0.19262272028721505,20,0.18505774944976172,0.32728030317671525,20,0.5212809752750129,0.9224827737818385,20,0.10898758765667867,0.19262272028721505,20,0.11839465836738643,0.20987018703202165,20,0.7832190043264766,0.46393889825238216,20,1.942444199174799,0.9224827737818385,20,0.788417563500595,0.3744260047137129,20,1.942444199174799,0.9224827737818385,20,0.19470625648856146,4.041644167779663,0.1764383548628442,0.11392877321295558,0.08442062932833556,0.1434369170975756,0.4042959012887553,0.08442062932833556,0.09197966491222226,0.20333018712414222,0.4042959012887553,0.16409943182036968,0.4042959012887553,0.05,0.45,10.4,17.951249999999998,0.09017634868152545,0.4084710622836775,0.029996359006101293,0.26404897810033906,0.022271699989971784,0.19570347532338556,0.0377210180222308,0.3323944808772926,0.2098149428680059,0.9365690184843558,0.043950671906648496,0.19570347532338556,0.023914217347119703,0.21287509938765314,0.5743606031727496,0.9920774054802038,1.5271561559654565,2.2539102315818065,0.6198565374916436,0.9148383330073082,1.5271561559654565,2.357732242384142
M2,40,BoulwareTBNegotiator,LinearTBNegotiator,SmartAspirationNegotiator,0.2,0.41039134083406165,20,15.55,11.245934938082247,20,0.16718050341772261,0.3416285180608156,20,0.163117914309499,0.33319289798426555,20,0.13935352098054674,0.2847311392820228,20,0.18688230763845132,0.3816546566865082,20,0.49341633203672064,1.0080143140293467,20,0.13935352098054674,0.2847311392820228,20,0.04752878665790457,0.09692351740448535,20,0.8354336046149085,0.42856839646968203,20,1.9703088424130915,1.0080143140293467,20,0.7997275275855765,0.4091423525980131,20,1.9703088424130915,1.0080143140293467,20,0.1798619353545204,4.9287482984499915,0.14972529952955366,0.14602822602454218,0.12478892381813046,0.1672675282309539,0.441781751578638,0.12478892381813046,0.04247860441282339,0.1878283812328008,0.441781751578638,0.17931454212513562,0.441781751578638,0.05,0.4,10.95,20.35,0.04231364437294917,0.2920473624624961,0.04133431479186593,0.3254960469996765,0.03528292630010797,0.2781143138877984,0.04738570328362388,0.3728777801115545,0.12498227395668104,0.9846617428101068,0.03528292630010797,0.2781143138877984,0.012102776983515907,0.08295479633229322,0.6265752034611813,0.9920774054802038,1.4790634316397053,2.338742900493131,0.600336209159369,0.949271016405232,1.4790634316397053,2.338742900493131
M2,40,BoulwareTBNegotiator,SmartAspirationNegotiator,BoulwareTBNegotiator,0.2,0.41039134083406165,20,15.55,11.245934938082247,20,0.1264094928803041,0.2579681696527614,20,0.14671578289446888,0.29953643446451195,20,0.13114307006940124,0.26788364949063664,20,0.1622884957195365,0.33118921943838736,20,0.4198410586692418,0.8570410385817853,20,0.12633058891918705,0.2580086465307614,20,0.03595790680034945,0.07318057290762593,20,0.8562334701864669,0.3858879728642814,20,2.0438841157805703,0.8570410385817853,20,0.8295909531536939,0.3478638962940238,20,2.0438841157805703,0.8570410385817853,20,0.1798619353545204,4.9287482984499915,0.11305953522145548,0.13127763052330965,0.11740518586307093,0.14515007518354844,0.37561479626807476,0.11307727499539756,0.032072800188150875,0.16912286084872896,0.37561479626807476,0.15245807453014937,0.37561479626807476,0.05,0.4,11.1,20.75125,0.03212089173859454,0.25212762773591685,0.03723378193810839,0.2926917841696162,0.033230313572321604,0.2290558265664809,0.041237250303895176,0.2833397411351778,0.10658845561481134,0.8375111960751491,0.03202719328476805,0.25206844976507903,0.009210057019127128,0.07162170650864588,0.6681749346042982,0.9972773718730934,1.626213978374663,2.357136718835001,0.6600630602956038,0.9567368727972614,1.626213978374663,2.357136718835001
M2,40,BoulwareTBNegotiator,SmartAspirationNegotiator,ConcederTBNegotiator,0.25,0.44426165831931935,20,14.35,9.538150543447806,20,0.2117680871824053,0.3750931909128953,20,0.1781031433690454,0.3151829648640865,20,0.1379066534291613,0.24401324875572944,20,0.21829963330892949,0.38635268097244363,20,0.5679743739204961,1.0054591206410681,20,0.1379066534291613,0.24401324875572944,20,0.0803929798797682,0.1423394322167142,20,0.7966296555947576,0.44010754556602777,20,1.895750800529316,1.0054591206410681,20,0.7694652066672438,0.40810522661708926,20,1.895750800529316,1.0054591206410681,20,0.19470625648856146,4.180278786976068,0.16439183906459387,0.13813502481806092,0.10694352147916189,0.16932652815696,0.44066188870071565,0.10694352147916189,0.06238300667779811,0.19288563630205993,0.44066188870071565,0.17886000162299853,0.44066188870071565,0.1,0.45,10.447500000000002,18.201249999999998,0.08512204968777692,0.38062947050857643,0.036212453969266326,0.3199938327688244,0.02805551314446831,0.24775779371385429,0.08676489043206372,0.3922298718237946,0.11533161179476684,1.0206171360462255,0.028055513144468303,0.24775779371385429,0.01631388164959606,0.14447207810994037,0.5984997754556554,0.9947595357338599,1.4431080384035868,2.235232872123613,0.5857422951916117,0.9072573902739679,1.4431080384035868,2.348393562655045
M2,40,BoulwareTBNegotiator,SmartAspirationNegotiator,GeniusBOABaselineNegotiator,0.2,0.41039134083406165,20,15.55,11.245934938082247,20,0.1264094928803041,0.2579681696527614,20,0.14671578289446888,0.29953643446451195,20,0.13114307006940124,0.26788364949063664,20,0.1622884957195365,0.33118921943838736,20,0.4198410586692418,0.8570410385817853,20,0.12633058891918705,0.2580086465307614,20,0.03595790680034945,0.07318057290762593,20,0.8562334701864669,0.3858879728642814,20,2.0438841157805703,0.8570410385817853,20,0.8295909531536939,0.3478638962940238,20,2.0438841157805703,0.8570410385817853,20,0.1798619353545204,4.9287482984499915,0.11305953522145548,0.13127763052330965,0.11740518586307093,0.14515007518354844,0.37561479626807476,0.11307727499539756,0.032072800188150875,0.16912286084872896,0.37561479626807476,0.15245807453014937,0.37561479626807476,0.05,0.4,10.798750000000002,20.202499999999997,0.03212089173859454,0.22069809402201365,0.03723378193810839,0.2926917841696162,0.033230313572321604,0.26169341206550745,0.041237250303895176,0.32369015627372494,0.10658845561481134,0.8375111960751489,0.03202719328476805,0.25206844976507903,0.009210057019127128,0.07162170650864588,0.6681749346042982,0.9972773718730934,1.7306315127261396,2.357136718835001,0.6600630602956038,0.9567368727972612,1.626213978374663,2.357136718835001
M2,40,BoulwareTBNegotiator,SmartAspirationNegotiator,LinearTBNegotiator,0.25,0.44426165831931935,20,14.35,9.538150543447806,20,0.2117680871824053,0.3750931909128953,20,0.1781031433690454,0.3151829648640865,20,0.1379066534291613,0.24401324875572944,20,0.21829963330892949,0.38635268097244363,20,0.5679743739204961,1.0054591206410681,20,0.1379066534291613,0.24401324875572944,20,0.0803929798797682,0.1423394322167142,20,0.7966296555947576,0.44010754556602777,20,1.895750800529316,1.0054591206410681,20,0.7694652066672438,0.40810522661708926,20,1.895750800529316,1.0054591206410681,20,0.19470625648856146,4.180278786976068,0.16439183906459387,0.13813502481806092,0.10694352147916189,0.16932652815696,0.44066188870071565,0.10694352147916189,0.06238300667779811,0.19288563630205993,0.44066188870071565,0.17886000162299853,0.44066188870071565,0.05,0.45,10.05,18.55125,0.08512204968777692,0.38062947050857643,0.036212453969266326,0.3199938327688245,0.05551829821564156,0.24775779371385429,0.08785195442278064,0.3922298718237946,0.11533161179476684,1.0206171360462255,0.05551829821564156,0.24775779371385429,0.03193316184320088,0.14447207810994037,0.5984997754556554,0.9947595357338599,1.4431080384035868,2.348393562655045,0.5857422951916117,0.9072573902739679,1.4431080384035868,2.3483935626550454
M2,40,BoulwareTBNegotiator,SmartAspirationNegotiator,SmartAspirationNegotiator,0.2,0.41039134083406165,20,15.55,11.245934938082247,20,0.16718050341772261,0.3416285180608156,20,0.163117914309499,0.33319289798426555,20,0.13935352098054674,0.2847311392820228,20,0.18688230763845132,0.3816546566865082,20,0.49341633203672064,1.0080143140293467,20,0.13935352098054674,0.2847311392820228,20,0.04752878665790457,0.09692351740448535,20,0.8354336046149085,0.42856839646968203,20,1.9703088424130915,1.0080143140293467,20,0.7997275275855765,0.4091423525980131,20,1.9703088424130915,1.0080143140293467,20,0.1798619353545204,4.9287482984499915,0.14972529952955366,0.14602822602454218,0.12478892381813046,0.1672675282309539,0.441781751578638,0.12478892381813046,0.04247860441282339,0.1878283812328008,0.441781751578638,0.17931454212513562,0.441781751578638,0.05,0.4,10.7,20.25,0.04231364437294917,0.3336696488107539,0.04133431479186593,0.3254960469996765,0.03528292630010797,0.2781143138877984,0.04738570328362388,0.3728777801115545,0.12498227395668104,0.9846617428101068,0.03528292630010797,0.2781143138877984,0.012102776983515907,0.09476346622375612,0.6265752034611813,0.9920774054802038,1.4790634316397053,2.338742900493131,0.600336209159369,0.949271016405232,1.4790634316397053,2.338742900493131
M2,40,ConcederTBNegotiator,BoulwareTBNegotiator,BoulwareTBNegotiator,0.2,0.41039134083406165,20,15.75,11.557066646588321,20,0.10810864197530864,0.22041561594623482,20,0.1485955097815178,0.30339355265240125,20,0.13094209893478298,0.26747126542361194,20,0.16624892062825264,0.3393158398811905,20,0.4052996615383443,0.8272027212510373,20,0.1080297380141916,0.2204560928242347,20,0.058219182614061046,0.11885974705695578,20,0.8354336046149085,0.42856839646968203,20,2.0584255129114677,0.8272027212510373,20,0.8354931525068116,0.3357528387620443,20,2.0584255129114677,0.8272027212510373,20,0.1798619353545204,5.065107781884336,0.09660140290942047,0.13296808710252245,0.11722445057695671,0.14871172362808813,0.3625375771144653,0.0966191426833625,0.052092580944725596,0.1878283812328008,0.3625375771144653,0.14715016953764964,0.3625375771144653,0.05,0.4,11.096250000000003,20.75,0.027545679012345677,0.21552592592592595,0.03770371365987062,0.29645123794371403,0.03318007078866703,0.2612914697962708,0.04222735653107422,0.33161100609115723,0.10295310633208696,0.8084284018133541,0.02745198055851919,0.21546674795508816,0.014775375972555026,0.11614425813606907,0.6265752034611813,0.9920774054802038,1.6552967726364582,2.360772068117725,0.6718674590018391,0.9582124226355406,1.7560789577052105,2.360772068117725
M2,40,ConcederTBNegotiator,BoulwareTBNegotiator,ConcederTBNegotiator,0.9,0.30779350562554625,20,1.85,0.4893604849295929,20,0.7200691358024691,0.2460220089903749,20,0.7283348477271494,0.2488322623035327,20,0.5565810119377642,0.19014398108597366,20,0.9000886835165348,0.30752054352109176,20,2.176738831256768,0.7436865335974402,20,0.5565810119377642,0.19014398108597366,20,0.34350767157877066,0.1173765624351181,20,0.10442920057686356,0.3214262973522615,20,0.28698634319304395,0.7436865335974402,20,0.11648472247199097,0.30185450118782703,20,0.28698634319304395,0.7436865335974402,20,0.1348964515158903,0.21447168872174688,0.10782389946845436,0.10905554728712846,0.08333427397525157,0.13477682059900536,0.3259349940427112,0.08333427397525157,0.05144254662375377,0.1408712859246006,0.3259349940427112,0.13229356805817336,0.3259349940427112,0.75,1.0,1.6,2.0,0.600172839506173,0.8000000000000002,0.6070690033758448,0.8091787439613526,0.4639162979603526,0.6183574879227051,0.750221708791337,1.0,1.8143108462578628,2.418357487922705,0.4639162979603525,0.6183574879227051,0.30537283108024643,0.38164251207729477,0.0,0.2610730014421589,0.045367686527106876,0.6494143281919497,0.01841426430090287,0.26359040972862313,0.045367686527106876,0.6494143281919497
M2,40,ConcederTBNegotiator,BoulwareTBNegotiator,GeniusBOABaselineNegotiator,0.2,0.41039134083406165,20,15.35,10.941350825868662,20,0.0965530864197531,0.19670411625360015,20,0.14664657569803372,0.29939442429381,20,0.14443553511564083,0.2951592122572175,20,0.1488576162804266,0.3036296363304026,20,0.38984623781582056,0.7954929648412203,20,0.09647418245863607,0.19674459313160006,20,0.052383433821790545,0.10688504319880256,20,0.8567410456514871,0.38484644998596085,20,2.0738789366339914,0.7954929648412201,20,0.8417655338108565,0.3228821838940969,20,2.0738789366339914,0.7954929648412201,20,0.1798619353545204,4.795258425613895,0.08620937997782595,0.1312153918218532,0.12935922830731578,0.1330715553363907,0.3486401636215325,0.086227119751768,0.04684443558462272,0.16866639332134395,0.3486401636215324,0.14150935633451453,0.3486401636215324,0.05,0.4,10.8,20.0,0.024656790123456788,0.19241481481481484,0.0372164801389996,0.25607667125706784,0.036553429833881504,0.2882783421579866,0.0378795304441177,0.2968283973955051,0.09908975040145603,0.7775215543683064,0.02456309166963031,0.19235563684397705,0.013316438774487401,0.10447276055152807,0.6691900855343388,0.9974042657393485,1.6862036200815056,2.3646354240483562,0.6844122216099289,0.9597805179615518,1.783122449219627,2.3646354240483562
M2,40,ConcederTBNegotiator,BoulwareTBNegotiator,LinearTBNegotiator,0.45,0.5104177855340404,20,11.45,6.476475649773205,20,0.36462947050857647,0.41280107876769584,20,0.36552374271097265,0.4137604924860803,20,0.28833750385878176,0.3263778916787046,20,0.4427099815631637,0.501143093293456,20,1.095676955930522,1.2403220637398567,20,0.28833750385878176,0.3263778916787046,20,0.1543724777043819,0.1747652016147513,20,0.5743606031727496,0.5330252130353283,20,1.3680482185192901,1.2403220637398567,20,0.5552763078880323,0.5034336120776294,20,1.3680482185192901,1.2403220637398567,20,0.22370045761428853,2.8384406022729407,0.18091804956872334,0.18133853117012264,0.1430414178207427,0.21963564451950254,0.5435951119089686,0.1430414178207427,0.07659422669875982,0.23360859957338703,0.5435951119089686,0.2206395086377123,0.5435951119089686,0.25,0.6512499999999989,8.69875,14.2,0.2028791982935164,0.5668173107774013,0.20339753778134995,0.5276499476405954,0.1604509368430099,0.41622407087455365,0.24634413871969002,0.6390758244066373,0.6096742738562162,1.5816796380048275,0.1604509368430099,0.41622407087455365,0.08589320187668018,0.22285175353208367,0.31328760173059067,0.7832190043264766,0.7605448659264082,1.8540509005935957,0.30869712004150374,0.7525396581652554,0.8820455364449842,1.8540509005935957
M2,40,ConcederTBNegotiator,BoulwareTBNegotiator,SmartAspirationNegotiator,0.2,0.41039134083406165,20,15.35,10.941350825868662,20,0.12499753086419754,0.2550708847277777,20,0.16137192907073009,0.32961021186819117,20,0.14507965749889368,0.29648092349983923,20,0.17766420064256652,0.36273950023654317,20,0.4477413890056578,0.9142913084641604,20,0.12491862690308049,0.2551113616057777,20,0.05274557373948603,0.10762813863076548,20,0.8354336046149085,0.42856839646968203,20,2.015983785444154,0.9142913084641602,20,0.818266504052894,0.3711011755474454,20,2.015983785444154,0.9142913084641602,20,0.1798619353545204,4.795258425613895,0.11178974411713549,0.14445804460381514,0.12993849379960085,0.15897759540802944,0.4007058333247659,0.11180748389107756,0.04717011151695189,0.1878283812328008,0.40070583332476584,0.16264226119061745,0.40070583332476584,0.05,0.4,10.94875,20.25125,0.031767901234567894,0.24930370370370367,0.04089781848217369,0.3220040765221386,0.03671446042969471,0.2895665869244922,0.045081176534652684,0.35444156611978495,0.11356353819891533,0.893311856747981,0.031674202780741414,0.24924452573286587,0.013406973753911273,0.10519704038691906,0.6265752034611813,0.9920774054802038,1.570413317701831,2.350161636250897,0.637414162094004,0.9539057605220613,1.570413317701831,2.350161636250897
M2,40,ConcederTBNegotiator,ConcederTBNegotiator,BoulwareTBNegotiator,0.4,0.5026246899500346,20,12.7,7.664683191173176,20,0.11952592592592595,0.14932296961676092,20,0.2957262689238801,0.3706687293022589,20,0.2083117410963776,0.2610117612936352,20,0.38314079675138263,0.4803256973108827,20,0.7109784637736862,0.8906604282212787,20,0.11946674795508816,0.1493725434655013,20,0.26367404879629447,0.3309531538453814,20,0.6265752034611813,0.5248869456167602,20,1.7527467106761256,0.8906604282212788,20,0.7114213585399358,0.36150965109985406,20,1.7527467106761256,0.8906604282212788,20,0.2202849828840144,3.3591955177267945,0.06544367689038177,0.16245273326725054,0.11439344807118526,0.21051201846331585,0.3903491434248828,0.06546540358753697,0.14504661487577886,0.23004184661665697,0.39034914342488286,0.15843859025877505,0.39034914342488286,0.2,0.65,9.3,15.951249999999998,0.06010864197530865,0.17894320987654322,0.14823302527160084,0.44414134534898536,0.10445223458483635,0.3121712476079189,0.19201381595836534,0.5742677775443998,0.35657469251851037,1.0653822350288622,0.06002973801419161,0.17890375789598473,0.13198407794417377,0.3961870819662402,0.4177168023074542,0.8354336046149085,1.3097419966071562,2.107150481931302,0.5675726148040118,0.8561691569242088,1.3983429394209501,2.107150481931302
M2,40,ConcederTBNegotiator,ConcederTBNegotiator,ConcederTBNegotiator,0.9,0.30779350562554625,20,1.85,0.4893604849295929,20,0.669892512293332,0.228861965823341,20,0.5867822268195914,0.20042228739284237,20,0.5554510787646233,0.18975755209432515,20,0.6181133748745594,0.21108702269135957,20,1.8434569659325148,0.6297065406090256,20,0.5554510787646233,0.18975755209432515,20,0.11446098124277446,0.03904424713462345,20,0.22711904892064264,0.2794672545451522,20,0.6202682085172974,0.6297065406090256,20,0.2517603079068317,0.25559122711389626,20,0.6202682085172974,0.6297065406090256,20,0.1348964515158903,0.21447168872174688,0.10030317895686391,0.08783894032801334,0.08316491400246624,0.09251296665356043,0.27598105961289054,0.08316491400246624,0.017111895781770605,0.12248192461504669,0.27598105961289054,0.11201779422273483,0.27598105961289054,0.75,1.0,1.6,2.0,0.5583589865818919,0.7442481961009587,0.48910848595287976,0.6518980540640659,0.46297468698273514,0.6171020066192152,0.5152422849230243,0.6866941015089163,1.5365759584876515,2.04804430422909,0.46297468698273514,0.6171020066192152,0.09543316888432088,0.12714618948174347,0.1363220537153101,0.36331454172864147,0.41568087022072187,0.9271492159621607,0.16872047033961476,0.37632006425765707,0.41568087022072187,0.9271492159621607
M2,40,ConcederTBNegotiator,ConcederTBNegotiator,GeniusBOABaselineNegotiator,0.25,0.44426165831931935,20,13.6,8.623102384689753,20,0.03496296296296296,0.060902240172564466,20,0.15585078791856596,0.27563949152832273,20,0.0723085911700452,0.12744243306865394,20,0.23939298466708667,0.42383654998799153,20,0.34666453880009485,0.6121812232292099,20,0.03488899049941574,0.060946057678331736,20,0.20450399416767095,0.3628904923096598,20,0.8024227498779292,0.42981294687385996,20,2.1170606356497172,0.61218122322921,20,0.8592925288927526,0.2484778860799356,20,2.1170606356497172,0.61218122322921,20,0.19470625648856146,3.7792412493849383,0.02669158360554304,0.12080433350679817,0.05585410893765755,0.1857545580759388,0.26830025061913937,0.02671078747415706,0.15904377060178174,0.18837382949661347,0.2683002506191394,0.1089002350593162,0.2683002506191394,0.1,0.45,9.798750000000002,17.05125,0.007545679012345681,0.06238024691358026,0.06278418413901932,0.2799395929579615,0.014935900692645093,0.12968128164744536,0.09628929496604352,0.4301979042684776,0.13824590019035643,0.6222594328295032,0.007451980558519195,0.06232600044031229,0.0819780619223002,0.36787190382816526,0.6089273451653642,0.9475443034123531,1.841465741620309,2.3237568061717737,0.7474314751975276,0.9431883191641713,1.841465741620309,2.392655529679126
M2,40,ConcederTBNegotiator,ConcederTBNegotiator,LinearTBNegotiator,0.8,0.4103913408340616,20,5.05,1.9861361590045288,20,0.3466479395968164,0.17747198172719103,20,0.6027065379421475,0.3088024303310692,20,0.49899371708242307,0.25567431269059804,20,0.7064193588018718,0.3619305479715403,20,1.5520610154811112,0.7950768423893293,20,0.3466282136065371,0.1775124586051909,20,0.3597911451953347,0.1844180893663494,20,0.2088584011537271,0.428568396469682,20,0.911664158968701,0.7950768423893293,20,0.37003484334338943,0.32271328419042605,20,0.911664158968701,0.7950768423893293,20,0.17986193535452039,0.8704625509644737,0.07778052538774553,0.13533863226413304,0.11205420808223601,0.1586230564460301,0.34845778991601156,0.07779826516168757,0.08082479128434251,0.18782838123280077,0.34845778991601156,0.14143533277563217,0.34845778991601156,0.6,0.95,4.198750000000001,5.8,0.26015879420378507,0.4115147986415898,0.4522148488614409,0.715575304752677,0.3743934698301411,0.5924439025216348,0.5300362278927409,0.83870670698372,1.1645884919266671,1.8426654081469447,0.2601193422232266,0.41150986714402,0.2699168856695143,0.4271968398397,0.05221460028843178,0.4177168023074542,0.6210597663028679,1.2991366825231452,0.25208159284306536,0.5273058440104881,0.6210597663028679,1.2991366825231452
M2,40,ConcederTBNegotiator,ConcederTBNegotiator,SmartAspirationNegotiator,0.4,0.5026246899500346,20,12.7,7.664683191173176,20,0.11952592592592595,0.14932296961676092,20,0.2957262689238801,0.3706687293022589,20,0.2083117410963776,0.2610117612936352,20,0.38314079675138263,0.4803256973108827,20,0.7109784637736862,0.8906604282212787,20,0.11946674795508816,0.1493725434655013,20,0.26367404879629447,0.3309531538453814,20,0.6265752034611813,0.5248869456167602,20,1.7527467106761256,0.8906604282212788,20,0.7114213585399358,0.36150965109985406,20,1.7527467106761256,0.8906604282212788,20,0.2202849828840144,3.3591955177267945,0.06544367689038177,0.16245273326725054,0.11439344807118526,0.21051201846331585,0.3903491434248828,0.06546540358753697,0.14504661487577886,0.23004184661665697,0.39034914342488286,0.15843859025877505,0.39034914342488286,0.2,0.65,9.248750000000001,15.75,0.060108641975308644,0.17894320987654322,0.14823302527160084,0.44321951257615944,0.10445223458483635,0.3121712476079189,0.14423207076011105,0.5742677775443998,0.3565746925185103,1.0653822350288622,0.06002973801419161,0.17890375789598473,0.13198407794417377,0.39536401964841517,0.4177168023074542,0.8354336046149085,1.3983429394209501,2.107150481931302,0.5675726148040118,0.85527010227586,1.3983429394209501,2.107150481931302
M2,40,ConcederTBNegotiator,GeniusBOABaselineNegotiator,BoulwareTBNegotiator,0.2,0.41039134083406165,20,15.75,11.557066646588321,20,0.1624416302397514,0.3319045554730648,20,0.1628659865489443,0.3326759531270286,20,0.1284792950890669,0.2624176985613385,20,0.19725267800882168,0.40293420769271876,20,0.48817360333764004,0.9972564617271222,20,0.1284792950890669,0.2624176985613385,20,0.06877338291975474,0.14051650913138028,20,0.8354336046149085,0.42856839646968203,20,1.975551571112172,0.9972564617271222,20,0.801855495734561,0.40477585408844347,20,1.975551571112172,0.9972564617271222,20,0.1798619353545204,5.065107781884336,0.14546358502360607,0.14580166495162764,0.11500962724651154,0.17659370265674382,0.43706691492686145,0.11500962724651154,0.061584075410232295,0.1878283812328008,0.43706691492686145,0.17740083977688997,0.43706691492686145,0.05,0.4,10.798750000000002,21.35,0.04112892607845636,0.32419190245481144,0.041271332851727245,0.324992191478567,0.032564369827238024,0.2563658621048388,0.04997829587621647,0.39361852085229526,0.1236715917819109,0.9741762854119456,0.032564369827238024,0.25636586210483886,0.01741392604897845,0.1372526587474565,0.6265752034611813,0.9920774054802038,1.4895488890378665,2.340053582667901,0.6045921454573382,0.9498030084424782,1.4895488890378665,2.340053582667901
M2,40,ConcederTBNegotiator,GeniusBOABaselineNegotiator,ConcederTBNegotiator,0.9,0.30779350562554625,20,1.85,0.4893604849295929,20,0.7200691358024691,0.2460220089903749,20,0.7283348477271494,0.2488322623035327,20,0.5565810119377642,0.19014398108597366,20,0.9000886835165348,0.30752054352109176,20,2.176738831256768,0.7436865335974402,20,0.5565810119377642,0.19014398108597366,20,0.34350767157877066,0.1173765624351181,20,0.10442920057686356,0.3214262973522615,20,0.28698634319304395,0.7436865335974402,20,0.11648472247199097,0.30185450118782703,20,0.28698634319304395,0.7436865335974402,20,0.1348964515158903,0.21447168872174688,0.10782389946845436,0.10905554728712846,0.08333427397525157,0.13477682059900536,0.3259349940427112,0.08333427397525157,0.05144254662375377,0.1408712859246006,0.3259349940427112,0.13229356805817336,0.3259349940427112,0.75,1.0,1.6,2.0,0.600172839506173,0.8000000000000002,0.6070690033758448,0.8091787439613526,0.4639162979603525,0.6183574879227051,0.750221708791337,1.0,1.8143108462578623,2.418357487922705,0.4639162979603525,0.6183574879227051,0.2863054108309843,0.38164251207729477,0.0,0.2610730014421589,0.045367686527106876,0.6494143281919497,0.01841426430090287,0.26359040972862313,0.045367686527106876,0.6494143281919497
M2,40,ConcederTBNegotiator,GeniusBOABaselineNegotiator,GeniusBOABaselineNegotiator,0.2,0.41039134083406165,20,15.35,10.941350825868662,20,0.0965530864197531,0.19670411625360015,20,0.14664657569803372,0.29939442429381,20,0.14443553511564083,0.2951592122572175,20,0.1488576162804266,0.3036296363304026,20,0.38984623781582056,0.7954929648412203,20,0.09647418245863607,0.19674459313160006,20,0.052383433821790545,0.10688504319880256,20,0.8567410456514871,0.38484644998596085,20,2.0738789366339914,0.7954929648412201,20,0.8417655338108565,0.3228821838940969,20,2.0738789366339914,0.7954929648412201,20,0.1798619353545204,4.795258425613895,0.08620937997782595,0.1312153918218532,0.12935922830731578,0.1330715553363907,0.3486401636215325,0.086227119751768,0.04684443558462272,0.16866639332134395,0.3486401636215324,0.14150935633451453,0.3486401636215324,0.05,0.4,10.9,19.85125,0.024656790123456788,0.16844938271604942,0.0372164801389996,0.29255336977674584,0.036553429833881504,0.28827834215798664,0.0378795304441177,0.2968283973955051,0.09908975040145603,0.7775215543683064,0.02456309166963031,0.19235563684397705,0.013316438774487401,0.10447276055152807,0.6691900855343388,0.9974042657393485,1.6862036200815056,2.3646354240483562,0.6844122216099289,0.9597805179615518,1.6862036200815056,2.3646354240483562
M2,40,ConcederTBNegotiator,GeniusBOABaselineNegotiator,LinearTBNegotiator,0.45,0.5104177855340404,20,11.45,6.476475649773205,20,0.36462947050857647,0.41280107876769584,20,0.36552374271097265,0.4137604924860803,20,0.28833750385878176,0.3263778916787046,20,0.4427099815631637,0.501143093293456,20,1.095676955930522,1.2403220637398567,20,0.28833750385878176,0.3263778916787046,20,0.1543724777043819,0.1747652016147513,20,0.5743606031727496,0.5330252130353283,20,1.3680482185192901,1.2403220637398567,20,0.5552763078880323,0.5034336120776294,20,1.3680482185192901,1.2403220637398567,20,0.22370045761428853,2.8384406022729407,0.18091804956872334,0.18133853117012264,0.1430414178207427,0.21963564451950254,0.5435951119089686,0.1430414178207427,0.07659422669875982,0.23360859957338703,0.5435951119089686,0.2206395086377123,0.5435951119089686,0.25,0.65,8.5,14.05,0.2028791982935164,0.5668173107774013,0.20339753778134995,0.5276499476405954,0.1604509368430099,0.41622407087455365,0.24634413871969002,0.6390758244066373,0.6096742738562162,1.5816796380048275,0.1604509368430099,0.41622407087455365,0.08546520640275743,0.22285175353208367,0.36550220201902245,0.7832190043264766,0.8820455364449845,1.8540509005935957,0.35801295761080937,0.7525396581652554,0.8820455364449845,1.8540509005935957
M2,40,ConcederTBNegotiator,GeniusBOABaselineNegotiator,SmartAspirationNegotiator,0.2,0.41039134083406165,20,15.55,11.245934938082247,20,0.16718050341772261,0.3416285180608156,20,0.163117914309499,0.33319289798426555,20,0.13935352098054674,0.2847311392820228,20,0.18688230763845132,0.3816546566865082,20,0.49341633203672064,1.0080143140293467,20,0.13935352098054674,0.2847311392820228,20,0.04752878665790457,0.09692351740448535,20,0.8354336046149085,0.42856839646968203,20,1.9703088424130915,1.0080143140293467,20,0.7997275275855765,0.4091423525980131,20,1.9703088424130915,1.0080143140293467,20,0.1798619353545204,4.9287482984499915,0.14972529952955366,0.14602822602454218,0.12478892381813046,0.1672675282309539,0.441781751578638,0.12478892381813046,0.04247860441282339,0.1878283812328008,0.441781751578638,0.17931454212513562,0.441781751578638,0.05,0.4,10.94875,20.10125,0.04231364437294917,0.3336696488107539,0.04133431479186593,0.3254960469996765,0.03528292630010797,0.2781143138877984,0.04738570328362388,0.37287778011155454,0.12498227395668104,0.9846617428101068,0.03528292630010797,0.24342411566098554,0.012102776983515907,0.09476346622375612,0.6787898037496131,0.9920774054802038,1.4790634316397053,2.338742900493131,0.600336209159369,0.949271016405232,1.4790634316397053,2.338742900493131
M2,40,ConcederTBNegotiator,LinearTBNegotiator,BoulwareTBNegotiator,0.25,0.44426165831931935,20,14.1,9.221827653082544,20,0.06732364273796086,0.11840867721728855,20,0.18498339094530297,0.3274094856555892,20,0.1477010618300056,0.26141836922939243,20,0.22226572006060036,0.3934006020817859,20,0.4372904246285668,0.7732276485284669,20,0.06724967027441364,0.11845249472305582,20,0.15501604978618672,0.2749481073587301,20,0.7900899538885641,0.4517289004656567,20,2.026434749821245,0.7732276485284669,20,0.8225084399982963,0.31384492740800135,20,2.026434749821245,0.7732276485284669,20,0.19470625648856146,4.041644167779663,0.05189489087120281,0.14349353381521138,0.11457165185615589,0.17241541577426683,0.33888195850162556,0.051914094739816834,0.12050132103445,0.19797891965311917,0.33888195850162556,0.13754860404724445,0.33888195850162556,0.1,0.45,10.048750000000002,18.25125,0.01401781496734526,0.12062947050857646,0.03758850348451785,0.3323782784060881,0.030014394824637164,0.26538772883537404,0.089438389123449,0.3993688279768022,0.17621872260942745,0.7853860273207525,0.027255504953742488,0.12057522403530854,0.0621828841697065,0.27879360394149366,0.5867283123845068,0.942611185016607,1.6783391471290592,2.374530352513431,0.6812201151875061,0.9284746836063889,1.6783391471290592,2.374530352513431
M2,40,ConcederTBNegotiator,LinearTBNegotiator,ConcederTBNegotiator,0.9,0.30779350562554625,20,1.85,0.4893604849295929,20,0.7285675829924616,0.2489284166047986,20,0.7303077038026238,0.24950696484527146,20,0.5760822796442685,0.1968132739210039,20,0.8845331279609793,0.3022006557695391,20,2.1891829905977094,0.7479423462953416,20,0.5760822796442685,0.1968132739210039,20,0.30845084831671077,0.10538738184853522,20,0.10442920057686356,0.3214262973522615,20,0.2745421838521027,0.7479423462953416,20,0.11143376976428072,0.3035818905663326,20,0.2745421838521027,0.7479423462953416,20,0.1348964515158903,0.21447168872174688,0.10909768876770454,0.10935124871372075,0.08625722043488365,0.13244527699255787,0.32780018619514606,0.08625722043488365,0.046188056557674224,0.1408712859246006,0.32780018619514606,0.1330506298326675,0.32780018619514606,0.75,1.0,1.6,2.0,0.6072548788311664,0.8094427190999914,0.6087130501054068,0.8113708062674352,0.4801673543824395,0.6400255631521543,0.7372587458283741,0.9827160493827162,1.8246809790419802,2.4321843316348626,0.4801673543824395,0.6400255631521543,0.2570913914459345,0.34269048623056164,0.0,0.2610730014421589,0.031540842814949954,0.6390441954078319,0.012802094625669244,0.2593812824721979,0.031540842814949954,0.6390441954078319
M2,40,ConcederTBNegotiator,LinearTBNegotiator,GeniusBOABaselineNegotiator,0.25,0.44426165831931935,20,14.35,9.538150543447806,20,0.06496296296296297,0.11421363917088277,20,0.18443537536878232,0.3264356364203497,20,0.15202204948432657,0.26909696579293624,20,0.21684870125323802,0.383774307047763,20,0.4338337137005276,0.767084912011582,20,0.06488899049941574,0.11425745667665003,20,0.1519597107538223,0.26951685037111295,20,0.7974061194969301,0.43872773300281087,20,2.029891460749284,0.7670849120115819,20,0.8239114824171047,0.3113516556013127,20,2.029891460749284,0.7670849120115819,20,0.19470625648856146,4.180278786976068,0.05005633438417041,0.14306672556960437,0.11793694517818043,0.16819650596102823,0.3361897855233791,0.05007553825278443,0.1181209677082438,0.19228090678329796,0.336189785523379,0.13645587949900112,0.336189785523379,0.1,0.45,10.4,18.55,0.02607864197530893,0.11638024691358025,0.03747890036921372,0.33139185036835095,0.030878592355501354,0.2731655066131518,0.08727158160050405,0.38961819412355,0.17483603823821176,0.779163947650282,0.026311233043743325,0.1163260004403123,0.030627227824406876,0.2732921936832377,0.5998974104795657,0.9949148285142945,1.6845612267995302,2.375221694699039,0.683745591541361,0.9640773732928478,1.68456122679953,2.2910474501737843
M2,40,ConcederTBNegotiator,LinearTBNegotiator,LinearTBNegotiator,0.55,0.5104177855340404,20,9.95,5.195899192733886,20,0.3762954177323099,0.348572713442833,20,0.38887102149853225,0.3601983417376875,20,0.38093388319155747,0.3529688911689499,20,0.39680815980550704,0.3674277923064252,20,1.1540374607293744,1.0689693969182081,20,0.37625103425418155,0.34862305592421206,20,0.020557125551325505,0.018804736382213173,20,0.5054398773540006,0.5000722002103679,20,1.3096877137204377,1.0689693969182081,20,0.5315883960202303,0.4338833762807679,20,1.3096877137204377,1.0689693969182081,20,0.22370045761428853,2.277203224641093,0.15276872734250696,0.1578638835916011,0.15469543718091344,0.1610323300022888,0.46849649452570924,0.15279079090776876,0.008241539094520056,0.21916630493234038,0.46849649452570924,0.1901577738394997,0.46849649452570924,0.35,0.75,7.75,12.05125,0.20556629968339238,0.512878712171444,0.24773238881518292,0.5300096541818815,0.24262800860309838,0.5192397577800165,0.25283676902726737,0.5407795505837468,0.7351769009235416,1.5728980205352072,0.23964801382476825,0.5128540546835949,0.013188755202499148,0.027925495900151864,0.30949364883958785,0.7013861058684133,0.8908271539146047,1.7285482735262705,0.3615773232960288,0.7015994687444318,0.8908271539146047,1.7311661520250545
M2,40,ConcederTBNegotiator,LinearTBNegotiator,SmartAspirationNegotiator,0.25,0.44426165831931935,20,14.1,9.221827653082544,20,0.11051851851851853,0.19516798579795874,20,0.18866242850887893,0.3339473069716425,20,0.15202204948432657,0.26909696579293624,20,0.2253028075334313,0.39879764815034874,20,0.4878433755362764,0.8630625997412437,20,0.1104445460549713,0.19521180330372598,20,0.11485826147845998,0.20358584484662273,20,0.7832190043264766,0.46393889825238216,20,1.975881798913536,0.8630625997412436,20,0.8019895317077241,0.3503079843042879,20,1.975881798913536,0.8630625997412436,20,0.19470625648856146,4.041644167779663,0.08553614112208606,0.14635886034115006,0.11793694517818043,0.17478077550411972,0.3782538618043862,0.08555534499070007,0.08922543051341963,0.20333018712414222,0.37825386180438614,0.15352924332920215,0.37825386180438614,0.05,0.45,10.1,18.0,0.044622222222222216,0.19838024691358025,0.0759088403751445,0.3390005460205248,0.06116445663770766,0.2731655066131518,0.04577002963896472,0.4048355854278978,0.19643990297251127,0.87638133895463,0.04453345526596555,0.1983260004403123,0.04611976884661581,0.2065095849875856,0.5743606031727495,0.939862805191772,1.5873438354951823,2.269713633748663,0.6442860802644762,0.92026712029016,1.5873438354951823,2.267285271477301
M2,40,ConcederTBNegotiator,SmartAspirationNegotiator,BoulwareTBNegotiator,0.2,0.41039134083406165,20,15.55,11.245934938082247,20,0.09844163023975142,0.20057932640616505,20,0.14708498815925025,0.3002940276827951,20,0.1451655404833274,0.29665715166552215,20,0.1490044358351731,0.303930903700068,20,0.39261160655825195,0.8011673817717553,20,0.09836272627863438,0.20061980328416498,20,0.050641709556538725,0.10331110041590298,20,0.8535718561976472,0.39134948953255366,20,2.0711135678915604,0.8011673817717552,20,0.8406430998758097,0.3251853697321043,20,2.0711135678915604,0.8011673817717552,20,0.1798619353545204,4.9287482984499915,0.08790776571015951,0.13160966039064295,0.1300157291985722,0.1332035915827137,0.3511270864914454,0.08792550548410158,0.04527808609861211,0.17151647606470793,0.35112708649144536,0.14251877203384003,0.35112708649144536,0.05,0.4,11.05,20.15,0.025128926078456366,0.19619190245481144,0.037326083254303734,0.29343019469917886,0.036735931175803135,0.2897383528933598,0.037916235332804325,0.2971220365049981,0.09978109258706387,0.7830522918531692,0.025035227624629886,0.19613272448397367,0.012881007708174446,0.10098931202102443,0.6628517066266587,0.9966119683758885,1.6806728825966428,2.3639440818627486,0.6821673537398355,0.9594999094777903,1.6806728825966428,2.3639440818627486
M2,40,ConcederTBNegotiator,SmartAspirationNegotiator,ConcederTBNegotiator,0.9,0.30779350562554625,20,1.85,0.4893604849295929,20,0.7200691358024691,0.2460220089903749,20,0.7283348477271494,0.2488322623035327,20,0.5565810119377642,0.19014398108597366,20,0.9000886835165348,0.30752054352109176,20,2.176738831256768,0.7436865335974402,20,0.5565810119377642,0.19014398108597366,20,0.34350767157877066,0.1173765624351181,20,0.10442920057686356,0.3214262973522615,20,0.28698634319304395,0.7436865335974402,20,0.11648472247199097,0.30185450118782703,20,0.28698634319304395,0.7436865335974402,20,0.1348964515158903,0.21447168872174688,0.10782389946845436,0.10905554728712846,0.08333427397525157,0.13477682059900536,0.3259349940427112,0.08333427397525157,0.05144254662375377,0.1408712859246006,0.3259349940427112,0.13229356805817336,0.3259349940427112,0.75,1.0,1.6,2.0,0.600172839506173,0.8000000000000002,0.6070690033758448,0.8091787439613526,0.4639162979603525,0.6183574879227051,0.750221708791337,1.0,1.8143108462578628,2.418357487922705,0.4639162979603525,0.6183574879227051,0.2863054108309843,0.38164251207729477,0.0,0.2610730014421589,0.045367686527106876,0.6494143281919497,0.01841426430090287,0.26359040972862313,0.045367686527106876,0.6494143281919497
M2,40,ConcederTBNegotiator,SmartAspirationNegotiator,GeniusBOABaselineNegotiator,0.2,0.41039134083406165,20,15.35,10.941350825868662,20,0.0965530864197531,0.19670411625360015,20,0.14664657569803372,0.29939442429381,20,0.14443553511564083,0.2951592122572175,20,0.1488576162804266,0.3036296363304026,20,0.38984623781582056,0.7954929648412203,20,0.09647418245863607,0.19674459313160006,20,0.052383433821790545,0.10688504319880256,20,0.8567410456514871,0.38484644998596085,20,2.0738789366339914,0.7954929648412201,20,0.8417655338108565,0.3228821838940969,20,2.0738789366339914,0.7954929648412201,20,0.1798619353545204,4.795258425613895,0.08620937997782595,0.1312153918218532,0.12935922830731578,0.1330715553363907,0.3486401636215325,0.086227119751768,0.04684443558462272,0.16866639332134395,0.3486401636215324,0.14150935633451453,0.3486401636215324,0.05,0.4,10.8,19.9,0.024656790123456788,0.19241481481481482,0.0372164801389996,0.29255336977674584,0.036553429833881504,0.25231764039740023,0.0378795304441177,0.2968283973955051,0.09908975040145603,0.6806027252301851,0.02456309166963031,0.19235563684397705,0.013316438774487401,0.10447276055152807,0.6691900855343389,0.9974042657393485,1.6862036200815056,2.3646354240483562,0.7237505496601607,0.9597805179615518,1.6862036200815056,2.3646354240483562
M2,40,ConcederTBNegotiator,SmartAspirationNegotiator,LinearTBNegotiator,0.45,0.5104177855340404,20,11.45,6.476475649773205,20,0.36462947050857647,0.41280107876769584,20,0.36552374271097265,0.4137604924860803,20,0.28833750385878176,0.3263778916787046,20,0.4427099815631637,0.501143093293456,20,1.095676955930522,1.2403220637398567,20,0.28833750385878176,0.3263778916787046,20,0.1543724777043819,0.1747652016147513,20,0.5743606031727496,0.5330252130353283,20,1.3680482185192901,1.2403220637398567,20,0.5552763078880323,0.5034336120776294,20,1.3680482185192901,1.2403220637398567,20,0.22370045761428853,2.8384406022729407,0.18091804956872334,0.18133853117012264,0.1430414178207427,0.21963564451950254,0.5435951119089686,0.1430414178207427,0.07659422669875982,0.23360859957338703,0.5435951119089686,0.2206395086377123,0.5435951119089686,0.25,0.65,8.7,14.1,0.2028791982935164,0.5668173107774013,0.20339753778134995,0.5681814988730011,0.1604509368430099,0.41622407087455365,0.24634413871969002,0.6390758244066373,0.6096742738562162,1.5816796380048275,0.1604509368430099,0.41622407087455365,0.08589320187668018,0.22285175353208367,0.36550220201902245,0.7832190043264766,0.7605448659264082,1.8540509005935957,0.35801295761080937,0.7525396581652554,0.8820455364449842,1.8540509005935957
M2,40,ConcederTBNegotiator,SmartAspirationNegotiator,SmartAspirationNegotiator,0.2,0.41039134083406165,20,15.35,10.941350825868662,20,0.09844163023975142,0.20057932640616505,20,0.14708498815925025,0.3002940276827951,20,0.1451655404833274,0.29665715166552215,20,0.1490044358351731,0.303930903700068,20,0.39261160655825195,0.8011673817717553,20,0.09836272627863438,0.20061980328416498,20,0.050641709556538725,0.10331110041590298,20,0.8535718561976472,0.39134948953255366,20,2.0711135678915604,0.8011673817717552,20,0.8406430998758097,0.3251853697321043,20,2.0711135678915604,0.8011673817717552,20,0.1798619353545204,4.795258425613895,0.08790776571015951,0.13160966039064295,0.1300157291985722,0.1332035915827137,0.3511270864914454,0.08792550548410158,0.04527808609861211,0.17151647606470793,0.35112708649144536,0.14251877203384003,0.35112708649144536,0.05,0.4,10.997500000000002,20.1,0.025128926078456366,0.19619190245481147,0.037326083254303734,0.25775855060507047,0.036735931175803135,0.28973835289335975,0.037916235332804325,0.2971220365049981,0.09978109258706386,0.7830522918531693,0.025035227624629886,0.19613272448397367,0.012881007708174446,0.10098931202102443,0.6628517066266587,0.9966119683758885,1.6806728825966428,2.3639440818627486,0.6821673537398355,0.9594999094777903,1.7782830539203718,2.3639440818627486
M2,40,GeniusBOABaselineNegotiator,BoulwareTBNegotiator,BoulwareTBNegotiator,0.2,0.41039134083406165,20,15.55,11.245934938082247,20,0.1264094928803041,0.2579681696527614,20,0.14671578289446888,0.29953643446451195,20,0.13114307006940124,0.26788364949063664,20,0.1622884957195365,0.33118921943838736,20,0.4198410586692418,0.8570410385817853,20,0.12633058891918705,0.2580086465307614,20,0.03595790680034945,0.07318057290762593,20,0.8562334701864669,0.3858879728642814,20,2.0438841157805703,0.8570410385817853,20,0.8295909531536939,0.3478638962940238,20,2.0438841157805703,0.8570410385817853,20,0.1798619353545204,4.9287482984499915,0.11305953522145548,0.13127763052330965,0.11740518586307093,0.14515007518354844,0.37561479626807476,0.11307727499539756,0.032072800188150875,0.16912286084872896,0.37561479626807476,0.15245807453014937,0.37561479626807476,0.05,0.35124999999999884,10.696250000000003,20.403749999999995,0.03212089173859454,0.25212762773591685,0.03723378193810839,0.25619778385082936,0.033230313572321604,0.26169341206550745,0.041237250303895176,0.2833397411351778,0.10658845561481134,0.8375111960751489,0.03202719328476805,0.25206844976507903,0.009210057019127128,0.07162170650864588,0.6681749346042982,0.9972773718730934,1.7306315127261396,2.357136718835001,0.6600630602956038,0.9567368727972612,1.626213978374663,2.357136718835001
M2,40,GeniusBOABaselineNegotiator,BoulwareTBNegotiator,ConcederTBNegotiator,0.25,0.44426165831931935,20,14.35,9.538150543447806,20,0.2117680871824053,0.3750931909128953,20,0.1781031433690454,0.3151829648640865,20,0.1379066534291613,0.24401324875572944,20,0.21829963330892949,0.38635268097244363,20,0.5679743739204961,1.0054591206410681,20,0.1379066534291613,0.24401324875572944,20,0.0803929798797682,0.1423394322167142,20,0.7966296555947576,0.44010754556602777,20,1.895750800529316,1.0054591206410681,20,0.7694652066672438,0.40810522661708926,20,1.895750800529316,1.0054591206410681,20,0.19470625648856146,4.180278786976068,0.16439183906459387,0.13813502481806092,0.10694352147916189,0.16932652815696,0.44066188870071565,0.10694352147916189,0.06238300667779811,0.19288563630205993,0.44066188870071565,0.17886000162299853,0.44066188870071565,0.05,0.45,10.65,18.1,0.042906703856234144,0.38168485415436415,0.07168512631921109,0.3199938327688244,0.05551829821564156,0.24775779371385429,0.08676489043206372,0.3922298718237946,0.22849230232619916,1.0206171360462255,0.05483172858886285,0.24775779371385429,0.03233365620713909,0.14447207810994037,0.5984997754556554,0.9464653774499527,1.4431080384035868,2.235232872123613,0.5857422951916117,0.9531881181428756,1.4431080384035868,2.235232872123613
M2,40,GeniusBOABaselineNegotiator,BoulwareTBNegotiator,GeniusBOABaselineNegotiator,0.2,0.41039134083406165,20,15.55,11.245934938082247,20,0.1264094928803041,0.2579681696527614,20,0.14671578289446888,0.29953643446451195,20,0.13114307006940124,0.26788364949063664,20,0.1622884957195365,0.33118921943838736,20,0.4198410586692418,0.8570410385817853,20,0.12633058891918705,0.2580086465307614,20,0.03595790680034945,0.07318057290762593,20,0.8562334701864669,0.3858879728642814,20,2.0438841157805703,0.8570410385817853,20,0.8295909531536939,0.3478638962940238,20,2.0438841157805703,0.8570410385817853,20,0.1798619353545204,4.9287482984499915,0.11305953522145548,0.13127763052330965,0.11740518586307093,0.14515007518354844,0.37561479626807476,0.11307727499539756,0.032072800188150875,0.16912286084872896,0.37561479626807476,0.15245807453014937,0.37561479626807476,0.05,0.4,10.7,20.25,0.03212089173859454,0.25212762773591685,0.03723378193810839,0.2926917841696162,0.033230313572321604,0.26169341206550745,0.041237250303895176,0.3236901562737249,0.10658845561481134,0.8375111960751489,0.03202719328476805,0.25206844976507903,0.009210057019127128,0.07162170650864588,0.6681749346042982,0.9972773718730934,1.626213978374663,2.357136718835001,0.6600630602956038,0.9567368727972614,1.626213978374663,2.357136718835001
M2,40,GeniusBOABaselineNegotiator,BoulwareTBNegotiator,LinearTBNegotiator,0.25,0.44426165831931935,20,14.35,9.538150543447806,20,0.2117680871824053,0.3750931909128953,20,0.1781031433690454,0.3151829648640865,20,0.1379066534291613,0.24401324875572944,20,0.21829963330892949,0.38635268097244363,20,0.5679743739204961,1.0054591206410681,20,0.1379066534291613,0.24401324875572944,20,0.0803929798797682,0.1423394322167142,20,0.7966296555947576,0.44010754556602777,20,1.895750800529316,1.0054591206410681,20,0.7694652066672438,0.40810522661708926,20,1.895750800529316,1.0054591206410681,20,0.19470625648856146,4.180278786976068,0.16439183906459387,0.13813502481806092,0.10694352147916189,0.16932652815696,0.44066188870071565,0.10694352147916189,0.06238300667779811,0.19288563630205993,0.44066188870071565,0.17886000162299853,0.44066188870071565,0.1,0.45,10.1,18.451249999999998,0.08512204968777692,0.3806294705085765,0.07168512631921109,0.3199938327688244,0.05551829821564156,0.24775779371385429,0.04436939479406436,0.3922298718237946,0.22849230232619916,1.0206171360462255,0.05551829821564156,0.24775779371385429,0.03233365620713909,0.14447207810994037,0.5984997754556554,0.9452270656990844,1.4431080384035868,2.235232872123613,0.5857422951916117,0.9531881181428756,1.4431080384035868,2.235232872123613
M2,40,GeniusBOABaselineNegotiator,BoulwareTBNegotiator,SmartAspirationNegotiator,0.2,0.41039134083406165,20,15.55,11.245934938082247,20,0.16718050341772261,0.3416285180608156,20,0.163117914309499,0.33319289798426555,20,0.13935352098054674,0.2847311392820228,20,0.18688230763845132,0.3816546566865082,20,0.49341633203672064,1.0080143140293467,20,0.13935352098054674,0.2847311392820228,20,0.04752878665790457,0.09692351740448535,20,0.8354336046149085,0.42856839646968203,20,1.9703088424130915,1.0080143140293467,20,0.7997275275855765,0.4091423525980131,20,1.9703088424130915,1.0080143140293467,20,0.1798619353545204,4.9287482984499915,0.14972529952955366,0.14602822602454218,0.12478892381813046,0.1672675282309539,0.441781751578638,0.12478892381813046,0.04247860441282339,0.1878283812328008,0.441781751578638,0.17931454212513562,0.441781751578638,0.05,0.4,10.648750000000001,20.50125,0.04231364437294917,0.3336696488107539,0.04133431479186593,0.3254960469996765,0.03528292630010797,0.2781143138877984,0.04738570328362388,0.32637891199327873,0.12498227395668102,0.9846617428101068,0.03528292630010797,0.24342411566098554,0.012102776983515907,0.08295479633229322,0.6265752034611813,0.9920774054802038,1.4790634316397053,2.338742900493131,0.600336209159369,0.949271016405232,1.4790634316397053,2.338742900493131
M2,40,GeniusBOABaselineNegotiator,ConcederTBNegotiator,BoulwareTBNegotiator,0.2,0.41039134083406165,20,15.55,11.245934938082247,20,0.1264094928803041,0.2579681696527614,20,0.14671578289446888,0.29953643446451195,20,0.13114307006940124,0.26788364949063664,20,0.1622884957195365,0.33118921943838736,20,0.4198410586692418,0.8570410385817853,20,0.12633058891918705,0.2580086465307614,20,0.03595790680034945,0.07318057290762593,20,0.8562334701864669,0.3858879728642814,20,2.0438841157805703,0.8570410385817853,20,0.8295909531536939,0.3478638962940238,20,2.0438841157805703,0.8570410385817853,20,0.1798619353545204,4.9287482984499915,0.11305953522145548,0.13127763052330965,0.11740518586307093,0.14515007518354844,0.37561479626807476,0.11307727499539756,0.032072800188150875,0.16912286084872896,0.37561479626807476,0.15245807453014937,0.37561479626807476,0.05,0.4,10.7,20.35,0.03212089173859454,0.25212762773591685,0.03723378193810839,0.2926917841696162,0.033230313572321604,0.26169341206550745,0.041237250303895176,0.28434850151364055,0.10658845561481134,0.8375111960751491,0.03202719328476805,0.25206844976507903,0.009210057019127128,0.07162170650864588,0.7151895684998404,0.9972773718730934,1.626213978374663,2.357136718835001,0.6600630602956037,0.9567368727972612,1.626213978374663,2.357136718835001
M2,40,GeniusBOABaselineNegotiator,ConcederTBNegotiator,ConcederTBNegotiator,0.55,0.5104177855340404,20,8.85,4.319783132958121,20,0.5465365078555273,0.5065619502202758,20,0.25759902386567246,0.2383736829478801,20,0.15899650277113583,0.14700382527546355,20,0.3562015449602091,0.32974354062029676,20,1.0617345555868725,0.9833093161160362,20,0.15899650277113583,0.14700382527546355,20,0.38762796979768693,0.3594583499355558,20,0.469931402595886,0.5330252130353282,20,1.4019906188629399,0.9833093161160362,20,0.5690531693235735,0.39911485514435446,20,1.4019906188629399,0.9833093161160362,20,0.22370045761428853,1.8932284317368686,0.22201056327945065,0.1044718727872147,0.06442726706861389,0.14451647850581553,0.43095430885388014,0.06442726706861389,0.15753956788501874,0.233608599573387,0.43095430885388014,0.1749197975988206,0.43095430885388014,0.3,0.75,7.048750000000001,10.6,0.29842507611423824,0.7450256532485584,0.16419566304881758,0.35158615568763213,0.1013951301537392,0.21659787538853253,0.22699619594389597,0.4854068939765222,0.5801147218034459,1.4470304226136133,0.1013951301537392,0.21659787538853248,0.24677929245018365,0.5284766471451902,0.26107300144215884,0.6787898037496131,1.0166947518361984,1.7872864858896809,0.41266565052786064,0.7645375678182147,1.0166947518361986,1.7872864858896809
M2,40,GeniusBOABaselineNegotiator,ConcederTBNegotiator,GeniusBOABaselineNegotiator,0.2,0.41039134083406165,20,15.55,11.245934938082247,20,0.1264094928803041,0.2579681696527614,20,0.14671578289446888,0.29953643446451195,20,0.13114307006940124,0.26788364949063664,20,0.1622884957195365,0.33118921943838736,20,0.4198410586692418,0.8570410385817853,20,0.12633058891918705,0.2580086465307614,20,0.03595790680034945,0.07318057290762593,20,0.8562334701864669,0.3858879728642814,20,2.0438841157805703,0.8570410385817853,20,0.8295909531536939,0.3478638962940238,20,2.0438841157805703,0.8570410385817853,20,0.1798619353545204,4.9287482984499915,0.11305953522145548,0.13127763052330965,0.11740518586307093,0.14515007518354844,0.37561479626807476,0.11307727499539756,0.032072800188150875,0.16912286084872896,0.37561479626807476,0.15245807453014937,0.37561479626807476,0.05,0.4,10.69875,20.10125,0.03212089173859454,0.22148383236486052,0.03723378193810839,0.2926917841696162,0.033230313572321604,0.26169341206550745,0.041237250303895176,0.32369015627372494,0.10658845561481134,0.8375111960751491,0.03202719328476805,0.25206844976507903,0.009210057019127128,0.07162170650864588,0.6681749346042982,0.9972773718730934,1.626213978374663,2.357136718835001,0.6600630602956038,0.9567368727972612,1.626213978374663,2.357136718835001
M2,40,GeniusBOABaselineNegotiator,ConcederTBNegotiator,LinearTBNegotiator,0.25,0.44426165831931935,20,14.1,9.221827653082544,20,0.22723563816857256,0.4025797503179084,20,0.1470226685532202,0.2599515117319651,20,0.10898758765667867,0.19262272028721505,20,0.18505774944976172,0.32728030317671525,20,0.5212809752750129,0.9224827737818385,20,0.10898758765667867,0.19262272028721505,20,0.11839465836738643,0.20987018703202165,20,0.7832190043264766,0.46393889825238216,20,1.942444199174799,0.9224827737818385,20,0.788417563500595,0.3744260047137129,20,1.942444199174799,0.9224827737818385,20,0.19470625648856146,4.041644167779663,0.1764383548628442,0.11392877321295558,0.08442062932833556,0.1434369170975756,0.4042959012887553,0.08442062932833556,0.09197966491222226,0.20333018712414222,0.4042959012887553,0.16409943182036968,0.4042959012887553,0.1,0.45,10.3,17.901249999999997,0.046000214053467596,0.40847106228367747,0.059252936392881005,0.26404897810033906,0.043950671906648496,0.19570347532338556,0.0736343463076923,0.3323944808772926,0.2098149428680059,0.9365690184843558,0.022271699989971784,0.19570347532338556,0.047534327602186385,0.2128750993876532,0.5743606031727495,0.939862805191772,1.5271561559654565,2.2539102315818065,0.6198565374916436,0.9569785895095458,1.5271561559654565,2.357732242384142
M2,40,GeniusBOABaselineNegotiator,ConcederTBNegotiator,SmartAspirationNegotiator,0.2,0.41039134083406165,20,15.55,11.245934938082247,20,0.16718050341772261,0.3416285180608156,20,0.163117914309499,0.33319289798426555,20,0.13935352098054674,0.2847311392820228,20,0.18688230763845132,0.3816546566865082,20,0.49341633203672064,1.0080143140293467,20,0.13935352098054674,0.2847311392820228,20,0.04752878665790457,0.09692351740448535,20,0.8354336046149085,0.42856839646968203,20,1.9703088424130915,1.0080143140293467,20,0.7997275275855765,0.4091423525980131,20,1.9703088424130915,1.0080143140293467,20,0.1798619353545204,4.9287482984499915,0.14972529952955366,0.14602822602454218,0.12478892381813046,0.1672675282309539,0.441781751578638,0.12478892381813046,0.04247860441282339,0.1878283812328008,0.441781751578638,0.17931454212513562,0.441781751578638,0.05,0.4,11.248750000000001,20.45,0.04231364437294917,0.3336696488107539,0.04133431479186593,0.3254960469996765,0.03528292630010797,0.2781143138877984,0.04738570328362388,0.37287778011155454,0.12498227395668104,0.9846617428101068,0.03528292630010797,0.2781143138877984,0.012102776983515907,0.09476346622375612,0.6265752034611813,0.9920774054802038,1.4790634316397053,2.338742900493131,0.600336209159369,0.949271016405232,1.4790634316397053,2.338742900493131
M2,40,GeniusBOABaselineNegotiator,GeniusBOABaselineNegotiator,BoulwareTBNegotiator,0.2,0.41039134083406165,20,15.55,11.245934938082247,20,0.1264094928803041,0.2579681696527614,20,0.14671578289446888,0.29953643446451195,20,0.13114307006940124,0.26788364949063664,20,0.1622884957195365,0.33118921943838736,20,0.4198410586692418,0.8570410385817853,20,0.12633058891918705,0.2580086465307614,20,0.03595790680034945,0.07318057290762593,20,0.8562334701864669,0.3858879728642814,20,2.0438841157805703,0.8570410385817853,20,0.8295909531536939,0.3478638962940238,20,2.0438841157805703,0.8570410385817853,20,0.1798619353545204,4.9287482984499915,0.11305953522145548,0.13127763052330965,0.11740518586307093,0.14515007518354844,0.37561479626807476,0.11307727499539756,0.032072800188150875,0.16912286084872896,0.37561479626807476,0.15245807453014937,0.37561479626807476,0.05,0.4,10.84875,20.35125,0.03212089173859454,0.25212762773591685,0.03723378193810839,0.2926917841696162,0.033230313572321604,0.2616934120655074,0.041237250303895176,0.32369015627372494,0.10658845561481134,0.8375111960751489,0.03202719328476805,0.25206844976507903,0.009210057019127128,0.07162170650864588,0.6681749346042982,0.9972773718730934,1.7306315127261396,2.357136718835001,0.6600630602956038,0.9567368727972614,1.7306315127261396,2.357136718835001
M2,40,GeniusBOABaselineNegotiator,GeniusBOABaselineNegotiator,ConcederTBNegotiator,0.25,0.44426165831931935,20,14.35,9.538150543447806,20,0.2117680871824053,0.3750931909128953,20,0.1781031433690454,0.3151829648640865,20,0.1379066534291613,0.24401324875572944,20,0.21829963330892949,0.38635268097244363,20,0.5679743739204961,1.0054591206410681,20,0.1379066534291613,0.24401324875572944,20,0.0803929798797682,0.1423394322167142,20,0.7966296555947576,0.44010754556602777,20,1.895750800529316,1.0054591206410681,20,0.7694652066672438,0.40810522661708926,20,1.895750800529316,1.0054591206410681,20,0.19470625648856146,4.180278786976068,0.16439183906459387,0.13813502481806092,0.10694352147916189,0.16932652815696,0.44066188870071565,0.10694352147916189,0.06238300667779811,0.19288563630205993,0.44066188870071565,0.17886000162299853,0.44066188870071565,0.09875000000000114,0.45,10.097500000000002,18.05,0.042906703856234144,0.38062947050857643,0.07168512631921109,0.3199938327688245,0.05551829821564156,0.24775779371385429,0.04436939479406437,0.3922298718237946,0.22849230232619916,1.0206171360462255,0.05483172858886285,0.22098157826945977,0.03233365620713909,0.1444720781099404,0.5984997754556554,0.9452270656990844,1.4431080384035868,2.235232872123613,0.5857422951916117,0.9072573902739679,1.4431080384035868,2.235232872123613
M2,40,GeniusBOABaselineNegotiator,GeniusBOABaselineNegotiator,GeniusBOABaselineNegotiator,0.2,0.41039134083406165,20,15.55,11.245934938082247,20,0.1264094928803041,0.2579681696527614,20,0.14671578289446888,0.29953643446451195,20,0.13114307006940124,0.26788364949063664,20,0.1622884957195365,0.33118921943838736,20,0.4198410586692418,0.8570410385817853,20,0.12633058891918705,0.2580086465307614,20,0.03595790680034945,0.07318057290762593,20,0.8562334701864669,0.3858879728642814,20,2.0438841157805703,0.8570410385817853,20,0.8295909531536939,0.3478638962940238,20,2.0438841157805703,0.8570410385817853,20,0.1798619353545204,4.9287482984499915,0.11305953522145548,0.13127763052330965,0.11740518586307093,0.14515007518354844,0.37561479626807476,0.11307727499539756,0.032072800188150875,0.16912286084872896,0.37561479626807476,0.15245807453014937,0.37561479626807476,0.05,0.4,10.84875,20.152499999999996,0.03212089173859454,0.25212762773591685,0.03723378193810839,0.2926917841696162,0.033230313572321604,0.26169341206550745,0.041237250303895176,0.32369015627372494,0.10658845561481134,0.8375111960751489,0.03202719328476805,0.22063398455360606,0.009210057019127128,0.07162170650864588,0.7151895684998404,0.9972773718730934,1.626213978374663,2.357136718835001,0.6600630602956038,0.9567368727972612,1.626213978374663,2.357136718835001
M2,40,GeniusBOABaselineNegotiator,GeniusBOABaselineNegotiator,LinearTBNegotiator,0.25,0.44426165831931935,20,14.35,9.538150543447806,20,0.2117680871824053,0.3750931909128953,20,0.1781031433690454,0.3151829648640865,20,0.1379066534291613,0.24401324875572944,20,0.21829963330892949,0.38635268097244363,20,0.5679743739204961,1.0054591206410681,20,0.1379066534291613,0.24401324875572944,20,0.0803929798797682,0.1423394322167142,20,0.7966296555947576,0.44010754556602777,20,1.895750800529316,1.0054591206410681,20,0.7694652066672438,0.40810522661708926,20,1.895750800529316,1.0054591206410681,20,0.19470625648856146,4.180278786976068,0.16439183906459387,0.13813502481806092,0.10694352147916189,0.16932652815696,0.44066188870071565,0.10694352147916189,0.06238300667779811,0.19288563630205993,0.44066188870071565,0.17886000162299853,0.44066188870071565,0.1,0.45,10.44875,18.50125,0.08512204968777694,0.38062947050857643,0.07168512631921109,0.3199938327688244,0.05551829821564156,0.24775779371385429,0.08676489043206372,0.3922298718237946,0.22849230232619916,1.0206171360462255,0.05551829821564156,0.24775779371385429,0.03233365620713909,0.14447207810994037,0.5984997754556554,0.9947595357338599,1.4431080384035868,2.235232872123613,0.5857422951916117,0.9531881181428756,1.4431080384035868,2.3483935626550454
M2,40,GeniusBOABaselineNegotiator,GeniusBOABaselineNegotiator,SmartAspirationNegotiator,0.2,0.41039134083406165,20,15.55,11.245934938082247,20,0.16718050341772261,0.3416285180608156,20,0.163117914309499,0.33319289798426555,20,0.13935352098054674,0.2847311392820228,20,0.18688230763845132,0.3816546566865082,20,0.49341633203672064,1.0080143140293467,20,0.13935352098054674,0.2847311392820228,20,0.04752878665790457,0.09692351740448535,20,0.8354336046149085,0.42856839646968203,20,1.9703088424130915,1.0080143140293467,20,0.7997275275855765,0.4091423525980131,20,1.9703088424130915,1.0080143140293467,20,0.1798619353545204,4.9287482984499915,0.14972529952955366,0.14602822602454218,0.12478892381813046,0.1672675282309539,0.441781751578638,0.12478892381813046,0.04247860441282339,0.1878283812328008,0.441781751578638,0.17931454212513562,0.441781751578638,0.05,0.4,10.847500000000002,20.6,0.04231364437294917,0.3336696488107539,0.04133431479186593,0.3254960469996765,0.03528292630010797,0.2781143138877984,0.04738570328362388,0.3728777801115545,0.12498227395668104,0.9846617428101068,0.03528292630010797,0.2781143138877984,0.012102776983515907,0.08295479633229322,0.6265752034611813,0.9920774054802038,1.4790634316397053,2.338742900493131,0.600336209159369,0.949271016405232,1.4790634316397053,2.338742900493131
M2,40,GeniusBOABaselineNegotiator,LinearTBNegotiator,BoulwareTBNegotiator,0.2,0.41039134083406165,20,15.55,11.245934938082247,20,0.1264094928803041,0.2579681696527614,20,0.14671578289446888,0.29953643446451195,20,0.13114307006940124,0.26788364949063664,20,0.1622884957195365,0.33118921943838736,20,0.4198410586692418,0.8570410385817853,20,0.12633058891918705,0.2580086465307614,20,0.03595790680034945,0.07318057290762593,20,0.8562334701864669,0.3858879728642814,20,2.0438841157805703,0.8570410385817853,20,0.8295909531536939,0.3478638962940238,20,2.0438841157805703,0.8570410385817853,20,0.1798619353545204,4.9287482984499915,0.11305953522145548,0.13127763052330965,0.11740518586307093,0.14515007518354844,0.37561479626807476,0.11307727499539756,0.032072800188150875,0.16912286084872896,0.37561479626807476,0.15245807453014937,0.37561479626807476,0.05,0.4,10.75,20.0,0.03212089173859454,0.25212762773591685,0.03723378193810839,0.29269178416961616,0.033230313572321604,0.2616934120655074,0.041237250303895176,0.32369015627372494,0.10658845561481134,0.8375111960751491,0.03202719328476805,0.25206844976507903,0.009210057019127128,0.07162170650864588,0.7140142026524529,0.9972773718730934,1.626213978374663,2.357136718835001,0.6600630602956038,0.9567368727972612,1.626213978374663,2.357136718835001
M2,40,GeniusBOABaselineNegotiator,LinearTBNegotiator,ConcederTBNegotiator,0.5,0.512989176042577,20,11.0,6.078434701553735,20,0.4880253326183806,0.4999941081687417,20,0.24639671616246933,0.25203869688086933,20,0.1671404430306353,0.17087435013547994,20,0.32565298929430336,0.3332030436262587,20,0.9808187649433193,1.0040715019304802,20,0.1671404430306353,0.17087435013547994,20,0.32098262815807366,0.32901948037594103,20,0.5221460028843178,0.5357104955871025,20,1.4829064095064928,1.0040715019304802,20,0.601896033244718,0.40754200685338415,20,1.4829064095064928,1.0040715019304802,20,0.2248274191931505,2.663991465135688,0.21913207958607908,0.11046082920047325,0.07488898585275057,0.1460326725481959,0.4400537379870255,0.07488898585275057,0.14419914511228338,0.23478547654100096,0.4400537379870255,0.17861315967812702,0.4400537379870255,0.3,0.7,8.15,13.55125,0.24435834532153602,0.6829589224558563,0.12356824889089546,0.34465948997972845,0.1005213570476992,0.23375952901357136,0.1957465276427212,0.45555945094588546,0.5893596274713252,1.3722779024153133,0.1005213570476992,0.23375952901357136,0.19270721973166544,0.44925803658448193,0.31328760173059067,0.7832190043264766,1.0914472720344988,1.9722303313464848,0.40328462686118505,0.7607851583515444,0.9935824876665004,1.874365546978487
M2,40,GeniusBOABaselineNegotiator,LinearTBNegotiator,GeniusBOABaselineNegotiator,0.2,0.41039134083406165,20,15.55,11.245934938082247,20,0.1264094928803041,0.2579681696527614,20,0.14671578289446888,0.29953643446451195,20,0.13114307006940124,0.26788364949063664,20,0.1622884957195365,0.33118921943838736,20,0.4198410586692418,0.8570410385817853,20,0.12633058891918705,0.2580086465307614,20,0.03595790680034945,0.07318057290762593,20,0.8562334701864669,0.3858879728642814,20,2.0438841157805703,0.8570410385817853,20,0.8295909531536939,0.3478638962940238,20,2.0438841157805703,0.8570410385817853,20,0.1798619353545204,4.9287482984499915,0.11305953522145548,0.13127763052330965,0.11740518586307093,0.14515007518354844,0.37561479626807476,0.11307727499539756,0.032072800188150875,0.16912286084872896,0.37561479626807476,0.15245807453014937,0.37561479626807476,0.05,0.4,10.847500000000002,20.45,0.03212089173859454,0.25212762773591685,0.03723378193810839,0.2926917841696162,0.033230313572321604,0.26169341206550745,0.041237250303895176,0.32369015627372494,0.10658845561481134,0.8375111960751489,0.03202719328476805,0.25206844976507903,0.009210057019127128,0.07162170650864588,0.6681749346042982,0.9972773718730934,1.626213978374663,2.357136718835001,0.6600630602956038,0.9567368727972612,1.626213978374663,2.357136718835001
M2,40,GeniusBOABaselineNegotiator,LinearTBNegotiator,LinearTBNegotiator,0.25,0.44426165831931935,20,14.1,9.221827653082544,20,0.22723563816857256,0.4025797503179084,20,0.1470226685532202,0.2599515117319651,20,0.10898758765667867,0.19262272028721505,20,0.18505774944976172,0.32728030317671525,20,0.5212809752750129,0.9224827737818385,20,0.10898758765667867,0.19262272028721505,20,0.11839465836738643,0.20987018703202165,20,0.7832190043264766,0.46393889825238216,20,1.942444199174799,0.9224827737818385,20,0.788417563500595,0.3744260047137129,20,1.942444199174799,0.9224827737818385,20,0.19470625648856146,4.041644167779663,0.1764383548628442,0.11392877321295558,0.08442062932833556,0.1434369170975756,0.4042959012887553,0.08442062932833556,0.09197966491222226,0.20333018712414222,0.4042959012887553,0.16409943182036968,0.4042959012887553,0.1,0.45,9.95,18.0,0.09130907008224383,0.4084710622836775,0.058521521958212176,0.26404897810033906,0.043950671906648496,0.19570347532338556,0.07455520087911353,0.3323944808772926,0.1059929320656702,0.9365690184843558,0.043950671906648496,0.19570347532338556,0.047534327602186385,0.21287509938765314,0.5743606031727495,0.939862805191772,1.5271561559654565,2.357732242384142,0.6198565374916437,0.9148383330073082,1.630978166767792,2.357732242384142
M2,40,GeniusBOABaselineNegotiator,LinearTBNegotiator,SmartAspirationNegotiator,0.2,0.41039134083406165,20,15.55,11.245934938082247,20,0.16718050341772261,0.3416285180608156,20,0.163117914309499,0.33319289798426555,20,0.13935352098054674,0.2847311392820228,20,0.18688230763845132,0.3816546566865082,20,0.49341633203672064,1.0080143140293467,20,0.13935352098054674,0.2847311392820228,20,0.04752878665790457,0.09692351740448535,20,0.8354336046149085,0.42856839646968203,20,1.9703088424130915,1.0080143140293467,20,0.7997275275855765,0.4091423525980131,20,1.9703088424130915,1.0080143140293467,20,0.1798619353545204,4.9287482984499915,0.14972529952955366,0.14602822602454218,0.12478892381813046,0.1672675282309539,0.441781751578638,0.12478892381813046,0.04247860441282339,0.1878283812328008,0.441781751578638,0.17931454212513562,0.441781751578638,0.05,0.4,10.7,20.401249999999997,0.04231364437294917,0.3336696488107539,0.04133431479186593,0.3254960469996765,0.03528292630010797,0.24342411566098549,0.04738570328362388,0.3728777801115545,0.12498227395668104,0.9846617428101068,0.03528292630010797,0.2781143138877984,0.012102776983515907,0.09476346622375612,0.6265752034611813,0.9920774054802038,1.4790634316397053,2.338742900493131,0.600336209159369,0.949271016405232,1.5988045005157208,2.338742900493131
M2,40,GeniusBOABaselineNegotiator,SmartAspirationNegotiator,BoulwareTBNegotiator,0.2,0.41039134083406165,20,15.55,11.245934938082247,20,0.1264094928803041,0.2579681696527614,20,0.14671578289446888,0.29953643446451195,20,0.13114307006940124,0.26788364949063664,20,0.1622884957195365,0.33118921943838736,20,0.4198410586692418,0.8570410385817853,20,0.12633058891918705,0.2580086465307614,20,0.03595790680034945,0.07318057290762593,20,0.8562334701864669,0.3858879728642814,20,2.0438841157805703,0.8570410385817853,20,0.8295909531536939,0.3478638962940238,20,2.0438841157805703,0.8570410385817853,20,0.1798619353545204,4.9287482984499915,0.11305953522145548,0.13127763052330965,0.11740518586307093,0.14515007518354844,0.37561479626807476,0.11307727499539756,0.032072800188150875,0.16912286084872896,0.37561479626807476,0.15245807453014937,0.37561479626807476,0.05,0.4,11.05,20.8025,0.03212089173859454,0.25212762773591685,0.03723378193810839,0.2926917841696162,0.033230313572321604,0.26169341206550745,0.041237250303895176,0.32369015627372494,0.10658845561481134,0.8375111960751491,0.03202719328476805,0.25206844976507903,0.009210057019127128,0.06270575658157176,0.6681749346042982,0.9972773718730934,1.626213978374663,2.357136718835001,0.6600630602956038,0.9567368727972612,1.626213978374663,2.357136718835001
M2,40,GeniusBOABaselineNegotiator,SmartAspirationNegotiator,ConcederTBNegotiator,0.25,0.44426165831931935,20,14.35,9.538150543447806,20,0.21142047607360892,0.3744754697623188,20,0.19069163055386448,0.3375532936339234,20,0.15857974119614746,0.28075028977149785,20,0.2228035199115815,0.394356297496349,20,0.5928037371813379,1.049582057030166,20,0.15857974119614746,0.28075028977149785,20,0.06422377871543408,0.1136060077248512,20,0.7832190043264766,0.46393889825238216,20,1.8709214372684742,1.0495820570301657,20,0.7593872306339037,0.42601425999738535,20,1.8709214372684742,1.0495820570301657,20,0.19470625648856146,4.180278786976068,0.16412111083376352,0.14793925367650232,0.12304423959583928,0.17283426775716543,0.4599996181867684,0.12304423959583928,0.04979002816132616,0.20333018712414222,0.45999961818676827,0.1867089815687309,0.45999961818676827,0.1,0.45,10.25,18.30125,0.08498300524425838,0.3800037705127429,0.07672052119313873,0.34265310970149876,0.06378753332243603,0.2849693516944294,0.08965350906384147,0.40033686770856824,0.23842404763053587,1.0653099899157408,0.063787533322436,0.2849693516944294,0.013080041416729235,0.11536751601413897,0.5743606031727495,0.9920774054802038,1.3984151845340713,2.2253011268192764,0.5676019383315994,0.9511725229362076,1.3984151845340713,2.2253011268192764
M2,40,GeniusBOABaselineNegotiator,SmartAspirationNegotiator,GeniusBOABaselineNegotiator,0.2,0.41039134083406165,20,15.55,11.245934938082247,20,0.1264094928803041,0.2579681696527614,20,0.14671578289446888,0.29953643446451195,20,0.13114307006940124,0.26788364949063664,20,0.1622884957195365,0.33118921943838736,20,0.4198410586692418,0.8570410385817853,20,0.12633058891918705,0.2580086465307614,20,0.03595790680034945,0.07318057290762593,20,0.8562334701864669,0.3858879728642814,20,2.0438841157805703,0.8570410385817853,20,0.8295909531536939,0.3478638962940238,20,2.0438841157805703,0.8570410385817853,20,0.1798619353545204,4.9287482984499915,0.11305953522145548,0.13127763052330965,0.11740518586307093,0.14515007518354844,0.37561479626807476,0.11307727499539756,0.032072800188150875,0.16912286084872896,0.37561479626807476,0.15245807453014937,0.37561479626807476,0.05,0.35,10.9,20.25125,0.03212089173859454,0.25212762773591685,0.03723378193810839,0.2926917841696162,0.033230313572321604,0.26169341206550745,0.041237250303895176,0.2833397411351778,0.10658845561481134,0.8375111960751489,0.03202719328476805,0.25206844976507903,0.009210057019127128,0.07162170650864588,0.6681749346042982,0.9972773718730934,1.626213978374663,2.357136718835001,0.6600630602956038,0.9567368727972612,1.626213978374663,2.357136718835001
M2,40,GeniusBOABaselineNegotiator,SmartAspirationNegotiator,LinearTBNegotiator,0.25,0.44426165831931935,20,14.35,9.538150543447806,20,0.21142047607360892,0.3744754697623188,20,0.19069163055386448,0.3375532936339234,20,0.15857974119614746,0.28075028977149785,20,0.2228035199115815,0.394356297496349,20,0.5928037371813379,1.049582057030166,20,0.15857974119614746,0.28075028977149785,20,0.06422377871543408,0.1136060077248512,20,0.7832190043264766,0.46393889825238216,20,1.8709214372684742,1.0495820570301657,20,0.7593872306339037,0.42601425999738535,20,1.8709214372684742,1.0495820570301657,20,0.19470625648856146,4.180278786976068,0.16412111083376352,0.14793925367650232,0.12304423959583928,0.17283426775716543,0.4599996181867684,0.12304423959583928,0.04979002816132616,0.20333018712414222,0.45999961818676827,0.1867089815687309,0.45999961818676827,0.09875000000000114,0.45,10.34875,18.401249999999997,0.04283718163447487,0.3800037705127429,0.03873015140623015,0.34265310970149876,0.032190130697865534,0.2849693516944294,0.08965350906384147,0.40033686770856824,0.23547088355094853,1.0653099899157408,0.06299759825682245,0.2849693516944294,0.025865975741405443,0.11536751601413897,0.5743606031727495,0.9920774054802038,1.3984151845340713,2.2253011268192764,0.5676019383315994,0.9032261998606318,1.3984151845340713,2.2253011268192764
M2,40,GeniusBOABaselineNegotiator,SmartAspirationNegotiator,SmartAspirationNegotiator,0.2,0.41039134083406165,20,15.55,11.245934938082247,20,0.16718050341772261,0.3416285180608156,20,0.163117914309499,0.33319289798426555,20,0.13935352098054674,0.2847311392820228,20,0.18688230763845132,0.3816546566865082,20,0.49341633203672064,1.0080143140293467,20,0.13935352098054674,0.2847311392820228,20,0.04752878665790457,0.09692351740448535,20,0.8354336046149085,0.42856839646968203,20,1.9703088424130915,1.0080143140293467,20,0.7997275275855765,0.4091423525980131,20,1.9703088424130915,1.0080143140293467,20,0.1798619353545204,4.9287482984499915,0.14972529952955366,0.14602822602454218,0.12478892381813046,0.1672675282309539,0.441781751578638,0.12478892381813046,0.04247860441282339,0.1878283812328008,0.441781751578638,0.17931454212513562,0.441781751578638,0.05,0.4,10.84875,20.35,0.04231364437294917,0.3336696488107539,0.04133431479186593,0.3254960469996765,0.03528292630010797,0.2781143138877984,0.04738570328362388,0.3728777801115545,0.12498227395668104,0.9846617428101068,0.03528292630010797,0.2781143138877984,0.012102776983515907,0.08325001307957952,0.6265752034611813,0.9920774054802038,1.4790634316397053,2.338742900493131,0.600336209159369,0.949271016405232,1.4790634316397053,2.338742900493131
M2,40,LinearTBNegotiator,BoulwareTBNegotiator,BoulwareTBNegotiator,0.2,0.41039134083406165,20,15.75,11.557066646588321,20,0.10810864197530864,0.22041561594623482,20,0.1485955097815178,0.30339355265240125,20,0.13094209893478298,0.26747126542361194,20,0.16624892062825264,0.3393158398811905,20,0.4052996615383443,0.8272027212510373,20,0.1080297380141916,0.2204560928242347,20,0.058219182614061046,0.11885974705695578,20,0.8354336046149085,0.42856839646968203,20,2.0584255129114677,0.8272027212510373,20,0.8354931525068116,0.3357528387620443,20,2.0584255129114677,0.8272027212510373,20,0.1798619353545204,5.065107781884336,0.09660140290942047,0.13296808710252245,0.11722445057695671,0.14871172362808813,0.3625375771144653,0.0966191426833625,0.052092580944725596,0.1878283812328008,0.3625375771144653,0.14715016953764964,0.3625375771144653,0.05,0.4,10.95,20.651249999999997,0.027545679012345677,0.21552592592592595,0.03770371365987062,0.25948730590316504,0.03318007078866703,0.2612914697962708,0.04222735653107422,0.3316110060911572,0.10295310633208696,0.7076462167446016,0.02745198055851919,0.21546674795508816,0.014775375972555026,0.1161442581360691,0.6265752034611813,0.9920774054802038,1.6552967726364582,2.360772068117725,0.6718674590018391,0.9582124226355406,1.6552967726364582,2.360772068117725
M2,40,LinearTBNegotiator,BoulwareTBNegotiator,ConcederTBNegotiator,0.7,0.47016234598162726,20,7.2,3.17224808215512,20,0.5602074074074074,0.37580482627449974,20,0.5666470552587433,0.3800975591176817,20,0.43302805996788213,0.29044972875557523,20,0.7002660505496044,0.46974538947978817,20,1.693501517924894,1.1359999445098632,20,0.43302805996788213,0.29044972875557523,20,0.26723799058172226,0.17929566072421296,20,0.31328760173059067,0.49098677932204077,20,0.7702236565249181,1.1359999445098632,20,0.3126256388141672,0.4610903668521184,20,0.7702236565249181,1.1359999445098632,20,0.20605773335083594,1.3902990212256685,0.16470372701316696,0.16658510013270073,0.12729520615859294,0.20587499410680848,0.4978739272785684,0.12729520615859294,0.07857978794821555,0.21518444366508316,0.4978739272785684,0.20208176319412388,0.4978739272785684,0.5,0.9,5.85,8.45,0.40034567901234563,0.7200691358024692,0.40495926279033706,0.7283348477271494,0.30947510799800015,0.556581011937764,0.500443417582674,0.9000886835165348,1.2102642045930199,2.176738831256768,0.30947510799800015,0.5264649798951047,0.19096830958467395,0.3435076715787706,0.10442920057686356,0.5221460028843178,0.28698634319304395,1.2534609698567922,0.16551995155753502,0.5578017842418875,0.28698634319304395,1.2534609698567922
M2,40,LinearTBNegotiator,BoulwareTBNegotiator,GeniusBOABaselineNegotiator,0.2,0.41039134083406165,20,15.35,10.941350825868662,20,0.0965530864197531,0.19670411625360015,20,0.14664657569803372,0.29939442429381,20,0.14443553511564083,0.2951592122572175,20,0.1488576162804266,0.3036296363304026,20,0.38984623781582056,0.7954929648412203,20,0.09647418245863607,0.19674459313160006,20,0.052383433821790545,0.10688504319880256,20,0.8567410456514871,0.38484644998596085,20,2.0738789366339914,0.7954929648412201,20,0.8417655338108565,0.3228821838940969,20,2.0738789366339914,0.7954929648412201,20,0.1798619353545204,4.795258425613895,0.08620937997782595,0.1312153918218532,0.12935922830731578,0.1330715553363907,0.3486401636215325,0.086227119751768,0.04684443558462272,0.16866639332134395,0.3486401636215324,0.14150935633451453,0.3486401636215324,0.05,0.4,10.648750000000001,19.5,0.024656790123456788,0.19241481481481482,0.0372164801389996,0.29255336977674584,0.036553429833881504,0.2882783421579866,0.0378795304441177,0.2598357021167355,0.09908975040145603,0.7775215543683065,0.02456309166963031,0.19235563684397705,0.013316438774487401,0.10447276055152807,0.6691900855343389,0.9974042657393485,1.783122449219627,2.3646354240483562,0.6844122216099289,0.9597805179615518,1.6862036200815056,2.3646354240483562
M2,40,LinearTBNegotiator,BoulwareTBNegotiator,LinearTBNegotiator,0.45,0.5104177855340404,20,11.45,6.476475649773205,20,0.36462947050857647,0.41280107876769584,20,0.36552374271097265,0.4137604924860803,20,0.28833750385878176,0.3263778916787046,20,0.4427099815631637,0.501143093293456,20,1.095676955930522,1.2403220637398567,20,0.28833750385878176,0.3263778916787046,20,0.1543724777043819,0.1747652016147513,20,0.5743606031727496,0.5330252130353283,20,1.3680482185192901,1.2403220637398567,20,0.5552763078880323,0.5034336120776294,20,1.3680482185192901,1.2403220637398567,20,0.22370045761428853,2.8384406022729407,0.18091804956872334,0.18133853117012264,0.1430414178207427,0.21963564451950254,0.5435951119089686,0.1430414178207427,0.07659422669875982,0.23360859957338703,0.5435951119089686,0.2206395086377123,0.5435951119089686,0.25,0.65,8.5,14.101249999999999,0.2028791982935164,0.5263797427236363,0.20339753778134995,0.5276499476405954,0.1604509368430099,0.41622407087455365,0.24634413871969002,0.6881672851175057,0.6096742738562162,1.5816796380048275,0.1604509368430099,0.4481957126284966,0.08589320187668018,0.22285175353208367,0.36550220201902245,0.7832190043264766,0.8820455364449842,1.9755515711121716,0.3580129576108093,0.7525396581652554,0.8820455364449845,1.8540509005935957
M2,40,LinearTBNegotiator,BoulwareTBNegotiator,SmartAspirationNegotiator,0.2,0.41039134083406165,20,15.35,10.941350825868662,20,0.12499753086419754,0.2550708847277777,20,0.16137192907073009,0.32961021186819117,20,0.14507965749889368,0.29648092349983923,20,0.17766420064256652,0.36273950023654317,20,0.4477413890056578,0.9142913084641604,20,0.12491862690308049,0.2551113616057777,20,0.05274557373948603,0.10762813863076548,20,0.8354336046149085,0.42856839646968203,20,2.015983785444154,0.9142913084641602,20,0.818266504052894,0.3711011755474454,20,2.015983785444154,0.9142913084641602,20,0.1798619353545204,4.795258425613895,0.11178974411713549,0.14445804460381514,0.12993849379960085,0.15897759540802944,0.4007058333247659,0.11180748389107756,0.04717011151695189,0.1878283812328008,0.40070583332476584,0.16264226119061745,0.40070583332476584,0.05,0.4,11.09875,20.35,0.031767901234567894,0.24930370370370372,0.04089781848217369,0.3220040765221386,0.03671446042969471,0.2895665869244922,0.045081176534652684,0.35444156611978495,0.11356353819891533,0.8933118567479811,0.031674202780741414,0.24924452573286587,0.013406973753911273,0.10519704038691904,0.6265752034611813,0.9920774054802038,1.570413317701831,2.350161636250897,0.637414162094004,0.9539057605220613,1.570413317701831,2.350161636250897
M2,40,LinearTBNegotiator,ConcederTBNegotiator,BoulwareTBNegotiator,0.2,0.41039134083406165,20,14.55,9.800510190801292,20,0.06899753086419753,0.1401613092942405,20,0.14612769933374675,0.29832971245947587,20,0.1082931124997883,0.22099652586566226,20,0.18396228616770516,0.37566289905328937,20,0.36125292953169097,0.736820734213192,20,0.0689186269030805,0.14020178617224044,20,0.11504365926462468,0.23546111288104896,20,0.8354336046149085,0.42856839646968203,20,2.102472244918121,0.736820734213192,20,0.8533712553339623,0.2990677458080265,20,2.102472244918121,0.736820734213192,20,0.1798619353545204,4.295262972158979,0.06142840221786979,0.13074876128640137,0.09685599790687463,0.1646415246659281,0.32292592479067245,0.06144614199181185,0.10319538267411625,0.1878283812328008,0.32292592479067245,0.13107221866285748,0.32292592479067245,0.05,0.4,10.3,18.8,0.017767901234567895,0.1373037037037037,0.03708676104792786,0.2915156170481719,0.027517824179918365,0.21599349692628156,0.04665569791593734,0.3670377371700622,0.09194142333042363,0.7203349378000474,0.017674202780741423,0.13724452573286597,0.028981495135195934,0.20110582339405347,0.6265752034611813,0.9920774054802038,1.743390236649765,2.3717837511193887,0.7076236646561403,0.9626819483423283,1.743390236649765,2.3717837511193887
M2,40,LinearTBNegotiator,ConcederTBNegotiator,ConcederTBNegotiator,0.8,0.4103913408340616,20,3.45,1.190974832912761,20,0.7235368284857053,0.37081190229790445,20,0.49958599030558626,0.2559027055659303,20,0.4113524858536707,0.21071530969520338,20,0.5878194947575018,0.3010901014366573,20,1.7227088090968774,0.8826173134297651,20,0.4113524858536707,0.21071530969520338,20,0.31222343806016595,0.16001637047684458,20,0.2088584011537271,0.428568396469682,20,0.7410163653529345,0.8826173134297651,20,0.3007707081283589,0.3582450358436862,20,0.7410163653529345,0.8826173134297651,20,0.17986193535452039,0.5219677344333399,0.16251548159920845,0.11215430567322066,0.09235005625016547,0.13195855509627588,0.3868240929456498,0.09235005625016547,0.07013026645220692,0.18782838123280077,0.3868240929456498,0.15700780953867288,0.3868240929456498,0.6,0.95,2.9,3.9,0.5428254608704517,0.8590703541971454,0.37487443813402005,0.5931196544342606,0.30866254640857677,0.48836994043749116,0.4777696210839729,0.6978693684310306,1.4001079551280882,2.045309663065667,0.30866254640857677,0.48836994043749116,0.23424110531813774,0.3707101876166872,0.05221460028843178,0.4177168023074542,0.41841551138414523,1.1711508373113202,0.16983043227521666,0.47535774259921515,0.41841551138414523,1.1711508373113202
M2,40,LinearTBNegotiator,ConcederTBNegotiator,GeniusBOABaselineNegotiator,0.2,0.41039134083406165,20,14.55,9.800510190801292,20,0.06899753086419753,0.1401613092942405,20,0.14612769933374675,0.29832971245947587,20,0.1082931124997883,0.22099652586566226,20,0.18396228616770516,0.37566289905328937,20,0.36125292953169097,0.736820734213192,20,0.0689186269030805,0.14020178617224044,20,0.11504365926462468,0.23546111288104896,20,0.8354336046149085,0.42856839646968203,20,2.102472244918121,0.736820734213192,20,0.8533712553339623,0.2990677458080265,20,2.102472244918121,0.736820734213192,20,0.1798619353545204,4.295262972158979,0.06142840221786979,0.13074876128640137,0.09685599790687463,0.1646415246659281,0.32292592479067245,0.06144614199181185,0.10319538267411625,0.1878283812328008,0.32292592479067245,0.13107221866285748,0.32292592479067245,0.05,0.4,10.3,18.55125,0.017767901234567895,0.1373037037037037,0.03708676104792786,0.2915156170481719,0.027517824179918365,0.21599349692628156,0.04665569791593734,0.3670377371700622,0.09194142333042363,0.7203349378000474,0.01767420278074142,0.13724452573286594,0.028981495135195934,0.22979321143719628,0.6265752034611813,0.9920774054802038,1.8331607387168538,2.3717837511193887,0.7076236646561403,0.9626819483423285,1.743390236649765,2.3717837511193887
M2,40,LinearTBNegotiator,ConcederTBNegotiator,LinearTBNegotiator,0.55,0.5104177855340404,20,9.4,4.750623227812492,20,0.3762954177323099,0.348572713442833,20,0.43959830988908777,0.4072749057494221,20,0.40484692666981825,0.37516096880086464,20,0.47434969310835723,0.43938884269797945,20,1.2554920375104852,1.1631225249416772,20,0.37625103425418155,0.34862305592421206,20,0.0980986588541757,0.09076578677376744,20,0.469931402595886,0.5330252130353282,20,1.2082331369393269,1.1631225249416772,20,0.49040905595695905,0.4720991354895825,20,1.2082331369393269,1.1631225249416772,20,0.22370045761428853,2.0820524286841273,0.15276872734250696,0.17849609745796344,0.16442154403370857,0.19257065088221825,0.5097609222584338,0.15279079090776876,0.03977985997444948,0.233608599573387,0.5097609222584338,0.2069065687784236,0.5097609222584338,0.35,0.75,7.348750000000001,11.2,0.23971212329317587,0.512878712171444,0.2800133905182637,0.5991832292599117,0.2578453999074462,0.5518484534321904,0.30218138112908116,0.6465180050876334,0.7997389043297031,1.711245170691268,0.20549725871741495,0.5128540546835949,0.062311084232126446,0.1336639504040385,0.2088584011537271,0.7310044040380449,0.7524800037585445,1.663986270120109,0.3054236777552046,0.6753944341587136,0.7524800037585445,1.663986270120109
M2,40,LinearTBNegotiator,ConcederTBNegotiator,SmartAspirationNegotiator,0.25,0.44426165831931935,20,14.1,9.221827653082544,20,0.11051851851851853,0.19516798579795874,20,0.18866242850887893,0.3339473069716425,20,0.15202204948432657,0.26909696579293624,20,0.2253028075334313,0.39879764815034874,20,0.4878433755362764,0.8630625997412437,20,0.1104445460549713,0.19521180330372598,20,0.11485826147845998,0.20358584484662273,20,0.7832190043264766,0.46393889825238216,20,1.975881798913536,0.8630625997412436,20,0.8019895317077241,0.3503079843042879,20,1.975881798913536,0.8630625997412436,20,0.19470625648856146,4.041644167779663,0.08553614112208606,0.14635886034115006,0.11793694517818043,0.17478077550411972,0.3782538618043862,0.08555534499070007,0.08922543051341963,0.20333018712414222,0.37825386180438614,0.15352924332920215,0.37825386180438614,0.05,0.45,10.25,17.85,0.044622222222222216,0.19838024691358025,0.07496922714069758,0.3390005460205248,0.06116445663770766,0.2731655066131518,0.08953114425074198,0.4048355854278978,0.09930541211792289,0.8763813389546298,0.04453345526596555,0.1983260004403123,0.02320693796933442,0.2065095849875856,0.5743606031727495,0.9920774054802038,1.5873438354951823,2.267285271477301,0.6442860802644762,0.92026712029016,1.5873438354951823,2.364419762331889
M2,40,LinearTBNegotiator,GeniusBOABaselineNegotiator,BoulwareTBNegotiator,0.2,0.41039134083406165,20,15.75,11.557066646588321,20,0.1624416302397514,0.3319045554730648,20,0.1628659865489443,0.3326759531270286,20,0.1284792950890669,0.2624176985613385,20,0.19725267800882168,0.40293420769271876,20,0.48817360333764004,0.9972564617271222,20,0.1284792950890669,0.2624176985613385,20,0.06877338291975474,0.14051650913138028,20,0.8354336046149085,0.42856839646968203,20,1.975551571112172,0.9972564617271222,20,0.801855495734561,0.40477585408844347,20,1.975551571112172,0.9972564617271222,20,0.1798619353545204,5.065107781884336,0.14546358502360607,0.14580166495162764,0.11500962724651154,0.17659370265674382,0.43706691492686145,0.11500962724651154,0.061584075410232295,0.1878283812328008,0.43706691492686145,0.17740083977688997,0.43706691492686145,0.05,0.4,11.19875,20.7,0.04112892607845636,0.32419190245481144,0.041271332851727245,0.324992191478567,0.032564369827238024,0.25636586210483886,0.04997829587621647,0.39361852085229526,0.12367159178191087,0.8526756148933693,0.032564369827238024,0.25636586210483886,0.01741392604897845,0.1372526587474565,0.6265752034611813,0.9920774054802038,1.4895488890378665,2.340053582667901,0.6045921454573382,0.9498030084424782,1.4895488890378665,2.340053582667901
M2,40,LinearTBNegotiator,GeniusBOABaselineNegotiator,ConcederTBNegotiator,0.7,0.47016234598162726,20,7.2,3.17224808215512,20,0.5602074074074074,0.37580482627449974,20,0.5666470552587433,0.3800975591176817,20,0.43302805996788213,0.29044972875557523,20,0.7002660505496044,0.46974538947978817,20,1.693501517924894,1.1359999445098632,20,0.43302805996788213,0.29044972875557523,20,0.26723799058172226,0.17929566072421296,20,0.31328760173059067,0.49098677932204077,20,0.7702236565249181,1.1359999445098632,20,0.3126256388141672,0.4610903668521184,20,0.7702236565249181,1.1359999445098632,20,0.20605773335083594,1.3902990212256685,0.16470372701316696,0.16658510013270073,0.12729520615859294,0.20587499410680848,0.4978739272785684,0.12729520615859294,0.07857978794821555,0.21518444366508316,0.4978739272785684,0.20208176319412388,0.4978739272785684,0.5,0.9,5.698750000000001,8.45,0.40034567901234563,0.7200691358024693,0.40495926279033706,0.7283348477271494,0.30947510799800015,0.556581011937764,0.500443417582674,0.9000886835165348,1.2102642045930199,2.176738831256768,0.30947510799800015,0.556581011937764,0.19096830958467392,0.3435076715787706,0.10442920057686356,0.5221460028843178,0.28698634319304395,1.2534609698567922,0.11648472247199097,0.5087665551563434,0.28698634319304395,1.2534609698567922
M2,40,LinearTBNegotiator,GeniusBOABaselineNegotiator,GeniusBOABaselineNegotiator,0.2,0.41039134083406165,20,15.35,10.941350825868662,20,0.0965530864197531,0.19670411625360015,20,0.14664657569803372,0.29939442429381,20,0.14443553511564083,0.2951592122572175,20,0.1488576162804266,0.3036296363304026,20,0.38984623781582056,0.7954929648412203,20,0.09647418245863607,0.19674459313160006,20,0.052383433821790545,0.10688504319880256,20,0.8567410456514871,0.38484644998596085,20,2.0738789366339914,0.7954929648412201,20,0.8417655338108565,0.3228821838940969,20,2.0738789366339914,0.7954929648412201,20,0.1798619353545204,4.795258425613895,0.08620937997782595,0.1312153918218532,0.12935922830731578,0.1330715553363907,0.3486401636215325,0.086227119751768,0.04684443558462272,0.16866639332134395,0.3486401636215324,0.14150935633451453,0.3486401636215324,0.05,0.35,10.747500000000002,20.00125,0.024656790123456788,0.19241481481481482,0.0372164801389996,0.29255336977674584,0.036553429833881504,0.2882783421579866,0.0378795304441177,0.2968283973955051,0.09908975040145603,0.7775215543683065,0.02456309166963031,0.19235563684397705,0.013316438774487401,0.10447276055152807,0.6691900855343388,0.9974042657393485,1.6862036200815056,2.3646354240483562,0.6844122216099289,0.9597805179615518,1.6862036200815056,2.3646354240483562
M2,40,LinearTBNegotiator,GeniusBOABaselineNegotiator,LinearTBNegotiator,0.45,0.5104177855340404,20,11.45,6.476475649773205,20,0.36462947050857647,0.41280107876769584,20,0.36552374271097265,0.4137604924860803,20,0.28833750385878176,0.3263778916787046,20,0.4427099815631637,0.501143093293456,20,1.095676955930522,1.2403220637398567,20,0.28833750385878176,0.3263778916787046,20,0.1543724777043819,0.1747652016147513,20,0.5743606031727496,0.5330252130353283,20,1.3680482185192901,1.2403220637398567,20,0.5552763078880323,0.5034336120776294,20,1.3680482185192901,1.2403220637398567,20,0.22370045761428853,2.8384406022729407,0.18091804956872334,0.18133853117012264,0.1430414178207427,0.21963564451950254,0.5435951119089686,0.1430414178207427,0.07659422669875982,0.23360859957338703,0.5435951119089686,0.2206395086377123,0.5435951119089686,0.2,0.7,8.4,14.0,0.2028791982935164,0.5263797427236363,0.20339753778134995,0.5276499476405954,0.1604509368430099,0.41622407087455365,0.24634413871969002,0.6390758244066373,0.6096742738562162,1.5816796380048275,0.1604509368430099,0.41622407087455365,0.06877338291975475,0.22285175353208367,0.31328760173059067,0.7832190043264766,0.8820455364449845,1.8540509005935957,0.35801295761080937,0.7525396581652554,0.8820455364449845,1.8540509005935957
M2,40,LinearTBNegotiator,GeniusBOABaselineNegotiator,SmartAspirationNegotiator,0.2,0.41039134083406165,20,15.55,11.245934938082247,20,0.16718050341772261,0.3416285180608156,20,0.163117914309499,0.33319289798426555,20,0.13935352098054674,0.2847311392820228,20,0.18688230763845132,0.3816546566865082,20,0.49341633203672064,1.0080143140293467,20,0.13935352098054674,0.2847311392820228,20,0.04752878665790457,0.09692351740448535,20,0.8354336046149085,0.42856839646968203,20,1.9703088424130915,1.0080143140293467,20,0.7997275275855765,0.4091423525980131,20,1.9703088424130915,1.0080143140293467,20,0.1798619353545204,4.9287482984499915,0.14972529952955366,0.14602822602454218,0.12478892381813046,0.1672675282309539,0.441781751578638,0.12478892381813046,0.04247860441282339,0.1878283812328008,0.441781751578638,0.17931454212513562,0.441781751578638,0.05,0.4,10.8,20.5525,0.04231364437294917,0.3336696488107539,0.04133431479186593,0.3254960469996765,0.03528292630010797,0.2781143138877984,0.04738570328362388,0.37287778011155454,0.12498227395668104,0.9846617428101065,0.03528292630010797,0.2781143138877984,0.012102776983515907,0.09476346622375612,0.6265752034611813,0.9920774054802038,1.4790634316397053,2.338742900493131,0.600336209159369,0.949271016405232,1.4790634316397053,2.338742900493131
M2,40,LinearTBNegotiator,LinearTBNegotiator,BoulwareTBNegotiator,0.2,0.41039134083406165,20,14.55,9.800510190801292,20,0.06899753086419753,0.1401613092942405,20,0.14612769933374675,0.29832971245947587,20,0.1082931124997883,0.22099652586566226,20,0.18396228616770516,0.37566289905328937,20,0.36125292953169097,0.736820734213192,20,0.0689186269030805,0.14020178617224044,20,0.11504365926462468,0.23546111288104896,20,0.8354336046149085,0.42856839646968203,20,2.102472244918121,0.736820734213192,20,0.8533712553339623,0.2990677458080265,20,2.102472244918121,0.736820734213192,20,0.1798619353545204,4.295262972158979,0.06142840221786979,0.13074876128640137,0.09685599790687463,0.1646415246659281,0.32292592479067245,0.06144614199181185,0.10319538267411625,0.1878283812328008,0.32292592479067245,0.13107221866285748,0.32292592479067245,0.05,0.4,10.7,18.55,0.017767901234567895,0.1373037037037037,0.03708676104792786,0.2915156170481719,0.027517824179918365,0.21599349692628156,0.04665569791593734,0.3670377371700622,0.09194142333042363,0.7203349378000474,0.017674202780741423,0.1201630510254196,0.028981495135195934,0.22979321143719628,0.6774844387424035,0.9920774054802038,1.743390236649765,2.3717837511193887,0.7076236646561405,0.9626819483423283,1.8309164761651786,2.3717837511193887
M2,40,LinearTBNegotiator,LinearTBNegotiator,ConcederTBNegotiator,0.7,0.47016234598162726,20,6.5,2.762531257265412,20,0.5975407407407409,0.40088015139351996,20,0.46409144006222636,0.3112150039257054,20,0.33834206962971797,0.2268528896855967,20,0.5898408104947348,0.39557711816581415,20,1.5257236208651936,1.0233101592449307,20,0.33834206962971797,0.2268528896855967,20,0.25925731425321996,0.17393535571688623,20,0.33378464138939634,0.47721972753395137,20,0.9380015535846186,1.0233101592449307,20,0.3807249133597414,0.4153507744521268,20,0.9380015535846186,1.0233101592449307,20,0.20605773335083594,1.2107327055178305,0.17569347279187825,0.13639598926156526,0.09942266251693399,0.17336931600619654,0.4484854513150088,0.09942266251693399,0.07623053069841859,0.2091507671900893,0.4484854513150088,0.18203550297169913,0.4484854513150088,0.5,0.9,5.2,7.55,0.42701234567901236,0.7680691358024693,0.3317052519356821,0.5964776281887707,0.24184225775645424,0.43484188150298164,0.42156824611490995,0.7581133748745594,1.0904228495503767,1.9610243921800108,0.24184225775645424,0.43484188150298164,0.18526782649288656,0.3332468020135533,0.13078253728104233,0.5367867454977505,0.5027007822698015,1.3733023248994356,0.2040409326020149,0.5574088941174679,0.5027007822698015,1.3733023248994356
M2,40,LinearTBNegotiator,LinearTBNegotiator,GeniusBOABaselineNegotiator,0.2,0.41039134083406165,20,14.55,9.800510190801292,20,0.06899753086419753,0.1401613092942405,20,0.14612769933374675,0.29832971245947587,20,0.1082931124997883,0.22099652586566226,20,0.18396228616770516,0.37566289905328937,20,0.36125292953169097,0.736820734213192,20,0.0689186269030805,0.14020178617224044,20,0.11504365926462468,0.23546111288104896,20,0.8354336046149085,0.42856839646968203,20,2.102472244918121,0.736820734213192,20,0.8533712553339623,0.2990677458080265,20,2.102472244918121,0.736820734213192,20,0.1798619353545204,4.295262972158979,0.06142840221786979,0.13074876128640137,0.09685599790687463,0.1646415246659281,0.32292592479067245,0.06144614199181185,0.10319538267411625,0.1878283812328008,0.32292592479067245,0.13107221866285748,0.32292592479067245,0.05,0.4,10.34875,18.75,0.017767901234567895,0.1373037037037037,0.03708676104792786,0.2915156170481719,0.027517824179918365,0.18906840081965826,0.04665569791593734,0.321268874419473,0.09194142333042363,0.7203349378000474,0.017674202780741423,0.13724452573286597,0.028981495135195934,0.2018230080951314,0.6265752034611813,0.9920774054802038,1.743390236649765,2.3717837511193887,0.7076236646561403,0.9626819483423283,1.743390236649765,2.3717837511193887
M2,40,LinearTBNegotiator,LinearTBNegotiator,LinearTBNegotiator,0.55,0.5104177855340404,20,9.4,4.750623227812492,20,0.3762954177323099,0.348572713442833,20,0.43959830988908777,0.4072749057494221,20,0.40484692666981825,0.37516096880086464,20,0.47434969310835723,0.43938884269797945,20,1.2554920375104852,1.1631225249416772,20,0.37625103425418155,0.34862305592421206,20,0.0980986588541757,0.09076578677376744,20,0.469931402595886,0.5330252130353282,20,1.2082331369393269,1.1631225249416772,20,0.49040905595695905,0.4720991354895825,20,1.2082331369393269,1.1631225249416772,20,0.22370045761428853,2.0820524286841273,0.15276872734250696,0.17849609745796344,0.16442154403370857,0.19257065088221825,0.5097609222584338,0.15279079090776876,0.03977985997444948,0.233608599573387,0.5097609222584338,0.2069065687784236,0.5097609222584338,0.35,0.75,7.4,11.2,0.20556629968339238,0.512878712171444,0.2800133905182637,0.5991832292599117,0.2578453999074462,0.5518484534321904,0.3021813811290811,0.6465180050876334,0.7997389043297031,1.711245170691268,0.23964801382476825,0.5128540546835949,0.06253336730431289,0.13366395040403847,0.2088584011537271,0.6800951687568226,0.7524800037585445,1.663986270120109,0.3054236777552046,0.6753944341587137,0.7524800037585445,1.663986270120109
M2,40,LinearTBNegotiator,LinearTBNegotiator,SmartAspirationNegotiator,0.25,0.44426165831931935,20,14.1,9.221827653082544,20,0.11051851851851853,0.19516798579795874,20,0.18866242850887893,0.3339473069716425,20,0.15202204948432657,0.26909696579293624,20,0.2253028075334313,0.39879764815034874,20,0.4878433755362764,0.8630625997412437,20,0.1104445460549713,0.19521180330372598,20,0.11485826147845998,0.20358584484662273,20,0.7832190043264766,0.46393889825238216,20,1.975881798913536,0.8630625997412436,20,0.8019895317077241,0.3503079843042879,20,1.975881798913536,0.8630625997412436,20,0.19470625648856146,4.041644167779663,0.08553614112208606,0.14635886034115006,0.11793694517818043,0.17478077550411972,0.3782538618043862,0.08555534499070007,0.08922543051341963,0.20333018712414222,0.37825386180438614,0.15352924332920215,0.37825386180438614,0.09875000000000114,0.45,10.1,17.75,0.044622222222222216,0.19838024691358022,0.0759088403751445,0.3390005460205249,0.06116445663770766,0.2731655066131518,0.09065322411258137,0.4048355854278978,0.09930541211792289,0.87638133895463,0.043984196176057665,0.1983260004403123,0.04611976884661581,0.2065095849875856,0.5743606031727495,0.939862805191772,1.5873438354951823,2.364419762331889,0.6442860802644762,0.9596929831509717,1.5873438354951823,2.364419762331889
M2,40,LinearTBNegotiator,SmartAspirationNegotiator,BoulwareTBNegotiator,0.2,0.41039134083406165,20,15.75,11.557066646588321,20,0.1624416302397514,0.3319045554730648,20,0.1628659865489443,0.3326759531270286,20,0.1284792950890669,0.2624176985613385,20,0.19725267800882168,0.40293420769271876,20,0.48817360333764004,0.9972564617271222,20,0.1284792950890669,0.2624176985613385,20,0.06877338291975474,0.14051650913138028,20,0.8354336046149085,0.42856839646968203,20,1.975551571112172,0.9972564617271222,20,0.801855495734561,0.40477585408844347,20,1.975551571112172,0.9972564617271222,20,0.1798619353545204,5.065107781884336,0.14546358502360607,0.14580166495162764,0.11500962724651154,0.17659370265674382,0.43706691492686145,0.11500962724651154,0.061584075410232295,0.1878283812328008,0.43706691492686145,0.17740083977688997,0.43706691492686145,0.05,0.4,11.0,20.6,0.04112892607845636,0.32419190245481144,0.041271332851727245,0.324992191478567,0.032564369827238024,0.25636586210483886,0.04997829587621647,0.3936185208522952,0.1236715917819109,0.9741762854119456,0.032564369827238024,0.25636586210483886,0.01741392604897845,0.12013283979053109,0.6265752034611813,0.9920774054802038,1.4895488890378665,2.340053582667901,0.6045921454573382,0.9498030084424782,1.4895488890378665,2.340053582667901
M2,40,LinearTBNegotiator,SmartAspirationNegotiator,ConcederTBNegotiator,0.7,0.47016234598162726,20,7.2,3.17224808215512,20,0.5602074074074074,0.37580482627449974,20,0.5666470552587433,0.3800975591176817,20,0.43302805996788213,0.29044972875557523,20,0.7002660505496044,0.46974538947978817,20,1.693501517924894,1.1359999445098632,20,0.43302805996788213,0.29044972875557523,20,0.26723799058172226,0.17929566072421296,20,0.31328760173059067,0.49098677932204077,20,0.7702236565249181,1.1359999445098632,20,0.3126256388141672,0.4610903668521184,20,0.7702236565249181,1.1359999445098632,20,0.20605773335083594,1.3902990212256685,0.16470372701316696,0.16658510013270073,0.12729520615859294,0.20587499410680848,0.4978739272785684,0.12729520615859294,0.07857978794821555,0.21518444366508316,0.4978739272785684,0.20208176319412388,0.4978739272785684,0.5,0.9,5.8,8.451249999999998,0.40034567901234575,0.7200691358024692,0.404959262790337,0.7283348477271494,0.30947510799800015,0.556581011937764,0.4991945261266318,0.9000886835165348,1.2102642045930199,2.176738831256768,0.30947510799800015,0.556581011937764,0.19096830958467392,0.3435076715787706,0.10442920057686356,0.5221460028843178,0.28698634319304395,1.2534609698567922,0.11648472247199097,0.5087665551563434,0.28698634319304395,1.2534609698567922
M2,40,LinearTBNegotiator,SmartAspirationNegotiator,GeniusBOABaselineNegotiator,0.2,0.41039134083406165,20,15.35,10.941350825868662,20,0.0965530864197531,0.19670411625360015,20,0.14664657569803372,0.29939442429381,20,0.14443553511564083,0.2951592122572175,20,0.1488576162804266,0.3036296363304026,20,0.38984623781582056,0.7954929648412203,20,0.09647418245863607,0.19674459313160006,20,0.052383433821790545,0.10688504319880256,20,0.8567410456514871,0.38484644998596085,20,2.0738789366339914,0.7954929648412201,20,0.8417655338108565,0.3228821838940969,20,2.0738789366339914,0.7954929648412201,20,0.1798619353545204,4.795258425613895,0.08620937997782595,0.1312153918218532,0.12935922830731578,0.1330715553363907,0.3486401636215325,0.086227119751768,0.04684443558462272,0.16866639332134395,0.3486401636215324,0.14150935633451453,0.3486401636215324,0.05,0.4,10.6,19.65,0.024656790123456788,0.19241481481481482,0.0372164801389996,0.29255336977674584,0.036553429833881504,0.2882783421579866,0.0378795304441177,0.2968283973955051,0.09908975040145601,0.6830256959586359,0.02456309166963031,0.19235563684397705,0.013316438774487401,0.10447276055152807,0.6691900855343388,0.9974042657393485,1.6862036200815056,2.3646354240483562,0.6844122216099289,0.9597805179615518,1.783122449219627,2.3646354240483562
M2,40,LinearTBNegotiator,SmartAspirationNegotiator,LinearTBNegotiator,0.45,0.5104177855340404,20,11.45,6.476475649773205,20,0.36462947050857647,0.41280107876769584,20,0.36552374271097265,0.4137604924860803,20,0.28833750385878176,0.3263778916787046,20,0.4427099815631637,0.501143093293456,20,1.095676955930522,1.2403220637398567,20,0.28833750385878176,0.3263778916787046,20,0.1543724777043819,0.1747652016147513,20,0.5743606031727496,0.5330252130353283,20,1.3680482185192901,1.2403220637398567,20,0.5552763078880323,0.5034336120776294,20,1.3680482185192901,1.2403220637398567,20,0.22370045761428853,2.8384406022729407,0.18091804956872334,0.18133853117012264,0.1430414178207427,0.21963564451950254,0.5435951119089686,0.1430414178207427,0.07659422669875982,0.23360859957338703,0.5435951119089686,0.2206395086377123,0.5435951119089686,0.24875000000000114,0.6512499999999989,8.498750000000001,14.15,0.2028791982935164,0.5263797427236363,0.20339753778134995,0.5276499476405954,0.12847929508906694,0.41622407087455365,0.24634413871969002,0.6390758244066373,0.6096742738562162,1.5816796380048275,0.1604509368430099,0.41622407087455365,0.08589320187668018,0.22285175353208367,0.36550220201902245,0.7832190043264766,0.8820455364449845,1.8540509005935957,0.35801295761080937,0.7525396581652554,0.7605448659264082,1.8570884173565574
M2,40,LinearTBNegotiator,SmartAspirationNegotiator,SmartAspirationNegotiator,0.2,0.41039134083406165,20,15.55,11.245934938082247,20,0.16718050341772261,0.3416285180608156,20,0.163117914309499,0.33319289798426555,20,0.13935352098054674,0.2847311392820228,20,0.18688230763845132,0.3816546566865082,20,0.49341633203672064,1.0080143140293467,20,0.13935352098054674,0.2847311392820228,20,0.04752878665790457,0.09692351740448535,20,0.8354336046149085,0.42856839646968203,20,1.9703088424130915,1.0080143140293467,20,0.7997275275855765,0.4091423525980131,20,1.9703088424130915,1.0080143140293467,20,0.1798619353545204,4.9287482984499915,0.14972529952955366,0.14602822602454218,0.12478892381813046,0.1672675282309539,0.441781751578638,0.12478892381813046,0.04247860441282339,0.1878283812328008,0.441781751578638,0.17931454212513562,0.441781751578638,0.05,0.4,10.84875,20.6,0.04231364437294917,0.3336696488107539,0.04133431479186593,0.28490151382713214,0.03528292630010797,0.2781143138877984,0.04738570328362388,0.3728777801115545,0.12498227395668104,0.9846617428101065,0.03528292630010797,0.24342411566098549,0.012102776983515907,0.09476346622375612,0.6265752034611813,0.9920774054802038,1.4790634316397053,2.338742900493131,0.600336209159369,0.949271016405232,1.4790634316397053,2.338742900493131
M2,40,SmartAspirationNegotiator,BoulwareTBNegotiator,BoulwareTBNegotiator,0.2,0.41039134083406165,20,14.35,11.008489546947988,20,0.13873605897327818,0.283261749586638,20,0.1602730404501324,0.32735533999601935,20,0.15094772387909744,0.3085219416492148,20,0.16959835702116735,0.3461887383428238,20,0.45928213987354294,0.9379724295786765,20,0.1386571550121611,0.28330222646463793,20,0.03094120200900623,0.06288651187818592,20,0.8354336046149085,0.428568396469682,20,2.004443034576269,0.9379724295786765,20,0.8135822352929004,0.38071309223364996,20,2.004443034576269,0.9379724295786765,20,0.1798619353545204,4.824683267488026,0.12414493539024413,0.14346980343361637,0.1352157026792621,0.15172390418797063,0.4110845422574768,0.12416267516418618,0.02756122902378445,0.18782838123280077,0.4110845422574768,0.16685486941508335,0.4110845422574768,0.05,0.4,10.09875,19.15,0.03520253326183805,0.27678075992186496,0.04062309632702427,0.28092006744093223,0.038181477024745655,0.30130271968489986,0.04306471562930289,0.3383098788769866,0.11644872591588662,0.9163933584837516,0.035108834808011566,0.2422054752163107,0.007955880821291323,0.06158829692595944,0.6774844387424035,0.9920774054802038,1.5473318159660607,2.3472764485339255,0.6280456245740169,0.952734693332063,1.5473318159660607,2.3472764485339255
M2,40,SmartAspirationNegotiator,BoulwareTBNegotiator,ConcederTBNegotiator,0.2,0.41039134083406165,20,13.35,9.50498484176094,20,0.1695527413508625,0.3464962475916092,20,0.14263047101910062,0.2911535513732235,20,0.11044386835798806,0.22540978376792883,20,0.1748170736802132,0.3568973189785183,20,0.4548136833890638,0.9288033503380562,20,0.11044386835798806,0.22540978376792883,20,0.06437320532222517,0.13148753521058948,20,0.8461621256295333,0.40655393584789057,20,2.0089114910607484,0.9288033503380562,20,0.8153959345361519,0.37699145991211147,20,2.0089114910607484,0.9288033503380562,20,0.1798619353545204,4.165743277331378,0.15185867605843342,0.12760367002115697,0.09879019346252904,0.15641714657978495,0.40706601610074733,0.09879019346252904,0.057626953117255936,0.17818011846689047,0.40706601610074733,0.16522379213487215,0.40706601610074733,0.05,0.4,9.4,17.45,0.042906703856234144,0.3384141246770337,0.036212453969266326,0.2845211604188797,0.028055513144468303,0.22029500864268106,0.04436939479406436,0.3487473121950783,0.11533161179476684,0.7942957549833606,0.028055513144468303,0.22029500864268106,0.016313881649596056,0.1284523035523973,0.6480322454904309,0.9947595357338599,1.5562687289350192,2.3483935626550454,0.6316730230605198,0.9531881181428756,1.556268728935019,2.3483935626550454
M2,40,SmartAspirationNegotiator,BoulwareTBNegotiator,GeniusBOABaselineNegotiator,0.2,0.41039134083406165,20,14.35,11.008489546947988,20,0.13873605897327818,0.283261749586638,20,0.1602730404501324,0.32735533999601935,20,0.15094772387909744,0.3085219416492148,20,0.16959835702116735,0.3461887383428238,20,0.45928213987354294,0.9379724295786765,20,0.1386571550121611,0.28330222646463793,20,0.03094120200900623,0.06288651187818592,20,0.8354336046149085,0.428568396469682,20,2.004443034576269,0.9379724295786765,20,0.8135822352929004,0.38071309223364996,20,2.004443034576269,0.9379724295786765,20,0.1798619353545204,4.824683267488026,0.12414493539024413,0.14346980343361637,0.1352157026792621,0.15172390418797063,0.4110845422574768,0.12416267516418618,0.02756122902378445,0.18782838123280077,0.4110845422574768,0.16685486941508335,0.4110845422574768,0.05,0.4,9.447500000000002,19.00125,0.03520253326183805,0.27678075992186496,0.04062309632702427,0.31980629928094323,0.038181477024745655,0.3013027196848998,0.04306471562930289,0.3383098788769866,0.11644872591588662,0.9163933584837516,0.035108834808011566,0.2767215819510272,0.007955880821291323,0.06158829692595944,0.6265752034611813,0.9920774054802038,1.5473318159660607,2.3472764485339255,0.6280456245740169,0.9527346933320627,1.5473318159660607,2.3472764485339255
M2,40,SmartAspirationNegotiator,BoulwareTBNegotiator,LinearTBNegotiator,0.2,0.41039134083406165,20,13.35,9.50498484176094,20,0.1695527413508625,0.3464962475916092,20,0.14263047101910062,0.2911535513732235,20,0.11044386835798806,0.22540978376792883,20,0.1748170736802132,0.3568973189785183,20,0.4548136833890638,0.9288033503380562,20,0.11044386835798806,0.22540978376792883,20,0.06437320532222517,0.13148753521058948,20,0.8461621256295333,0.40655393584789057,20,2.0089114910607484,0.9288033503380562,20,0.8153959345361519,0.37699145991211147,20,2.0089114910607484,0.9288033503380562,20,0.1798619353545204,4.165743277331378,0.15185867605843342,0.12760367002115697,0.09879019346252904,0.15641714657978495,0.40706601610074733,0.09879019346252904,0.057626953117255936,0.17818011846689047,0.40706601610074733,0.16522379213487215,0.40706601610074733,0.05,0.4,9.498750000000001,17.85,0.042906703856234144,0.33841412467703363,0.036212453969266326,0.24904848806893493,0.028055513144468303,0.22029500864268106,0.04436939479406436,0.3487473121950783,0.11533161179476684,0.9074564455147929,0.028055513144468303,0.1928322235715078,0.016313881649596056,0.12845230355239734,0.648032245490431,0.9947595357338599,1.6694294194664512,2.3483935626550454,0.6316730230605196,0.9531881181428756,1.5562687289350192,2.3483935626550454
M2,40,SmartAspirationNegotiator,BoulwareTBNegotiator,SmartAspirationNegotiator,0.2,0.41039134083406165,20,14.35,11.008489546947988,20,0.13873605897327818,0.283261749586638,20,0.1602730404501324,0.32735533999601935,20,0.15094772387909744,0.3085219416492148,20,0.16959835702116735,0.3461887383428238,20,0.45928213987354294,0.9379724295786765,20,0.1386571550121611,0.28330222646463793,20,0.03094120200900623,0.06288651187818592,20,0.8354336046149085,0.428568396469682,20,2.004443034576269,0.9379724295786765,20,0.8135822352929004,0.38071309223364996,20,2.004443034576269,0.9379724295786765,20,0.1798619353545204,4.824683267488026,0.12414493539024413,0.14346980343361637,0.1352157026792621,0.15172390418797063,0.4110845422574768,0.12416267516418618,0.02756122902378445,0.18782838123280077,0.4110845422574768,0.16685486941508335,0.4110845422574768,0.05,0.35,9.4,19.05,0.03520253326183805,0.27678075992186496,0.04062309632702427,0.27992298457324055,0.038181477024745655,0.3013027196848998,0.04306471562930289,0.3383098788769866,0.11644872591588662,0.9163933584837516,0.035108834808011566,0.2767215819510272,0.007955880821291323,0.06158829692595944,0.6265752034611813,0.9920774054802038,1.6616096206186128,2.3472764485339255,0.6280456245740169,0.952734693332063,1.5473318159660607,2.3472764485339255
M2,40,SmartAspirationNegotiator,ConcederTBNegotiator,BoulwareTBNegotiator,0.2,0.41039134083406165,20,14.35,11.008489546947988,20,0.13873605897327818,0.283261749586638,20,0.1602730404501324,0.32735533999601935,20,0.15094772387909744,0.3085219416492148,20,0.16959835702116735,0.3461887383428238,20,0.45928213987354294,0.9379724295786765,20,0.1386571550121611,0.28330222646463793,20,0.03094120200900623,0.06288651187818592,20,0.8354336046149085,0.428568396469682,20,2.004443034576269,0.9379724295786765,20,0.8135822352929004,0.38071309223364996,20,2.004443034576269,0.9379724295786765,20,0.1798619353545204,4.824683267488026,0.12414493539024413,0.14346980343361637,0.1352157026792621,0.15172390418797063,0.4110845422574768,0.12416267516418618,0.02756122902378445,0.18782838123280077,0.4110845422574768,0.16685486941508335,0.4110845422574768,0.05,0.4,9.748750000000001,19.05125,0.03520253326183805,0.27678075992186496,0.04062309632702427,0.3198062992809433,0.038181477024745655,0.30130271968489986,0.04306471562930289,0.3383098788769866,0.11644872591588662,0.9163933584837516,0.035108834808011566,0.2767215819510272,0.007955880821291323,0.06158829692595943,0.6265752034611813,0.9920774054802038,1.5473318159660607,2.3472764485339255,0.6280456245740169,0.9527346933320627,1.5473318159660607,2.3472764485339255
M2,40,SmartAspirationNegotiator,ConcederTBNegotiator,ConcederTBNegotiator,0.6,0.5026246899500345,20,7.95,4.122786487444217,20,0.6002765432098766,0.5022771963372298,20,0.28048914936270447,0.23434823204289337,20,0.18284578688149192,0.15267481195985896,20,0.37813251184391705,0.31602165212592787,20,1.1612548419352855,0.9709736604230165,20,0.18284578688149192,0.15267481195985896,20,0.41750894718464726,0.3495041327401558,20,0.4177168023074542,0.5248869456167602,20,1.3024703325145264,0.9709736604230165,20,0.5286589372961975,0.3941079429201554,20,1.3024703325145264,0.9709736604230165,20,0.22028498288401435,1.8068908451579988,0.2201326870933786,0.10270764114194157,0.06691268656687153,0.13850259571701165,0.4255479693772617,0.06691268656687153,0.15317693984792324,0.23004184661665697,0.4255479693772617,0.17272542156504658,0.4255479693772617,0.4,0.8,6.048750000000001,9.6,0.4004148148148148,0.8001382716049383,0.18723936011491013,0.37373893861049884,0.10690701237807658,0.24359680648422416,0.25238395295106064,0.5038810707367734,0.6783032083219727,1.5476161488259361,0.12209476727875965,0.24359680648422416,0.27843733382044916,0.5565805605488453,0.2088584011537271,0.6265752034611813,0.9161090256238762,1.6912463975732415,0.37183896772433533,0.7246838992610253,0.9161090256238762,1.688831639405177
M2,40,SmartAspirationNegotiator,ConcederTBNegotiator,GeniusBOABaselineNegotiator,0.2,0.41039134083406165,20,14.35,11.008489546947988,20,0.13873605897327818,0.283261749586638,20,0.1602730404501324,0.32735533999601935,20,0.15094772387909744,0.3085219416492148,20,0.16959835702116735,0.3461887383428238,20,0.45928213987354294,0.9379724295786765,20,0.1386571550121611,0.28330222646463793,20,0.03094120200900623,0.06288651187818592,20,0.8354336046149085,0.428568396469682,20,2.004443034576269,0.9379724295786765,20,0.8135822352929004,0.38071309223364996,20,2.004443034576269,0.9379724295786765,20,0.1798619353545204,4.824683267488026,0.12414493539024413,0.14346980343361637,0.1352157026792621,0.15172390418797063,0.4110845422574768,0.12416267516418618,0.02756122902378445,0.18782838123280077,0.4110845422574768,0.16685486941508335,0.4110845422574768,0.05,0.4,10.0,19.35,0.03520253326183805,0.27678075992186496,0.04062309632702427,0.3198062992809433,0.038181477024745655,0.30130271968489986,0.04306471562930289,0.3383098788769866,0.11644872591588662,0.9163933584837514,0.035108834808011566,0.27672158195102725,0.007955880821291323,0.06158829692595943,0.6265752034611813,0.9920774054802038,1.5473318159660607,2.3472764485339255,0.6280456245740169,0.952734693332063,1.5473318159660607,2.3472764485339255
M2,40,SmartAspirationNegotiator,ConcederTBNegotiator,LinearTBNegotiator,0.25,0.44426165831931924,20,12.9,8.896480676146755,20,0.2227911937241281,0.3946817652811204,20,0.15660249798007056,0.2769753153623201,20,0.12025972936360299,0.21265384175732926,20,0.19294526659653813,0.341296788967311,20,0.5359961896842692,0.9486323960057607,20,0.12025972936360299,0.21265384175732926,20,0.10267807221601763,0.18194108052511948,20,0.7832190043264766,0.4639388982523822,20,1.9277289847655428,0.9486323960057607,20,0.7824448135519152,0.3850398599014214,20,1.9277289847655428,0.9486323960057607,20,0.1947062564885614,3.8990545682659774,0.17297691030304752,0.12138978411495954,0.09319965538579082,0.1495799128441283,0.4157564785329666,0.09319965538579082,0.07973919429497034,0.20333018712414225,0.4157564785329666,0.16875115895416845,0.4157564785329666,0.05,0.45,9.2,16.6,0.0451113251645787,0.40047106228367735,0.06308486816362116,0.28129267106866973,0.048459528589418224,0.21599333039584936,0.03929852145158609,0.3465920117414901,0.2157010286317084,0.9630564044210171,0.047861193582967226,0.21599333039584936,0.020770900116845945,0.18458524431518933,0.5743606031727495,0.9920774054802038,1.500668770028795,2.248024145818104,0.6091055875840201,0.9557840395198098,1.500668770028795,2.3547891995022905
M2,40,SmartAspirationNegotiator,ConcederTBNegotiator,SmartAspirationNegotiator,0.2,0.41039134083406165,20,14.35,11.008489546947988,20,0.1436641975308642,0.29337407653895686,20,0.14965115479851548,0.30555969052225357,20,0.14507965749889365,0.29648092349983923,20,0.1542226520981373,0.3146384575446679,20,0.44296650712789515,0.9044934575834641,20,0.14358529356974717,0.29341455341695677,20,0.010637358528390142,0.02122390412771112,20,0.8354336046149085,0.428568396469682,20,2.0207586673219167,0.904493457583464,20,0.8202045781235252,0.36712433146503504,20,2.0207586673219167,0.904493457583464,20,0.1798619353545204,4.824683267488026,0.1285768580835574,0.1339174388815452,0.12993849379960085,0.13789638396348955,0.39641173584664785,0.12859459785749947,0.009301786105990086,0.18782838123280077,0.3964117358466478,0.16089933242459672,0.3964117358466478,0.05,0.4,9.748750000000001,18.85,0.03643456790123457,0.286637037037037,0.03796762491412004,0.2985625279777094,0.0367144604296947,0.2895665869244922,0.03922078939854538,0.3075584690309265,0.11236981772947467,0.8837620929924557,0.03634086944740808,0.28657785906619926,0.002879919951137302,0.02098060996472726,0.6265752034611813,0.9920774054802038,1.6901619779234962,2.3513553567203376,0.6412903102352667,0.9543902790397191,1.5799630814573562,2.3513553567203376
M2,40,SmartAspirationNegotiator,GeniusBOABaselineNegotiator,BoulwareTBNegotiator,0.2,0.41039134083406165,20,14.35,11.008489546947988,20,0.13873605897327818,0.283261749586638,20,0.1602730404501324,0.32735533999601935,20,0.15094772387909744,0.3085219416492148,20,0.16959835702116735,0.3461887383428238,20,0.45928213987354294,0.9379724295786765,20,0.1386571550121611,0.28330222646463793,20,0.03094120200900623,0.06288651187818592,20,0.8354336046149085,0.428568396469682,20,2.004443034576269,0.9379724295786765,20,0.8135822352929004,0.38071309223364996,20,2.004443034576269,0.9379724295786765,20,0.1798619353545204,4.824683267488026,0.12414493539024413,0.14346980343361637,0.1352157026792621,0.15172390418797063,0.4110845422574768,0.12416267516418618,0.02756122902378445,0.18782838123280077,0.4110845422574768,0.16685486941508335,0.4110845422574768,0.05,0.4,9.947500000000002,19.55,0.03520253326183805,0.27678075992186496,0.04062309632702427,0.31980629928094323,0.038181477024745655,0.30130271968489986,0.04306471562930289,0.3383098788769866,0.11644872591588662,0.9163933584837516,0.035108834808011566,0.27672158195102725,0.007955880821291323,0.06158829692595944,0.6265752034611813,0.9920774054802038,1.5473318159660607,2.3472764485339255,0.6280456245740169,0.9527346933320627,1.5473318159660607,2.3472764485339255
M2,40,SmartAspirationNegotiator,GeniusBOABaselineNegotiator,ConcederTBNegotiator,0.2,0.41039134083406165,20,13.35,9.50498484176094,20,0.1695527413508625,0.3464962475916092,20,0.14263047101910062,0.2911535513732235,20,0.11044386835798806,0.22540978376792883,20,0.1748170736802132,0.3568973189785183,20,0.4548136833890638,0.9288033503380562,20,0.11044386835798806,0.22540978376792883,20,0.06437320532222517,0.13148753521058948,20,0.8461621256295333,0.40655393584789057,20,2.0089114910607484,0.9288033503380562,20,0.8153959345361519,0.37699145991211147,20,2.0089114910607484,0.9288033503380562,20,0.1798619353545204,4.165743277331378,0.15185867605843342,0.12760367002115697,0.09879019346252904,0.15641714657978495,0.40706601610074733,0.09879019346252904,0.057626953117255936,0.17818011846689047,0.40706601610074733,0.16522379213487215,0.40706601610074733,0.05,0.4,9.34875,17.402499999999996,0.042906703856234144,0.33841412467703363,0.036212453969266326,0.28452116041887965,0.028055513144468303,0.22029500864268106,0.04436939479406436,0.3487473121950783,0.11533161179476684,0.9074564455147929,0.028055513144468303,0.22029500864268106,0.016313881649596056,0.1284523035523973,0.6963264037743382,0.9947595357338599,1.556268728935019,2.3483935626550454,0.6316730230605198,0.9531881181428756,1.556268728935019,2.3483935626550454
M2,40,SmartAspirationNegotiator,GeniusBOABaselineNegotiator,GeniusBOABaselineNegotiator,0.2,0.41039134083406165,20,14.35,11.008489546947988,20,0.13873605897327818,0.283261749586638,20,0.1602730404501324,0.32735533999601935,20,0.15094772387909744,0.3085219416492148,20,0.16959835702116735,0.3461887383428238,20,0.45928213987354294,0.9379724295786765,20,0.1386571550121611,0.28330222646463793,20,0.03094120200900623,0.06288651187818592,20,0.8354336046149085,0.428568396469682,20,2.004443034576269,0.9379724295786765,20,0.8135822352929004,0.38071309223364996,20,2.004443034576269,0.9379724295786765,20,0.1798619353545204,4.824683267488026,0.12414493539024413,0.14346980343361637,0.1352157026792621,0.15172390418797063,0.4110845422574768,0.12416267516418618,0.02756122902378445,0.18782838123280077,0.4110845422574768,0.16685486941508335,0.4110845422574768,0.05,0.35124999999999884,9.797500000000003,18.951249999999998,0.03520253326183805,0.27678075992186496,0.04062309632702427,0.3198062992809433,0.038181477024745655,0.30130271968489986,0.04306471562930289,0.3383098788769866,0.11644872591588662,0.9163933584837514,0.035108834808011566,0.27672158195102725,0.007955880821291323,0.06158829692595944,0.6265752034611813,0.9920774054802038,1.5473318159660607,2.3472764485339255,0.6280456245740169,0.952734693332063,1.5473318159660607,2.3472764485339255
M2,40,SmartAspirationNegotiator,GeniusBOABaselineNegotiator,LinearTBNegotiator,0.2,0.41039134083406165,20,13.35,9.50498484176094,20,0.1695527413508625,0.3464962475916092,20,0.14263047101910062,0.2911535513732235,20,0.11044386835798806,0.22540978376792883,20,0.1748170736802132,0.3568973189785183,20,0.4548136833890638,0.9288033503380562,20,0.11044386835798806,0.22540978376792883,20,0.06437320532222517,0.13148753521058948,20,0.8461621256295333,0.40655393584789057,20,2.0089114910607484,0.9288033503380562,20,0.8153959345361519,0.37699145991211147,20,2.0089114910607484,0.9288033503380562,20,0.1798619353545204,4.165743277331378,0.15185867605843342,0.12760367002115697,0.09879019346252904,0.15641714657978495,0.40706601610074733,0.09879019346252904,0.057626953117255936,0.17818011846689047,0.40706601610074733,0.16522379213487215,0.40706601610074733,0.05,0.4,9.45,17.6,0.042906703856234144,0.3384141246770337,0.036212453969266326,0.28452116041887965,0.028055513144468303,0.19351879319828652,0.04436939479406436,0.3487473121950783,0.11533161179476684,0.9074564455147931,0.028055513144468303,0.22029500864268106,0.016313881649596056,0.12845230355239734,0.6480322454904309,0.9947595357338599,1.5562687289350192,2.3483935626550454,0.6316730230605198,0.9531881181428756,1.556268728935019,2.3483935626550454
M2,40,SmartAspirationNegotiator,GeniusBOABaselineNegotiator,SmartAspirationNegotiator,0.2,0.41039134083406165,20,14.35,11.008489546947988,20,0.13873605897327818,0.283261749586638,20,0.1602730404501324,0.32735533999601935,20,0.15094772387909744,0.3085219416492148,20,0.16959835702116735,0.3461887383428238,20,0.45928213987354294,0.9379724295786765,20,0.1386571550121611,0.28330222646463793,20,0.03094120200900623,0.06288651187818592,20,0.8354336046149085,0.428568396469682,20,2.004443034576269,0.9379724295786765,20,0.8135822352929004,0.38071309223364996,20,2.004443034576269,0.9379724295786765,20,0.1798619353545204,4.824683267488026,0.12414493539024413,0.14346980343361637,0.1352157026792621,0.15172390418797063,0.4110845422574768,0.12416267516418618,0.02756122902378445,0.18782838123280077,0.4110845422574768,0.16685486941508335,0.4110845422574768,0.05,0.4,9.996250000000003,19.1,0.03520253326183805,0.27678075992186496,0.04062309632702427,0.28092006744093223,0.038181477024745655,0.26465368945723466,0.04306471562930289,0.3383098788769866,0.11644872591588662,0.9163933584837514,0.035108834808011566,0.2767215819510272,0.007955880821291323,0.06158829692595943,0.6265752034611813,0.9920774054802038,1.5473318159660607,2.3472764485339255,0.6732701734367458,0.9527346933320627,1.5473318159660607,2.3472764485339255
M2,40,SmartAspirationNegotiator,LinearTBNegotiator,BoulwareTBNegotiator,0.2,0.41039134083406165,20,14.35,11.008489546947988,20,0.13873605897327818,0.283261749586638,20,0.1602730404501324,0.32735533999601935,20,0.15094772387909744,0.3085219416492148,20,0.16959835702116735,0.3461887383428238,20,0.45928213987354294,0.9379724295786765,20,0.1386571550121611,0.28330222646463793,20,0.03094120200900623,0.06288651187818592,20,0.8354336046149085,0.428568396469682,20,2.004443034576269,0.9379724295786765,20,0.8135822352929004,0.38071309223364996,20,2.004443034576269,0.9379724295786765,20,0.1798619353545204,4.824683267488026,0.12414493539024413,0.14346980343361637,0.1352157026792621,0.15172390418797063,0.4110845422574768,0.12416267516418618,0.02756122902378445,0.18782838123280077,0.4110845422574768,0.16685486941508335,0.4110845422574768,0.05,0.4,9.9,19.1,0.03520253326183805,0.24313236406564614,0.04062309632702427,0.31980629928094323,0.038181477024745655,0.30130271968489986,0.04306471562930289,0.3383098788769866,0.11644872591588662,0.9163933584837516,0.035108834808011566,0.2422054752163107,0.007955880821291323,0.06158829692595944,0.6265752034611813,0.9920774054802038,1.5473318159660607,2.3472764485339255,0.6280456245740169,0.9527346933320627,1.5473318159660607,2.3472764485339255
M2,40,SmartAspirationNegotiator,LinearTBNegotiator,ConcederTBNegotiator,0.5,0.5129891760425771,20,10.1,5.90182844103151,20,0.4932607052336374,0.5053654871370946,20,0.23437733501149186,0.23970707201450608,20,0.13621248700821087,0.13914293678223077,20,0.3325421830147729,0.34027120724678134,20,0.9620153752566212,0.9847796311661069,20,0.13621248700821087,0.13914293678223077,20,0.357145956795755,0.3661222726975432,20,0.5221460028843178,0.5357104955871025,20,1.501709799193191,0.9847796311661068,20,0.6095281303153246,0.39971164047792923,20,1.501709799193191,0.9847796311661068,20,0.22482741919315055,2.5865903587948607,0.22148619021328447,0.10505625631152711,0.06098208078586867,0.14913043183718552,0.4315987028363388,0.06098208078586867,0.16046016080637068,0.23478547654100096,0.4315987028363387,0.17518135030329482,0.4315987028363387,0.3,0.7012499999999988,7.748750000000001,12.451249999999998,0.296232966350059,0.6902884441172159,0.11755855831540671,0.3511961117075769,0.08196458343424454,0.19046039058217717,0.1998800438750029,0.4652043221545428,0.5780775936593063,1.3459531568539358,0.08196458343424454,0.19046039058217717,0.2144052169142742,0.4998866966772358,0.2610730014421589,0.7310044040380449,1.1177720175958765,1.9816320261898341,0.45369184403674084,0.7653644165939084,1.021787572196548,1.8856475807905055
M2,40,SmartAspirationNegotiator,LinearTBNegotiator,GeniusBOABaselineNegotiator,0.2,0.41039134083406165,20,14.35,11.008489546947988,20,0.13873605897327818,0.283261749586638,20,0.1602730404501324,0.32735533999601935,20,0.15094772387909744,0.3085219416492148,20,0.16959835702116735,0.3461887383428238,20,0.45928213987354294,0.9379724295786765,20,0.1386571550121611,0.28330222646463793,20,0.03094120200900623,0.06288651187818592,20,0.8354336046149085,0.428568396469682,20,2.004443034576269,0.9379724295786765,20,0.8135822352929004,0.38071309223364996,20,2.004443034576269,0.9379724295786765,20,0.1798619353545204,4.824683267488026,0.12414493539024413,0.14346980343361637,0.1352157026792621,0.15172390418797063,0.4110845422574768,0.12416267516418618,0.02756122902378445,0.18782838123280077,0.4110845422574768,0.16685486941508335,0.4110845422574768,0.05,0.4,9.547500000000003,19.1,0.03520253326183805,0.27678075992186496,0.04062309632702427,0.3198062992809433,0.038181477024745655,0.30130271968489986,0.04306471562930289,0.3383098788769866,0.11644872591588662,0.9163933584837514,0.035108834808011566,0.2767215819510272,0.007955880821291323,0.06158829692595943,0.6265752034611813,0.9920774054802038,1.5473318159660607,2.3472764485339255,0.6280456245740169,0.9527346933320627,1.5473318159660607,2.3472764485339255
M2,40,SmartAspirationNegotiator,LinearTBNegotiator,LinearTBNegotiator,0.25,0.44426165831931924,20,12.9,8.896480676146755,20,0.2227911937241281,0.3946817652811204,20,0.15660249798007056,0.2769753153623201,20,0.12025972936360299,0.21265384175732926,20,0.19294526659653813,0.341296788967311,20,0.5359961896842692,0.9486323960057607,20,0.12025972936360299,0.21265384175732926,20,0.10267807221601763,0.18194108052511948,20,0.7832190043264766,0.4639388982523822,20,1.9277289847655428,0.9486323960057607,20,0.7824448135519152,0.3850398599014214,20,1.9277289847655428,0.9486323960057607,20,0.1947062564885614,3.8990545682659774,0.17297691030304752,0.12138978411495954,0.09319965538579082,0.1495799128441283,0.4157564785329666,0.09319965538579082,0.07973919429497034,0.20333018712414225,0.4157564785329666,0.16875115895416845,0.4157564785329666,0.05,0.45,9.35,16.401249999999997,0.0451113251645787,0.40047106228367746,0.06308486816362116,0.28129267106866973,0.047861193582967226,0.21599333039584936,0.03929852145158609,0.3465920117414902,0.10893597494752146,0.9630564044210171,0.047861193582967226,0.21599333039584936,0.04124769314163886,0.18458524431518933,0.5743606031727495,0.939862805191772,1.500668770028795,2.248024145818104,0.6091055875840201,0.9124492330278363,1.500668770028795,2.248024145818104
M2,40,SmartAspirationNegotiator,LinearTBNegotiator,SmartAspirationNegotiator,0.2,0.41039134083406165,20,14.35,11.008489546947988,20,0.13873605897327818,0.283261749586638,20,0.1602730404501324,0.32735533999601935,20,0.15094772387909744,0.3085219416492148,20,0.16959835702116735,0.3461887383428238,20,0.45928213987354294,0.9379724295786765,20,0.1386571550121611,0.28330222646463793,20,0.03094120200900623,0.06288651187818592,20,0.8354336046149085,0.428568396469682,20,2.004443034576269,0.9379724295786765,20,0.8135822352929004,0.38071309223364996,20,2.004443034576269,0.9379724295786765,20,0.1798619353545204,4.824683267488026,0.12414493539024413,0.14346980343361637,0.1352157026792621,0.15172390418797063,0.4110845422574768,0.12416267516418618,0.02756122902378445,0.18782838123280077,0.4110845422574768,0.16685486941508335,0.4110845422574768,0.05,0.4,9.498750000000001,19.1025,0.03520253326183805,0.27678075992186496,0.04062309632702427,0.2809200674409323,0.038181477024745655,0.26371397073344927,0.04306471562930289,0.3383098788769866,0.11644872591588662,0.9163933584837516,0.035108834808011566,0.2767215819510272,0.007955880821291323,0.06158829692595944,0.6774844387424035,0.9920774054802038,1.5473318159660607,2.3472764485339255,0.6280456245740169,0.9527346933320627,1.5473318159660607,2.3472764485339255
M2,40,SmartAspirationNegotiator,SmartAspirationNegotiator,BoulwareTBNegotiator,0.2,0.41039134083406165,20,14.35,11.008489546947988,20,0.13873605897327818,0.283261749586638,20,0.1602730404501324,0.32735533999601935,20,0.15094772387909744,0.3085219416492148,20,0.16959835702116735,0.3461887383428238,20,0.45928213987354294,0.9379724295786765,20,0.1386571550121611,0.28330222646463793,20,0.03094120200900623,0.06288651187818592,20,0.8354336046149085,0.428568396469682,20,2.004443034576269,0.9379724295786765,20,0.8135822352929004,0.38071309223364996,20,2.004443034576269,0.9379724295786765,20,0.1798619353545204,4.824683267488026,0.12414493539024413,0.14346980343361637,0.1352157026792621,0.15172390418797063,0.4110845422574768,0.12416267516418618,0.02756122902378445,0.18782838123280077,0.4110845422574768,0.16685486941508335,0.4110845422574768,0.05,0.4,10.0,19.201249999999998,0.03520253326183805,0.27678075992186496,0.04062309632702427,0.31980629928094323,0.038181477024745655,0.30130271968489986,0.04306471562930289,0.3383098788769866,0.11644872591588662,0.9163933584837514,0.035108834808011566,0.2767215819510272,0.007955880821291323,0.06158829692595943,0.6265752034611813,0.9920774054802038,1.5473318159660607,2.3472764485339255,0.6280456245740169,0.9527346933320627,1.5473318159660607,2.3472764485339255
M2,40,SmartAspirationNegotiator,SmartAspirationNegotiator,ConcederTBNegotiator,0.2,0.41039134083406165,20,13.35,9.50498484176094,20,0.1707360589732782,0.34892436412008787,20,0.15264960022694268,0.31171237072120356,20,0.1303358076150073,0.26622718188531797,20,0.17496339283887805,0.3571975595570891,20,0.47603525942716357,0.9723491055624952,20,0.1303358076150073,0.26622718188531797,20,0.04462758522387076,0.09097037767177114,20,0.8354336046149085,0.428568396469682,20,1.9876899150226486,0.9723491055624951,20,0.8067823211923507,0.3946662215600552,20,1.9876899150226486,0.9723491055624951,20,0.1798619353545204,4.165743277331378,0.1529228450469674,0.13661396987060434,0.11667920692613923,0.15654873281506942,0.42615078478817614,0.11667920692613923,0.03986952588893023,0.18782838123280077,0.4261507847881761,0.1729700979669302,0.4261507847881761,0.05,0.4,9.548750000000002,17.50125,0.04320253326183806,0.340780759921865,0.03871723627122684,0.30455941883456383,0.03302849795872311,0.26007888715671956,0.044405974583730565,0.34903995051240794,0.12063700580429178,0.9498995975909927,0.03302849795872311,0.26007888715671956,0.011377476625007456,0.0889610633556885,0.6265752034611813,0.9920774054802038,1.6322916613997769,2.34308816864552,0.6144457963729174,0.9510347148069254,1.5138255768588196,2.34308816864552
M2,40,SmartAspirationNegotiator,SmartAspirationNegotiator,GeniusBOABaselineNegotiator,0.2,0.41039134083406165,20,14.35,11.008489546947988,20,0.13873605897327818,0.283261749586638,20,0.1602730404501324,0.32735533999601935,20,0.15094772387909744,0.3085219416492148,20,0.16959835702116735,0.3461887383428238,20,0.45928213987354294,0.9379724295786765,20,0.1386571550121611,0.28330222646463793,20,0.03094120200900623,0.06288651187818592,20,0.8354336046149085,0.428568396469682,20,2.004443034576269,0.9379724295786765,20,0.8135822352929004,0.38071309223364996,20,2.004443034576269,0.9379724295786765,20,0.1798619353545204,4.824683267488026,0.12414493539024413,0.14346980343361637,0.1352157026792621,0.15172390418797063,0.4110845422574768,0.12416267516418618,0.02756122902378445,0.18782838123280077,0.4110845422574768,0.16685486941508335,0.4110845422574768,0.05,0.4,9.747500000000002,19.10125,0.03520253326183805,0.27678075992186496,0.04062309632702427,0.3198062992809433,0.038181477024745655,0.30130271968489986,0.04306471562930289,0.3383098788769866,0.11644872591588662,0.9163933584837516,0.035108834808011566,0.2422054752163107,0.007955880821291323,0.06158829692595944,0.6265752034611813,0.9920774054802038,1.5473318159660607,2.3472764485339255,0.6744297772537378,0.952734693332063,1.5473318159660607,2.3472764485339255
M2,40,SmartAspirationNegotiator,SmartAspirationNegotiator,LinearTBNegotiator,0.2,0.41039134083406165,20,13.35,9.50498484176094,20,0.1707360589732782,0.34892436412008787,20,0.15264960022694268,0.31171237072120356,20,0.1303358076150073,0.26622718188531797,20,0.17496339283887805,0.3571975595570891,20,0.47603525942716357,0.9723491055624952,20,0.1303358076150073,0.26622718188531797,20,0.04462758522387076,0.09097037767177114,20,0.8354336046149085,0.428568396469682,20,1.9876899150226486,0.9723491055624951,20,0.8067823211923507,0.3946662215600552,20,1.9876899150226486,0.9723491055624951,20,0.1798619353545204,4.165743277331378,0.1529228450469674,0.13661396987060434,0.11667920692613923,0.15654873281506942,0.42615078478817614,0.11667920692613923,0.03986952588893023,0.18782838123280077,0.4261507847881761,0.1729700979669302,0.4261507847881761,0.05,0.4,9.45,17.65,0.04320253326183806,0.340780759921865,0.03871723627122684,0.30455941883456383,0.03302849795872311,0.26007888715671956,0.044405974583730565,0.30552081109402557,0.12063700580429178,0.9498995975909927,0.03302849795872311,0.26007888715671956,0.011377476625007456,0.0889610633556885,0.6265752034611813,0.9920774054802038,1.629330009286255,2.34308816864552,0.6144457963729174,0.9510347148069254,1.5138255768588196,2.34308816864552
M2,40,SmartAspirationNegotiator,SmartAspirationNegotiator,SmartAspirationNegotiator,0.2,0.41039134083406165,20,14.35,11.008489546947988,20,0.13873605897327818,0.283261749586638,20,0.1602730404501324,0.32735533999601935,20,0.15094772387909744,0.3085219416492148,20,0.16959835702116735,0.3461887383428238,20,0.45928213987354294,0.9379724295786765,20,0.1386571550121611,0.28330222646463793,20,0.03094120200900623,0.06288651187818592,20,0.8354336046149085,0.428568396469682,20,2.004443034576269,0.9379724295786765,20,0.8135822352929004,0.38071309223364996,20,2.004443034576269,0.9379724295786765,20,0.1798619353545204,4.824683267488026,0.12414493539024413,0.14346980343361637,0.1352157026792621,0.15172390418797063,0.4110845422574768,0.12416267516418618,0.02756122902378445,0.18782838123280077,0.4110845422574768,0.16685486941508335,0.4110845422574768,0.05,0.4,9.798750000000002,19.3,0.03520253326183805,0.27678075992186496,0.04062309632702427,0.3198062992809433,0.038181477024745655,0.30130271968489986,0.04306471562930289,0.3383098788769866,0.11644872591588662,0.9163933584837516,0.035108834808011566,0.2767215819510272,0.007955880821291323,0.06158829692595944,0.6265752034611813,0.9920774054802038,1.5473318159660607,2.3472764485339255,0.6744297772537378,0.9527346933320627,1.5473318159660607,2.3472764485339255
M3,20,BoulwareTBNegotiator,BoulwareTBNegotiator,BoulwareTBNegotiator,0.4,0.5026246899500346,20,12.3,7.269981539106366,20,0.18174884944115713,0.2272220491845127,20,0.27022487135489026,0.3385862506292686,20,0.19980082933359447,0.2503440863565743,20,0.34064891337618614,0.4268284149019629,20,0.7221985921509377,0.90439455044305,20,0.18153941595022993,0.22739749325691674,20,0.1591094974259562,0.19943092164504617,20,0.5938362288214657,0.4974612506541451,20,1.2391657230505473,0.9043945504430498,20,0.6317876354976161,0.4611048255714514,20,1.1437184422374131,0.9043945504430498,20,0.2202849828840144,3.1862098916556345,0.09958445380082072,0.14839196704014979,0.10971813339224204,0.18706580068805753,0.39636838788112033,0.0996613455557611,0.08740445513229644,0.21802200583640707,0.3963683878811203,0.20208810000726593,0.3963683878811203,0.2,0.6,9.0,15.40125,0.09133464825772517,0.27216305062458906,0.13549760570348462,0.40495213700629595,0.10018611029483784,0.2994155483723512,0.17080910111213138,0.510488725640241,0.36232985966469444,1.0843165042152185,0.09105540360315559,0.27202342829730436,0.07975369750897585,0.23846529734293656,0.39465366040426686,0.791781638428621,0.8792969905643039,1.5990344555367906,0.4483088550909913,0.8152664159042409,0.7816005301731329,1.5035871747236567
M3,20,BoulwareTBNegotiator,BoulwareTBNegotiator,ConcederTBNegotiator,0.4,0.5026246899500346,20,12.3,7.269981539106366,20,0.18174884944115713,0.2272220491845127,20,0.27022487135489026,0.3385862506292686,20,0.19980082933359447,0.2503440863565743,20,0.34064891337618614,0.4268284149019629,20,0.7221985921509377,0.90439455044305,20,0.18153941595022993,0.22739749325691674,20,0.1591094974259562,0.19943092164504617,20,0.5938362288214657,0.4974612506541451,20,1.2391657230505473,0.9043945504430498,20,0.6317876354976161,0.4611048255714514,20,1.1437184422374131,0.9043945504430498,20,0.2202849828840144,3.1862098916556345,0.09958445380082072,0.14839196704014979,0.10971813339224204,0.18706580068805753,0.39636838788112033,0.0996613455557611,0.08740445513229644,0.21802200583640707,0.3963683878811203,0.20208810000726593,0.3963683878811203,0.2,0.6,9.398750000000001,15.5,0.09133464825772517,0.27216305062458906,0.13549760570348462,0.4386339534191472,0.10018611029483784,0.2994155483723512,0.17080910111213138,0.5529486787062544,0.36232985966469444,1.0820673246371815,0.09105540360315559,0.2946444313840729,0.07975369750897585,0.23846529734293656,0.3958908192143105,0.7930187972386648,0.8792969905643039,1.5990344555367906,0.4483088550909913,0.8152664159042409,0.7838497097511701,1.5035871747236567
M3,20,BoulwareTBNegotiator,BoulwareTBNegotiator,GeniusBOABaselineNegotiator,0.4,0.5026246899500346,20,12.3,7.269981539106366,20,0.18174884944115713,0.2272220491845127,20,0.27022487135489026,0.3385862506292686,20,0.19980082933359447,0.2503440863565743,20,0.34064891337618614,0.4268284149019629,20,0.7221985921509377,0.90439455044305,20,0.18153941595022993,0.22739749325691674,20,0.1591094974259562,0.19943092164504617,20,0.5938362288214657,0.4974612506541451,20,1.2391657230505473,0.9043945504430498,20,0.6317876354976161,0.4611048255714514,20,1.1437184422374131,0.9043945504430498,20,0.2202849828840144,3.1862098916556345,0.09958445380082072,0.14839196704014979,0.10971813339224204,0.18706580068805753,0.39636838788112033,0.0996613455557611,0.08740445513229644,0.21802200583640707,0.3963683878811203,0.20208810000726593,0.3963683878811203,0.2,0.6,9.15,15.101249999999999,0.09133464825772517,0.27216305062458906,0.13549760570348462,0.40495213700629595,0.10018611029483784,0.2994155483723512,0.17080910111213138,0.5529486787062544,0.36232985966469444,1.0820673246371815,0.09105540360315559,0.27202342829730436,0.07975369750897585,0.2583042473221816,0.3958908192143105,0.791781638428621,0.8792969905643039,1.5990344555367906,0.4483088550909913,0.8152664159042409,0.7838497097511701,1.5035871747236567
M3,20,BoulwareTBNegotiator,BoulwareTBNegotiator,LinearTBNegotiator,0.4,0.5026246899500346,20,12.3,7.269981539106366,20,0.18174884944115713,0.2272220491845127,20,0.27022487135489026,0.3385862506292686,20,0.19980082933359447,0.2503440863565743,20,0.34064891337618614,0.4268284149019629,20,0.7221985921509377,0.90439455044305,20,0.18153941595022993,0.22739749325691674,20,0.1591094974259562,0.19943092164504617,20,0.5938362288214657,0.4974612506541451,20,1.2391657230505473,0.9043945504430498,20,0.6317876354976161,0.4611048255714514,20,1.1437184422374131,0.9043945504430498,20,0.2202849828840144,3.1862098916556345,0.09958445380082072,0.14839196704014979,0.10971813339224204,0.18706580068805753,0.39636838788112033,0.0996613455557611,0.08740445513229644,0.21802200583640707,0.3963683878811203,0.20208810000726593,0.3963683878811203,0.2,0.6,9.19875,15.3,0.09133464825772517,0.27216305062458906,0.13549760570348462,0.4386339534191473,0.10018611029483784,0.2994155483723512,0.17080910111213138,0.510488725640241,0.36232985966469444,1.0820673246371815,0.09105540360315559,0.27202342829730436,0.07975369750897585,0.23846529734293656,0.3958908192143105,0.791781638428621,0.7893298074427431,1.5990344555367906,0.40243915998933516,0.8152664159042409,0.6938825266296093,1.5035871747236567
M3,20,BoulwareTBNegotiator,BoulwareTBNegotiator,SmartAspirationNegotiator,0.4,0.5026246899500346,20,12.3,7.269981539106366,20,0.18174884944115713,0.2272220491845127,20,0.27022487135489026,0.3385862506292686,20,0.19980082933359447,0.2503440863565743,20,0.34064891337618614,0.4268284149019629,20,0.7221985921509377,0.90439455044305,20,0.18153941595022993,0.22739749325691674,20,0.1591094974259562,0.19943092164504617,20,0.5938362288214657,0.4974612506541451,20,1.2391657230505473,0.9043945504430498,20,0.6317876354976161,0.4611048255714514,20,1.1437184422374131,0.9043945504430498,20,0.2202849828840144,3.1862098916556345,0.09958445380082072,0.14839196704014979,0.10971813339224204,0.18706580068805753,0.39636838788112033,0.0996613455557611,0.08740445513229644,0.21802200583640707,0.3963683878811203,0.20208810000726593,0.3963683878811203,0.2,0.6,9.298750000000002,15.35,0.09133464825772517,0.27216305062458906,0.13549760570348462,0.40495213700629595,0.10018611029483784,0.3243192281320403,0.1708091011121314,0.5529486787062543,0.36232985966469444,1.0820673246371815,0.09105540360315559,0.27202342829730436,0.07975369750897585,0.23846529734293656,0.3958908192143105,0.791781638428621,0.8792969905643039,1.5990344555367906,0.4483088550909913,0.8152664159042409,0.7838497097511701,1.5035871747236567
M3,20,BoulwareTBNegotiator,ConcederTBNegotiator,BoulwareTBNegotiator,0.5,0.512989176042577,20,11.0,6.078434701553735,20,0.3323170150844045,0.34000570473368963,20,0.28581779289325077,0.29245251593205607,20,0.2001050271546892,0.20471719094481292,20,0.3715305586318124,0.3801878409192993,20,0.903952600870906,0.924910736597802,20,0.2001050271546892,0.20471719094481292,20,0.17142553147712325,0.17547064997448647,20,0.49486352401788813,0.507719262878925,20,1.057411714330579,0.924910736597802,20,0.5391205020582596,0.4715649863869317,20,0.9619644335174449,0.924910736597802,20,0.2248274191931505,2.663991465135688,0.1490140702303614,0.12817296633972383,0.08972126480261959,0.16662466787682814,0.4053600029098092,0.08972126480261959,0.07690340307420859,0.22251777791553892,0.4053600029098092,0.20667246761250865,0.4053600029098092,0.3,0.7,8.44875,13.4,0.16661873107934885,0.4980152990894601,0.17179881175678208,0.4283415193138366,0.12029157279524598,0.27991848151413234,0.22330605071831808,0.5568111935236801,0.543356011393924,1.264549190347888,0.12029157279524598,0.27991848151413234,0.10301447792307213,0.2398365850311744,0.29691811441073285,0.6928089336250434,0.6968151248535971,1.4180083038075608,0.3093081549319564,0.722970379759302,0.5112186966712174,1.322561022994427
M3,20,BoulwareTBNegotiator,ConcederTBNegotiator,ConcederTBNegotiator,0.55,0.5104177855340404,20,8.85,4.319783132958121,20,0.4923797488084925,0.45609012449322867,20,0.20429543790636523,0.18887787226797031,20,0.12963381983217417,0.11977410725355384,20,0.2789570559805563,0.2579816372823869,20,0.900970624621223,0.8338458690291695,20,0.12963381983217417,0.11977410725355384,20,0.36276790777452084,0.3362910875296587,20,0.44537717161609935,0.5051742881415637,20,1.060393690580262,0.8338458690291695,20,0.5406408602225083,0.425135637763202,20,0.9649464097671279,0.8338458690291694,20,0.22370045761428853,1.8932284317368686,0.1998903103577074,0.08277937731999398,0.052493316969606206,0.11306543767038178,0.3654490649976954,0.052493316969606206,0.14738606746095514,0.22140239355884206,0.3654490649976954,0.18632390839646426,0.36544906499769536,0.35,0.75,6.998750000000001,10.55,0.31366727545060175,0.6710922221663831,0.13028631141389754,0.278304564398833,0.08270202762268582,0.1765656120416625,0.17787059520510914,0.38004351675600356,0.572197831238756,1.2277013509640493,0.08270202762268582,0.1765656120416625,0.19805426678246385,0.4945388205681665,0.24743176200894404,0.6433225812232546,0.733662964237436,1.387124416923088,0.3740574652812876,0.7072242551637293,0.6382156834243019,1.291677136109954
M3,20,BoulwareTBNegotiator,ConcederTBNegotiator,GeniusBOABaselineNegotiator,0.5,0.512989176042577,20,11.0,6.078434701553735,20,0.3839944669015007,0.393025651588954,20,0.2394710761057104,0.24490178781781807,20,0.1055250813552312,0.10768021401318183,20,0.3734170708561896,0.38212336162245436,20,0.8629366191129215,0.8828292272245902,20,0.1055250813552312,0.10768021401318183,20,0.2784938064331613,0.28532038227448253,20,0.5104553158172589,0.49172242202255173,20,1.0984276960885635,0.8828292272245902,20,0.5600324669798662,0.4501097630777991,20,1.0029804152754294,0.8828292272245902,20,0.2248274191931505,2.663991465135688,0.17225108647539364,0.10733294089288672,0.0471929345595792,0.16747294722619427,0.38691696826116717,0.0471929345595792,0.12504717094586593,0.21550685329383998,0.38691696826116717,0.1972693014053436,0.38691696826116717,0.3,0.7,8.347500000000002,13.55,0.23076485897061766,0.5372240748323838,0.14339402984412428,0.35882144413252615,0.06354360531557121,0.14750655739489116,0.2244379580529444,0.5223961836594349,0.5187464223391334,1.2931743650801566,0.06354360531557121,0.14750655739489116,0.16656020312459266,0.3897321699696277,0.3187466229298519,0.7021640087046659,0.6681899501213283,1.4426178928623519,0.3845473752474664,0.735517558712266,0.6587902185016411,1.3471706120492175
M3,20,BoulwareTBNegotiator,ConcederTBNegotiator,LinearTBNegotiator,0.55,0.5104177855340404,20,8.85,4.319783132958121,20,0.4923797488084925,0.45609012449322867,20,0.20429543790636523,0.18887787226797031,20,0.12963381983217417,0.11977410725355384,20,0.2789570559805563,0.2579816372823869,20,0.900970624621223,0.8338458690291695,20,0.12963381983217417,0.11977410725355384,20,0.36276790777452084,0.3362910875296587,20,0.44537717161609935,0.5051742881415637,20,1.060393690580262,0.8338458690291695,20,0.5406408602225083,0.425135637763202,20,0.9649464097671279,0.8338458690291694,20,0.22370045761428853,1.8932284317368686,0.1998903103577074,0.08277937731999398,0.052493316969606206,0.11306543767038178,0.3654490649976954,0.052493316969606206,0.14738606746095514,0.22140239355884206,0.3654490649976954,0.18632390839646426,0.36544906499769536,0.35,0.75,7.0,10.5,0.31366727545060175,0.6710922221663831,0.12982375437332003,0.278304564398833,0.08270202762268582,0.1765656120416625,0.17787059520510914,0.3806753071358495,0.572197831238756,1.2277013509640493,0.08270202762268582,0.1765656120416625,0.23099699498087528,0.4945388205681665,0.24743176200894404,0.6928089336250434,0.733662964237436,1.3891664839627291,0.3730163190629059,0.7072242551637293,0.6382156834243019,1.291677136109954
M3,20,BoulwareTBNegotiator,ConcederTBNegotiator,SmartAspirationNegotiator,0.5,0.512989176042577,20,11.0,6.078434701553735,20,0.3637080867850099,0.3722122647472637,20,0.24272729041694036,0.24824259321088993,20,0.10281505425496018,0.10489978487473968,20,0.38263952657892053,0.3915854015470402,20,0.8491626676188906,0.8686974511690435,20,0.10281505425496018,0.10489978487473968,20,0.27982447232396035,0.28668561667230047,20,0.5076483392833911,0.4946023191811109,20,1.1122016475825944,0.8686974511690435,20,0.5670551049402269,0.44290468855593756,20,1.0167543667694603,0.8686974511690435,20,0.2248274191931505,2.663991465135688,0.1631292175026699,0.10879711341275401,0.04597435776178435,0.1716198690637237,0.38072344432817795,0.04597435776178435,0.12564551130193935,0.21676902387353036,0.38072344432817795,0.1941115382682321,0.38072344432817795,0.3,0.7,8.297500000000003,13.4,0.18231426692965158,0.5088231426692966,0.1459445102709958,0.3401149629387966,0.06166197989791164,0.14371251945451177,0.22997143148658297,0.5353076216712582,0.5104820514427149,1.1878432837950665,0.0619175890554086,0.15393688575439968,0.16805384243117438,0.3915951022167463,0.3148168557824371,0.7016850195562252,0.7714042775553193,1.4508822637587702,0.39437906839197145,0.7397311414884824,0.6780737505932846,1.3554349829456362
M3,20,BoulwareTBNegotiator,GeniusBOABaselineNegotiator,BoulwareTBNegotiator,0.4,0.5026246899500346,20,12.3,7.269981539106366,20,0.16055226824457594,0.2005872365546818,20,0.2854112154285068,0.35766882933295874,20,0.19835548154678329,0.24852791764853444,20,0.37246694931023033,0.46680974101738304,20,0.7313746991015895,0.9159248952205991,20,0.16034283475364874,0.20076268062708588,20,0.21212411455658162,0.2660470603902972,20,0.5938362288214657,0.4974612506541451,20,1.2299896160998955,0.9159248952205992,20,0.6271092048360951,0.4669835624732006,20,1.1345423352867612,0.9159248952205992,20,0.2202849828840144,3.1862098916556345,0.08791123248559944,0.15675527590096824,0.10892216236104416,0.2045883894408923,0.4014217842875358,0.08798812424053985,0.11660026520035245,0.21802200583640707,0.40142178428753583,0.2046645700527589,0.40142178428753583,0.2,0.6012499999999988,9.4,15.1,0.08073635765943457,0.24036817882971734,0.14309077774029294,0.4277316531167208,0.09946343640143226,0.29724752669213433,0.1867181190791535,0.5582157795413072,0.3669179131400203,1.1869456815535513,0.08045711300486498,0.26019998693962854,0.10626100607428852,0.31798722303887467,0.3958908192143105,0.791781638428621,0.8655328301383263,1.5944464020614646,0.44129120909870984,0.8129272005734803,0.7700855493251924,1.4989991212483307
M3,20,BoulwareTBNegotiator,GeniusBOABaselineNegotiator,ConcederTBNegotiator,0.4,0.5026246899500346,20,12.3,7.269981539106366,20,0.16055226824457594,0.2005872365546818,20,0.2854112154285068,0.35766882933295874,20,0.19835548154678329,0.24852791764853444,20,0.37246694931023033,0.46680974101738304,20,0.7313746991015895,0.9159248952205991,20,0.16034283475364874,0.20076268062708588,20,0.21212411455658162,0.2660470603902972,20,0.5938362288214657,0.4974612506541451,20,1.2299896160998955,0.9159248952205992,20,0.6271092048360951,0.4669835624732006,20,1.1345423352867612,0.9159248952205992,20,0.2202849828840144,3.1862098916556345,0.08791123248559944,0.15675527590096824,0.10892216236104416,0.2045883894408923,0.4014217842875358,0.08798812424053985,0.11660026520035245,0.21802200583640707,0.40142178428753583,0.2046645700527589,0.40142178428753583,0.2,0.6,9.1,15.55,0.08073635765943457,0.24036817882971734,0.10751066831823945,0.4277316531167208,0.09946343640143226,0.29724752669213433,0.1867181190791535,0.5582157795413072,0.3669179131400203,1.0958314850631592,0.08045711300486498,0.2402285565024326,0.10626100607428852,0.34445300015944785,0.3958908192143105,0.791781638428621,0.8655328301383263,1.5944464020614646,0.44129120909870984,0.8129272005734803,0.7700855493251924,1.4989991212483307
M3,20,BoulwareTBNegotiator,GeniusBOABaselineNegotiator,GeniusBOABaselineNegotiator,0.4,0.5026246899500346,20,12.3,7.269981539106366,20,0.16055226824457594,0.2005872365546818,20,0.2854112154285068,0.35766882933295874,20,0.19835548154678329,0.24852791764853444,20,0.37246694931023033,0.46680974101738304,20,0.7313746991015895,0.9159248952205991,20,0.16034283475364874,0.20076268062708588,20,0.21212411455658162,0.2660470603902972,20,0.5938362288214657,0.4974612506541451,20,1.2299896160998955,0.9159248952205992,20,0.6271092048360951,0.4669835624732006,20,1.1345423352867612,0.9159248952205992,20,0.2202849828840144,3.1862098916556345,0.08791123248559944,0.15675527590096824,0.10892216236104416,0.2045883894408923,0.4014217842875358,0.08798812424053985,0.11660026520035245,0.21802200583640707,0.40142178428753583,0.2046645700527589,0.40142178428753583,0.2,0.6,9.05,15.102499999999997,0.08073635765943457,0.26032215647600265,0.14309077774029294,0.4633117625387741,0.09946343640143226,0.2972475266921344,0.1867181190791535,0.5582157795413073,0.3669179131400203,1.0958314850631592,0.08045711300486498,0.2402285565024326,0.10626100607428852,0.3179872230388747,0.3958908192143105,0.791781638428621,0.8655328301383263,1.5944464020614646,0.44129120909870984,0.8129272005734803,0.7700855493251924,1.4989991212483307
M3,20,BoulwareTBNegotiator,GeniusBOABaselineNegotiator,LinearTBNegotiator,0.4,0.5026246899500346,20,12.3,7.269981539106366,20,0.16055226824457594,0.2005872365546818,20,0.2854112154285068,0.35766882933295874,20,0.19835548154678329,0.24852791764853444,20,0.37246694931023033,0.46680974101738304,20,0.7313746991015895,0.9159248952205991,20,0.16034283475364874,0.20076268062708588,20,0.21212411455658162,0.2660470603902972,20,0.5938362288214657,0.4974612506541451,20,1.2299896160998955,0.9159248952205992,20,0.6271092048360951,0.4669835624732006,20,1.1345423352867612,0.9159248952205992,20,0.2202849828840144,3.1862098916556345,0.08791123248559944,0.15675527590096824,0.10892216236104416,0.2045883894408923,0.4014217842875358,0.08798812424053985,0.11660026520035245,0.21802200583640707,0.40142178428753583,0.2046645700527589,0.40142178428753583,0.2,0.6,9.15,15.2,0.08073635765943457,0.24036817882971734,0.14309077774029294,0.4286211558522713,0.09946343640143226,0.2978656019742923,0.1867181190791535,0.5582157795413073,0.3669179131400203,1.0958314850631592,0.08045711300486498,0.2402285565024326,0.10626100607428852,0.31798722303887467,0.3958908192143105,0.791781638428621,0.8632549752260685,1.5944464020614646,0.44129120909870984,0.8129272005734803,0.7700855493251924,1.4989991212483307
M3,20,BoulwareTBNegotiator,GeniusBOABaselineNegotiator,SmartAspirationNegotiator,0.4,0.5026246899500346,20,12.3,7.269981539106366,20,0.16055226824457594,0.2005872365546818,20,0.2854112154285068,0.35766882933295874,20,0.19835548154678329,0.24852791764853444,20,0.37246694931023033,0.46680974101738304,20,0.7313746991015895,0.9159248952205991,20,0.16034283475364874,0.20076268062708588,20,0.21212411455658162,0.2660470603902972,20,0.5938362288214657,0.4974612506541451,20,1.2299896160998955,0.9159248952205992,20,0.6271092048360951,0.4669835624732006,20,1.1345423352867612,0.9159248952205992,20,0.2202849828840144,3.1862098916556345,0.08791123248559944,0.15675527590096824,0.10892216236104416,0.2045883894408923,0.4014217842875358,0.08798812424053985,0.11660026520035245,0.21802200583640707,0.40142178428753583,0.2046645700527589,0.40142178428753583,0.2,0.6012499999999988,9.19875,15.201249999999998,0.08073635765943457,0.24036817882971734,0.14309077774029294,0.4277316531167208,0.09946343640143226,0.29724752669213433,0.1867181190791535,0.5582157795413072,0.3669179131400203,1.0958314850631592,0.08045711300486498,0.26019998693962854,0.10626100607428852,0.3444530001594479,0.3958908192143105,0.791781638428621,0.8655328301383263,1.5944464020614646,0.44129120909870984,0.8129272005734803,0.7700855493251924,1.4989991212483307
M3,20,BoulwareTBNegotiator,LinearTBNegotiator,BoulwareTBNegotiator,0.5,0.512989176042577,20,11.0,6.078434701553735,20,0.3323170150844045,0.34000570473368963,20,0.28581779289325077,0.29245251593205607,20,0.2001050271546892,0.20471719094481292,20,0.3715305586318124,0.3801878409192993,20,0.903952600870906,0.924910736597802,20,0.2001050271546892,0.20471719094481292,20,0.17142553147712325,0.17547064997448647,20,0.49486352401788813,0.507719262878925,20,1.057411714330579,0.924910736597802,20,0.5391205020582596,0.4715649863869317,20,0.9619644335174449,0.924910736597802,20,0.2248274191931505,2.663991465135688,0.1490140702303614,0.12817296633972383,0.08972126480261959,0.16662466787682814,0.4053600029098092,0.08972126480261959,0.07690340307420859,0.22251777791553892,0.4053600029098092,0.20667246761250865,0.4053600029098092,0.3,0.7,8.3,13.35,0.19975838788036,0.46487564228844896,0.17179881175678208,0.3998367740297195,0.12029157279524598,0.2998718451039931,0.22330605071831808,0.5568111935236801,0.5433560113939241,1.264549190347888,0.12029157279524598,0.2998718451039931,0.10301447792307213,0.25693934841968713,0.29691811441073285,0.6928089336250434,0.6968151248535971,1.4180083038075608,0.355270624357217,0.722970379759302,0.5112186966712174,1.4127101703636722
M3,20,BoulwareTBNegotiator,LinearTBNegotiator,ConcederTBNegotiator,0.5,0.512989176042577,20,11.0,6.078434701553735,20,0.4269559500328731,0.4371032032552136,20,0.1912224041559565,0.19539969488051237,20,0.16731369924141,0.17107399836966283,20,0.21513110907050298,0.21972539139136193,20,0.809400758344786,0.8279025930162384,20,0.16731369924141,0.17107399836966283,20,0.2596666716783549,0.2660041495842611,20,0.5202329522570148,0.4816907787008032,20,1.151963556856699,0.8279025930162384,20,0.5873276820264578,0.4221054633244872,20,1.0565162760435647,0.8279025930162384,20,0.2248274191931505,2.663991465135688,0.19156892522966673,0.08563769210496648,0.07497648554930184,0.09629889866063114,0.3628443094395997,0.07497648554930184,0.11658145871041632,0.21111029176072152,0.3628443094395997,0.18499587589484914,0.3628443094395997,0.3,0.7,8.3,13.451249999999998,0.21393819855358318,0.5973701512163052,0.11504157851440548,0.2674032297975075,0.1006167760472785,0.23401062243554155,0.1294663809815325,0.30133124171002906,0.4866249058782521,1.13217661081132,0.1006167760472785,0.2506848532340744,0.15595916204381113,0.36337418131289867,0.28548590436763405,0.7080305905685194,0.8291877043901648,1.4747394093232327,0.42276067631269454,0.7518946877402211,0.7337404235770307,1.3792921285100987
M3,20,BoulwareTBNegotiator,LinearTBNegotiator,GeniusBOABaselineNegotiator,0.45,0.5104177855340404,20,11.45,6.476475649773205,20,0.2665605311196982,0.30130538543895996,20,0.2235531474984227,0.2526940160707095,20,0.13068011884938122,0.14757735248183082,20,0.31642617614746416,0.35781067965958824,20,0.7136668261165435,0.806693417580379,20,0.13068011884938122,0.14757735248183082,20,0.18574605729808297,0.21023332717775742,20,0.5813459407181721,0.46321106766886855,20,1.2476974890849415,0.806693417580379,20,0.6361375494673305,0.4112919824879703,20,1.1522502082718074,0.806693417580379,20,0.22370045761428853,2.8384406022729407,0.1320529074703448,0.11074803549854004,0.06467862644940892,0.15681744454767113,0.3535489784674249,0.06467862644940892,0.09213881809826224,0.20301120130661762,0.3535489784674249,0.18025665896297588,0.3535489784674249,0.25,0.65,8.6,14.1,0.14849827154396264,0.3846227906954337,0.12453856641115883,0.3225677285856866,0.07285401769680344,0.18850622000195902,0.17622311512551417,0.4566292371694143,0.39757540436628025,1.0297582478668068,0.07285401769680344,0.18850622000195902,0.10336909742871074,0.26812301716745524,0.3987088343900223,0.7628486550815519,0.8525832118971126,1.6428117662727704,0.4346888567764776,0.7972965036200128,0.8361587865215439,1.4683416300220706
M3,20,BoulwareTBNegotiator,LinearTBNegotiator,LinearTBNegotiator,0.5,0.512989176042577,20,11.0,6.078434701553735,20,0.4269559500328731,0.4371032032552136,20,0.1912224041559565,0.19539969488051237,20,0.16731369924141,0.17107399836966283,20,0.21513110907050298,0.21972539139136193,20,0.809400758344786,0.8279025930162384,20,0.16731369924141,0.17107399836966283,20,0.2596666716783549,0.2660041495842611,20,0.5202329522570148,0.4816907787008032,20,1.151963556856699,0.8279025930162384,20,0.5873276820264578,0.4221054633244872,20,1.0565162760435647,0.8279025930162384,20,0.2248274191931505,2.663991465135688,0.19156892522966673,0.08563769210496648,0.07497648554930184,0.09629889866063114,0.3628443094395997,0.07497648554930184,0.11658145871041632,0.21111029176072152,0.3628443094395997,0.18499587589484914,0.3628443094395997,0.3,0.7,8.3,13.501249999999999,0.25654174884944114,0.5973701512163052,0.11504157851440548,0.2674032297975075,0.1006167760472785,0.2506848532340744,0.1294663809815325,0.3007958371594735,0.4866249058782521,1.13217661081132,0.1006167760472785,0.23401062243554155,0.15595916204381113,0.36337418131289867,0.3324353139455102,0.7080305905685194,0.8291877043901648,1.4747394093232327,0.42276067631269454,0.7518946877402211,0.7337404235770307,1.3792921285100987
M3,20,BoulwareTBNegotiator,LinearTBNegotiator,SmartAspirationNegotiator,0.5,0.512989176042577,20,11.0,6.078434701553735,20,0.3323170150844045,0.34000570473368963,20,0.28581779289325077,0.29245251593205607,20,0.2001050271546892,0.20471719094481292,20,0.3715305586318124,0.3801878409192993,20,0.903952600870906,0.924910736597802,20,0.2001050271546892,0.20471719094481292,20,0.17142553147712325,0.17547064997448647,20,0.49486352401788813,0.507719262878925,20,1.057411714330579,0.924910736597802,20,0.5391205020582596,0.4715649863869317,20,0.9619644335174449,0.924910736597802,20,0.2248274191931505,2.663991465135688,0.1490140702303614,0.12817296633972383,0.08972126480261959,0.16662466787682814,0.4053600029098092,0.08972126480261959,0.07690340307420859,0.22251777791553892,0.4053600029098092,0.20667246761250865,0.4053600029098092,0.3,0.7,8.248750000000001,13.55,0.16661873107934885,0.46487564228844896,0.17179881175678208,0.3998367740297195,0.1003382092053852,0.27991848151413234,0.18624992373994453,0.5197550665453068,0.5433560113939241,1.264549190347888,0.12029157279524598,0.2799184815141324,0.10301447792307213,0.2398365850311744,0.29691811441073285,0.6928089336250434,0.6968151248535971,1.42026203249179,0.35527062435721696,0.722970379759302,0.5112186966712174,1.322561022994427
M3,20,BoulwareTBNegotiator,SmartAspirationNegotiator,BoulwareTBNegotiator,0.45,0.5104177855340404,20,11.9,6.889351050333903,20,0.2686068178975686,0.30362641025168924,20,0.27041655443336116,0.3058493858269582,20,0.2695682926832071,0.3051128949821158,20,0.2712648161835153,0.30658587667180054,20,0.8094399267642908,0.9153251819056055,20,0.268414837197552,0.30380457454944876,20,0.0028499789859633322,0.0027813021223517514,20,0.5557054540309668,0.49229409085753156,20,1.1519243884371941,0.9153251819056055,20,0.5873077120396475,0.46667779912758167,20,1.05647710762406,0.9153251819056055,20,0.22370045761428853,3.0193912248036114,0.13307014144505516,0.13404440344678528,0.13372162210238603,0.13436718479118454,0.4011589483386257,0.1331482253913221,0.0012189593998624187,0.21575739820746406,0.4011589483386257,0.20453056335809586,0.4011589483386257,0.25,0.7,8.747500000000002,14.8,0.14963509753166843,0.3875785382634687,0.15057379248612465,0.39025931638059774,0.15001411427115113,0.419011015698277,0.15113347070109812,0.39139616166593244,0.4507826825039176,1.1680971710246644,0.14937330566800938,0.38745636872709455,0.0017601650330887355,0.0039397929388379285,0.3628069678066071,0.7486039402553266,0.7932671441768209,1.5105816326975672,0.40444660791910597,0.770168816160189,0.6955782555870617,1.4151343518844333
M3,20,BoulwareTBNegotiator,SmartAspirationNegotiator,ConcederTBNegotiator,0.45,0.5104177855340404,20,11.9,6.889351050333903,20,0.2686068178975686,0.30362641025168924,20,0.27041655443336116,0.3058493858269582,20,0.2695682926832071,0.3051128949821158,20,0.2712648161835153,0.30658587667180054,20,0.8094399267642908,0.9153251819056055,20,0.268414837197552,0.30380457454944876,20,0.0028499789859633322,0.0027813021223517514,20,0.5557054540309668,0.49229409085753156,20,1.1519243884371941,0.9153251819056055,20,0.5873077120396475,0.46667779912758167,20,1.05647710762406,0.9153251819056055,20,0.22370045761428853,3.0193912248036114,0.13307014144505516,0.13404440344678528,0.13372162210238603,0.13436718479118454,0.4011589483386257,0.1331482253913221,0.0012189593998624187,0.21575739820746406,0.4011589483386257,0.20453056335809586,0.4011589483386257,0.25,0.65,8.84875,14.701249999999998,0.14963509753166843,0.3875785382634687,0.15057379248612465,0.4202200068674068,0.15001411427115113,0.3891224710952631,0.12110063433049387,0.39139616166593244,0.4507826825039176,1.1680971710246644,0.14937330566800938,0.4172167516094801,0.0017601650330887355,0.003939792938837928,0.3628069678066071,0.7486039402553266,0.7932671441768209,1.5105816326975672,0.4044466079191061,0.770168816160189,0.697819863363687,1.4151343518844333
M3,20,BoulwareTBNegotiator,SmartAspirationNegotiator,GeniusBOABaselineNegotiator,0.45,0.5104177855340404,20,11.9,6.889351050333903,20,0.2686068178975686,0.30362641025168924,20,0.27041655443336116,0.3058493858269582,20,0.2695682926832071,0.3051128949821158,20,0.2712648161835153,0.30658587667180054,20,0.8094399267642908,0.9153251819056055,20,0.268414837197552,0.30380457454944876,20,0.0028499789859633322,0.0027813021223517514,20,0.5557054540309668,0.49229409085753156,20,1.1519243884371941,0.9153251819056055,20,0.5873077120396475,0.46667779912758167,20,1.05647710762406,0.9153251819056055,20,0.22370045761428853,3.0193912248036114,0.13307014144505516,0.13404440344678528,0.13372162210238603,0.13436718479118454,0.4011589483386257,0.1331482253913221,0.0012189593998624187,0.21575739820746406,0.4011589483386257,0.20453056335809586,0.4011589483386257,0.25,0.65,8.69875,14.6,0.14963509753166843,0.3875785382634687,0.15057379248612465,0.39025931638059774,0.15001411427115113,0.3891224710952631,0.15113347070109812,0.39214698257519687,0.4507826825039176,1.1680971710246641,0.14937330566800938,0.38745636872709455,0.001760165033088736,0.003939792938837928,0.3628069678066071,0.7486039402553266,0.7932671441768209,1.5105816326975672,0.4044466079191061,0.770168816160189,0.697819863363687,1.4151343518844333
M3,20,BoulwareTBNegotiator,SmartAspirationNegotiator,LinearTBNegotiator,0.45,0.5104177855340404,20,11.9,6.889351050333903,20,0.2686068178975686,0.30362641025168924,20,0.27041655443336116,0.3058493858269582,20,0.2695682926832071,0.3051128949821158,20,0.2712648161835153,0.30658587667180054,20,0.8094399267642908,0.9153251819056055,20,0.268414837197552,0.30380457454944876,20,0.0028499789859633322,0.0027813021223517514,20,0.5557054540309668,0.49229409085753156,20,1.1519243884371941,0.9153251819056055,20,0.5873077120396475,0.46667779912758167,20,1.05647710762406,0.9153251819056055,20,0.22370045761428853,3.0193912248036114,0.13307014144505516,0.13404440344678528,0.13372162210238603,0.13436718479118454,0.4011589483386257,0.1331482253913221,0.0012189593998624187,0.21575739820746406,0.4011589483386257,0.20453056335809586,0.4011589483386257,0.25,0.65,8.9,14.9,0.14963509753166843,0.3875785382634687,0.15057379248612465,0.39025931638059774,0.15001411427115113,0.3891224710952631,0.15113347070109812,0.39214698257519687,0.4507826825039176,1.1680971710246641,0.11961292278562378,0.38745636872709455,0.0017601650330887355,0.0039397929388379285,0.3628069678066071,0.7486039402553266,0.7932671441768209,1.5105816326975672,0.4044466079191061,0.8158840921903241,0.697819863363687,1.4151343518844333
M3,20,BoulwareTBNegotiator,SmartAspirationNegotiator,SmartAspirationNegotiator,0.45,0.5104177855340404,20,11.9,6.889351050333903,20,0.2686068178975686,0.30362641025168924,20,0.27041655443336116,0.3058493858269582,20,0.2695682926832071,0.3051128949821158,20,0.2712648161835153,0.30658587667180054,20,0.8094399267642908,0.9153251819056055,20,0.268414837197552,0.30380457454944876,20,0.0028499789859633322,0.0027813021223517514,20,0.5557054540309668,0.49229409085753156,20,1.1519243884371941,0.9153251819056055,20,0.5873077120396475,0.46667779912758167,20,1.05647710762406,0.9153251819056055,20,0.22370045761428853,3.0193912248036114,0.13307014144505516,0.13404440344678528,0.13372162210238603,0.13436718479118454,0.4011589483386257,0.1331482253913221,0.0012189593998624187,0.21575739820746406,0.4011589483386257,0.20453056335809586,0.4011589483386257,0.25,0.7,8.84875,14.75,0.14963509753166843,0.3875785382634688,0.15057379248612465,0.4202200068674068,0.15001411427115113,0.3898696847103378,0.15113347070109812,0.42142899803653666,0.4507826825039176,1.2577614820897574,0.1486292960959504,0.38745636872709455,0.0017601650330887355,0.004212246427056576,0.3628069678066071,0.7486039402553266,0.7932671441768209,1.5105816326975672,0.4044466079191061,0.770168816160189,0.697819863363687,1.4151343518844333
M3,20,ConcederTBNegotiator,BoulwareTBNegotiator,BoulwareTBNegotiator,0.45,0.5104177855340404,20,11.45,6.476475649773205,20,0.15071581982185484,0.16990716098012565,20,0.3395746884073597,0.3842928115929022,20,0.30982646031279576,0.35077619447356667,20,0.3693229165019237,0.4178094287122379,20,0.8298651966365742,0.9384927841659302,20,0.15052383912183825,0.1700853252778852,20,0.21879907738008547,0.2477241034343527,20,0.544349876419677,0.5051742881415637,20,1.1314991185649108,0.9384927841659302,20,0.5768939048167986,0.4784897822868372,20,1.0360518377517767,0.9384927841659302,20,0.22370045761428853,2.8384406022729407,0.0744650965158499,0.16842375059730472,0.15373444548338988,0.1831130557112196,0.4113125977104594,0.07454318046211686,0.10856987524910273,0.22140239355884206,0.4113125977104594,0.20970739322755877,0.4113125977104594,0.25,0.65,8.45,14.1,0.08414009860071633,0.21770763930062506,0.18899497802723494,0.49015439878748446,0.13801808861462103,0.48163483201097046,0.2056101931002139,0.5330356399036336,0.46213005465518614,1.1976003386179623,0.08387830673705735,0.2171693715066192,0.12173188636315654,0.3401330661512466,0.3464044668125217,0.791781638428621,0.7637639765835227,1.4992342605462985,0.3894044419305465,0.7643833677030506,0.6683166957703885,1.4037869797331648
M3,20,ConcederTBNegotiator,BoulwareTBNegotiator,ConcederTBNegotiator,0.55,0.5104177855340404,20,8.3,3.9081561138887873,20,0.12125507124291172,0.11167442252948595,20,0.47273045755437637,0.4379942509743785,20,0.41514668634663066,0.3847392801040719,20,0.5303142287621221,0.491249221844685,20,1.0667159863516644,0.987662924478243,20,0.12109799612471635,0.1118525868272455,20,0.40921623263740575,0.37939663501743953,20,0.44537717161609935,0.5051742881415637,20,0.8946483288498206,0.9876629244782429,20,0.45613572242335615,0.5035591383117334,20,0.7992010480366865,0.9876629244782429,20,0.22370045761428853,1.7128249365180006,0.04894347362429706,0.1919594441108315,0.16861942404969926,0.2152994641719637,0.43286236184596005,0.04902155757056401,0.16627790660139968,0.22140239355884206,0.43286236184596,0.22069452293542585,0.43286236184596,0.35,0.75,6.498750000000001,9.9,0.0665575148026306,0.17595262768319286,0.30110859664445006,0.6443523184643027,0.2643920335864308,0.5659013391068305,0.3378251597024692,0.722803297821775,0.6772954583360135,1.4537177533237422,0.0663131757298822,0.16492585244058364,0.2605550198936203,0.5950427485671378,0.24743176200894404,0.6433225812232546,0.507646561877743,1.2816500958218981,0.25882318646426183,0.6534482583824506,0.4121992810646088,1.1862028150087642
M3,20,ConcederTBNegotiator,BoulwareTBNegotiator,GeniusBOABaselineNegotiator,0.45,0.5104177855340404,20,11.45,6.476475649773205,20,0.15071581982185484,0.16990716098012565,20,0.3395746884073597,0.3842928115929022,20,0.30982646031279576,0.35077619447356667,20,0.3693229165019237,0.4178094287122379,20,0.8298651966365742,0.9384927841659302,20,0.15052383912183825,0.1700853252778852,20,0.21879907738008547,0.2477241034343527,20,0.544349876419677,0.5051742881415637,20,1.1314991185649108,0.9384927841659302,20,0.5768939048167986,0.4784897822868372,20,1.0360518377517767,0.9384927841659302,20,0.22370045761428853,2.8384406022729407,0.0744650965158499,0.16842375059730472,0.15373444548338988,0.1831130557112196,0.4113125977104594,0.07454318046211686,0.10856987524910273,0.22140239355884206,0.4113125977104594,0.20970739322755877,0.4113125977104594,0.25,0.65,8.498750000000001,14.1,0.08414009860071633,0.2339354713482779,0.18899497802723494,0.4901543987874845,0.17237976295425597,0.4472731576713356,0.2056101931002139,0.5330356399036336,0.4621300546551862,1.289534124113309,0.08387830673705735,0.23383075460281436,0.12173188636315654,0.31586626839701437,0.3451673080024781,0.791781638428621,0.7637639765835227,1.4992342605462985,0.3894044419305465,0.7643833677030506,0.5763829102750416,1.4037869797331646
M3,20,ConcederTBNegotiator,BoulwareTBNegotiator,LinearTBNegotiator,0.55,0.5104177855340404,20,8.3,3.9081561138887873,20,0.12125507124291172,0.11167442252948595,20,0.47273045755437637,0.4379942509743785,20,0.41514668634663066,0.3847392801040719,20,0.5303142287621221,0.491249221844685,20,1.0667159863516644,0.987662924478243,20,0.12109799612471635,0.1118525868272455,20,0.40921623263740575,0.37939663501743953,20,0.44537717161609935,0.5051742881415637,20,0.8946483288498206,0.9876629244782429,20,0.45613572242335615,0.5035591383117334,20,0.7992010480366865,0.9876629244782429,20,0.22370045761428853,1.7128249365180006,0.04894347362429706,0.1919594441108315,0.16861942404969926,0.2152994641719637,0.43286236184596005,0.04902155757056401,0.16627790660139968,0.22140239355884206,0.43286236184596,0.22069452293542585,0.43286236184596,0.35,0.75,6.498750000000001,9.85,0.0774970260906868,0.16501311639513666,0.3011085966444501,0.6454249550949888,0.2643920335864308,0.5659013391068304,0.28970289243755604,0.722803297821775,0.6797142193795869,1.4537177533237422,0.07727013980884903,0.16492585244058364,0.2605550198936203,0.5578774453811916,0.24743176200894404,0.6928089336250434,0.507646561877743,1.2816500958218981,0.2588231864642618,0.6534482583824505,0.41219928106460885,1.1862028150087642
M3,20,ConcederTBNegotiator,BoulwareTBNegotiator,SmartAspirationNegotiator,0.55,0.5104177855340404,20,9.95,5.195899192733886,20,0.1139376523488059,0.10488362116993243,20,0.47363399717662774,0.4388327649618908,20,0.4626148496424721,0.42879127063649314,20,0.48465314471078325,0.44887425928728847,20,1.0612056467020612,0.9825491510937138,20,0.11378057723061052,0.10506178546769197,20,0.37087256748017267,0.34381247381959645,20,0.44537717161609935,0.5051742881415637,20,0.9001586684994238,0.9825491510937139,20,0.4589451646095403,0.5009518851130823,20,0.8047113876862898,0.9825491510937139,20,0.22370045761428853,2.277203224641093,0.045967273705811766,0.19232693906895923,0.1879260601431348,0.19672781799478367,0.4306211518437301,0.04604535765207872,0.15068246034270494,0.22140239355884206,0.4306211518437302,0.2195518438396253,0.4306211518437302,0.3487500000000011,0.75,7.7,11.951249999999998,0.0625661954058456,0.1550348179031742,0.3016835764040645,0.645584417949191,0.29459904659287545,0.6306306526920687,0.3087681062152535,0.6605381832063129,0.579958137827693,1.4462036538015557,0.07261360051259985,0.1549475539486212,0.23615450570265373,0.5055906292576917,0.24743176200894407,0.6433225812232546,0.5151606613999291,1.3814061773737918,0.26265424399087656,0.6552360852282041,0.4197133805867953,1.1897093947857844
M3,20,ConcederTBNegotiator,ConcederTBNegotiator,BoulwareTBNegotiator,0.8,0.4103913408340616,20,5.05,1.9861361590045288,20,0.2217225509533202,0.11326908933736955,20,0.6635687021567571,0.34000838565844843,20,0.526943546543899,0.2700232182328531,20,0.8001938577696153,0.40999355308404395,20,1.5488599552668345,0.7932858606542665,20,0.22165273978967778,0.1134123388226315,20,0.5785411179799376,0.29658121426141243,20,0.19794540960715526,0.40617541030313997,20,0.41250435993465046,0.7932858606542665,20,0.21031501222773857,0.4044561504999007,20,0.3170570791215163,0.7932858606542665,20,0.17986193535452039,0.8704625509644737,0.049642367167539565,0.14901524519744203,0.11834289320849634,0.17968759718638777,0.34767285756242367,0.04970514902254993,0.12998244816383786,0.17801422233243114,0.34767285756242367,0.17726072350139002,0.34767285756242367,0.6,0.95,4.1,5.8,0.16652202498356344,0.26312294543063774,0.49786911163058767,0.7878433950513841,0.39535050772194463,0.6256383256603648,0.6003877155392308,0.9500484644424038,1.1622602482447388,1.838809735533406,0.1801999869396284,0.26310549263972716,0.4340053128829521,0.6869429718026765,0.049486352401788815,0.34640446681252174,0.12255457966807862,0.7991040669567463,0.06248435271215226,0.4074225582485204,0.02710729885494444,0.7036567861436122
M3,20,ConcederTBNegotiator,ConcederTBNegotiator,ConcederTBNegotiator,0.9,0.30779350562554625,20,1.85,0.4893604849295929,20,0.40051119256941653,0.1366571515238549,20,0.6103934148290127,0.2084866925509077,20,0.45729291148333157,0.15619546422819355,20,0.7634939181746939,0.26077792087362195,20,1.6212980222274418,0.5536305366256704,20,0.4004762869875953,0.1367645886378014,20,0.3630176311870986,0.1240133322358205,20,0.09897270480357763,0.30463155772735495,20,0.3400662929740431,0.5536305366256704,20,0.1733825227360217,0.2822680785689718,20,0.244619012160909,0.5536305366256704,20,0.1348964515158903,0.21447168872174688,0.059892637362090384,0.09137332172179402,0.06845568045510998,0.11429096298847807,0.24263928080567845,0.059939723753348176,0.054351239235129876,0.13351066674932333,0.24263928080567845,0.1237094398654606,0.24263928080567845,0.75,1.0,1.6,2.0,0.3339127349868959,0.44491016429109675,0.508789569032857,0.6781293120264497,0.38117265811212314,0.5080397470641371,0.636406479953591,0.8482188769887624,1.3514918730526102,1.8011687883439962,0.3338254710323429,0.44491016429109675,0.30258100892124806,0.4033087126976656,0.0,0.24743176200894407,0.1601955268574886,0.6098724421488748,0.08167555900548348,0.31094296833182905,0.06474824604435447,0.5144251613357408
M3,20,ConcederTBNegotiator,ConcederTBNegotiator,GeniusBOABaselineNegotiator,0.8,0.4103913408340616,20,5.05,1.9861361590045288,20,0.2217225509533202,0.11326908933736955,20,0.6635687021567571,0.34000838565844843,20,0.526943546543899,0.2700232182328531,20,0.8001938577696153,0.40999355308404395,20,1.5488599552668345,0.7932858606542665,20,0.22165273978967778,0.1134123388226315,20,0.5785411179799376,0.29658121426141243,20,0.19794540960715526,0.40617541030313997,20,0.41250435993465046,0.7932858606542665,20,0.21031501222773857,0.4044561504999007,20,0.3170570791215163,0.7932858606542665,20,0.17986193535452039,0.8704625509644737,0.049642367167539565,0.14901524519744203,0.11834289320849634,0.17968759718638777,0.34767285756242367,0.04970514902254993,0.12998244816383786,0.17801422233243114,0.34767285756242367,0.17726072350139002,0.34767285756242367,0.6,0.95,4.15,5.8,0.16652202498356344,0.26312294543063774,0.49786911163058745,0.7878433950513841,0.3953505077219446,0.6256383256603648,0.6003877155392308,0.9500484644424038,1.1622602482447388,1.838809735533406,0.16638240265627866,0.26310549263972716,0.4340053128829521,0.6869429718026765,0.049486352401788815,0.3958908192143105,0.12255457966807862,0.7991040669567463,0.06248435271215226,0.4074225582485204,0.02710729885494444,0.6070068593880882
M3,20,ConcederTBNegotiator,ConcederTBNegotiator,LinearTBNegotiator,0.8,0.4103913408340616,20,2.65,0.8127277008872492,20,0.3092439184746877,0.15816660354827544,20,0.5935886740946084,0.3041093887234103,20,0.4113157235990029,0.21070739661275384,20,0.7758616245902135,0.3975113808340668,20,1.4964212666639043,0.766385380995096,20,0.30917410731104533,0.1583098530335374,20,0.46668751727916813,0.23920152780052933,20,0.19794540960715526,0.40617541030313997,20,0.4649430485375808,0.7663853809950961,20,0.23705083493874954,0.39074096283655874,20,0.36949576772444664,0.766385380995096,20,0.17986193535452039,0.35619361973067704,0.06931957035162385,0.13328181609316486,0.09234658818887279,0.17421704399745694,0.3358832025379535,0.06938235220663422,0.1048346917908227,0.17801422233243114,0.33588320253795356,0.17124977748126782,0.3358832025379535,0.6,0.95,2.25,2.95,0.23216305062458914,0.3670545693622618,0.445384090583976,0.7047421117275826,0.3086296405132726,0.4883302859133008,0.5821385406546794,0.9211539375418643,1.1229312317925413,1.7765387928174268,0.23202342829730438,0.3670371165713512,0.350115112357375,0.554116820970513,0.049486352401788815,0.3958908192143105,0.1848255223840583,0.838433083408944,0.09423314218147777,0.42747442528177854,0.08937824157092418,0.7429858025958099
M3,20,ConcederTBNegotiator,ConcederTBNegotiator,SmartAspirationNegotiator,0.8,0.4103913408340616,20,5.05,1.9861361590045288,20,0.2217225509533202,0.11326908933736955,20,0.6635687021567571,0.34000838565844843,20,0.526943546543899,0.2700232182328531,20,0.8001938577696153,0.40999355308404395,20,1.5488599552668345,0.7932858606542665,20,0.22165273978967778,0.1134123388226315,20,0.5785411179799376,0.29658121426141243,20,0.19794540960715526,0.40617541030313997,20,0.41250435993465046,0.7932858606542665,20,0.21031501222773857,0.4044561504999007,20,0.3170570791215163,0.7932858606542665,20,0.17986193535452039,0.8704625509644737,0.049642367167539565,0.14901524519744203,0.11834289320849634,0.17968759718638777,0.34767285756242367,0.04970514902254993,0.12998244816383786,0.17801422233243114,0.34767285756242367,0.17726072350139002,0.34767285756242367,0.6,0.95,4.15,5.8,0.16652202498356344,0.26312294543063774,0.49786911163058745,0.7878433950513841,0.3953505077219446,0.6256383256603648,0.6003877155392308,0.9500484644424038,1.1622602482447388,1.838809735533406,0.16638240265627866,0.26310549263972716,0.4340053128829521,0.6869429718026765,0.049486352401788815,0.34640446681252174,0.12255457966807862,0.7991040669567463,0.06248435271215226,0.4074225582485204,0.02710729885494444,0.6070068593880882
M3,20,ConcederTBNegotiator,GeniusBOABaselineNegotiator,BoulwareTBNegotiator,0.5,0.512989176042577,20,11.0,6.078434701553735,20,0.1543063773833005,0.15737064401148357,20,0.38287717460274434,0.3920333404327663,20,0.3786958130625481,0.38794747116815065,20,0.3870585361429405,0.39611920969738185,20,0.9200607265887891,0.941437324877016,20,0.1541318494741945,0.157549705868061,20,0.23292668666874597,0.23856950382932082,20,0.5038482412509495,0.4985011374981976,20,1.041303588612696,0.941437324877016,20,0.5309077872693558,0.4799910539721964,20,0.9458563077995616,0.9414373248770161,20,0.2248274191931505,2.663991465135688,0.06897072570382909,0.1718161869361805,0.1700254757773004,0.17360689809506058,0.41260309957619007,0.06904920302259204,0.10455769507246851,0.2184777563401601,0.41260309957619007,0.21036535455362587,0.4126030995761901,0.3,0.7,8.2,13.351249999999999,0.09295200525969757,0.2156607495069034,0.1918237573274117,0.5357199084230103,0.22744604433996135,0.5299455817851347,0.23262283722499494,0.5414942350608859,0.553020886824654,1.2871005663529247,0.07735162036513786,0.2155560327614398,0.13991517103804577,0.32593820229944626,0.3094967185370187,0.6981997639648803,0.6742637488485606,1.408343428376831,0.3437728236527519,0.7648264917901108,0.5788164680354265,1.312896147563697
M3,20,ConcederTBNegotiator,GeniusBOABaselineNegotiator,ConcederTBNegotiator,0.55,0.5104177855340404,20,8.3,3.9081561138887873,20,0.12125507124291172,0.11167442252948595,20,0.47273045755437637,0.4379942509743785,20,0.41514668634663066,0.3847392801040719,20,0.5303142287621221,0.491249221844685,20,1.0667159863516644,0.987662924478243,20,0.12109799612471635,0.1118525868272455,20,0.40921623263740575,0.37939663501743953,20,0.44537717161609935,0.5051742881415637,20,0.8946483288498206,0.9876629244782429,20,0.45613572242335615,0.5035591383117334,20,0.7992010480366865,0.9876629244782429,20,0.22370045761428853,1.7128249365180006,0.04894347362429706,0.1919594441108315,0.16861942404969926,0.2152994641719637,0.43286236184596005,0.04902155757056401,0.16627790660139968,0.22140239355884206,0.43286236184596,0.22069452293542585,0.43286236184596,0.35,0.8,6.6,9.85,0.0665575148026306,0.16501311639513666,0.3011085966444501,0.6443523184643027,0.22670337039638094,0.5659013391068305,0.3378251597024692,0.7228032978217751,0.6797142193795869,1.4537177533237422,0.0663131757298822,0.16492585244058364,0.2605550198936203,0.5578774453811916,0.24743176200894404,0.6928089336250434,0.507646561877743,1.2816500958218981,0.2588231864642618,0.6534482583824506,0.4121992810646088,1.1862028150087642
M3,20,ConcederTBNegotiator,GeniusBOABaselineNegotiator,GeniusBOABaselineNegotiator,0.5,0.512989176042577,20,11.0,6.078434701553735,20,0.1543063773833005,0.15737064401148357,20,0.38287717460274434,0.3920333404327663,20,0.3786958130625481,0.38794747116815065,20,0.3870585361429405,0.39611920969738185,20,0.9200607265887891,0.941437324877016,20,0.1541318494741945,0.157549705868061,20,0.23292668666874597,0.23856950382932082,20,0.5038482412509495,0.4985011374981976,20,1.041303588612696,0.941437324877016,20,0.5309077872693558,0.4799910539721964,20,0.9458563077995616,0.9414373248770161,20,0.2248274191931505,2.663991465135688,0.06897072570382909,0.1718161869361805,0.1700254757773004,0.17360689809506058,0.41260309957619007,0.06904920302259204,0.10455769507246851,0.2184777563401601,0.41260309957619007,0.21036535455362587,0.4126030995761901,0.3,0.7,8.298750000000002,13.55,0.0925685404339254,0.2156607495069034,0.2300344407824782,0.5357199084230103,0.22744604433996138,0.5308908928396501,0.23262283722499494,0.541494235060886,0.4612609268836202,1.2871005663529247,0.09270766618694919,0.2155560327614398,0.13991517103804577,0.32593820229944626,0.3094967185370187,0.6981997639648803,0.6742637488485608,1.408343428376831,0.3437728236527519,0.7180427508859597,0.5788164680354265,1.4046561075047308
M3,20,ConcederTBNegotiator,GeniusBOABaselineNegotiator,LinearTBNegotiator,0.55,0.5104177855340404,20,8.3,3.9081561138887873,20,0.12125507124291172,0.11167442252948595,20,0.47273045755437637,0.4379942509743785,20,0.41514668634663066,0.3847392801040719,20,0.5303142287621221,0.491249221844685,20,1.0667159863516644,0.987662924478243,20,0.12109799612471635,0.1118525868272455,20,0.40921623263740575,0.37939663501743953,20,0.44537717161609935,0.5051742881415637,20,0.8946483288498206,0.9876629244782429,20,0.45613572242335615,0.5035591383117334,20,0.7992010480366865,0.9876629244782429,20,0.22370045761428853,1.7128249365180006,0.04894347362429706,0.1919594441108315,0.16861942404969926,0.2152994641719637,0.43286236184596005,0.04902155757056401,0.16627790660139968,0.22140239355884206,0.43286236184596,0.22069452293542585,0.43286236184596,0.35,0.75,6.55,9.9,0.0774970260906868,0.16501311639513666,0.300035960013764,0.6443523184643027,0.2643920335864308,0.5668435556865808,0.3378251597024692,0.7228032978217751,0.6797142193795868,1.4537177533237422,0.07727013980884903,0.16492585244058364,0.2605550198936203,0.5578774453811916,0.24743176200894404,0.6433225812232546,0.507646561877743,1.2816500958218981,0.2588231864642618,0.6534482583824506,0.4121992810646088,1.2829532567517836
M3,20,ConcederTBNegotiator,GeniusBOABaselineNegotiator,SmartAspirationNegotiator,0.55,0.5104177855340404,20,9.95,5.195899192733886,20,0.1139376523488059,0.10488362116993243,20,0.47363399717662774,0.4388327649618908,20,0.4626148496424721,0.42879127063649314,20,0.48465314471078325,0.44887425928728847,20,1.0612056467020612,0.9825491510937138,20,0.11378057723061052,0.10506178546769197,20,0.37087256748017267,0.34381247381959645,20,0.44537717161609935,0.5051742881415637,20,0.9001586684994238,0.9825491510937139,20,0.4589451646095403,0.5009518851130823,20,0.8047113876862898,0.9825491510937139,20,0.22370045761428853,2.277203224641093,0.045967273705811766,0.19232693906895923,0.1879260601431348,0.19672781799478367,0.4306211518437301,0.04604535765207872,0.15068246034270494,0.22140239355884206,0.4306211518437302,0.2195518438396253,0.4306211518437302,0.35,0.75,7.7,12.2,0.0625661954058456,0.1550348179031742,0.3016835764040645,0.645584417949191,0.25259509583047635,0.6306306526920687,0.3087681062152535,0.6605381832063129,0.6762076396025666,1.4462036538015557,0.07261360051259985,0.1549475539486212,0.202474990258274,0.5055906292576916,0.24743176200894404,0.6928089336250434,0.5151606613999291,1.2851566755989183,0.26265424399087656,0.6552360852282041,0.4197133805867953,1.1897093947857844
M3,20,ConcederTBNegotiator,LinearTBNegotiator,BoulwareTBNegotiator,0.7,0.47016234598162726,20,6.5,2.762531257265412,20,0.19412228796844183,0.12976604394680286,20,0.5807189068936724,0.3895285410498945,20,0.46114702713292177,0.30935045923690724,20,0.700290786654423,0.4697066228628816,20,1.3555601017557866,0.9088231260465918,20,0.19401757122297822,0.12993015684917195,20,0.5062732154314448,0.33977646601370975,20,0.29691811441073285,0.4653323907859712,20,0.6058042134456983,0.9088231260465918,20,0.30886878523812944,0.4633627312390616,20,0.5103569326325642,0.9088231260465918,20,0.20605773335083594,1.2107327055178305,0.05687247630551016,0.17071841020492073,0.13557881652200246,0.20585800388783898,0.3983092967153516,0.05694440195622384,0.14891360193161518,0.20394091215426596,0.3983092967153516,0.20307767079693936,0.3983092967153516,0.5,0.9,5.15,7.551249999999999,0.13892176199868508,0.24932281393819858,0.4150193163675028,0.7464184974198418,0.3295539883109674,0.5927400659548762,0.5004846444240385,0.9000969288848075,0.9689603947336908,1.7421598087778822,0.13874723408957906,0.24928790835637735,0.36173741033445933,0.65080902052843,0.09897270480357763,0.49486352401788813,0.21920450642360256,0.9924039204677942,0.15980620355991437,0.5059763312589113,0.12375722561046838,0.8969566396546602
M3,20,ConcederTBNegotiator,LinearTBNegotiator,ConcederTBNegotiator,0.8,0.4103913408340616,20,5.05,1.9861361590045288,20,0.30176459349515866,0.15432979078967218,20,0.583788390432953,0.29908194928283427,20,0.5415473314070407,0.27751480179689925,20,0.6260294494588654,0.3206490967687694,20,1.4693413743610648,0.7524936893553408,20,0.30169478233151625,0.1544730402749341,20,0.32433466712734915,0.16617605649383524,20,0.19794540960715526,0.40617541030313997,20,0.4920229408404202,0.7524936893553408,20,0.2508574959924649,0.3836582951587142,20,0.39657566002728606,0.7524936893553408,20,0.17986193535452039,0.8704625509644737,0.06763801301916947,0.13107844361015414,0.12162622446972851,0.1405306627505798,0.3297949002394777,0.06770079487417983,0.07282986787639995,0.17801422233243114,0.3297949002394777,0.1681456615088864,0.3297949002394777,0.6,0.95,4.15,5.8,0.22655355688994233,0.35817287094907097,0.43803387783773456,0.693104274879367,0.4063033463693008,0.6429803201853458,0.46976440930616825,0.7432282295733883,1.1026213125654116,1.7443814207078048,0.24523414650487224,0.35815541815816043,0.24335047474351076,0.385072811415228,0.049486352401788815,0.3958908192143105,0.21698289449368016,0.8587430026360735,0.11062855218276473,0.437829421072065,0.121535613680546,0.7632957218229395
M3,20,ConcederTBNegotiator,LinearTBNegotiator,GeniusBOABaselineNegotiator,0.7,0.47016234598162726,20,6.5,2.762531257265412,20,0.19412228796844183,0.12976604394680286,20,0.5807189068936724,0.3895285410498945,20,0.46114702713292177,0.30935045923690724,20,0.700290786654423,0.4697066228628816,20,1.3555601017557866,0.9088231260465918,20,0.19401757122297822,0.12993015684917195,20,0.5062732154314448,0.33977646601370975,20,0.29691811441073285,0.4653323907859712,20,0.6058042134456983,0.9088231260465918,20,0.30886878523812944,0.4633627312390616,20,0.5103569326325642,0.9088231260465918,20,0.20605773335083594,1.2107327055178305,0.05687247630551016,0.17071841020492073,0.13557881652200246,0.20585800388783898,0.3983092967153516,0.05694440195622384,0.14891360193161518,0.20394091215426596,0.3983092967153516,0.20307767079693936,0.3983092967153516,0.5,0.9,5.3,7.6012499999999985,0.13892176199868508,0.24932281393819858,0.4150193163675028,0.7464184974198418,0.3295539883109674,0.5927400659548763,0.5004846444240384,0.9000969288848075,0.9689603947336909,1.7421598087778822,0.13874723408957906,0.24928790835637735,0.36173741033445933,0.65080902052843,0.09897270480357763,0.49486352401788813,0.21920450642360256,0.9924039204677942,0.15980620355991437,0.5059763312589113,0.21799090419710643,0.8969566396546604
M3,20,ConcederTBNegotiator,LinearTBNegotiator,LinearTBNegotiator,0.75,0.4442616583193193,20,5.8,2.375311613906246,20,0.2470643984464187,0.1458030933624671,20,0.578746042156038,0.34236325851330357,20,0.5430898705011411,0.3213602123443807,20,0.614402213810935,0.3633663046822266,20,1.4045564827584947,0.8305296103890744,20,0.2469771344918657,0.14595816547911197,20,0.36742507931906926,0.21740813920311458,20,0.24743176200894407,0.43969777964385853,20,0.5568078324429904,0.8305296103890744,20,0.2838880202558346,0.4234448459942316,20,0.4613605516298563,0.8305296103890742,20,0.19470625648856144,1.0410262143420637,0.06390102310529205,0.15004731373067975,0.14084232289289725,0.1592523045684623,0.3639956505666516,0.06396898645696167,0.09528331811150062,0.19270604846852063,0.3639956505666516,0.18558288623154615,0.36399565056665156,0.55,0.95,4.7,6.7,0.1814260114138519,0.31270278547898556,0.4246191882616489,0.6953044754136689,0.39841827603579183,0.6515935663501532,0.4508201004875061,0.7370887988035066,1.03066438793715,1.7784485775798395,0.1812689362956565,0.2966689593777486,0.2695511641918496,0.4652989944462889,0.049486352401788815,0.44537717161609935,0.27638876132698165,0.9306999272643353,0.1409165850448284,0.4745166005371761,0.18094148051384754,0.8352526464512012
M3,20,ConcederTBNegotiator,LinearTBNegotiator,SmartAspirationNegotiator,0.7,0.47016234598162726,20,6.5,2.762531257265412,20,0.19412228796844183,0.12976604394680286,20,0.5807189068936724,0.3895285410498945,20,0.46114702713292177,0.30935045923690724,20,0.700290786654423,0.4697066228628816,20,1.3555601017557866,0.9088231260465918,20,0.19401757122297822,0.12993015684917195,20,0.5062732154314448,0.33977646601370975,20,0.29691811441073285,0.4653323907859712,20,0.6058042134456983,0.9088231260465918,20,0.30886878523812944,0.4633627312390616,20,0.5103569326325642,0.9088231260465918,20,0.20605773335083594,1.2107327055178305,0.05687247630551016,0.17071841020492073,0.13557881652200246,0.20585800388783898,0.3983092967153516,0.05694440195622384,0.14891360193161518,0.20394091215426596,0.3983092967153516,0.20307767079693936,0.3983092967153516,0.5,0.9,5.2,7.55,0.13892176199868508,0.24932281393819858,0.4150193163675028,0.7464184974198418,0.3295539883109674,0.5927400659548763,0.5004846444240384,0.9000969288848075,0.9689603947336908,1.7421598087778822,0.13874723408957906,0.24928790835637735,0.36173741033445933,0.65080902052843,0.09897270480357763,0.49486352401788813,0.21920450642360256,0.9924039204677942,0.11176123921734775,0.5059763312589113,0.12375722561046838,0.8969566396546604
M3,20,ConcederTBNegotiator,SmartAspirationNegotiator,BoulwareTBNegotiator,0.55,0.5104177855340404,20,10.5,5.652200316783954,20,0.1320381328073636,0.12168145235676733,20,0.46021387431797345,0.4263784569780561,20,0.4560439625115844,0.42269327489405334,20,0.46438378612436243,0.4300636390620589,20,1.0524658814433105,0.9744383663128796,20,0.13188105768916822,0.12185961665452685,20,0.3325027284351943,0.308204022407532,20,0.44537717161609935,0.5051742881415637,20,0.9088984337581746,0.9744383663128795,20,0.46340112681452866,0.4968166080929123,20,0.8134511529450406,0.9744383663128795,20,0.22370045761428853,2.477186009631854,0.05332924781784421,0.18686859793310295,0.18525349567384125,0.18848370019236474,0.4270664436840502,0.05340733176411115,0.13507636842825352,0.22140239355884206,0.42706644368405017,0.2177394787771383,0.42706644368405017,0.35,0.75,8.1,12.7,0.08435897435897437,0.19163708086785014,0.29314349822128455,0.6272842504146624,0.24901097557726484,0.6216703520590402,0.2958694234784403,0.6328981487702845,0.6706459708015433,1.4342857920850776,0.08413208807713658,0.19156726970420773,0.21173733540130382,0.45326812146908474,0.24743176200894407,0.6433225812232546,0.5270785231164075,1.3861733220603834,0.2687305560885879,0.7067393402219546,0.4316312423032732,1.1952710635868073
M3,20,ConcederTBNegotiator,SmartAspirationNegotiator,ConcederTBNegotiator,0.55,0.5104177855340404,20,8.3,3.9081561138887873,20,0.08834908833692882,0.08113660630095362,20,0.4957543961270955,0.45936121050266765,20,0.4410726122725565,0.4087993777386732,20,0.5504361799816343,0.509923043266662,20,1.0798578805911199,0.999859027306289,20,0.08819201321873342,0.08131477059871316,20,0.4622441667629009,0.4286082726679489,20,0.44537717161609935,0.5051742881415637,20,0.8815064346103652,0.9998590273062888,20,0.4494353383398895,0.5097773114137525,20,0.7860591537972311,0.9998590273062888,20,0.22370045761428853,1.7128249365180006,0.03555968556190373,0.2013239270104688,0.17916422676552435,0.22348362725541324,0.43820753958284137,0.035637769508170686,0.18784585774724255,0.22140239355884206,0.4382075395828413,0.22341975745481304,0.4382075395828413,0.35,0.75,6.6,9.9,0.056556855150515874,0.12014132152334181,0.2707616433657244,0.6757485983361924,0.2808903500847474,0.6012548744603656,0.35063003775124973,0.750242322212019,0.688077242986513,1.5695836775968783,0.05632996886867807,0.1200540575687888,0.25231404441248945,0.6301882646432301,0.24743176200894407,0.6928089336250434,0.4897257970057584,1.273287072214972,0.2496862990777164,0.6491843776020627,0.3942785161926243,1.1778397914018381
M3,20,ConcederTBNegotiator,SmartAspirationNegotiator,GeniusBOABaselineNegotiator,0.5,0.512989176042577,20,11.0,6.078434701553735,20,0.14746877054569366,0.15035540741602954,20,0.3975875391587903,0.40712585601855017,20,0.3881809079134967,0.3976789731526982,20,0.4069941704040839,0.41657273888440216,20,0.9426438488632742,0.9646071194531298,20,0.14729424263658766,0.15053446927260694,20,0.2596999277674963,0.2660382696117952,20,0.49486352401788813,0.507719262878925,20,1.0187204663382108,0.9646071194531298,20,0.5193938007552465,0.49180415488187285,20,0.9232731855250765,0.9646071194531298,20,0.2248274191931505,2.663991465135688,0.06589616270631594,0.17843077353323292,0.1742904945695824,0.18257105249688343,0.42275770977278176,0.06597464002507887,0.11659641247180456,0.22251777791553892,0.42275770977278176,0.21554267429880972,0.42275770977278176,0.25,0.7,8.2,13.501249999999999,0.08884944115713347,0.2060880999342538,0.2388606595161058,0.5563144188014749,0.23313710125053047,0.5432247145764629,0.244584217781681,0.569404123026487,0.4725524880208627,1.3187169375372036,0.08860510208438507,0.20598338318879023,0.1300489126797459,0.3634207398376966,0.29691811441073285,0.6928089336250434,0.6426473776642816,1.3971440118163498,0.3276532425329989,0.7590694985330562,0.5472000968511475,1.299346274199006
M3,20,ConcederTBNegotiator,SmartAspirationNegotiator,LinearTBNegotiator,0.55,0.5104177855340404,20,8.3,3.9081561138887873,20,0.08834908833692882,0.08113660630095362,20,0.4957543961270955,0.45936121050266765,20,0.4410726122725565,0.4087993777386732,20,0.5504361799816343,0.509923043266662,20,1.0798578805911199,0.999859027306289,20,0.08819201321873342,0.08131477059871316,20,0.4622441667629009,0.4286082726679489,20,0.44537717161609935,0.5051742881415637,20,0.8815064346103652,0.9998590273062888,20,0.4494353383398895,0.5097773114137525,20,0.7860591537972311,0.9998590273062888,20,0.22370045761428853,1.7128249365180006,0.03555968556190373,0.2013239270104688,0.17916422676552435,0.22348362725541324,0.43820753958284137,0.035637769508170686,0.18784585774724255,0.22140239355884206,0.4382075395828413,0.22341975745481304,0.4382075395828413,0.35,0.75,6.7,9.851249999999999,0.056556855150515874,0.128089379819945,0.3157601939179986,0.6757485983361924,0.24084478453779515,0.641300440007318,0.35063003775124973,0.750242322212019,0.688077242986513,1.4716385181957268,0.05632996886867807,0.1200540575687888,0.25231404441248945,0.6301882646432301,0.24743176200894404,0.6433225812232546,0.4897257970057584,1.273287072214972,0.2496862990777164,0.6991216374176059,0.3942785161926242,1.1778397914018381
M3,20,ConcederTBNegotiator,SmartAspirationNegotiator,SmartAspirationNegotiator,0.55,0.5104177855340404,20,9.95,5.195899192733886,20,0.1139376523488059,0.10488362116993243,20,0.47363399717662774,0.4388327649618908,20,0.4626148496424721,0.42879127063649314,20,0.48465314471078325,0.44887425928728847,20,1.0612056467020612,0.9825491510937138,20,0.11378057723061052,0.10506178546769197,20,0.37087256748017267,0.34381247381959645,20,0.44537717161609935,0.5051742881415637,20,0.9001586684994238,0.9825491510937139,20,0.4589451646095403,0.5009518851130823,20,0.8047113876862898,0.9825491510937139,20,0.22370045761428853,2.277203224641093,0.045967273705811766,0.19232693906895923,0.1879260601431348,0.19672781799478367,0.4306211518437301,0.04604535765207872,0.15068246034270494,0.22140239355884206,0.4306211518437302,0.2195518438396253,0.4306211518437302,0.35,0.75,7.6487500000000015,12.1,0.07284048679443765,0.1550348179031742,0.3016835764040645,0.645584417949191,0.29459904659287545,0.6306306526920687,0.3087681062152535,0.6605381832063129,0.6762076396025666,1.4462036538015557,0.07261360051259985,0.16523929812812382,0.23615450570265373,0.5055906292576916,0.24743176200894407,0.6433225812232546,0.5151606613999291,1.2851566755989183,0.26265424399087656,0.70430881538287,0.4197133805867953,1.1897093947857844
M3,20,GeniusBOABaselineNegotiator,BoulwareTBNegotiator,BoulwareTBNegotiator,0.45,0.5104177855340404,20,11.9,6.889351050333903,20,0.2069428092509745,0.233683284161586,20,0.27896872169193915,0.31554978199060285,20,0.2681191432396251,0.3034691802045581,20,0.28981830014425325,0.32763038377664766,20,0.7648802526348528,0.8647828481427918,20,0.20675082855095792,0.23386144845934556,20,0.08306747159329529,0.09376893531730207,20,0.5788278587595758,0.4660672317068684,20,1.1964840625666322,0.8647828481427917,20,0.6100264256330783,0.44090883138860154,20,1.101036781753498,0.8647828481427917,20,0.22370045761428853,3.0193912248036114,0.10241621488377843,0.13829578951198046,0.133001232338651,0.14359034668530996,0.3790077939077394,0.10249429883004539,0.04109604785526457,0.20426297038761382,0.37900779390773937,0.19323681529752157,0.37900779390773937,0.25,0.65,8.94875,14.701249999999998,0.11537731495022727,0.29850830355172175,0.15532499651866796,0.433523378158528,0.1492090312469389,0.38702925523231124,0.16144096179039696,0.4181956384981095,0.4260273079875631,1.1058510281861864,0.11511552308656828,0.29838613401534764,0.046325438703828714,0.1289950127051285,0.35055053138390885,0.7614497206601094,0.8576311179193425,1.5353370072139216,0.3940715530343075,0.7827903237120949,0.7621838371062084,1.439889726400788
M3,20,GeniusBOABaselineNegotiator,BoulwareTBNegotiator,ConcederTBNegotiator,0.45,0.5104177855340404,20,11.9,6.889351050333903,20,0.2069428092509745,0.233683284161586,20,0.27896872169193915,0.31554978199060285,20,0.2681191432396251,0.3034691802045581,20,0.28981830014425325,0.32763038377664766,20,0.7648802526348528,0.8647828481427918,20,0.20675082855095792,0.23386144845934556,20,0.08306747159329529,0.09376893531730207,20,0.5788278587595758,0.4660672317068684,20,1.1964840625666322,0.8647828481427917,20,0.6100264256330783,0.44090883138860154,20,1.101036781753498,0.8647828481427917,20,0.22370045761428853,3.0193912248036114,0.10241621488377843,0.13829578951198046,0.133001232338651,0.14359034668530996,0.3790077939077394,0.10249429883004539,0.04109604785526457,0.20426297038761382,0.37900779390773937,0.19323681529752157,0.37900779390773937,0.25,0.65,8.95,14.75,0.11537731495022727,0.29850830355172175,0.155324996518668,0.43352337815852804,0.1492090312469389,0.41675678323048276,0.16144096179039696,0.4181956384981095,0.4260273079875631,1.1037331972821427,0.11511552308656828,0.29838613401534764,0.046325438703828714,0.11980950448276188,0.39620599685904223,0.7614497206601094,0.7729178817575202,1.5353370072139216,0.43726252755406153,0.782790323712095,0.7621838371062084,1.439889726400788
M3,20,GeniusBOABaselineNegotiator,BoulwareTBNegotiator,GeniusBOABaselineNegotiator,0.45,0.5104177855340404,20,11.9,6.889351050333903,20,0.2069428092509745,0.233683284161586,20,0.27896872169193915,0.31554978199060285,20,0.2681191432396251,0.3034691802045581,20,0.28981830014425325,0.32763038377664766,20,0.7648802526348528,0.8647828481427918,20,0.20675082855095792,0.23386144845934556,20,0.08306747159329529,0.09376893531730207,20,0.5788278587595758,0.4660672317068684,20,1.1964840625666322,0.8647828481427917,20,0.6100264256330783,0.44090883138860154,20,1.101036781753498,0.8647828481427917,20,0.22370045761428853,3.0193912248036114,0.10241621488377843,0.13829578951198046,0.133001232338651,0.14359034668530996,0.3790077939077394,0.10249429883004539,0.04109604785526457,0.20426297038761382,0.37900779390773937,0.19323681529752157,0.37900779390773937,0.25,0.65,8.7,14.75,0.11537731495022727,0.29850830355172175,0.155324996518668,0.43352337815852804,0.1492090312469389,0.41675678323048276,0.16144096179039696,0.4181956384981095,0.4260273079875631,1.1037331972821427,0.11511552308656828,0.29838613401534764,0.04609580099826976,0.11980950448276188,0.39620599685904223,0.7614497206601094,0.8576311179193425,1.5353370072139216,0.43726252755406153,0.782790323712095,0.7621838371062084,1.4420075573048317
M3,20,GeniusBOABaselineNegotiator,BoulwareTBNegotiator,LinearTBNegotiator,0.45,0.5104177855340404,20,11.9,6.889351050333903,20,0.2069428092509745,0.233683284161586,20,0.27896872169193915,0.31554978199060285,20,0.2681191432396251,0.3034691802045581,20,0.28981830014425325,0.32763038377664766,20,0.7648802526348528,0.8647828481427918,20,0.20675082855095792,0.23386144845934556,20,0.08306747159329529,0.09376893531730207,20,0.5788278587595758,0.4660672317068684,20,1.1964840625666322,0.8647828481427917,20,0.6100264256330783,0.44090883138860154,20,1.101036781753498,0.8647828481427917,20,0.22370045761428853,3.0193912248036114,0.10241621488377843,0.13829578951198046,0.133001232338651,0.14359034668530996,0.3790077939077394,0.10249429883004539,0.04109604785526457,0.20426297038761382,0.37900779390773937,0.19323681529752157,0.37900779390773937,0.25,0.65,8.95,14.75,0.09248594137504047,0.29850830355172175,0.155324996518668,0.4026124468652103,0.1492090312469389,0.38702925523231124,0.16144096179039696,0.4181956384981095,0.4260273079875631,1.1037331972821427,0.11511552308656828,0.29838613401534764,0.046325438703828714,0.11980950448276188,0.39620599685904223,0.7614497206601094,0.7729178817575202,1.5353370072139216,0.43726252755406153,0.782790323712095,0.7621838371062084,1.439889726400788
M3,20,GeniusBOABaselineNegotiator,BoulwareTBNegotiator,SmartAspirationNegotiator,0.45,0.5104177855340404,20,11.9,6.889351050333903,20,0.2069428092509745,0.233683284161586,20,0.27896872169193915,0.31554978199060285,20,0.2681191432396251,0.3034691802045581,20,0.28981830014425325,0.32763038377664766,20,0.7648802526348528,0.8647828481427918,20,0.20675082855095792,0.23386144845934556,20,0.08306747159329529,0.09376893531730207,20,0.5788278587595758,0.4660672317068684,20,1.1964840625666322,0.8647828481427917,20,0.6100264256330783,0.44090883138860154,20,1.101036781753498,0.8647828481427917,20,0.22370045761428853,3.0193912248036114,0.10241621488377843,0.13829578951198046,0.133001232338651,0.14359034668530996,0.3790077939077394,0.10249429883004539,0.04109604785526457,0.20426297038761382,0.37900779390773937,0.19323681529752157,0.37900779390773937,0.25,0.65,8.798750000000002,14.8,0.11537731495022727,0.29850830355172175,0.155324996518668,0.4026124468652103,0.1492090312469389,0.38702925523231124,0.16144096179039696,0.4181956384981095,0.4260273079875631,1.1037331972821427,0.11511552308656828,0.32129496038144495,0.046325438703828714,0.11980950448276188,0.39620599685904223,0.7614497206601094,0.7729178817575202,1.5353370072139216,0.43726252755406153,0.825981298231849,0.7621838371062084,1.439889726400788
M3,20,GeniusBOABaselineNegotiator,ConcederTBNegotiator,BoulwareTBNegotiator,0.5,0.512989176042577,20,11.0,6.078434701553735,20,0.3314623142297036,0.3391288001592579,20,0.26870272184359284,0.2748928235407077,20,0.18158650863617062,0.18571759183212486,20,0.35581893505101503,0.3640680552492906,20,0.8688677579168893,0.8889144472406734,20,0.18158650863617062,0.18571759183212486,20,0.17423242641484443,0.1783504634171658,20,0.507480832474877,0.49477417754047354,20,1.0924965572845957,0.8889144472406734,20,0.5570084806872643,0.4532123075510109,20,0.9970492764714616,0.8889144472406735,20,0.2248274191931505,2.663991465135688,0.14862974985567226,0.12047709183291987,0.08139432335102141,0.1595598603148183,0.389583933521512,0.08139432335102141,0.07816553696379692,0.21684434412044148,0.389583933521512,0.1986290514730259,0.38958393352151205,0.3,0.7,8.3,13.351249999999999,0.19924556736753948,0.49673324780740885,0.1615297691269873,0.37587567456019844,0.10918046168413487,0.2720940673262153,0.21387907656983968,0.49775879353219044,0.4356644425476703,1.2154304102122648,0.10918046168413487,0.25399255558820644,0.08731516200341999,0.24376623794398408,0.3145823462505172,0.7003793186992366,0.6592932419153766,1.439059209579971,0.38031379443782376,0.7337031669367049,0.5638459611022426,1.3436119287668369
M3,20,GeniusBOABaselineNegotiator,ConcederTBNegotiator,ConcederTBNegotiator,0.55,0.5104177855340404,20,9.4,4.750623227812492,20,0.47601901133491636,0.44090683105510775,20,0.2138589582299541,0.1977531283870176,20,0.10593463284030427,0.09778049535655861,20,0.32178328361960395,0.29772576141747664,20,0.9037369277948246,0.8364130878291431,20,0.10593463284030427,0.09778049535655861,20,0.37010635729281466,0.343101405988533,20,0.4755280028105166,0.47719334179562717,20,1.0576273874066604,0.836413087829143,20,0.5392304628005907,0.42644453217923506,20,0.9621801065935263,0.8364130878291431,20,0.22370045761428853,2.0820524286841273,0.1932359386127143,0.08666912981597648,0.042854191560210045,0.13048406807174293,0.3665741982446673,0.042854191560210045,0.15037082112535818,0.2091392031304015,0.36657419824466725,0.18689755666682975,0.3665741982446673,0.35,0.75,7.298750000000001,11.251249999999999,0.2600651184891785,0.6487821256115064,0.1363721879834541,0.29183002079049436,0.05804225030202107,0.1442485388709308,0.20512364915723041,0.4384429180819775,0.5760002730252343,1.231473582564415,0.0676207268096777,0.1442485388709308,0.202057057428806,0.5045457971840218,0.288546531819513,0.6625094738015203,0.7298907326370699,1.4672982058686483,0.37213419606958154,0.748100796214352,0.6344434518239359,1.2899167613631168
M3,20,GeniusBOABaselineNegotiator,ConcederTBNegotiator,GeniusBOABaselineNegotiator,0.5,0.512989176042577,20,11.0,6.078434701553735,20,0.3839944669015007,0.393025651588954,20,0.2394710761057104,0.24490178781781807,20,0.1055250813552312,0.10768021401318183,20,0.3734170708561896,0.38212336162245436,20,0.8629366191129215,0.8828292272245902,20,0.1055250813552312,0.10768021401318183,20,0.2784938064331613,0.28532038227448253,20,0.5104553158172589,0.49172242202255173,20,1.0984276960885635,0.8828292272245902,20,0.5600324669798662,0.4501097630777991,20,1.0029804152754294,0.8828292272245902,20,0.2248274191931505,2.663991465135688,0.17225108647539364,0.10733294089288672,0.0471929345595792,0.16747294722619427,0.38691696826116717,0.0471929345595792,0.12504717094586593,0.21550685329383998,0.38691696826116717,0.1972693014053436,0.38691696826116717,0.3,0.7,8.1,13.601249999999999,0.22980717392105052,0.5372240748323838,0.1439907816842578,0.334951370527163,0.06354360531557121,0.14750655739489116,0.2244379580529444,0.5596409618602461,0.5187464223391334,1.20712681588671,0.06354360531557121,0.15800192640480612,0.16725544289669494,0.3897321699696277,0.3187466229298519,0.7021640087046659,0.7542374993147752,1.4426178928623519,0.38454737524746646,0.7366143405355925,0.6587902185016411,1.4332181612426644
M3,20,GeniusBOABaselineNegotiator,ConcederTBNegotiator,LinearTBNegotiator,0.55,0.5104177855340404,20,9.4,4.750623227812492,20,0.47601901133491636,0.44090683105510775,20,0.2138589582299541,0.1977531283870176,20,0.10593463284030427,0.09778049535655861,20,0.32178328361960395,0.29772576141747664,20,0.9037369277948246,0.8364130878291431,20,0.10593463284030427,0.09778049535655861,20,0.37010635729281466,0.343101405988533,20,0.4755280028105166,0.47719334179562717,20,1.0576273874066604,0.836413087829143,20,0.5392304628005907,0.42644453217923506,20,0.9621801065935263,0.8364130878291431,20,0.22370045761428853,2.0820524286841273,0.1932359386127143,0.08666912981597648,0.042854191560210045,0.13048406807174293,0.3665741982446673,0.042854191560210045,0.15037082112535818,0.2091392031304015,0.36657419824466725,0.18689755666682975,0.3665741982446673,0.35,0.75,7.3,11.3,0.26006511848917857,0.6487821256115064,0.13637218798345407,0.2913457284764542,0.0676207268096777,0.14424853887093084,0.20512364915723041,0.4384429180819775,0.5760002730252343,1.231473582564415,0.0676207268096777,0.1442485388709308,0.23566691740160767,0.5045457971840218,0.28854653181951295,0.6625094738015203,0.72989073263707,1.385364042176251,0.37213419606958154,0.7063267295315997,0.6344434518239359,1.2899167613631168
M3,20,GeniusBOABaselineNegotiator,ConcederTBNegotiator,SmartAspirationNegotiator,0.5,0.512989176042577,20,11.0,6.078434701553735,20,0.3637080867850099,0.3722122647472637,20,0.24272729041694036,0.24824259321088993,20,0.10281505425496018,0.10489978487473968,20,0.38263952657892053,0.3915854015470402,20,0.8491626676188906,0.8686974511690435,20,0.10281505425496018,0.10489978487473968,20,0.27982447232396035,0.28668561667230047,20,0.5076483392833911,0.4946023191811109,20,1.1122016475825944,0.8686974511690435,20,0.5670551049402269,0.44290468855593756,20,1.0167543667694603,0.8686974511690435,20,0.2248274191931505,2.663991465135688,0.1631292175026699,0.10879711341275401,0.04597435776178435,0.1716198690637237,0.38072344432817795,0.04597435776178435,0.12564551130193935,0.21676902387353036,0.38072344432817795,0.1941115382682321,0.38072344432817795,0.2987500000000011,0.75,8.25,13.5,0.21859303090072318,0.5088231426692966,0.14594451027099584,0.339510070562885,0.0619175890554086,0.14371251945451177,0.229971431486583,0.5353076216712582,0.5104820514427149,1.1878432837950665,0.0619175890554086,0.14371251945451177,0.16805384243117438,0.3915951022167463,0.3148168557824371,0.7004798227843453,0.7735210314064187,1.4508822637587702,0.39437906839197145,0.7397311414884824,0.6780737505932846,1.4401051369896798
M3,20,GeniusBOABaselineNegotiator,GeniusBOABaselineNegotiator,BoulwareTBNegotiator,0.45,0.5104177855340404,20,11.9,6.889351050333903,20,0.2069428092509745,0.233683284161586,20,0.27896872169193915,0.31554978199060285,20,0.2681191432396251,0.3034691802045581,20,0.28981830014425325,0.32763038377664766,20,0.7648802526348528,0.8647828481427918,20,0.20675082855095792,0.23386144845934556,20,0.08306747159329529,0.09376893531730207,20,0.5788278587595758,0.4660672317068684,20,1.1964840625666322,0.8647828481427917,20,0.6100264256330783,0.44090883138860154,20,1.101036781753498,0.8647828481427917,20,0.22370045761428853,3.0193912248036114,0.10241621488377843,0.13829578951198046,0.133001232338651,0.14359034668530996,0.3790077939077394,0.10249429883004539,0.04109604785526457,0.20426297038761382,0.37900779390773937,0.19323681529752157,0.37900779390773937,0.25,0.6512499999999989,8.9,14.701249999999998,0.11480503061084811,0.29850830355172175,0.15532499651866796,0.43352337815852804,0.1492090312469389,0.38702925523231124,0.16144096179039696,0.4502899730865734,0.4260273079875631,1.1058510281861864,0.11511552308656828,0.29838613401534764,0.037139930481462066,0.1289950127051285,0.39620599685904223,0.7614497206601094,0.8576311179193425,1.5353370072139216,0.3940715530343075,0.782790323712095,0.677470600944386,1.439889726400788
M3,20,GeniusBOABaselineNegotiator,GeniusBOABaselineNegotiator,ConcederTBNegotiator,0.45,0.5104177855340404,20,11.9,6.889351050333903,20,0.2069428092509745,0.233683284161586,20,0.27896872169193915,0.31554978199060285,20,0.2681191432396251,0.3034691802045581,20,0.28981830014425325,0.32763038377664766,20,0.7648802526348528,0.8647828481427918,20,0.20675082855095792,0.23386144845934556,20,0.08306747159329529,0.09376893531730207,20,0.5788278587595758,0.4660672317068684,20,1.1964840625666322,0.8647828481427917,20,0.6100264256330783,0.44090883138860154,20,1.101036781753498,0.8647828481427917,20,0.22370045761428853,3.0193912248036114,0.10241621488377843,0.13829578951198046,0.133001232338651,0.14359034668530996,0.3790077939077394,0.10249429883004539,0.04109604785526457,0.20426297038761382,0.37900779390773937,0.19323681529752157,0.37900779390773937,0.24875000000000114,0.65,8.898750000000001,14.65125,0.11537731495022727,0.29850830355172175,0.155324996518668,0.4026124468652103,0.11948150324876741,0.3870292552323113,0.16144096179039696,0.41819563849810953,0.4260273079875631,1.1037331972821427,0.11511552308656828,0.29895885467449956,0.037139930481462066,0.11980950448276188,0.3505505313839089,0.7614497206601094,0.8576311179193425,1.5353370072139216,0.3940715530343075,0.782790323712095,0.6774706009443862,1.439889726400788
M3,20,GeniusBOABaselineNegotiator,GeniusBOABaselineNegotiator,GeniusBOABaselineNegotiator,0.45,0.5104177855340404,20,11.9,6.889351050333903,20,0.2069428092509745,0.233683284161586,20,0.27896872169193915,0.31554978199060285,20,0.2681191432396251,0.3034691802045581,20,0.28981830014425325,0.32763038377664766,20,0.7648802526348528,0.8647828481427918,20,0.20675082855095792,0.23386144845934556,20,0.08306747159329529,0.09376893531730207,20,0.5788278587595758,0.4660672317068684,20,1.1964840625666322,0.8647828481427917,20,0.6100264256330783,0.44090883138860154,20,1.101036781753498,0.8647828481427917,20,0.22370045761428853,3.0193912248036114,0.10241621488377843,0.13829578951198046,0.133001232338651,0.14359034668530996,0.3790077939077394,0.10249429883004539,0.04109604785526457,0.20426297038761382,0.37900779390773937,0.19323681529752157,0.37900779390773937,0.25,0.65,8.748750000000001,14.701249999999998,0.11537731495022727,0.29850830355172175,0.155324996518668,0.4026124468652103,0.1492090312469389,0.38777244343226497,0.16144096179039696,0.4181956384981095,0.4260273079875631,1.1037331972821427,0.11511552308656828,0.29838613401534764,0.046325438703828714,0.12899501270512853,0.3505505313839089,0.7614497206601094,0.8576311179193425,1.6200502433757442,0.43726252755406153,0.782790323712095,0.7621838371062084,1.4420075573048317
M3,20,GeniusBOABaselineNegotiator,GeniusBOABaselineNegotiator,LinearTBNegotiator,0.45,0.5104177855340404,20,11.9,6.889351050333903,20,0.2069428092509745,0.233683284161586,20,0.27896872169193915,0.31554978199060285,20,0.2681191432396251,0.3034691802045581,20,0.28981830014425325,0.32763038377664766,20,0.7648802526348528,0.8647828481427918,20,0.20675082855095792,0.23386144845934556,20,0.08306747159329529,0.09376893531730207,20,0.5788278587595758,0.4660672317068684,20,1.1964840625666322,0.8647828481427917,20,0.6100264256330783,0.44090883138860154,20,1.101036781753498,0.8647828481427917,20,0.22370045761428853,3.0193912248036114,0.10241621488377843,0.13829578951198046,0.133001232338651,0.14359034668530996,0.3790077939077394,0.10249429883004539,0.04109604785526457,0.20426297038761382,0.37900779390773937,0.19323681529752157,0.37900779390773937,0.25,0.7,8.95,14.75,0.11480503061084811,0.29850830355172175,0.15532499651866796,0.4026124468652103,0.1492090312469389,0.41675678323048276,0.12934662720193296,0.4181956384981095,0.3413140718257408,1.188446433443965,0.11511552308656828,0.29838613401534764,0.046325438703828714,0.11980950448276188,0.39620599685904223,0.7614497206601094,0.8576311179193425,1.5353370072139216,0.43726252755406153,0.7827903237120949,0.7621838371062084,1.439889726400788
M3,20,GeniusBOABaselineNegotiator,GeniusBOABaselineNegotiator,SmartAspirationNegotiator,0.45,0.5104177855340404,20,11.9,6.889351050333903,20,0.2069428092509745,0.233683284161586,20,0.27896872169193915,0.31554978199060285,20,0.2681191432396251,0.3034691802045581,20,0.28981830014425325,0.32763038377664766,20,0.7648802526348528,0.8647828481427918,20,0.20675082855095792,0.23386144845934556,20,0.08306747159329529,0.09376893531730207,20,0.5788278587595758,0.4660672317068684,20,1.1964840625666322,0.8647828481427917,20,0.6100264256330783,0.44090883138860154,20,1.101036781753498,0.8647828481427917,20,0.22370045761428853,3.0193912248036114,0.10241621488377843,0.13829578951198046,0.133001232338651,0.14359034668530996,0.3790077939077394,0.10249429883004539,0.04109604785526457,0.20426297038761382,0.37900779390773937,0.19323681529752157,0.37900779390773937,0.25,0.65,8.6,14.951249999999998,0.11537731495022727,0.29850830355172175,0.155324996518668,0.43352337815852804,0.1492090312469389,0.38702925523231124,0.16144096179039696,0.4181956384981095,0.4260273079875631,1.1037331972821427,0.11511552308656828,0.29838613401534764,0.046325438703828714,0.12003914218832085,0.3505505313839089,0.7614497206601094,0.8576311179193425,1.5353370072139216,0.43618275319106864,0.782790323712095,0.7621838371062084,1.439889726400788
M3,20,GeniusBOABaselineNegotiator,LinearTBNegotiator,BoulwareTBNegotiator,0.5,0.512989176042577,20,11.0,6.078434701553735,20,0.3314623142297036,0.3391288001592579,20,0.26870272184359284,0.2748928235407077,20,0.18158650863617062,0.18571759183212486,20,0.35581893505101503,0.3640680552492906,20,0.8688677579168893,0.8889144472406734,20,0.18158650863617062,0.18571759183212486,20,0.17423242641484443,0.1783504634171658,20,0.507480832474877,0.49477417754047354,20,1.0924965572845957,0.8889144472406734,20,0.5570084806872643,0.4532123075510109,20,0.9970492764714616,0.8889144472406735,20,0.2248274191931505,2.663991465135688,0.14862974985567226,0.12047709183291987,0.08139432335102141,0.1595598603148183,0.389583933521512,0.08139432335102141,0.07816553696379692,0.21684434412044148,0.389583933521512,0.1986290514730259,0.38958393352151205,0.3,0.7,8.3,13.4,0.19924556736753948,0.46367906109186785,0.13473653094783594,0.3758756745601984,0.10918046168413487,0.25399255558820644,0.17839411194954588,0.4977587935321905,0.522305105621514,1.215430410212265,0.10918046168413487,0.25399255558820644,0.08731516200341999,0.24376623794398408,0.26635772469442726,0.7486039402553265,0.7459339049892203,1.439059209579971,0.38031379443782376,0.7337031669367049,0.6504866241760862,1.3436119287668369
M3,20,GeniusBOABaselineNegotiator,LinearTBNegotiator,ConcederTBNegotiator,0.5,0.512989176042577,20,11.0,6.078434701553735,20,0.4269559500328731,0.4371032032552136,20,0.1912224041559565,0.19539969488051237,20,0.16731369924141,0.17107399836966283,20,0.21513110907050298,0.21972539139136193,20,0.809400758344786,0.8279025930162384,20,0.16731369924141,0.17107399836966283,20,0.2596666716783549,0.2660041495842611,20,0.5202329522570148,0.4816907787008032,20,1.151963556856699,0.8279025930162384,20,0.5873276820264578,0.4221054633244872,20,1.0565162760435647,0.8279025930162384,20,0.2248274191931505,2.663991465135688,0.19156892522966673,0.08563769210496648,0.07497648554930184,0.09629889866063114,0.3628443094395997,0.07497648554930184,0.11658145871041632,0.21111029176072152,0.3628443094395997,0.18499587589484914,0.3628443094395997,0.3,0.7012499999999988,8.2,13.4,0.25654174884944114,0.5973701512163052,0.11456544835414623,0.2678793599577668,0.10061677604727848,0.23401062243554155,0.12946638098153246,0.3222120191817161,0.4866249058782521,1.2128705739279533,0.1006167760472785,0.23401062243554155,0.1300322846351752,0.36337418131289867,0.3324353139455102,0.7080305905685194,0.8291877043901648,1.4747394093232327,0.42276067631269465,0.7518946877402211,0.7337404235770307,1.3792921285100987
M3,20,GeniusBOABaselineNegotiator,LinearTBNegotiator,GeniusBOABaselineNegotiator,0.45,0.5104177855340404,20,11.45,6.476475649773205,20,0.2665605311196982,0.30130538543895996,20,0.2235531474984227,0.2526940160707095,20,0.13068011884938122,0.14757735248183082,20,0.31642617614746416,0.35781067965958824,20,0.7136668261165435,0.806693417580379,20,0.13068011884938122,0.14757735248183082,20,0.18574605729808297,0.21023332717775742,20,0.5813459407181721,0.46321106766886855,20,1.2476974890849415,0.806693417580379,20,0.6361375494673305,0.4112919824879703,20,1.1522502082718074,0.806693417580379,20,0.22370045761428853,2.8384406022729407,0.1320529074703448,0.11074803549854004,0.06467862644940892,0.15681744454767113,0.3535489784674249,0.06467862644940892,0.09213881809826224,0.20301120130661762,0.3535489784674249,0.18025665896297588,0.3535489784674249,0.25,0.65,8.65,14.201249999999998,0.14849827154396264,0.3846227906954337,0.12453856641115882,0.34732137385750256,0.07285401769680344,0.18850622000195902,0.17622311512551417,0.45662923716941417,0.39757540436628025,1.0297582478668068,0.058397492408659005,0.18850622000195902,0.10336909742871074,0.2887172571347982,0.39984322635479247,0.7628486550815519,0.9316060673346781,1.5637889108352048,0.4749785953146482,0.7972965036200128,0.8361587865215439,1.4683416300220706
M3,20,GeniusBOABaselineNegotiator,LinearTBNegotiator,LinearTBNegotiator,0.5,0.512989176042577,20,11.0,6.078434701553735,20,0.4269559500328731,0.4371032032552136,20,0.1912224041559565,0.19539969488051237,20,0.16731369924141,0.17107399836966283,20,0.21513110907050298,0.21972539139136193,20,0.809400758344786,0.8279025930162384,20,0.16731369924141,0.17107399836966283,20,0.2596666716783549,0.2660041495842611,20,0.5202329522570148,0.4816907787008032,20,1.151963556856699,0.8279025930162384,20,0.5873276820264578,0.4221054633244872,20,1.0565162760435647,0.8279025930162384,20,0.2248274191931505,2.663991465135688,0.19156892522966673,0.08563769210496648,0.07497648554930184,0.09629889866063114,0.3628443094395997,0.07497648554930184,0.11658145871041632,0.21111029176072152,0.3628443094395997,0.18499587589484914,0.3628443094395997,0.3,0.7,8.1,13.601249999999999,0.25654174884944114,0.5973701512163052,0.11504157851440548,0.2674032297975075,0.08394254524874563,0.23401062243554155,0.12946638098153246,0.3007958371594735,0.4866249058782521,1.2128705739279533,0.1006167760472785,0.23401062243554155,0.1300322846351752,0.36337418131289867,0.28548590436763405,0.7080305905685194,0.7484937412735316,1.4747394093232327,0.42276067631269465,0.7518946877402211,0.7337404235770307,1.4599860916267322
M3,20,GeniusBOABaselineNegotiator,LinearTBNegotiator,SmartAspirationNegotiator,0.5,0.512989176042577,20,11.0,6.078434701553735,20,0.3314623142297036,0.3391288001592579,20,0.26870272184359284,0.2748928235407077,20,0.18158650863617062,0.18571759183212486,20,0.35581893505101503,0.3640680552492906,20,0.8688677579168893,0.8889144472406734,20,0.18158650863617062,0.18571759183212486,20,0.17423242641484443,0.1783504634171658,20,0.507480832474877,0.49477417754047354,20,1.0924965572845957,0.8889144472406734,20,0.5570084806872643,0.4532123075510109,20,0.9970492764714616,0.8889144472406735,20,0.2248274191931505,2.663991465135688,0.14862974985567226,0.12047709183291987,0.08139432335102141,0.1595598603148183,0.389583933521512,0.08139432335102141,0.07816553696379692,0.21684434412044148,0.389583933521512,0.1986290514730259,0.38958393352151205,0.3,0.7,8.25,13.45,0.19924556736753948,0.46367906109186785,0.1615297691269873,0.3765455055146766,0.10918046168413487,0.2720940673262153,0.21387907656983968,0.4977587935321905,0.522305105621514,1.2154304102122648,0.10918046168413487,0.25399255558820644,0.10469861488570484,0.24376623794398408,0.3145823462505172,0.7486039402553266,0.7459339049892203,1.5256998726538147,0.38031379443782376,0.7337031669367049,0.6504866241760862,1.3436119287668369
M3,20,GeniusBOABaselineNegotiator,SmartAspirationNegotiator,BoulwareTBNegotiator,0.45,0.5104177855340404,20,11.9,6.889351050333903,20,0.2069428092509745,0.233683284161586,20,0.27896872169193915,0.31554978199060285,20,0.2681191432396251,0.3034691802045581,20,0.28981830014425325,0.32763038377664766,20,0.7648802526348528,0.8647828481427918,20,0.20675082855095792,0.23386144845934556,20,0.08306747159329529,0.09376893531730207,20,0.5788278587595758,0.4660672317068684,20,1.1964840625666322,0.8647828481427917,20,0.6100264256330783,0.44090883138860154,20,1.101036781753498,0.8647828481427917,20,0.22370045761428853,3.0193912248036114,0.10241621488377843,0.13829578951198046,0.133001232338651,0.14359034668530996,0.3790077939077394,0.10249429883004539,0.04109604785526457,0.20426297038761382,0.37900779390773937,0.19323681529752157,0.37900779390773937,0.25,0.65,8.898750000000001,14.8,0.11537731495022727,0.32139967712690853,0.155324996518668,0.4026124468652103,0.1492090312469389,0.41675678323048276,0.16144096179039696,0.41819563849810953,0.4260273079875631,1.188446433443965,0.11511552308656828,0.29838613401534764,0.046325438703828714,0.11980950448276188,0.3505505313839088,0.7614497206601094,0.8576311179193425,1.5353370072139216,0.43726252755406153,0.825981298231849,0.7621838371062084,1.439889726400788
M3,20,GeniusBOABaselineNegotiator,SmartAspirationNegotiator,ConcederTBNegotiator,0.45,0.5104177855340404,20,11.9,6.889351050333903,20,0.2069428092509745,0.233683284161586,20,0.27896872169193915,0.31554978199060285,20,0.2681191432396251,0.3034691802045581,20,0.28981830014425325,0.32763038377664766,20,0.7648802526348528,0.8647828481427918,20,0.20675082855095792,0.23386144845934556,20,0.08306747159329529,0.09376893531730207,20,0.5788278587595758,0.4660672317068684,20,1.1964840625666322,0.8647828481427917,20,0.6100264256330783,0.44090883138860154,20,1.101036781753498,0.8647828481427917,20,0.22370045761428853,3.0193912248036114,0.10241621488377843,0.13829578951198046,0.133001232338651,0.14359034668530996,0.3790077939077394,0.10249429883004539,0.04109604785526457,0.20426297038761382,0.37900779390773937,0.19323681529752157,0.37900779390773937,0.25,0.65,9.0,14.90125,0.11537731495022727,0.29850830355172175,0.15532499651866796,0.43352337815852815,0.1492090312469389,0.38702925523231124,0.16144096179039696,0.4189979968628204,0.4260273079875631,1.1037331972821427,0.11511552308656828,0.29838613401534764,0.046325438703828714,0.11980950448276188,0.39620599685904223,0.8071051861352428,0.8576311179193425,1.5353370072139216,0.43726252755406153,0.782790323712095,0.7621838371062084,1.5246029625626103
M3,20,GeniusBOABaselineNegotiator,SmartAspirationNegotiator,GeniusBOABaselineNegotiator,0.45,0.5104177855340404,20,11.9,6.889351050333903,20,0.2069428092509745,0.233683284161586,20,0.27896872169193915,0.31554978199060285,20,0.2681191432396251,0.3034691802045581,20,0.28981830014425325,0.32763038377664766,20,0.7648802526348528,0.8647828481427918,20,0.20675082855095792,0.23386144845934556,20,0.08306747159329529,0.09376893531730207,20,0.5788278587595758,0.4660672317068684,20,1.1964840625666322,0.8647828481427917,20,0.6100264256330783,0.44090883138860154,20,1.101036781753498,0.8647828481427917,20,0.22370045761428853,3.0193912248036114,0.10241621488377843,0.13829578951198046,0.133001232338651,0.14359034668530996,0.3790077939077394,0.10249429883004539,0.04109604785526457,0.20426297038761382,0.37900779390773937,0.19323681529752157,0.37900779390773937,0.25,0.65,8.84875,14.65,0.11537731495022727,0.29850830355172175,0.15455222323633572,0.4026124468652103,0.11948150324876741,0.38702925523231124,0.16144096179039696,0.4181956384981095,0.4260273079875631,1.1884464334439648,0.11511552308656828,0.29838613401534764,0.046325438703828714,0.11980950448276188,0.39620599685904223,0.7614497206601094,0.8576311179193425,1.5353370072139216,0.3940715530343075,0.782790323712095,0.677470600944386,1.439889726400788
M3,20,GeniusBOABaselineNegotiator,SmartAspirationNegotiator,LinearTBNegotiator,0.45,0.5104177855340404,20,11.9,6.889351050333903,20,0.2069428092509745,0.233683284161586,20,0.27896872169193915,0.31554978199060285,20,0.2681191432396251,0.3034691802045581,20,0.28981830014425325,0.32763038377664766,20,0.7648802526348528,0.8647828481427918,20,0.20675082855095792,0.23386144845934556,20,0.08306747159329529,0.09376893531730207,20,0.5788278587595758,0.4660672317068684,20,1.1964840625666322,0.8647828481427917,20,0.6100264256330783,0.44090883138860154,20,1.101036781753498,0.8647828481427917,20,0.22370045761428853,3.0193912248036114,0.10241621488377843,0.13829578951198046,0.133001232338651,0.14359034668530996,0.3790077939077394,0.10249429883004539,0.04109604785526457,0.20426297038761382,0.37900779390773937,0.19323681529752157,0.37900779390773937,0.25,0.7,8.7,14.7,0.11537731495022727,0.29850830355172175,0.155324996518668,0.4033852201475425,0.1492090312469389,0.38702925523231124,0.16144096179039696,0.4181956384981095,0.4260273079875631,1.1058510281861864,0.11511552308656828,0.29838613401534764,0.046325438703828714,0.11980950448276188,0.39620599685904223,0.7614497206601094,0.8576311179193425,1.5353370072139216,0.43726252755406153,0.825981298231849,0.677470600944386,1.439889726400788
M3,20,GeniusBOABaselineNegotiator,SmartAspirationNegotiator,SmartAspirationNegotiator,0.45,0.5104177855340404,20,11.9,6.889351050333903,20,0.2069428092509745,0.233683284161586,20,0.27896872169193915,0.31554978199060285,20,0.2681191432396251,0.3034691802045581,20,0.28981830014425325,0.32763038377664766,20,0.7648802526348528,0.8647828481427918,20,0.20675082855095792,0.23386144845934556,20,0.08306747159329529,0.09376893531730207,20,0.5788278587595758,0.4660672317068684,20,1.1964840625666322,0.8647828481427917,20,0.6100264256330783,0.44090883138860154,20,1.101036781753498,0.8647828481427917,20,0.22370045761428853,3.0193912248036114,0.10241621488377843,0.13829578951198046,0.133001232338651,0.14359034668530996,0.3790077939077394,0.10249429883004539,0.04109604785526457,0.20426297038761382,0.37900779390773937,0.19323681529752157,0.37900779390773937,0.25,0.7,9.0,14.55125,0.09248594137504047,0.29850830355172175,0.155324996518668,0.4026124468652103,0.1492090312469389,0.41675678323048276,0.16144096179039696,0.4181956384981095,0.4260273079875631,1.1037331972821425,0.09220669672047087,0.29838613401534764,0.046325438703828714,0.11980950448276188,0.39620599685904223,0.7614497206601094,0.8576311179193425,1.5353370072139216,0.43726252755406153,0.782790323712095,0.7621838371062084,1.5246029625626103
M3,20,LinearTBNegotiator,BoulwareTBNegotiator,BoulwareTBNegotiator,0.45,0.5104177855340404,20,11.45,6.476475649773205,20,0.15071581982185484,0.16990716098012565,20,0.3395746884073597,0.3842928115929022,20,0.30982646031279576,0.35077619447356667,20,0.3693229165019237,0.4178094287122379,20,0.8298651966365742,0.9384927841659302,20,0.15052383912183825,0.1700853252778852,20,0.21879907738008547,0.2477241034343527,20,0.544349876419677,0.5051742881415637,20,1.1314991185649108,0.9384927841659302,20,0.5768939048167986,0.4784897822868372,20,1.0360518377517767,0.9384927841659302,20,0.22370045761428853,2.8384406022729407,0.0744650965158499,0.16842375059730472,0.15373444548338988,0.1831130557112196,0.4113125977104594,0.07454318046211686,0.10856987524910273,0.22140239355884206,0.4113125977104594,0.20970739322755877,0.4113125977104594,0.25,0.65,8.748750000000001,14.2,0.08414009860071633,0.21729154104299334,0.18899497802723494,0.4901543987874845,0.17237976295425597,0.4472731576713356,0.20458698857895413,0.5330356399036336,0.46213005465518614,1.1976003386179623,0.08387830673705735,0.2171693715066192,0.12173188636315654,0.31586626839701437,0.3464044668125217,0.7422952860268323,0.7637639765835227,1.4992342605462987,0.3425320762089835,0.7643833677030506,0.6683166957703885,1.4037869797331646
M3,20,LinearTBNegotiator,BoulwareTBNegotiator,ConcederTBNegotiator,0.55,0.5104177855340404,20,10.5,5.652200316783954,20,0.1814260114138519,0.16751500077594508,20,0.42461918826164896,0.3933454372805133,20,0.39841827603579183,0.36921477438341166,20,0.4508201004875061,0.41747610017761505,20,1.0306643879371498,0.9542058753369717,20,0.1812689362956565,0.1676931650737046,20,0.2695511641918496,0.24978293510391042,20,0.44537717161609935,0.5051742881415637,20,0.9306999272643353,0.9542058753369717,20,0.4745166005371762,0.4865010890335022,20,0.8352526464512012,0.9542058753369717,20,0.22370045761428853,2.477186009631854,0.07341668608124487,0.17239123873412712,0.16181550942843706,0.1829669680398172,0.4181991635494991,0.0734947700275118,0.10947219801230539,0.22140239355884206,0.4181991635494991,0.2132185032164913,0.4181991635494991,0.35,0.75,8.0,12.85,0.11578762438128512,0.24706439844641875,0.2704923343672599,0.5797093349928771,0.25374668157044256,0.5430898705011411,0.2872379871640772,0.6144022138109351,0.6567722931158048,1.4045564827584949,0.11556073809944731,0.24697713449186579,0.1716772490646299,0.36742507931906926,0.24743176200894404,0.6433225812232546,0.5568078324429904,1.3045920220856801,0.2838880202558346,0.6651451808185179,0.4613605516298561,1.2091447412725462
M3,20,LinearTBNegotiator,BoulwareTBNegotiator,GeniusBOABaselineNegotiator,0.45,0.5104177855340404,20,11.45,6.476475649773205,20,0.15071581982185484,0.16990716098012565,20,0.3395746884073597,0.3842928115929022,20,0.30982646031279576,0.35077619447356667,20,0.3693229165019237,0.4178094287122379,20,0.8298651966365742,0.9384927841659302,20,0.15052383912183825,0.1700853252778852,20,0.21879907738008547,0.2477241034343527,20,0.544349876419677,0.5051742881415637,20,1.1314991185649108,0.9384927841659302,20,0.5768939048167986,0.4784897822868372,20,1.0360518377517767,0.9384927841659302,20,0.22370045761428853,2.8384406022729407,0.0744650965158499,0.16842375059730472,0.15373444548338988,0.1831130557112196,0.4113125977104594,0.07454318046211686,0.10856987524910273,0.22140239355884206,0.4113125977104594,0.20970739322755877,0.4113125977104594,0.25,0.65,8.748750000000001,14.251249999999999,0.08414009860071633,0.21729154104299334,0.18899497802723494,0.4901543987874845,0.17237976295425597,0.4472731576713356,0.16468201224978646,0.5330356399036336,0.37019626915983916,1.1976003386179623,0.08387830673705735,0.2175859060840237,0.12173188636315654,0.31586626839701437,0.3464044668125217,0.791781638428621,0.7637639765835227,1.4992342605462985,0.3425320762089835,0.7643833677030506,0.6683166957703885,1.4037869797331646
M3,20,LinearTBNegotiator,BoulwareTBNegotiator,LinearTBNegotiator,0.55,0.5104177855340404,20,10.5,5.652200316783954,20,0.1814260114138519,0.16751500077594508,20,0.42461918826164896,0.3933454372805133,20,0.39841827603579183,0.36921477438341166,20,0.4508201004875061,0.41747610017761505,20,1.0306643879371498,0.9542058753369717,20,0.1812689362956565,0.1676931650737046,20,0.2695511641918496,0.24978293510391042,20,0.44537717161609935,0.5051742881415637,20,0.9306999272643353,0.9542058753369717,20,0.4745166005371762,0.4865010890335022,20,0.8352526464512012,0.9542058753369717,20,0.22370045761428853,2.477186009631854,0.07341668608124487,0.17239123873412712,0.16181550942843706,0.1829669680398172,0.4181991635494991,0.0734947700275118,0.10947219801230539,0.22140239355884206,0.4181991635494991,0.2132185032164913,0.4181991635494991,0.35,0.75,8.09875,12.80125,0.11578762438128512,0.24706439844641875,0.2319606208936626,0.578746042156038,0.2537466815704425,0.5430898705011411,0.2872379871640772,0.6144022138109351,0.6567722931158048,1.4045564827584949,0.11556073809944731,0.24697713449186579,0.1716772490646299,0.36742507931906926,0.24743176200894404,0.6433225812232546,0.5568078324429904,1.3045920220856801,0.2838880202558346,0.6651451808185179,0.4613605516298561,1.2091447412725462
M3,20,LinearTBNegotiator,BoulwareTBNegotiator,SmartAspirationNegotiator,0.5,0.512989176042577,20,11.0,6.078434701553735,20,0.1201183431952663,0.12229446103421335,20,0.4184462802938012,0.42852647287481943,20,0.41463736512472044,0.42482272552428096,20,0.422255195462882,0.432230220225358,20,0.9570109037828687,0.9793474067838522,20,0.11994381528616031,0.12247352289079078,20,0.30231138017672166,0.3097566973345673,20,0.49486352401788813,0.507719262878925,20,1.0043534114186163,0.9793474067838523,20,0.5120687694960139,0.49931947838219276,20,0.9089061306054822,0.9793474067838523,20,0.2248274191931505,2.663991465135688,0.05359791071626325,0.1878100074072379,0.1861867685611693,0.18943324625330657,0.4292179255307391,0.0536763880350262,0.13575685821828037,0.22251777791553892,0.4292179255307391,0.21883641004585466,0.4292179255307391,0.3,0.7,8.5,13.35,0.07243918474687706,0.16779750164365553,0.2513759041971123,0.6272842504146622,0.2490109755772648,0.5802637546721763,0.2537408328169598,0.590769558108804,0.5751909931411017,1.338830814424636,0.07219484567412866,0.16799121595826685,0.18154598714283116,0.4230767732106121,0.29691811441073285,0.6928089336250434,0.5270785231164076,1.3861733220603836,0.3173981987700731,0.7554069829034398,0.5270862199637151,1.2907260412472492
M3,20,LinearTBNegotiator,ConcederTBNegotiator,BoulwareTBNegotiator,0.55,0.5104177855340404,20,9.4,4.750623227812492,20,0.2805851413543722,0.2595378799027133,20,0.3484257299448405,0.3226354440691578,20,0.2029671531655075,0.1878298119914259,20,0.4938843067241735,0.4574410761468896,20,0.9774366012440533,0.9048087680410288,20,0.2029671531655075,0.1878298119914259,20,0.29091715355866604,0.2696112641554637,20,0.44537717161609935,0.5051742881415637,20,0.9839277139574317,0.9048087680410288,20,0.5016547442673116,0.4613160140767018,20,0.8884804331442977,0.9048087680410288,20,0.22370045761428853,2.0820524286841273,0.11374749107093413,0.14140121783833576,0.08232004465151135,0.20048239102516013,0.3965499267476056,0.08232004465151135,0.11816234637364877,0.22140239355884206,0.3965499267476056,0.202180657450612,0.3965499267476056,0.3,0.75,7.35,11.35,0.1788888888888889,0.3822813938198554,0.2220055881656545,0.47563599761014586,0.1293686942893525,0.2765656120416626,0.3146424820419565,0.6731261314063907,0.5342659312142342,1.3319731372679087,0.11096907957031374,0.2765656120416626,0.1588629463010885,0.3972207904010154,0.24743176200894407,0.6433225812232546,0.6293911779335764,1.3406801033314344,0.32089457988783743,0.6824149086467858,0.5339438971204423,1.243016969168153
M3,20,LinearTBNegotiator,ConcederTBNegotiator,ConcederTBNegotiator,0.7,0.47016234598162726,20,6.5,2.762531257265412,20,0.4498736474819564,0.30154412848518086,20,0.379904971578325,0.25464975400179946,20,0.20441712650058222,0.13691512728700606,20,0.5553928166560678,0.3723843807165929,20,1.2096835906386063,0.8108436364887798,20,0.20441712650058222,0.13691512728700606,20,0.3509756901554856,0.23546925342958683,20,0.3177959693988789,0.45130956038555564,20,0.7516807245628787,0.8108436364887799,20,0.38324380572084626,0.413407968221082,20,0.6562334437497446,0.8108436364887799,20,0.20605773335083594,1.2107327055178305,0.13215754122372383,0.11160517543871804,0.06000570022530925,0.16320465065212686,0.35536789210115993,0.06000570022530925,0.10319895042681759,0.1977951357598591,0.35536789210116,0.18118403059895277,0.35536789210116,0.5,0.9,5.35,7.6,0.32160130450833835,0.5781459904555744,0.2715807911422547,0.48822915201439515,0.1461754878592962,0.26265876514186826,0.39698609442521315,0.7137995388869223,0.8647628867928476,1.5546042944843648,0.1461754878592962,0.26265876514186826,0.25081060656591697,0.45114077374505424,0.12581566121690818,0.5097762775808495,0.40676002071712,1.096601428408637,0.20738626555226936,0.5591013458894232,0.3975429158654255,1.001154147595503
M3,20,LinearTBNegotiator,ConcederTBNegotiator,GeniusBOABaselineNegotiator,0.55,0.5104177855340404,20,8.85,4.319783132958121,20,0.23708819367054623,0.21917130587677067,20,0.377921840671282,0.35000878864889795,20,0.2628361685223277,0.24339019424693795,20,0.4930075128202362,0.45662738305085787,20,0.9929318750131102,0.9191888831745666,20,0.23693111855235083,0.2193494701745302,20,0.2560763942678853,0.23727791287632766,20,0.4575124982238692,0.49391231262543606,20,0.9684324401883749,0.9191888831745666,20,0.4937544915457946,0.4686477040753854,20,0.8729851593752407,0.9191888831745666,20,0.22370045761428853,1.8932284317368686,0.09605605997694024,0.15339811505169335,0.10667045580103417,0.20012577430235248,0.4028522900803269,0.09613414392320717,0.10399163037914529,0.2164666151671021,0.4028522900803269,0.20539391226710632,0.4028522900803269,0.35,0.75,6.9,10.55,0.12973921794497673,0.3229673742510019,0.2064893403898261,0.5150678408964466,0.16746715860732903,0.35820517843732647,0.31408452228490547,0.6719305033555669,0.632760693982325,1.3531030560438955,0.1509821268082528,0.322880110296449,0.1398588957788445,0.34905039305911806,0.263979934655903,0.6510450617918355,0.6082612591575897,1.418646416476856,0.31012150799485966,0.6773874750967296,0.5128139783444557,1.2331563404060257
M3,20,LinearTBNegotiator,ConcederTBNegotiator,LinearTBNegotiator,0.7,0.47016234598162726,20,6.5,2.762531257265412,20,0.4498736474819564,0.30154412848518086,20,0.379904971578325,0.25464975400179946,20,0.20441712650058222,0.13691512728700606,20,0.5553928166560678,0.3723843807165929,20,1.2096835906386063,0.8108436364887798,20,0.20441712650058222,0.13691512728700606,20,0.3509756901554856,0.23546925342958683,20,0.3177959693988789,0.45130956038555564,20,0.7516807245628787,0.8108436364887799,20,0.38324380572084626,0.413407968221082,20,0.6562334437497446,0.8108436364887799,20,0.20605773335083594,1.2107327055178305,0.13215754122372383,0.11160517543871804,0.06000570022530925,0.16320465065212686,0.35536789210115993,0.06000570022530925,0.10319895042681759,0.1977951357598591,0.35536789210116,0.18118403059895277,0.35536789210116,0.5,0.9,5.2,7.6,0.32160130450833835,0.5781459904555744,0.27158079114225464,0.48822915201439515,0.1461754878592962,0.26265876514186826,0.39698609442521315,0.7137995388869223,0.8647628867928476,1.5546042944843648,0.1461754878592962,0.26265876514186826,0.25081060656591697,0.45114077374505424,0.12581566121690818,0.5097762775808495,0.40676002071712,1.096601428408637,0.20738626555226936,0.5591013458894232,0.3113127399039859,1.001154147595503
M3,20,LinearTBNegotiator,ConcederTBNegotiator,SmartAspirationNegotiator,0.55,0.5104177855340404,20,8.85,4.319783132958121,20,0.2730637738330046,0.2525578076219058,20,0.3688495678941679,0.34158942613861554,20,0.22333752353587794,0.2067341744186126,20,0.5143616122524579,0.4764446778586186,20,1.0107629096213404,0.935736659899137,20,0.22333752353587794,0.2067341744186126,20,0.2910240887165801,0.2697105034400059,20,0.44537717161609935,0.5051742881415637,20,0.9506014055801446,0.935736659899137,20,0.4846633530612043,0.4770845745722724,20,0.8551541247670105,0.935736659899137,20,0.22370045761428853,1.8932284317368686,0.1106883395138156,0.1497081667392532,0.0906052467853739,0.20881108669313256,0.41010467299232206,0.0906052467853739,0.11820583990775863,0.22140239355884206,0.41010467299232206,0.20909153379299306,0.41010467299232206,0.3487500000000011,0.75,6.8,10.6,0.17410256410256414,0.37202498356344516,0.23500257595159013,0.5026965598367458,0.14233165725231547,0.3043433898194404,0.2810014652504665,0.7010497298540512,0.5524439176018453,1.3774181032369364,0.14233165725231547,0.3245948563903309,0.1853418373985493,0.39670634003461086,0.24743176200894407,0.6433225812232546,0.5839462119645484,1.3172565991957403,0.29772450097041836,0.6716022051519904,0.48849893115141435,1.3134731167865055
M3,20,LinearTBNegotiator,GeniusBOABaselineNegotiator,BoulwareTBNegotiator,0.5,0.512989176042577,20,11.0,6.078434701553735,20,0.1543063773833005,0.15737064401148357,20,0.38287717460274434,0.3920333404327663,20,0.3786958130625481,0.38794747116815065,20,0.3870585361429405,0.39611920969738185,20,0.9200607265887891,0.941437324877016,20,0.1541318494741945,0.157549705868061,20,0.23292668666874597,0.23856950382932082,20,0.5038482412509495,0.4985011374981976,20,1.041303588612696,0.941437324877016,20,0.5309077872693558,0.4799910539721964,20,0.9458563077995616,0.9414373248770161,20,0.2248274191931505,2.663991465135688,0.06897072570382909,0.1718161869361805,0.1700254757773004,0.17360689809506058,0.41260309957619007,0.06904920302259204,0.10455769507246851,0.2184777563401601,0.41260309957619007,0.21036535455362587,0.4126030995761901,0.3,0.7,8.45,13.252499999999998,0.07761341222879685,0.2156607495069034,0.2290791736961024,0.5739305918780768,0.22744604433996138,0.5299455817851347,0.23262283722499494,0.541494235060886,0.553020886824654,1.2871005663529247,0.09270766618694919,0.2155560327614398,0.13991517103804577,0.32593820229944626,0.3094967185370187,0.6981997639648803,0.5825037889075271,1.5001033883178647,0.3437728236527519,0.7180427508859597,0.5765224690369027,1.312896147563697
M3,20,LinearTBNegotiator,GeniusBOABaselineNegotiator,ConcederTBNegotiator,0.55,0.5104177855340404,20,10.5,5.652200316783954,20,0.1814260114138519,0.16751500077594508,20,0.42461918826164896,0.3933454372805133,20,0.39841827603579183,0.36921477438341166,20,0.4508201004875061,0.41747610017761505,20,1.0306643879371498,0.9542058753369717,20,0.1812689362956565,0.1676931650737046,20,0.2695511641918496,0.24978293510391042,20,0.44537717161609935,0.5051742881415637,20,0.9306999272643353,0.9542058753369717,20,0.4745166005371762,0.4865010890335022,20,0.8352526464512012,0.9542058753369717,20,0.22370045761428853,2.477186009631854,0.07341668608124487,0.17239123873412712,0.16181550942843706,0.1829669680398172,0.4181991635494991,0.0734947700275118,0.10947219801230539,0.22140239355884206,0.4181991635494991,0.2132185032164913,0.4181991635494991,0.35,0.75,8.05,12.85,0.0993780276231434,0.24706439844641875,0.2704923343672599,0.5797093349928771,0.2537466815704425,0.5430898705011411,0.28723798716407717,0.6144022138109351,0.5632992694104686,1.4045564827584949,0.11556073809944731,0.24697713449186579,0.1716772490646299,0.36742507931906926,0.24743176200894404,0.6928089336250434,0.5568078324429904,1.3045920220856801,0.2362308751854992,0.6651451808185179,0.4613605516298562,1.2114815668651775
M3,20,LinearTBNegotiator,GeniusBOABaselineNegotiator,GeniusBOABaselineNegotiator,0.5,0.512989176042577,20,11.0,6.078434701553735,20,0.1543063773833005,0.15737064401148357,20,0.38287717460274434,0.3920333404327663,20,0.3786958130625481,0.38794747116815065,20,0.3870585361429405,0.39611920969738185,20,0.9200607265887891,0.941437324877016,20,0.1541318494741945,0.157549705868061,20,0.23292668666874597,0.23856950382932082,20,0.5038482412509495,0.4985011374981976,20,1.041303588612696,0.941437324877016,20,0.5309077872693558,0.4799910539721964,20,0.9458563077995616,0.9414373248770161,20,0.2248274191931505,2.663991465135688,0.06897072570382909,0.1718161869361805,0.1700254757773004,0.17360689809506058,0.41260309957619007,0.06904920302259204,0.10455769507246851,0.2184777563401601,0.41260309957619007,0.21036535455362587,0.4126030995761901,0.3,0.7,8.44875,13.451249999999998,0.07761341222879685,0.2156607495069034,0.2300344407824782,0.5739305918780768,0.1896336021593147,0.5299455817851347,0.23262283722499494,0.5424594581791224,0.553020886824654,1.2871005663529247,0.09270766618694919,0.2155560327614398,0.13991517103804577,0.32593820229944626,0.3094967185370187,0.7467876446433628,0.6742637488485608,1.408343428376831,0.3437728236527519,0.7180427508859598,0.5788164680354265,1.312896147563697
M3,20,LinearTBNegotiator,GeniusBOABaselineNegotiator,LinearTBNegotiator,0.55,0.5104177855340404,20,10.5,5.652200316783954,20,0.1814260114138519,0.16751500077594508,20,0.42461918826164896,0.3933454372805133,20,0.39841827603579183,0.36921477438341166,20,0.4508201004875061,0.41747610017761505,20,1.0306643879371498,0.9542058753369717,20,0.1812689362956565,0.1676931650737046,20,0.2695511641918496,0.24978293510391042,20,0.44537717161609935,0.5051742881415637,20,0.9306999272643353,0.9542058753369717,20,0.4745166005371762,0.4865010890335022,20,0.8352526464512012,0.9542058753369717,20,0.22370045761428853,2.477186009631854,0.07341668608124487,0.17239123873412712,0.16181550942843706,0.1829669680398172,0.4181991635494991,0.0734947700275118,0.10947219801230539,0.22140239355884206,0.4181991635494991,0.2132185032164913,0.4181991635494991,0.35,0.7512499999999989,8.0,12.951249999999998,0.11578762438128512,0.24706439844641875,0.2704923343672599,0.578746042156038,0.25374668157044256,0.5792577691174785,0.24634245883322,0.6144022138109351,0.6544354675231735,1.4045564827584949,0.11556073809944731,0.24697713449186579,0.1716772490646299,0.36742507931906926,0.24743176200894407,0.6433225812232546,0.5568078324429904,1.3045920220856801,0.2838880202558346,0.6651451808185179,0.4613605516298561,1.3026177649778823
M3,20,LinearTBNegotiator,GeniusBOABaselineNegotiator,SmartAspirationNegotiator,0.5,0.512989176042577,20,11.0,6.078434701553735,20,0.1543063773833005,0.15737064401148357,20,0.38287717460274434,0.3920333404327663,20,0.3786958130625481,0.38794747116815065,20,0.3870585361429405,0.39611920969738185,20,0.9200607265887891,0.941437324877016,20,0.1541318494741945,0.157549705868061,20,0.23292668666874597,0.23856950382932082,20,0.5038482412509495,0.4985011374981976,20,1.041303588612696,0.941437324877016,20,0.5309077872693558,0.4799910539721964,20,0.9458563077995616,0.9414373248770161,20,0.2248274191931505,2.663991465135688,0.06897072570382909,0.1718161869361805,0.1700254757773004,0.17360689809506058,0.41260309957619007,0.06904920302259204,0.10455769507246851,0.2184777563401601,0.41260309957619007,0.21036535455362587,0.4126030995761901,0.3,0.7012499999999988,8.45,13.4,0.09295200525969757,0.2156607495069034,0.1918237573274117,0.5357199084230103,0.1896336021593147,0.5299455817851347,0.23262283722499494,0.541494235060886,0.553020886824654,1.2871005663529247,0.09270766618694919,0.2309120785832511,0.13991517103804577,0.32593820229944626,0.3094967185370187,0.6981997639648803,0.6742637488485608,1.408343428376831,0.3437728236527519,0.7180427508859598,0.4870565080943927,1.312896147563697
M3,20,LinearTBNegotiator,LinearTBNegotiator,BoulwareTBNegotiator,0.5,0.512989176042577,20,11.0,6.078434701553735,20,0.20473372781065097,0.20910801390295716,20,0.35776468727330507,0.36626847206574886,20,0.34052959806706484,0.34878976080175694,20,0.3749997764795452,0.38374718332974067,20,0.9202631023572609,0.9416449580344547,20,0.20455919990154495,0.20928707575953462,20,0.17044057657800027,0.17446010757020605,20,0.49486352401788813,0.507719262878925,20,1.041101212844224,0.9416449580344547,20,0.5308046061484885,0.4800969155685502,20,0.9456539320310899,0.9416449580344547,20,0.2248274191931505,2.663991465135688,0.09164562781048873,0.16052423550458345,0.15286385254168952,0.16818461846747734,0.4126940988196556,0.09172410512925169,0.07646051333822565,0.22251777791553892,0.4126940988196556,0.21041175044385405,0.4126940988196556,0.3,0.7,8.3,13.65,0.10282708744247211,0.28625904010519404,0.17926751366269206,0.5005624261617954,0.20369641982564468,0.4765128807914582,0.22538758142695778,0.5246119715321326,0.553142312285737,1.2873838924287853,0.12296407644335945,0.2861543233597305,0.10242350498359834,0.23845764817240225,0.29691811441073285,0.6928089336250434,0.6716859178347552,1.408222002915748,0.3436283700835376,0.7179808422134394,0.48675294444168526,1.312774722102614
M3,20,LinearTBNegotiator,LinearTBNegotiator,ConcederTBNegotiator,0.55,0.5104177855340404,20,8.3,3.9081561138887873,20,0.28904667981591065,0.26739046121862164,20,0.331314167162546,0.3067553604648569,20,0.3067069905638814,0.2841037357669522,20,0.35592134376121054,0.3294069851627616,20,0.9516750141410026,0.8809011821483353,20,0.2888896046977153,0.26756862551638116,20,0.0670317390634953,0.06183835964638044,20,0.4702421728963116,0.4820987628856601,20,1.0096893010604824,0.8809011821483353,20,0.5147892684877159,0.44912675086466175,20,0.9142420202473482,0.8809011821483353,20,0.22370045761428853,1.7128249365180006,0.1171890365726924,0.1344414643385268,0.1245139521039625,0.1443689765730911,0.38607196524974596,0.11726712051895935,0.027101856054131755,0.21128909871345417,0.38607196524974596,0.19683847730761123,0.38607196524974596,0.3487500000000011,0.75,6.65,9.8,0.18427350427350428,0.39381985535831693,0.2111164118496489,0.45151192247544314,0.19538495445195406,0.41802902667580877,0.22684786924734368,0.4849948182750775,0.606506327972802,1.296843700309203,0.1840466179916665,0.393732591403764,0.042801251255677186,0.09126222687131343,0.2813385819365063,0.659145763856117,0.6645206148922819,1.4411501587707327,0.2948093012953751,0.6907732422415885,0.5690733340791477,1.2594107064155486
M3,20,LinearTBNegotiator,LinearTBNegotiator,GeniusBOABaselineNegotiator,0.55,0.5104177855340404,20,8.85,4.319783132958121,20,0.23708819367054623,0.21917130587677067,20,0.377921840671282,0.35000878864889795,20,0.2628361685223277,0.24339019424693795,20,0.4930075128202362,0.45662738305085787,20,0.9929318750131102,0.9191888831745666,20,0.23693111855235083,0.2193494701745302,20,0.2560763942678853,0.23727791287632766,20,0.4575124982238692,0.49391231262543606,20,0.9684324401883749,0.9191888831745666,20,0.4937544915457946,0.4686477040753854,20,0.8729851593752407,0.9191888831745666,20,0.22370045761428853,1.8932284317368686,0.09605605997694024,0.15339811505169335,0.10667045580103417,0.20012577430235248,0.4028522900803269,0.09613414392320717,0.10399163037914529,0.2164666151671021,0.4028522900803269,0.20539391226710632,0.4028522900803269,0.35,0.75,6.9,10.65,0.1512090130900906,0.32296737425100186,0.2064893403898261,0.5150678408964466,0.14362490612857934,0.35820517843732647,0.31408452228490547,0.6719305033555669,0.632760693982325,1.3531030560438952,0.1509821268082528,0.34436735823247344,0.16310239547665265,0.34905039305911806,0.263979934655903,0.6510450617918355,0.6082612591575897,1.32860362121916,0.3101215079948596,0.6785351812439219,0.5128139783444557,1.3231991356637218
M3,20,LinearTBNegotiator,LinearTBNegotiator,LinearTBNegotiator,0.55,0.5104177855340404,20,8.3,3.9081561138887873,20,0.28904667981591065,0.26739046121862164,20,0.331314167162546,0.3067553604648569,20,0.3067069905638814,0.2841037357669522,20,0.35592134376121054,0.3294069851627616,20,0.9516750141410026,0.8809011821483353,20,0.2888896046977153,0.26756862551638116,20,0.0670317390634953,0.06183835964638044,20,0.4702421728963116,0.4820987628856601,20,1.0096893010604824,0.8809011821483353,20,0.5147892684877159,0.44912675086466175,20,0.9142420202473482,0.8809011821483353,20,0.22370045761428853,1.7128249365180006,0.1171890365726924,0.1344414643385268,0.1245139521039625,0.1443689765730911,0.38607196524974596,0.11726712051895935,0.027101856054131755,0.21128909871345417,0.38607196524974596,0.19683847730761123,0.38607196524974596,0.35,0.75,6.598750000000001,9.8,0.18361867192636483,0.39381985535831693,0.2111164118496489,0.45151192247544314,0.19538495445195406,0.4187247894015077,0.22684786924734368,0.4849948182750775,0.6043490236842527,1.296843700309203,0.1840466179916665,0.393732591403764,0.042801251255677186,0.09126222687131343,0.2813385819365063,0.6591457638561169,0.6645206148922819,1.3548579872286826,0.33880529473384324,0.6907732422415885,0.5690733340791476,1.2594107064155486
M3,20,LinearTBNegotiator,LinearTBNegotiator,SmartAspirationNegotiator,0.55,0.5104177855340404,20,9.95,5.195899192733886,20,0.19772841304431807,0.1826441566652343,20,0.39926140987679554,0.3698125989364045,20,0.31261936635430604,0.2895906116909405,20,0.4859034533992851,0.45003458618186865,20,0.9962512327979092,0.9222693545380434,20,0.19757133792612266,0.18282232096299383,20,0.2883321154731624,0.26721226521887476,20,0.465613136755719,0.48639465811482063,20,0.9651130824035759,0.9222693545380433,20,0.49206211968041885,0.4702182798932494,20,0.8696658015904418,0.9222693545380433,20,0.22370045761428853,2.277203224641093,0.08004733099933069,0.1620775175909027,0.1269186815037909,0.19723635367801456,0.4042023661811361,0.08012541494559765,0.1171109387324169,0.21317185780975167,0.40420236618113603,0.2060822474684483,0.40420236618113603,0.3,0.75,7.6487500000000015,12.101249999999999,0.12616187996430905,0.26929494612432714,0.25435556630417133,0.5441672534494197,0.17077937767329476,0.4544593550353172,0.30956375719884566,0.6622431495997245,0.6348730125726516,1.3576294530231667,0.12593499368247124,0.2692076821697741,0.18362876351637442,0.39303546742995044,0.27502625992660734,0.6573911815650116,0.5133903071220042,1.3264913026288334,0.30781372817843816,0.6763105111823996,0.5082875813651844,1.2310440218156995
M3,20,LinearTBNegotiator,SmartAspirationNegotiator,BoulwareTBNegotiator,0.45,0.5104177855340404,20,11.45,6.476475649773205,20,0.13540434771251292,0.15253994389720008,20,0.3184323927267649,0.3603119143875797,20,0.30368940016432344,0.3438151619165168,20,0.33317538528920626,0.37680866685864267,20,0.7722691331660428,0.8731637726723597,20,0.13521236701249634,0.15271810819495962,20,0.19796301827670995,0.22409055866368308,20,0.5746654891262855,0.4707884483530866,20,1.1890951820354423,0.8731637726723597,20,0.6062592109071231,0.4451818389398311,20,1.0936479012223081,0.8731637726723597,20,0.22370045761428853,2.8384406022729407,0.06685357803227612,0.1579136590000477,0.15068363845312396,0.16514367954697143,0.3826808960323716,0.06693166197854308,0.09821201756842834,0.2063321348136735,0.3826808960323716,0.19510954342669373,0.3826808960323716,0.25,0.7,8.55,14.201249999999998,0.0756337252066375,0.19517497021838837,0.17724925820468224,0.4596155272488476,0.1689702850939936,0.43840851523465335,0.18552823131537088,0.48082253926304175,0.430132241616002,1.1999402476035936,0.07537193334297851,0.19505280068201417,0.11015629797239239,0.2857697385810275,0.3901936851665118,0.7591372930860592,0.8469582904854015,1.531232073585483,0.4318209951721263,0.7806974266421198,0.7515110096722674,1.435784792772349
M3,20,LinearTBNegotiator,SmartAspirationNegotiator,ConcederTBNegotiator,0.55,0.5104177855340404,20,10.5,5.652200316783954,20,0.18518669517453568,0.1710050369163488,20,0.41058050272149477,0.3803170831255783,20,0.35866520486514913,0.3323226388286907,20,0.4624958005778403,0.428311527422466,20,1.0063477006175252,0.9316392031675055,20,0.1850296200563403,0.17118320121410832,20,0.27746618052150007,0.2571283262083576,20,0.44537717161609935,0.5051742881415637,20,0.9550166145839599,0.9316392031675055,20,0.4869144437788213,0.47499548959205,20,0.8595693337708259,0.9316392031675055,20,0.22370045761428853,2.477186009631854,0.0749462618598041,0.16668131077115333,0.14564681813308042,0.18771580340922622,0.4083088834021108,0.07502434580607105,0.11269145760315516,0.22140239355884206,0.4083088834021108,0.20817595193178906,0.4083088834021108,0.3,0.75,7.95,12.75,0.11818078677444752,0.2521926035746239,0.2243031560535785,0.5596023800558279,0.19589528958830008,0.4888811370866285,0.2936190542403595,0.6303236230250272,0.6412980375487709,1.3713973636862793,0.11795390049260972,0.2521053396200709,0.1767140776380438,0.3782182834049563,0.24743176200894404,0.6433225812232546,0.4987045357480172,1.320066277652714,0.30079417013080517,0.6730347174268374,0.4945196707020717,1.22461899683958
M3,20,LinearTBNegotiator,SmartAspirationNegotiator,GeniusBOABaselineNegotiator,0.45,0.5104177855340404,20,11.9,6.889351050333903,20,0.22552989482064545,0.25476590428603746,20,0.27970299949556654,0.31638264521392345,20,0.27228752427103237,0.308197215349698,20,0.28711847472010066,0.3245680750781488,20,0.7849358938117785,0.8875311947138844,20,0.2253379141206288,0.254944068583797,20,0.06178056059947181,0.06962400649435184,20,0.5727446663396375,0.47296716416011814,20,1.1764284213897065,0.8875311947138844,20,0.5998010732997636,0.4525070573758812,20,1.0809811405765726,0.8875311947138844,20,0.22370045761428853,3.0193912248036114,0.11165608054522581,0.13866080791350813,0.135073385103621,0.1422482307233952,0.3889776963722421,0.11173416449149276,0.03051406623190248,0.20728699911671597,0.3889776963722421,0.19831996195581011,0.3889776963722421,0.25,0.6512499999999989,8.94875,14.95,0.12570347360004447,0.3503129213463966,0.15573292863179428,0.40444788330223663,0.15152479848660963,0.39305025005545513,0.15994105877697887,0.4142958906632225,0.43716933086363297,1.21964409749696,0.12544168173638542,0.32523414650487226,0.03432886964335061,0.08906174415835019,0.38741916336357574,0.7580701693156993,0.8286618584415611,1.5241949843378522,0.4224925741837183,0.777109572415809,0.7332145776284269,1.428747703524718
M3,20,LinearTBNegotiator,SmartAspirationNegotiator,LinearTBNegotiator,0.55,0.5104177855340404,20,10.5,5.652200316783954,20,0.18518669517453568,0.1710050369163488,20,0.41058050272149477,0.3803170831255783,20,0.35866520486514913,0.3323226388286907,20,0.4624958005778403,0.428311527422466,20,1.0063477006175252,0.9316392031675055,20,0.1850296200563403,0.17118320121410832,20,0.27746618052150007,0.2571283262083576,20,0.44537717161609935,0.5051742881415637,20,0.9550166145839599,0.9316392031675055,20,0.4869144437788213,0.47499548959205,20,0.8595693337708259,0.9316392031675055,20,0.22370045761428853,2.477186009631854,0.0749462618598041,0.16668131077115333,0.14564681813308042,0.18771580340922622,0.4083088834021108,0.07502434580607105,0.11269145760315516,0.22140239355884206,0.4083088834021108,0.20817595193178906,0.4083088834021108,0.3,0.75,7.8987500000000015,12.85,0.11818078677444752,0.2521926035746239,0.26155862538716174,0.5596023800558279,0.2284492726436699,0.4888811370866285,0.2946679781306535,0.6303236230250272,0.6412980375487709,1.3713973636862793,0.11795390049260972,0.2521053396200709,0.1767140776380438,0.3782182834049563,0.24743176200894407,0.6433225812232546,0.5899669515152055,1.320066277652714,0.3007941701308052,0.6730347174268374,0.4945196707020717,1.3158814126067686
M3,20,LinearTBNegotiator,SmartAspirationNegotiator,SmartAspirationNegotiator,0.5,0.512989176042577,20,11.0,6.078434701553735,20,0.1201183431952663,0.12229446103421335,20,0.4184462802938012,0.42852647287481943,20,0.41463736512472044,0.42482272552428096,20,0.422255195462882,0.432230220225358,20,0.9570109037828687,0.9793474067838522,20,0.11994381528616031,0.12247352289079078,20,0.30231138017672166,0.3097566973345673,20,0.49486352401788813,0.507719262878925,20,1.0043534114186163,0.9793474067838523,20,0.5120687694960139,0.49931947838219276,20,0.9089061306054822,0.9793474067838523,20,0.2248274191931505,2.663991465135688,0.05359791071626325,0.1878100074072379,0.1861867685611693,0.18943324625330657,0.4292179255307391,0.0536763880350262,0.13575685821828037,0.22251777791553892,0.4292179255307391,0.21883641004585466,0.4292179255307391,0.3,0.7,8.396250000000004,13.451249999999998,0.07243918474687706,0.16779750164365553,0.2513759041971123,0.5855166563904901,0.2490109755772648,0.5802637546721763,0.2537408328169598,0.6328981487702844,0.5751909931411017,1.338830814424636,0.07219484567412868,0.16769278489819192,0.18154598714283116,0.4230767732106121,0.29691811441073285,0.6928089336250435,0.6225335007768492,1.3861733220603836,0.3173981987700731,0.7554069829034398,0.5270862199637151,1.2907260412472492
M3,20,SmartAspirationNegotiator,BoulwareTBNegotiator,BoulwareTBNegotiator,0.35,0.48936048492959283,20,11.25,6.987771273333226,20,0.15121655517050608,0.2101399324028378,20,0.24319131780703462,0.33894642066077474,20,0.21065595716198118,0.29373452870838346,20,0.2757266784520881,0.38415831261316596,20,0.6375991907845754,0.8880327737243874,20,0.15098966888866827,0.2103107465273055,20,0.12473700956341986,0.1738475660858605,20,0.6433225812232546,0.4843333081747219,20,1.3237651244169097,0.8880327737243873,20,0.6749205714395407,0.45276278702621464,20,1.2283178436037754,0.8880327737243873,20,0.21447168872174685,3.0625257893650977,0.09209788603343137,0.1485498185162354,0.12873483321203855,0.16836480382043215,0.38919752306590216,0.09217274862422144,0.07619205519621074,0.2122684313658224,0.3891975230659021,0.19843204041668364,0.3891975230659021,0.15,0.55,8.15,14.201249999999998,0.065333064829813,0.23710004551119912,0.10466504480420284,0.3817175908098665,0.0906076337871812,0.36071636138048113,0.11872245582122443,0.4327309010829518,0.2746631544382187,1.0005352271309325,0.06503636738433281,0.23694297039300377,0.053686088436891655,0.1962319989469885,0.44537717161609935,0.8412679908304097,0.9608290880705528,1.6867011607632663,0.4898779286559263,0.8599632142231549,0.8653818072574188,1.5912538799501321
M3,20,SmartAspirationNegotiator,BoulwareTBNegotiator,ConcederTBNegotiator,0.35,0.48936048492959283,20,11.25,6.987771273333226,20,0.15121655517050608,0.2101399324028378,20,0.24319131780703462,0.33894642066077474,20,0.21065595716198118,0.29373452870838346,20,0.2757266784520881,0.38415831261316596,20,0.6375991907845754,0.8880327737243874,20,0.15098966888866827,0.2103107465273055,20,0.12473700956341986,0.1738475660858605,20,0.6433225812232546,0.4843333081747219,20,1.3237651244169097,0.8880327737243873,20,0.6749205714395407,0.45276278702621464,20,1.2283178436037754,0.8880327737243873,20,0.21447168872174685,3.0625257893650977,0.09209788603343137,0.1485498185162354,0.12873483321203855,0.16836480382043215,0.38919752306590216,0.09217274862422144,0.07619205519621074,0.2122684313658224,0.3891975230659021,0.19843204041668364,0.3891975230659021,0.15,0.55,8.1,14.201249999999998,0.065333064829813,0.23710004551119912,0.10466504480420284,0.38171759080986645,0.0906076337871812,0.3314545825578731,0.11872245582122445,0.4327309010829519,0.27466315443821865,1.0005352271309325,0.06503636738433281,0.23694297039300377,0.053686088436891655,0.19578793068994807,0.44537717161609935,0.8412679908304097,0.9608290880705528,1.6867011607632663,0.4898779286559263,0.8599632142231549,0.8653818072574188,1.5912538799501323
M3,20,SmartAspirationNegotiator,BoulwareTBNegotiator,GeniusBOABaselineNegotiator,0.35,0.48936048492959283,20,11.25,6.987771273333226,20,0.15121655517050608,0.2101399324028378,20,0.24319131780703462,0.33894642066077474,20,0.21065595716198118,0.29373452870838346,20,0.2757266784520881,0.38415831261316596,20,0.6375991907845754,0.8880327737243874,20,0.15098966888866827,0.2103107465273055,20,0.12473700956341986,0.1738475660858605,20,0.6433225812232546,0.4843333081747219,20,1.3237651244169097,0.8880327737243873,20,0.6749205714395407,0.45276278702621464,20,1.2283178436037754,0.8880327737243873,20,0.21447168872174685,3.0625257893650977,0.09209788603343137,0.1485498185162354,0.12873483321203855,0.16836480382043215,0.38919752306590216,0.09217274862422144,0.07619205519621074,0.2122684313658224,0.3891975230659021,0.19843204041668364,0.3891975230659021,0.15,0.55,8.297500000000003,14.35,0.065333064829813,0.23710004551119912,0.10466504480420284,0.38171759080986645,0.0906076337871812,0.3307042805367812,0.11872245582122443,0.4327309010829518,0.27466315443821865,1.0005352271309325,0.06503636738433281,0.2369429703930038,0.05368608843689167,0.1957879306899481,0.44537717161609935,0.8412679908304097,0.9608290880705528,1.6867011607632663,0.4898779286559263,0.8599632142231549,0.8631134570302561,1.5912538799501323
M3,20,SmartAspirationNegotiator,BoulwareTBNegotiator,LinearTBNegotiator,0.35,0.48936048492959283,20,11.25,6.987771273333226,20,0.15121655517050608,0.2101399324028378,20,0.24319131780703462,0.33894642066077474,20,0.21065595716198118,0.29373452870838346,20,0.2757266784520881,0.38415831261316596,20,0.6375991907845754,0.8880327737243874,20,0.15098966888866827,0.2103107465273055,20,0.12473700956341986,0.1738475660858605,20,0.6433225812232546,0.4843333081747219,20,1.3237651244169097,0.8880327737243873,20,0.6749205714395407,0.45276278702621464,20,1.2283178436037754,0.8880327737243873,20,0.21447168872174685,3.0625257893650977,0.09209788603343137,0.1485498185162354,0.12873483321203855,0.16836480382043215,0.38919752306590216,0.09217274862422144,0.07619205519621074,0.2122684313658224,0.3891975230659021,0.19843204041668364,0.3891975230659021,0.15,0.55,8.248750000000001,14.05125,0.065333064829813,0.23710004551119912,0.10466504480420284,0.3817175908098665,0.0906076337871812,0.3307042805367812,0.11872245582122443,0.4327309010829519,0.27466315443821865,1.0005352271309322,0.06503636738433281,0.2369429703930038,0.05368608843689167,0.1957879306899481,0.44537717161609935,0.8412679908304097,0.9608290880705528,1.6867011607632663,0.4898779286559263,0.8599632142231549,0.8653818072574188,1.5912538799501323
M3,20,SmartAspirationNegotiator,BoulwareTBNegotiator,SmartAspirationNegotiator,0.35,0.48936048492959283,20,11.25,6.987771273333226,20,0.15121655517050608,0.2101399324028378,20,0.24319131780703462,0.33894642066077474,20,0.21065595716198118,0.29373452870838346,20,0.2757266784520881,0.38415831261316596,20,0.6375991907845754,0.8880327737243874,20,0.15098966888866827,0.2103107465273055,20,0.12473700956341986,0.1738475660858605,20,0.6433225812232546,0.4843333081747219,20,1.3237651244169097,0.8880327737243873,20,0.6749205714395407,0.45276278702621464,20,1.2283178436037754,0.8880327737243873,20,0.21447168872174685,3.0625257893650977,0.09209788603343137,0.1485498185162354,0.12873483321203855,0.16836480382043215,0.38919752306590216,0.09217274862422144,0.07619205519621074,0.2122684313658224,0.3891975230659021,0.19843204041668364,0.3891975230659021,0.15,0.6,8.15,14.001249999999999,0.065333064829813,0.23710004551119912,0.10466504480420284,0.3817175908098665,0.0906076337871812,0.33070428053678114,0.11872245582122443,0.4327309010829518,0.27466315443821865,1.0028035773580952,0.06503636738433281,0.23694297039300377,0.053686088436891655,0.1957879306899481,0.44537717161609935,0.8412679908304097,0.9608290880705527,1.6867011607632663,0.4898779286559263,0.8599632142231549,0.8631134570302561,1.5912538799501323
M3,20,SmartAspirationNegotiator,ConcederTBNegotiator,BoulwareTBNegotiator,0.4,0.5026246899500346,20,10.5,6.261830907633125,20,0.28002923558563186,0.35071742071960343,20,0.22018621344782963,0.27570958833913806,20,0.11922269021887003,0.14909268088335145,20,0.32114973667678925,0.40232649579492463,20,0.7204016624812912,0.9021365973978795,20,0.11922269021887003,0.14909268088335145,20,0.20192704645791926,0.2532338149115732,20,0.6063096622609623,0.4817876116162966,20,1.2409626527201938,0.9021365973978795,20,0.6327037986273923,0.4599536100488326,20,1.1455153719070599,0.9021365973978795,20,0.2202849828840144,2.744368396323067,0.15370868674999558,0.12083505478866002,0.06534274840296002,0.17632736117436001,0.3953787963273156,0.06534274840296002,0.11098461277140001,0.21115273065709605,0.3953787963273156,0.20158355755886154,0.3953787963273156,0.2,0.6,7.75,13.15,0.14047484132996257,0.41958362984130126,0.11047827674995432,0.329894150145705,0.05989704073747563,0.1789191250095228,0.16105951276243297,0.4812399605911456,0.3614313948298712,1.0793719301327116,0.05989704073747563,0.17854833970026443,0.10116247202495735,0.3026916208908812,0.3666737961517037,0.7980183551483694,0.7922498181559187,1.5999329203716137,0.44968309978565585,0.861479672179563,0.6968025373427847,1.5044856395584798
M3,20,SmartAspirationNegotiator,ConcederTBNegotiator,ConcederTBNegotiator,0.55,0.5104177855340404,20,9.05,5.010252646219287,20,0.47601901133491636,0.44090683105510775,20,0.2138589582299541,0.1977531283870176,20,0.10593463284030427,0.09778049535655861,20,0.32178328361960395,0.29772576141747664,20,0.9037369277948246,0.8364130878291431,20,0.10593463284030427,0.09778049535655861,20,0.37010635729281466,0.343101405988533,20,0.4755280028105166,0.47719334179562717,20,1.0576273874066604,0.8364130878291431,20,0.5392304628005907,0.4264445321792351,20,0.9621801065935263,0.8364130878291431,20,0.22370045761428853,2.195840038273328,0.1932359386127143,0.08666912981597648,0.042854191560210045,0.13048406807174293,0.3665741982446673,0.042854191560210045,0.15037082112535818,0.2091392031304015,0.3665741982446673,0.18689755666682978,0.3665741982446673,0.35,0.75,6.698750000000001,11.05125,0.30325589705832606,0.6487821256115064,0.13588789566941387,0.3107174210380792,0.0676207268096777,0.15382701537858745,0.20512364915723041,0.4384429180819775,0.5760002730252343,1.231473582564415,0.06738126489698651,0.1442485388709308,0.2348266709022884,0.5045457971840218,0.288546531819513,0.6625094738015203,0.72989073263707,1.3853640421762508,0.37213419606958154,0.7063267295315997,0.6344434518239359,1.2899167613631168
M3,20,SmartAspirationNegotiator,ConcederTBNegotiator,GeniusBOABaselineNegotiator,0.4,0.5026246899500346,20,10.5,6.261830907633125,20,0.30737966293605923,0.38508492088712715,20,0.1917309288949841,0.23995376689960304,20,0.08453434333540119,0.10550463189039452,20,0.298927514454567,0.37440290190881165,20,0.6908415207260274,0.8649924546863333,20,0.08453434333540119,0.10550463189039452,20,0.22287462466492816,0.2795557399153281,20,0.6063096622609623,0.4817876116162966,20,1.2705227944754576,0.8649924546863335,20,0.647775012846066,0.4410156991142542,20,1.1750755136623234,0.8649924546863335,20,0.2202849828840144,2.744368396323067,0.168770907801894,0.10516437511195166,0.046239443654210795,0.16408930656969256,0.3790996580257973,0.046239443654210795,0.12252070503838129,0.21115273065709605,0.37909965802579737,0.19328365214335694,0.37909965802579737,0.2,0.65,7.65,13.15,0.15415005500517623,0.4606092708669422,0.09625063447353152,0.2872112233164367,0.04255286729574122,0.12651581937506118,0.14994840165132184,0.44790662725781233,0.3466513239522393,1.0350317174998158,0.04255286729574122,0.12651581937506115,0.11163626112846178,0.3341129882013945,0.4146009693735554,0.7980183551483694,0.9263325977016693,1.6147129912492457,0.4284186481805664,0.8232601045784659,0.8308853168885351,1.5192657104361118
M3,20,SmartAspirationNegotiator,ConcederTBNegotiator,LinearTBNegotiator,0.55,0.5104177855340404,20,9.05,5.010252646219287,20,0.47601901133491636,0.44090683105510775,20,0.2138589582299541,0.1977531283870176,20,0.10593463284030427,0.09778049535655861,20,0.32178328361960395,0.29772576141747664,20,0.9037369277948246,0.8364130878291431,20,0.10593463284030427,0.09778049535655861,20,0.37010635729281466,0.343101405988533,20,0.4755280028105166,0.47719334179562717,20,1.0576273874066604,0.8364130878291431,20,0.5392304628005907,0.4264445321792351,20,0.9621801065935263,0.8364130878291431,20,0.22370045761428853,2.195840038273328,0.1932359386127143,0.08666912981597648,0.042854191560210045,0.13048406807174293,0.3665741982446673,0.042854191560210045,0.15037082112535818,0.2091392031304015,0.3665741982446673,0.18689755666682978,0.3665741982446673,0.35,0.75,6.9,11.05,0.30325589705832606,0.6487821256115064,0.13637218798345407,0.2913457284764542,0.0676207268096777,0.1442485388709308,0.20512364915723041,0.4384429180819775,0.4940661093328368,1.231473582564415,0.0676207268096777,0.1442485388709308,0.23566691740160772,0.5045457971840218,0.288546531819513,0.6625094738015203,0.7298907326370699,1.387412396268559,0.37213419606958154,0.7063267295315997,0.6344434518239359,1.2899167613631168
M3,20,SmartAspirationNegotiator,ConcederTBNegotiator,SmartAspirationNegotiator,0.4,0.5026246899500346,20,10.5,6.261830907633125,20,0.2863642340565418,0.358677737325291,20,0.22555869742042373,0.2824604460666046,20,0.11922269021887003,0.14909268088335145,20,0.3318947046219774,0.41582821124985775,20,0.7374816288973891,0.9235986294585001,20,0.11922269021887003,0.14909268088335145,20,0.2126720144031074,0.2667355303665063,20,0.5938362288214657,0.4974612506541451,20,1.223882686304096,0.9235986294585001,20,0.6239955916493617,0.4708960096297161,20,1.1284354054909618,0.9235986294585001,20,0.2202849828840144,2.744368396323067,0.1571974493243322,0.12379374863852882,0.06534274840296002,0.18224474887409764,0.4047849466013898,0.06534274840296002,0.11690200047113762,0.21802200583640707,0.4047849466013898,0.20637927562162636,0.4047849466013898,0.2,0.6,7.7,12.95,0.14364234056541753,0.42908612754766606,0.11316451873625136,0.36605142077563907,0.05989704073747563,0.17854833970026443,0.166431996735027,0.5387230894806654,0.36997137803792013,1.104991879756858,0.05989704073747563,0.17854833970026443,0.1065349559975514,0.31947242942369747,0.3958908192143105,0.791781638428621,0.8563724354446267,1.6832704998784318,0.4366207893186097,0.8113703939801138,0.6690475919166257,1.4959456563504308
M3,20,SmartAspirationNegotiator,GeniusBOABaselineNegotiator,BoulwareTBNegotiator,0.35,0.48936048492959283,20,11.25,6.987771273333226,20,0.15121655517050608,0.2101399324028378,20,0.24319131780703462,0.33894642066077474,20,0.21065595716198118,0.29373452870838346,20,0.2757266784520881,0.38415831261316596,20,0.6375991907845754,0.8880327737243874,20,0.15098966888866827,0.2103107465273055,20,0.12473700956341986,0.1738475660858605,20,0.6433225812232546,0.4843333081747219,20,1.3237651244169097,0.8880327737243873,20,0.6749205714395407,0.45276278702621464,20,1.2283178436037754,0.8880327737243873,20,0.21447168872174685,3.0625257893650977,0.09209788603343137,0.1485498185162354,0.12873483321203855,0.16836480382043215,0.38919752306590216,0.09217274862422144,0.07619205519621074,0.2122684313658224,0.3891975230659021,0.19843204041668364,0.3891975230659021,0.15,0.55,8.3,14.15,0.065333064829813,0.23710004551119912,0.10466504480420287,0.3817175908098665,0.0906076337871812,0.36071636138048113,0.11872245582122443,0.4327309010829518,0.27466315443821865,1.0005352271309322,0.06503636738433281,0.2369429703930038,0.05368608843689167,0.1957879306899481,0.44537717161609935,0.8412679908304097,0.9608290880705528,1.6867011607632663,0.4898779286559263,0.8599632142231549,0.7746477981708297,1.5912538799501321
M3,20,SmartAspirationNegotiator,GeniusBOABaselineNegotiator,ConcederTBNegotiator,0.35,0.48936048492959283,20,11.25,6.987771273333226,20,0.15121655517050608,0.2101399324028378,20,0.24319131780703462,0.33894642066077474,20,0.21065595716198118,0.29373452870838346,20,0.2757266784520881,0.38415831261316596,20,0.6375991907845754,0.8880327737243874,20,0.15098966888866827,0.2103107465273055,20,0.12473700956341986,0.1738475660858605,20,0.6433225812232546,0.4843333081747219,20,1.3237651244169097,0.8880327737243873,20,0.6749205714395407,0.45276278702621464,20,1.2283178436037754,0.8880327737243873,20,0.21447168872174685,3.0625257893650977,0.09209788603343137,0.1485498185162354,0.12873483321203855,0.16836480382043215,0.38919752306590216,0.09217274862422144,0.07619205519621074,0.2122684313658224,0.3891975230659021,0.19843204041668364,0.3891975230659021,0.15,0.55,8.3,14.2,0.065333064829813,0.23710004551119912,0.10466504480420284,0.3817175908098665,0.0906076337871812,0.33070428053678114,0.11872245582122443,0.43273090108295176,0.27466315443821865,1.0005352271309325,0.06503636738433281,0.2369429703930038,0.05368608843689167,0.1957879306899481,0.44537717161609935,0.8412679908304097,0.9608290880705528,1.6867011607632663,0.4898779286559263,0.8599632142231549,0.7746477981708297,1.5912538799501323
M3,20,SmartAspirationNegotiator,GeniusBOABaselineNegotiator,GeniusBOABaselineNegotiator,0.35,0.48936048492959283,20,11.25,6.987771273333226,20,0.15121655517050608,0.2101399324028378,20,0.24319131780703462,0.33894642066077474,20,0.21065595716198118,0.29373452870838346,20,0.2757266784520881,0.38415831261316596,20,0.6375991907845754,0.8880327737243874,20,0.15098966888866827,0.2103107465273055,20,0.12473700956341986,0.1738475660858605,20,0.6433225812232546,0.4843333081747219,20,1.3237651244169097,0.8880327737243873,20,0.6749205714395407,0.45276278702621464,20,1.2283178436037754,0.8880327737243873,20,0.21447168872174685,3.0625257893650977,0.09209788603343137,0.1485498185162354,0.12873483321203855,0.16836480382043215,0.38919752306590216,0.09217274862422144,0.07619205519621074,0.2122684313658224,0.3891975230659021,0.19843204041668364,0.3891975230659021,0.15,0.55,8.148750000000001,14.15125,0.065333064829813,0.23710004551119912,0.10466504480420284,0.3817175908098665,0.0906076337871812,0.3307042805367812,0.11872245582122443,0.4327309010829518,0.27466315443821865,1.0005352271309322,0.06503636738433281,0.25843129576908763,0.05368608843689167,0.19578793068994807,0.44537717161609935,0.8412679908304097,0.9608290880705528,1.6867011607632663,0.4898779286559263,0.8599632142231549,0.8653818072574188,1.5912538799501321
M3,20,SmartAspirationNegotiator,GeniusBOABaselineNegotiator,LinearTBNegotiator,0.35,0.48936048492959283,20,11.25,6.987771273333226,20,0.15121655517050608,0.2101399324028378,20,0.24319131780703462,0.33894642066077474,20,0.21065595716198118,0.29373452870838346,20,0.2757266784520881,0.38415831261316596,20,0.6375991907845754,0.8880327737243874,20,0.15098966888866827,0.2103107465273055,20,0.12473700956341986,0.1738475660858605,20,0.6433225812232546,0.4843333081747219,20,1.3237651244169097,0.8880327737243873,20,0.6749205714395407,0.45276278702621464,20,1.2283178436037754,0.8880327737243873,20,0.21447168872174685,3.0625257893650977,0.09209788603343137,0.1485498185162354,0.12873483321203855,0.16836480382043215,0.38919752306590216,0.09217274862422144,0.07619205519621074,0.2122684313658224,0.3891975230659021,0.19843204041668364,0.3891975230659021,0.15,0.55,8.2,14.3,0.065333064829813,0.23710004551119912,0.10466504480420284,0.38171759080986645,0.0906076337871812,0.3307042805367812,0.11872245582122445,0.4327309010829518,0.27466315443821865,1.0005352271309325,0.06503636738433281,0.2369429703930038,0.053686088436891655,0.21355066097158013,0.44537717161609924,0.8412679908304097,0.9608290880705528,1.6867011607632663,0.4898779286559263,0.8599632142231549,0.8653818072574188,1.5912538799501323
M3,20,SmartAspirationNegotiator,GeniusBOABaselineNegotiator,SmartAspirationNegotiator,0.35,0.48936048492959283,20,11.25,6.987771273333226,20,0.15121655517050608,0.2101399324028378,20,0.24319131780703462,0.33894642066077474,20,0.21065595716198118,0.29373452870838346,20,0.2757266784520881,0.38415831261316596,20,0.6375991907845754,0.8880327737243874,20,0.15098966888866827,0.2103107465273055,20,0.12473700956341986,0.1738475660858605,20,0.6433225812232546,0.4843333081747219,20,1.3237651244169097,0.8880327737243873,20,0.6749205714395407,0.45276278702621464,20,1.2283178436037754,0.8880327737243873,20,0.21447168872174685,3.0625257893650977,0.09209788603343137,0.1485498185162354,0.12873483321203855,0.16836480382043215,0.38919752306590216,0.09217274862422144,0.07619205519621074,0.2122684313658224,0.3891975230659021,0.19843204041668364,0.3891975230659021,0.15,0.55,8.3,14.25,0.065333064829813,0.23710004551119912,0.10466504480420284,0.3817175908098665,0.0906076337871812,0.3307042805367812,0.11872245582122443,0.4327309010829518,0.27466315443821865,1.0005352271309325,0.06503636738433281,0.23694297039300377,0.05368608843689167,0.1957879306899481,0.44537717161609935,0.8412679908304097,0.9608290880705528,1.6867011607632663,0.4898779286559263,0.8599632142231549,0.8653818072574188,1.5912538799501321
M3,20,SmartAspirationNegotiator,LinearTBNegotiator,BoulwareTBNegotiator,0.4,0.5026246899500346,20,10.5,6.261830907633125,20,0.28002923558563186,0.35071742071960343,20,0.22018621344782963,0.27570958833913806,20,0.11922269021887003,0.14909268088335145,20,0.32114973667678925,0.40232649579492463,20,0.7204016624812912,0.9021365973978795,20,0.11922269021887003,0.14909268088335145,20,0.20192704645791926,0.2532338149115732,20,0.6063096622609623,0.4817876116162966,20,1.2409626527201938,0.9021365973978795,20,0.6327037986273923,0.4599536100488326,20,1.1455153719070599,0.9021365973978795,20,0.2202849828840144,2.744368396323067,0.15370868674999558,0.12083505478866002,0.06534274840296002,0.17632736117436001,0.3953787963273156,0.06534274840296002,0.11098461277140001,0.21115273065709605,0.3953787963273156,0.20158355755886154,0.3953787963273156,0.2,0.6,7.95,13.15,0.14047484132996257,0.45447222840521845,0.11047827674995432,0.329894150145705,0.05989704073747563,0.17854833970026443,0.16105951276243297,0.4812399605911456,0.3614313948298712,1.0793719301327116,0.05989704073747563,0.17854833970026443,0.10116247202495735,0.3278827644991217,0.4146009693735554,0.7980183551483694,0.8819923850687736,1.5999329203716137,0.44968309978565585,0.815724497469129,0.7865451042556397,1.5044856395584798
M3,20,SmartAspirationNegotiator,LinearTBNegotiator,ConcederTBNegotiator,0.5,0.5129891760425771,20,10.1,5.90182844103151,20,0.3797317370285899,0.38865218301856086,20,0.25385818470747473,0.2596626497923264,20,0.21939138668495112,0.22450457831339288,20,0.2883249827299984,0.29482072127125997,20,0.8874481064435396,0.9079774826032136,20,0.21939138668495112,0.22450457831339288,20,0.16036477123053058,0.16412254940387833,20,0.49486352401788813,0.507719262878925,20,1.0739162087579455,0.9079774826032139,20,0.5475353051111391,0.4629315806176171,20,0.9784689279448114,0.9079774826032138,20,0.22482741919315055,2.5865903587948607,0.1703343293633055,0.11380217388605922,0.09839346968025961,0.12921087809185886,0.39793867713542397,0.09839346968025961,0.07192987871309735,0.22251777791553892,0.3979386771354241,0.2028887107057135,0.397938677135424,0.3,0.7,7.448750000000001,12.6,0.22820722104687122,0.5312562530103085,0.15262304684531644,0.35572604218127096,0.10998138897051617,0.30691938485649917,0.17338270517722967,0.4032672602827671,0.5334533147375041,1.241442898149575,0.13186338851340315,0.30691938485649917,0.09637802177511655,0.22475143787004065,0.29691811441073285,0.6928089336250434,0.7199214170519103,1.4279110004639808,0.36705134863124855,0.7280192615910297,0.6244741362387762,1.3324637196508469
M3,20,SmartAspirationNegotiator,LinearTBNegotiator,GeniusBOABaselineNegotiator,0.4,0.5026246899500346,20,10.9,6.640386799133411,20,0.23704496622576432,0.29670503307027285,20,0.19879950222660675,0.24883586559759285,20,0.11622359356123677,0.1453241308141687,20,0.2813754108919767,0.3523476003810169,20,0.6346439706789777,0.7943767642654586,20,0.11622359356123677,0.1453241308141687,20,0.16515181733073991,0.2070234695668483,20,0.626721619309017,0.4561387276599169,20,1.3267203445225073,0.7943767642654586,20,0.676427288005501,0.40501234681831894,20,1.2312730637093732,0.7943767642654586,20,0.2202849828840144,2.9102778308318915,0.13003671414944482,0.1090571265003789,0.0636911085132244,0.1544231444875334,0.34815096715020266,0.0636911085132244,0.09073203597430901,0.1999116116346962,0.34815096715020266,0.1775044872856464,0.34815096715020266,0.2,0.6,8.1,13.601249999999999,0.11898270665002877,0.3846227906954337,0.09978492113934284,0.2978140833138706,0.058397492408659005,0.17404969471381457,0.14117234987002666,0.4215784719139267,0.31855254892871443,1.0297582478668068,0.058397492408659005,0.17404969471381457,0.08277485746136773,0.24752877720011215,0.4452189049456374,0.8082243336723967,1.010628922772244,1.6428117662727708,0.5152683338528188,0.8375862421581834,0.8361587865215441,1.5473644854596365
M3,20,SmartAspirationNegotiator,LinearTBNegotiator,LinearTBNegotiator,0.4,0.5026246899500346,20,10.5,6.261830907633125,20,0.3417488494411572,0.42827192516452656,20,0.15313199133518102,0.1914518193411111,20,0.13396523764434426,0.1676176017053581,20,0.17229874502601775,0.2152860369768641,20,0.648012832111519,0.8111755638467488,20,0.13396523764434426,0.1676176017053581,20,0.207812916861083,0.2606297743777639,20,0.6141317714127671,0.4719586486483437,20,1.313351483089966,0.8111755638467488,20,0.6696111848833393,0.4135772011144289,20,1.2179042022768318,0.8111755638467488,20,0.2202849828840144,2.744368396323067,0.18769844695442647,0.08390745936269575,0.07346165292117841,0.09435326580421308,0.355513365679818,0.07346165292117841,0.11422603492394616,0.2068449977055406,0.355513365679818,0.1812582001846491,0.355513365679818,0.2,0.6,7.698750000000001,13.1,0.1713346482577252,0.5121630506245892,0.07695116569362997,0.22931281697673206,0.06726831445021272,0.20066216083847582,0.08663401693704725,0.25796347311498824,0.3252369796449851,0.970788684578053,0.06726831445021272,0.20066216083847582,0.10410540722653923,0.3115204264956268,0.4263341331012624,0.8019294097242717,0.9905756306234317,1.6361273355564996,0.5050441791695761,0.8341781905971025,0.8951283498102978,1.540680054743366
M3,20,SmartAspirationNegotiator,LinearTBNegotiator,SmartAspirationNegotiator,0.4,0.5026246899500346,20,10.5,6.261830907633125,20,0.28002923558563186,0.35071742071960343,20,0.22018621344782963,0.27570958833913806,20,0.11922269021887003,0.14909268088335145,20,0.32114973667678925,0.40232649579492463,20,0.7204016624812912,0.9021365973978795,20,0.11922269021887003,0.14909268088335145,20,0.20192704645791926,0.2532338149115732,20,0.6063096622609623,0.4817876116162966,20,1.2409626527201938,0.9021365973978795,20,0.6327037986273923,0.4599536100488326,20,1.1455153719070599,0.9021365973978795,20,0.2202849828840144,2.744368396323067,0.15370868674999558,0.12083505478866002,0.06534274840296002,0.17632736117436001,0.3953787963273156,0.06534274840296002,0.11098461277140001,0.21115273065709605,0.3953787963273156,0.20158355755886154,0.3953787963273156,0.2,0.6,7.55,13.05125,0.14047484132996257,0.41958362984130115,0.11047827674995432,0.329894150145705,0.05989704073747563,0.19337975207061303,0.16105951276243297,0.4812399605911456,0.3614313948298712,1.0793719301327116,0.05989704073747563,0.17854833970026443,0.10116247202495735,0.3026916208908812,0.4146009693735554,0.7980183551483694,0.7922498181559187,1.5999329203716137,0.4039279250752217,0.815724497469129,0.7865451042556397,1.5044856395584798
M3,20,SmartAspirationNegotiator,SmartAspirationNegotiator,BoulwareTBNegotiator,0.35,0.48936048492959283,20,11.6,7.351333570391014,20,0.16153846153846155,0.22457174127603935,20,0.2236088346907455,0.3115667251353095,20,0.16493779998040942,0.2298126442270654,20,0.2822798694010815,0.39332080604355346,20,0.6087561309199525,0.8477051915466582,20,0.16131157525662376,0.22474255540050708,20,0.12096829414445778,0.16857825064304646,20,0.6433225812232546,0.4843333081747219,20,1.3526081842815327,0.8477051915466582,20,0.689626182039813,0.4322018020704002,20,1.2571609034683984,0.8477051915466582,20,0.21447168872174685,3.221863991379426,0.098422905146469,0.13655013787819067,0.10071983213781578,0.17238044361856553,0.3715231809028503,0.09849776773725907,0.07388267588130651,0.2122684313658224,0.3715231809028503,0.18942079144775553,0.3715231809028503,0.15,0.55,8.6,14.65125,0.06975673898750821,0.2533201840894149,0.0962725520400789,0.35174096910797803,0.07101413785222187,0.28234237764064385,0.12153096622793588,0.4832159983675135,0.262301843067666,0.9552104187722392,0.06946004154202803,0.2531631089712195,0.052070924685907904,0.18986566360300766,0.44537717161609935,0.8412679908304097,1.006153896429246,1.6990624721338192,0.5129867453134973,0.8662656187661287,0.9107066156161119,1.603615191320685
M3,20,SmartAspirationNegotiator,SmartAspirationNegotiator,ConcederTBNegotiator,0.35,0.48936048492959283,20,11.25,6.987771273333226,20,0.17561668421034493,0.24425552948649548,20,0.20335654558512967,0.2832505250848567,20,0.18539651322027417,0.258417460890196,20,0.22131657794998513,0.30808358927951746,20,0.5823297753806042,0.8107565796562088,20,0.17538979792850715,0.24442634361096321,20,0.045926780021477986,0.06365724566855423,20,0.6742898380722748,0.4410357315216482,20,1.3790345398208808,0.8107565796562087,20,0.7030996379064931,0.41336358236584014,20,1.2835872590077468,0.8107565796562087,20,0.21447168872174685,3.0625257893650977,0.1070497056911536,0.12414001603544078,0.11325644578818084,0.13502358628270078,0.3553297377620352,0.10712456828194368,0.027899018000757093,0.1932924317329954,0.35532973776203514,0.18116457764019894,0.35532973776203514,0.15,0.55,8.3,14.35,0.07579026298974395,0.27544310543094586,0.08759299956624353,0.3191200916040158,0.07978215781216391,0.29101086862838443,0.0954038413203232,0.34722931457964706,0.250976262122231,0.9157542480968407,0.07549356554426376,0.27528603031275056,0.019910275776059416,0.07194328426689657,0.4940400038074169,0.8545396723371328,1.0476810265625076,1.7103880530792541,0.5341593188182803,0.8720399569947059,0.9522337457493737,1.6149407722661198
M3,20,SmartAspirationNegotiator,SmartAspirationNegotiator,GeniusBOABaselineNegotiator,0.35,0.48936048492959283,20,11.6,7.351333570391014,20,0.1543589743589744,0.21453357748261181,20,0.24542628544309614,0.34207129164987476,20,0.17837501768591976,0.24860019671984565,20,0.31247755320027254,0.4355423865799039,20,0.6452115452451668,0.8986761607823615,20,0.15413208807713658,0.21470439160707952,20,0.158345465123136,0.2208379949728244,20,0.6433225812232546,0.4843333081747219,20,1.3161527699563185,0.8986761607823613,20,0.6710394187125373,0.4581893092564209,20,1.220705489143184,0.8986761607823613,20,0.21447168872174685,3.221863991379426,0.09402348589063829,0.14991935361093411,0.10895384006073744,0.19088486716113082,0.3938621931125066,0.09409834848142835,0.09678651867970245,0.2122684313658224,0.39386219311250653,0.200810318643962,0.39386219311250653,0.15,0.55,8.248750000000001,14.501249999999999,0.06667981591058514,0.24258612754766554,0.10562288807680065,0.3852296828093917,0.07677294544029774,0.3053776079929473,0.13447283071330346,0.49048227568724173,0.27792559206418643,1.0124974984261472,0.06638311846510495,0.24188105768916826,0.06808971224819857,0.2486012179980734,0.44537717161609935,0.8412679908304097,0.8570453284800932,1.6834387231372987,0.43696386328515996,0.8582998630544392,0.8534195359622038,1.5879914423241646
M3,20,SmartAspirationNegotiator,SmartAspirationNegotiator,LinearTBNegotiator,0.35,0.48936048492959283,20,11.25,6.987771273333226,20,0.24980471839837914,0.3479832220185801,20,0.19200844882479007,0.2673839247029489,20,0.1742405184349157,0.24281945226723878,20,0.20977637921466444,0.2919483971386591,20,0.6338216160479593,0.8827510714244781,20,0.1742405184349157,0.24281945226723878,20,0.07559594711642272,0.10513986851723785,20,0.6433225812232546,0.4843333081747219,20,1.3275426991535257,0.8827510714244781,20,0.6768465648449158,0.45006991540671304,20,1.2320954183403916,0.8827510714244781,20,0.21447168872174685,3.0625257893650977,0.15251037133473755,0.11718617181838989,0.10642031709964701,0.12795202653713278,0.3868827149715173,0.10642031709964701,0.04607957905738703,0.2122684313658224,0.3868827149715173,0.19725183739349006,0.3868827149715173,0.15,0.55,8.35,14.4,0.10758513478461576,0.39202430201214244,0.082729529526098,0.3286070979481551,0.07500101718986743,0.29828989499122605,0.0904580418623286,0.3290947165670003,0.2730441938368118,1.0847933938118939,0.07500101718986743,0.27348001967996405,0.032625633102464295,0.11856626113038113,0.44537717161609935,0.8412679908304097,0.9667652769423782,1.6883201213646732,0.49290448972151585,0.8607886399683157,0.8713179961292441,1.5928728405515393
M3,20,SmartAspirationNegotiator,SmartAspirationNegotiator,SmartAspirationNegotiator,0.35,0.48936048492959283,20,11.25,6.987771273333226,20,0.153602175483253,0.21347544186884843,20,0.23184213146601912,0.3230782968567871,20,0.17489714957390531,0.24373753607465543,20,0.28878711335813284,0.40241905763891866,20,0.6172864384152911,0.8596320355824225,20,0.15337528920141522,0.21364625599331616,20,0.13541182415671765,0.1887728016456025,20,0.6524974634329702,0.47150523729666954,20,1.3440778767861938,0.8596320355824225,20,0.6852770117050493,0.43828269379629,20,1.24863059597306,0.8596320355824225,20,0.21447168872174685,3.0625257893650977,0.09355973751092776,0.14159530663001996,0.1068226850689224,0.1763679281911175,0.37675035077096763,0.09363460010171784,0.08273332808939966,0.20664628141913435,0.37675035077096763,0.192085859751285,0.37675035077096763,0.15,0.55,8.0,14.15,0.06635547353527597,0.24084887743123,0.09980110780091045,0.39689341104740483,0.07528243053514869,0.274511868612662,0.12431978506667216,0.4943712737224587,0.26595768913709683,0.9686151876934858,0.0660587760897958,0.24069180231303466,0.05826100897687643,0.21256263933655895,0.41161918871668013,0.8452000832060023,0.9927491275079996,1.695406626064388,0.5061523347874398,0.8644016886226586,0.8973018466948657,1.5999593452512542
M3,40,BoulwareTBNegotiator,BoulwareTBNegotiator,BoulwareTBNegotiator,0.2,0.41039134083406165,20,16.15,12.196958205785743,20,0.09475345167652861,0.19254126286600026,20,0.12852489481999962,0.2621468151443276,20,0.1236368781358496,0.2525250508549238,20,0.13341291150414963,0.27176857943373134,20,0.35180324131652785,0.7168348931546553,20,0.09447420702195901,0.19268451235126222,20,0.038938704482190625,0.07908406708246911,20,0.8017200015191068,0.3857823195311386,20,1.6095610738849573,0.7168348931546553,20,0.8206334037027749,0.3654776869339632,20,1.514113793071823,0.7168348931546553,20,0.1798619353545204,5.345552622704714,0.08438492903943838,0.11489090735456639,0.1106739832277074,0.11910783148142541,0.3141667437485711,0.08444771089444875,0.034660120586976664,0.16907655623387746,0.3141667437485711,0.16017765863977076,0.3141667437485711,0.05,0.4,11.248750000000001,21.55,0.024378698224852075,0.18858645627876403,0.03270897874405914,0.25627944958792026,0.031337762976023316,0.24670236501561793,0.034080194512094944,0.26585653416022254,0.08979665571297032,0.7011453554546044,0.02404709519755068,0.1883770227878368,0.010033099314544273,0.07747951137238578,0.6137129550024376,0.9427252864066087,1.2602189597468805,1.871567659488515,0.6870495592467071,0.9542172481588427,1.1647716789337466,1.7761203786753803
M3,40,BoulwareTBNegotiator,BoulwareTBNegotiator,ConcederTBNegotiator,0.2,0.41039134083406165,20,16.15,12.196958205785743,20,0.09475345167652861,0.19254126286600026,20,0.12852489481999962,0.2621468151443276,20,0.1236368781358496,0.2525250508549238,20,0.13341291150414963,0.27176857943373134,20,0.35180324131652785,0.7168348931546553,20,0.09447420702195901,0.19268451235126222,20,0.038938704482190625,0.07908406708246911,20,0.8017200015191068,0.3857823195311386,20,1.6095610738849573,0.7168348931546553,20,0.8206334037027749,0.3654776869339632,20,1.514113793071823,0.7168348931546553,20,0.1798619353545204,5.345552622704714,0.08438492903943838,0.11489090735456639,0.1106739832277074,0.11910783148142541,0.3141667437485711,0.08444771089444875,0.034660120586976664,0.16907655623387746,0.3141667437485711,0.16017765863977076,0.3141667437485711,0.05,0.4,11.148750000000001,21.604999999999997,0.024378698224852075,0.188586456278764,0.03270897874405914,0.25627944958792026,0.031337762976023316,0.24670236501561799,0.034080194512094944,0.26585653416022254,0.08979665571297032,0.7011453554546044,0.02404709519755068,0.1883770227878368,0.010033099314544273,0.07747951137238578,0.6137129550024376,0.9427252864066087,1.2602189597468805,1.871567659488515,0.6425216110946844,0.9542172481588427,1.1647716789337466,1.7761203786753803
M3,40,BoulwareTBNegotiator,BoulwareTBNegotiator,GeniusBOABaselineNegotiator,0.2,0.41039134083406165,20,16.35,12.524817468992469,20,0.08205962972695183,0.16649408981502198,20,0.13730384232553264,0.28016083533386527,20,0.10672630903015856,0.2178252952071658,20,0.16788137562090671,0.34249637546056466,20,0.35666731437801713,0.7268157604827524,20,0.08178038507238224,0.16663733930028393,20,0.08610099054852446,0.17585903616028076,20,0.791781638428621,0.40617541030313997,20,1.604697000823468,0.7268157604827526,20,0.8181534600106264,0.3705664240190323,20,1.5092497200103339,0.7268157604827526,20,0.1798619353545204,5.489243280223028,0.07296925212495552,0.12278589979817095,0.09546614479122763,0.1501056548051142,0.3185410517212974,0.0730320339799659,0.07707362082514835,0.17801422233243114,0.3185410517212975,0.1624078959999711,0.3185410517212975,0.05,0.4,10.69875,21.6,0.02120524273745788,0.16319881237961043,0.034903715620442394,0.2738373445989863,0.027110120699600553,0.21288122680423588,0.042697310541284214,0.33479346239373664,0.09101267397834265,0.710873501577583,0.02087363971015649,0.1629893788886832,0.021823670831127732,0.15037831026592116,0.5938362288214658,0.9402406956339873,1.3390423604237935,1.8703516412231427,0.6375617237103872,0.9535972622358058,1.1550435328107682,1.774904360410008
M3,40,BoulwareTBNegotiator,BoulwareTBNegotiator,LinearTBNegotiator,0.2,0.41039134083406165,20,16.15,12.196958205785743,20,0.09475345167652861,0.19254126286600026,20,0.12852489481999962,0.2621468151443276,20,0.1236368781358496,0.2525250508549238,20,0.13341291150414963,0.27176857943373134,20,0.35180324131652785,0.7168348931546553,20,0.09447420702195901,0.19268451235126222,20,0.038938704482190625,0.07908406708246911,20,0.8017200015191068,0.3857823195311386,20,1.6095610738849573,0.7168348931546553,20,0.8206334037027749,0.3654776869339632,20,1.514113793071823,0.7168348931546553,20,0.1798619353545204,5.345552622704714,0.08438492903943838,0.11489090735456639,0.1106739832277074,0.11910783148142541,0.3141667437485711,0.08444771089444875,0.034660120586976664,0.16907655623387746,0.3141667437485711,0.16017765863977076,0.3141667437485711,0.05,0.35124999999999884,10.745000000000005,21.25125,0.024378698224852075,0.188586456278764,0.03270897874405914,0.25627944958792026,0.031337762976023316,0.24670236501561793,0.034080194512094944,0.2658565341602225,0.08979665571297032,0.7011453554546043,0.02404709519755068,0.1883770227878368,0.010033099314544273,0.07747951137238578,0.6137129550024377,0.9427252864066087,1.2602189597468805,1.8715676594885153,0.6425216110946844,0.9542172481588429,1.1647716789337466,1.7761203786753803
M3,40,BoulwareTBNegotiator,BoulwareTBNegotiator,SmartAspirationNegotiator,0.2,0.41039134083406165,20,16.15,12.196958205785743,20,0.09475345167652861,0.19254126286600026,20,0.12852489481999962,0.2621468151443276,20,0.1236368781358496,0.2525250508549238,20,0.13341291150414963,0.27176857943373134,20,0.35180324131652785,0.7168348931546553,20,0.09447420702195901,0.19268451235126222,20,0.038938704482190625,0.07908406708246911,20,0.8017200015191068,0.3857823195311386,20,1.6095610738849573,0.7168348931546553,20,0.8206334037027749,0.3654776869339632,20,1.514113793071823,0.7168348931546553,20,0.1798619353545204,5.345552622704714,0.08438492903943838,0.11489090735456639,0.1106739832277074,0.11910783148142541,0.3141667437485711,0.08444771089444875,0.034660120586976664,0.16907655623387746,0.3141667437485711,0.16017765863977076,0.3141667437485711,0.05,0.4,10.748750000000001,21.50125,0.024378698224852075,0.18858645627876403,0.03270897874405914,0.25627944958792026,0.031337762976023316,0.21593599329567592,0.034080194512094944,0.2658565341602225,0.08979665571297032,0.7011453554546044,0.02404709519755068,0.1883770227878368,0.010033099314544273,0.07747951137238578,0.6137129550024377,0.9427252864066087,1.2602189597468805,1.8715676594885153,0.6425216110946844,0.9542172481588429,1.1647716789337466,1.7761203786753803
M3,40,BoulwareTBNegotiator,ConcederTBNegotiator,BoulwareTBNegotiator,0.2,0.41039134083406165,20,15.15,10.643876420889049,20,0.14364234056541753,0.2928591461809931,20,0.11316451873625136,0.230627988460703,20,0.05989704073747563,0.12173366418260499,20,0.16643199673502707,0.3395223127388011,20,0.3699713780379202,0.754115123102399,20,0.05989704073747563,0.12173366418260499,20,0.10653495599755143,0.21778864855619606,20,0.791781638428621,0.40617541030313997,20,1.591392937163565,0.754115123102399,20,0.8113703939801138,0.3844849818351728,20,1.4959456563504308,0.754115123102399,20,0.1798619353545204,4.6648845193581545,0.1283511799038767,0.10107717250358511,0.05335213065943748,0.1488022143477328,0.3305055249110469,0.05335213065943748,0.0954500836882953,0.17801422233243114,0.3305055249110469,0.16850797291939876,0.3305055249110469,0.05,0.4,10.25,19.951249999999998,0.03660092044707429,0.28636423405654177,0.028868884723122074,0.22555869742042373,0.015402803626429836,0.11922269021887003,0.0423349658198143,0.3318947046219774,0.09433868989331842,0.645604066182522,0.015402803626429836,0.11922269021887003,0.026932162193384474,0.21267201440310735,0.5938362288214658,0.9402406956339873,1.2238826863040957,1.8670256253081667,0.6239955916493617,0.9519014957281774,1.1284354054909618,1.7715783444950322
M3,40,BoulwareTBNegotiator,ConcederTBNegotiator,ConcederTBNegotiator,0.25,0.44426165831931935,20,13.6,8.623102384689753,20,0.22602044048105824,0.40001318543422903,20,0.08404301941673979,0.14797943450894868,20,0.05212231037973029,0.09160838727102973,20,0.11596372845374929,0.2043504817468676,20,0.3941064793145379,0.6959720544521265,20,0.05212231037973029,0.09160838727102973,20,0.17393476143166559,0.308383099635783,20,0.7422952860268321,0.43969777964385853,20,1.5672578358869473,0.6959720544521265,20,0.7990651322347258,0.35484078559909527,20,1.471810555073813,0.6959720544521265,20,0.19470625648856146,3.7792412493849383,0.1753135082073243,0.06485484666746154,0.04014914592444119,0.08956054741048187,0.30502320154224744,0.04014914592444119,0.13515485248394946,0.19270604846852063,0.30502320154224744,0.15551583108664507,0.30502320154224744,0.05,0.45,9.897500000000003,17.151249999999997,0.09096044443699922,0.4061004352064702,0.017424875925011147,0.15066116290846848,0.02119175890554086,0.09336304567864953,0.04696706469034575,0.20795928013828732,0.15911926803288584,0.7074227610234072,0.010881575080811048,0.09336304567864953,0.03510527035992951,0.3127642525034017,0.544349876419677,0.8919915020422421,1.2539415541780778,1.8022450471685996,0.6393210809738139,0.9188731706804095,1.1584942733649437,1.706797766355465
M3,40,BoulwareTBNegotiator,ConcederTBNegotiator,GeniusBOABaselineNegotiator,0.2,0.41039134083406165,20,15.15,10.643876420889049,20,0.14364234056541753,0.2928591461809931,20,0.11316451873625136,0.230627988460703,20,0.05989704073747563,0.12173366418260499,20,0.16643199673502707,0.3395223127388011,20,0.3699713780379202,0.754115123102399,20,0.05989704073747563,0.12173366418260499,20,0.10653495599755143,0.21778864855619606,20,0.791781638428621,0.40617541030313997,20,1.591392937163565,0.754115123102399,20,0.8113703939801138,0.3844849818351728,20,1.4959456563504308,0.754115123102399,20,0.1798619353545204,4.6648845193581545,0.1283511799038767,0.10107717250358511,0.05335213065943748,0.1488022143477328,0.3305055249110469,0.05335213065943748,0.0954500836882953,0.17801422233243114,0.3305055249110469,0.16850797291939876,0.3305055249110469,0.05,0.4,10.648750000000001,19.8,0.03660092044707429,0.28636423405654177,0.028868884723122074,0.22555869742042373,0.015402803626429836,0.11922269021887003,0.0423349658198143,0.3318947046219774,0.09433868989331842,0.7374816288973891,0.015402803626429836,0.11922269021887003,0.026932162193384474,0.21267201440310735,0.5938362288214658,0.9402406956339873,1.2238826863040955,1.8670256253081667,0.6239955916493617,0.9519014957281774,1.2180160291379594,1.7715783444950322
M3,40,BoulwareTBNegotiator,ConcederTBNegotiator,LinearTBNegotiator,0.25,0.44426165831931935,20,13.6,8.623102384689753,20,0.22602044048105824,0.40001318543422903,20,0.08404301941673979,0.14797943450894868,20,0.05212231037973029,0.09160838727102973,20,0.11596372845374929,0.2043504817468676,20,0.3941064793145379,0.6959720544521265,20,0.05212231037973029,0.09160838727102973,20,0.17393476143166559,0.308383099635783,20,0.7422952860268321,0.43969777964385853,20,1.5672578358869473,0.6959720544521265,20,0.7990651322347258,0.35484078559909527,20,1.471810555073813,0.6959720544521265,20,0.19470625648856146,3.7792412493849383,0.1753135082073243,0.06485484666746154,0.04014914592444119,0.08956054741048187,0.30502320154224744,0.04014914592444119,0.13515485248394946,0.19270604846852063,0.30502320154224744,0.15551583108664507,0.30502320154224744,0.05,0.45,9.8,17.00125,0.09096044443699922,0.4061004352064702,0.03407941179794331,0.15066116290846848,0.02119175890554086,0.09336304567864953,0.04696706469034575,0.20795928013828732,0.15911926803288584,0.7074227610234072,0.02119175890554086,0.09336304567864953,0.06981264312786353,0.3127642525034017,0.5443498764196769,0.9402406956339873,1.2539415541780778,1.8805741175958168,0.6393210809738139,0.9188731706804095,1.1584942733649437,1.7087559931161436
M3,40,BoulwareTBNegotiator,ConcederTBNegotiator,SmartAspirationNegotiator,0.2,0.41039134083406165,20,15.15,10.643876420889049,20,0.14364234056541753,0.2928591461809931,20,0.11316451873625136,0.230627988460703,20,0.05989704073747563,0.12173366418260499,20,0.16643199673502707,0.3395223127388011,20,0.3699713780379202,0.754115123102399,20,0.05989704073747563,0.12173366418260499,20,0.10653495599755143,0.21778864855619606,20,0.791781638428621,0.40617541030313997,20,1.591392937163565,0.754115123102399,20,0.8113703939801138,0.3844849818351728,20,1.4959456563504308,0.754115123102399,20,0.1798619353545204,4.6648845193581545,0.1283511799038767,0.10107717250358511,0.05335213065943748,0.1488022143477328,0.3305055249110469,0.05335213065943748,0.0954500836882953,0.17801422233243114,0.3305055249110469,0.16850797291939876,0.3305055249110469,0.05,0.4,10.55,19.65,0.03660092044707429,0.28636423405654177,0.028868884723122074,0.22555869742042373,0.015402803626429836,0.11922269021887003,0.0423349658198143,0.3318947046219774,0.09433868989331842,0.737481628897389,0.015402803626429836,0.11922269021887003,0.026932162193384474,0.2126720144031074,0.5938362288214658,0.9402406956339873,1.2238826863040957,1.8670256253081667,0.6239955916493617,0.9519014957281774,1.1284354054909618,1.7715783444950322
M3,40,BoulwareTBNegotiator,GeniusBOABaselineNegotiator,BoulwareTBNegotiator,0.2,0.41039134083406165,20,16.15,12.196958205785743,20,0.10569362261669957,0.21499001997145323,20,0.12096809536497607,0.24664058984052145,20,0.11189342736800859,0.22842799832175845,20,0.1300427633619436,0.26485318135928454,20,0.3476298133466517,0.7082711996524962,20,0.10541437796212998,0.2151332694567152,20,0.024628385399813605,0.04971991190256929,20,0.8008234570759709,0.3876219899118182,20,1.6137345018548335,0.7082711996524961,20,0.8227612225569929,0.3611114947707905,20,1.518287221041699,0.7082711996524961,20,0.1798619353545204,5.345552622704714,0.09422353063148053,0.10809500447923379,0.10011298431348531,0.11607702464498232,0.3104135395899481,0.0942863124864909,0.021790712158491383,0.16988282732724638,0.31041353958994805,0.1582640905537533,0.31041353958994805,0.05,0.4,11.05,21.3525,0.0271137409598948,0.21046679815910588,0.030819778880303256,0.21111641184964897,0.02840190028406306,0.19538495445195408,0.033237657476543433,0.2591162378758104,0.0887532987205013,0.6927984995148522,0.02678213793259341,0.21025736466817874,0.0064555195439500185,0.048858873207631714,0.6119198661161656,0.9425011502958247,1.2685658156866324,1.872611016480984,0.6467772488031204,0.9547492028723973,1.1731185348734985,1.7771637356678494
M3,40,BoulwareTBNegotiator,GeniusBOABaselineNegotiator,ConcederTBNegotiator,0.2,0.41039134083406165,20,16.15,12.196958205785743,20,0.10569362261669957,0.21499001997145323,20,0.12096809536497607,0.24664058984052145,20,0.11189342736800859,0.22842799832175845,20,0.1300427633619436,0.26485318135928454,20,0.3476298133466517,0.7082711996524962,20,0.10541437796212998,0.2151332694567152,20,0.024628385399813605,0.04971991190256929,20,0.8008234570759709,0.3876219899118182,20,1.6137345018548335,0.7082711996524961,20,0.8227612225569929,0.3611114947707905,20,1.518287221041699,0.7082711996524961,20,0.1798619353545204,5.345552622704714,0.09422353063148053,0.10809500447923379,0.10011298431348531,0.11607702464498232,0.3104135395899481,0.0942863124864909,0.021790712158491383,0.16988282732724638,0.31041353958994805,0.1582640905537533,0.31041353958994805,0.05,0.35,11.15,21.5525,0.0271137409598948,0.21046679815910588,0.030819778880303256,0.2411658506778732,0.02840190028406306,0.22321546347993587,0.033237657476543433,0.2591162378758104,0.0887532987205013,0.6065063279728021,0.02678213793259341,0.18404661799166652,0.0064555195439500185,0.048858873207631714,0.6119198661161657,0.9425011502958247,1.2685658156866324,1.872611016480984,0.6467772488031204,0.9547492028723973,1.2572534021269994,1.7771637356678494
M3,40,BoulwareTBNegotiator,GeniusBOABaselineNegotiator,GeniusBOABaselineNegotiator,0.2,0.41039134083406165,20,16.15,12.196958205785743,20,0.10569362261669957,0.21499001997145323,20,0.12096809536497607,0.24664058984052145,20,0.11189342736800859,0.22842799832175845,20,0.1300427633619436,0.26485318135928454,20,0.3476298133466517,0.7082711996524962,20,0.10541437796212998,0.2151332694567152,20,0.024628385399813605,0.04971991190256929,20,0.8008234570759709,0.3876219899118182,20,1.6137345018548335,0.7082711996524961,20,0.8227612225569929,0.3611114947707905,20,1.518287221041699,0.7082711996524961,20,0.1798619353545204,5.345552622704714,0.09422353063148053,0.10809500447923379,0.10011298431348531,0.11607702464498232,0.3104135395899481,0.0942863124864909,0.021790712158491383,0.16988282732724638,0.31041353958994805,0.1582640905537533,0.31041353958994805,0.05,0.4,11.248750000000001,21.203749999999996,0.0271137409598948,0.21046679815910588,0.030819778880303256,0.2411658506778732,0.02840190028406306,0.22321546347993593,0.033237657476543433,0.2591162378758104,0.0887532987205013,0.6927984995148522,0.02678213793259341,0.21025736466817868,0.0064555195439500185,0.048858873207631714,0.6119198661161656,0.9425011502958247,1.2685658156866324,1.872611016480984,0.6467772488031204,0.9547492028723973,1.1731185348734985,1.7771637356678494
M3,40,BoulwareTBNegotiator,GeniusBOABaselineNegotiator,LinearTBNegotiator,0.2,0.41039134083406165,20,16.15,12.196958205785743,20,0.10569362261669957,0.21499001997145323,20,0.12096809536497607,0.24664058984052145,20,0.11189342736800859,0.22842799832175845,20,0.1300427633619436,0.26485318135928454,20,0.3476298133466517,0.7082711996524962,20,0.10541437796212998,0.2151332694567152,20,0.024628385399813605,0.04971991190256929,20,0.8008234570759709,0.3876219899118182,20,1.6137345018548335,0.7082711996524961,20,0.8227612225569929,0.3611114947707905,20,1.518287221041699,0.7082711996524961,20,0.1798619353545204,5.345552622704714,0.09422353063148053,0.10809500447923379,0.10011298431348531,0.11607702464498232,0.3104135395899481,0.0942863124864909,0.021790712158491383,0.16988282732724638,0.31041353958994805,0.1582640905537533,0.31041353958994805,0.05,0.35,10.95,21.05125,0.0271137409598948,0.21046679815910588,0.030819778880303256,0.2411658506778732,0.02840190028406306,0.22321546347993593,0.033237657476543433,0.2591162378758104,0.0887532987205013,0.6927984995148522,0.02678213793259341,0.21025736466817868,0.0064555195439500185,0.048858873207631714,0.6591457638561169,0.9425011502958247,1.2685658156866324,1.872611016480984,0.6467772488031204,0.9547492028723973,1.1731185348734985,1.7771637356678494
M3,40,BoulwareTBNegotiator,GeniusBOABaselineNegotiator,SmartAspirationNegotiator,0.2,0.41039134083406165,20,16.15,12.196958205785743,20,0.10569362261669957,0.21499001997145323,20,0.12096809536497607,0.24664058984052145,20,0.11189342736800859,0.22842799832175845,20,0.1300427633619436,0.26485318135928454,20,0.3476298133466517,0.7082711996524962,20,0.10541437796212998,0.2151332694567152,20,0.024628385399813605,0.04971991190256929,20,0.8008234570759709,0.3876219899118182,20,1.6137345018548335,0.7082711996524961,20,0.8227612225569929,0.3611114947707905,20,1.518287221041699,0.7082711996524961,20,0.1798619353545204,5.345552622704714,0.09422353063148053,0.10809500447923379,0.10011298431348531,0.11607702464498232,0.3104135395899481,0.0942863124864909,0.021790712158491383,0.16988282732724638,0.31041353958994805,0.1582640905537533,0.31041353958994805,0.05,0.35,10.59875,20.85125,0.0271137409598948,0.21046679815910582,0.030819778880303256,0.2411658506778732,0.02840190028406306,0.22321546347993587,0.033237657476543433,0.22684786924734368,0.0887532987205013,0.6927984995148522,0.02678213793259341,0.21025736466817874,0.0064555195439500185,0.048858873207631714,0.6119198661161656,0.9425011502958247,1.2685658156866324,1.872611016480984,0.6467772488031204,0.9547492028723973,1.2594107064155486,1.7771637356678494
M3,40,BoulwareTBNegotiator,LinearTBNegotiator,BoulwareTBNegotiator,0.2,0.41039134083406165,20,15.55,11.245934938082247,20,0.12718783485515697,0.25909521287501536,20,0.11142093652271685,0.22705023324836882,20,0.06435955202925521,0.1308905441452078,20,0.15848232101617848,0.32320992235152973,20,0.3500297079005907,0.7131956793717531,20,0.06435955202925521,0.1308905441452078,20,0.09412276898692326,0.19231937820632197,20,0.791781638428621,0.40617541030313997,20,1.6113346073008945,0.7131956793717531,20,0.8215376382716368,0.3636222367482446,20,1.5158873264877601,0.7131956793717531,20,0.1798619353545204,4.9287482984499915,0.11355348369212935,0.09950915214670497,0.05736531024684185,0.14165299404656803,0.3125717879855393,0.05736531024684185,0.08428768379972619,0.17801422233243114,0.3125717879855393,0.159364471741921,0.3125717879855393,0.05,0.4,10.55,20.85125,0.03248729401950915,0.2534552226360206,0.028432989169738448,0.22207153299335475,0.016518431449374732,0.12814771280242918,0.04034754689010216,0.3159953531842802,0.08935327235898605,0.6975982886227301,0.016518431449374732,0.11220067260913569,0.02382911544072743,0.187847640381851,0.5938362288214658,0.9402406956339873,1.2637660265787545,1.8720110428424992,0.644330080232408,0.9544433068010582,1.1683187457656206,1.7765637620293646
M3,40,BoulwareTBNegotiator,LinearTBNegotiator,ConcederTBNegotiator,0.2,0.41039134083406165,20,14.55,9.800510190801292,20,0.1773280648760908,0.3619807940151119,20,0.07168595147526804,0.14551576429014929,20,0.06075365344389044,0.12349139636841036,20,0.08261824950664565,0.16754013221188824,20,0.3206999678266269,0.6530123225954105,20,0.06075365344389044,0.12349139636841036,20,0.11661348485122713,0.2384693534056698,20,0.791781638428621,0.40617541030313997,20,1.6406643473748581,0.6530123225954105,20,0.8364913823805944,0.3329378012714219,20,1.545217066561724,0.6530123225954105,20,0.1798619353545204,4.295262972158979,0.15864507774555928,0.0637750955871196,0.0541224907555627,0.07342770041867652,0.2861952689197985,0.0541224907555627,0.10451380221403773,0.17801422233243114,0.2861952689197985,0.14591642496075422,0.2861952689197985,0.05,0.4,10.398750000000001,18.652499999999996,0.045022351524742606,0.3537356826778883,0.01849924290787625,0.14260156289845713,0.01561695680303354,0.12093591563169966,0.021381529012718958,0.14385497000057232,0.0820208373404951,0.6389388084748026,0.01561695680303354,0.12093591563169967,0.0294517944068034,0.2328290721104588,0.5938362288214658,0.9402406956339873,1.4019852168887261,1.8793434778609903,0.6742375684503232,0.9581817428282976,1.2269782259135487,1.7838961970478557
M3,40,BoulwareTBNegotiator,LinearTBNegotiator,GeniusBOABaselineNegotiator,0.2,0.41039134083406165,20,15.55,11.245934938082247,20,0.12718783485515697,0.25909521287501536,20,0.11142093652271685,0.22705023324836882,20,0.06435955202925521,0.1308905441452078,20,0.15848232101617848,0.32320992235152973,20,0.3500297079005907,0.7131956793717531,20,0.06435955202925521,0.1308905441452078,20,0.09412276898692326,0.19231937820632197,20,0.791781638428621,0.40617541030313997,20,1.6113346073008945,0.7131956793717531,20,0.8215376382716368,0.3636222367482446,20,1.5158873264877601,0.7131956793717531,20,0.1798619353545204,4.9287482984499915,0.11355348369212935,0.09950915214670497,0.05736531024684185,0.14165299404656803,0.3125717879855393,0.05736531024684185,0.08428768379972619,0.17801422233243114,0.3125717879855393,0.159364471741921,0.3125717879855393,0.05,0.4,10.548750000000002,20.05,0.03248729401950915,0.22267754686443444,0.028432989169738448,0.22207153299335475,0.016518431449374732,0.12814771280242918,0.04034754689010216,0.3159953531842802,0.08935327235898605,0.6128784470717067,0.01651843144937473,0.12814771280242918,0.02382911544072743,0.187847640381851,0.5938362288214658,0.9402406956339873,1.2637660265787545,1.8720110428424994,0.6886319697422151,0.9544433068010584,1.1683187457656208,1.7765637620293646
M3,40,BoulwareTBNegotiator,LinearTBNegotiator,LinearTBNegotiator,0.2,0.41039134083406165,20,14.55,9.800510190801292,20,0.16638789393591988,0.33953203690965905,20,0.08072348124450512,0.16406038408927404,20,0.07792537061560761,0.1587270165410318,20,0.08352159187340265,0.1693937516375163,20,0.32783485642493015,0.6676528050882071,20,0.07792537061560761,0.1587270165410318,20,0.08850159673933906,0.1807849761275955,20,0.791781638428621,0.40617541030313997,20,1.633529458776555,0.6676528050882071,20,0.8328536652349298,0.3404022393563437,20,1.5380821779634206,0.6676528050882071,20,0.1798619353545204,4.295262972158979,0.1488064761535172,0.07190263356271495,0.06956518217489019,0.07424008495053973,0.29261174327894707,0.06956518217489019,0.07923250920266812,0.17801422233243114,0.29261174327894707,0.149187859191212,0.29261174327894707,0.05,0.4,10.148750000000001,19.05,0.04228730878969988,0.33185534079754647,0.02075862535018552,0.1606766224369313,0.019909886095962833,0.15527934997513398,0.021607364604408208,0.16607389489872854,0.0838045594900709,0.653208585671409,0.019909886095962833,0.15527934997513398,0.022423822378831382,0.1766052958866826,0.5938362288214658,0.9402406956339873,1.308155729530076,1.8775597557114143,0.666962134158994,0.9572723135418814,1.212708448716942,1.7821124748982797
M3,40,BoulwareTBNegotiator,LinearTBNegotiator,SmartAspirationNegotiator,0.2,0.41039134083406165,20,15.55,11.245934938082247,20,0.12718783485515697,0.25909521287501536,20,0.11142093652271685,0.22705023324836882,20,0.06435955202925521,0.1308905441452078,20,0.15848232101617848,0.32320992235152973,20,0.3500297079005907,0.7131956793717531,20,0.06435955202925521,0.1308905441452078,20,0.09412276898692326,0.19231937820632197,20,0.791781638428621,0.40617541030313997,20,1.6113346073008945,0.7131956793717531,20,0.8215376382716368,0.3636222367482446,20,1.5158873264877601,0.7131956793717531,20,0.1798619353545204,4.9287482984499915,0.11355348369212935,0.09950915214670497,0.05736531024684185,0.14165299404656803,0.3125717879855393,0.05736531024684185,0.08428768379972619,0.17801422233243114,0.3125717879855393,0.159364471741921,0.3125717879855393,0.05,0.4,11.048750000000002,20.35125,0.03248729401950915,0.2534552226360206,0.028432989169738448,0.19510045010363614,0.016518431449374732,0.12814771280242918,0.04034754689010216,0.3159953531842802,0.08935327235898605,0.6975982886227301,0.016518431449374732,0.12814771280242918,0.02382911544072743,0.187847640381851,0.5938362288214658,0.9402406956339873,1.2637660265787545,1.8720110428424992,0.644330080232408,0.9544433068010582,1.1683187457656206,1.7765637620293646
M3,40,BoulwareTBNegotiator,SmartAspirationNegotiator,BoulwareTBNegotiator,0.2,0.41039134083406165,20,16.15,12.196958205785743,20,0.09475345167652861,0.19254126286600026,20,0.12852489481999962,0.2621468151443276,20,0.1236368781358496,0.2525250508549238,20,0.13341291150414963,0.27176857943373134,20,0.35180324131652785,0.7168348931546553,20,0.09447420702195901,0.19268451235126222,20,0.038938704482190625,0.07908406708246911,20,0.8017200015191068,0.3857823195311386,20,1.6095610738849573,0.7168348931546553,20,0.8206334037027749,0.3654776869339632,20,1.514113793071823,0.7168348931546553,20,0.1798619353545204,5.345552622704714,0.08438492903943838,0.11489090735456639,0.1106739832277074,0.11910783148142541,0.3141667437485711,0.08444771089444875,0.034660120586976664,0.16907655623387746,0.3141667437485711,0.16017765863977076,0.3141667437485711,0.05,0.4,10.84875,21.6,0.024378698224852075,0.18858645627876403,0.03270897874405914,0.25627944958792026,0.031337762976023316,0.24670236501561793,0.034080194512094944,0.26585653416022254,0.08979665571297032,0.7011453554546044,0.02404709519755068,0.1883770227878368,0.010033099314544273,0.07747951137238576,0.6137129550024377,0.9427252864066087,1.2602189597468805,1.871567659488515,0.6425216110946844,0.9542172481588427,1.1647716789337466,1.7761203786753803
M3,40,BoulwareTBNegotiator,SmartAspirationNegotiator,ConcederTBNegotiator,0.2,0.41039134083406165,20,16.15,12.196958205785743,20,0.11168703923506515,0.22728825138239425,20,0.10897708661594155,0.22203555904817524,20,0.10281559852198544,0.20980068656185066,20,0.11513857470989768,0.23427043153449986,20,0.3296412124669482,0.6713593694787446,20,0.10281559852198544,0.20980068656185066,20,0.012322976187912251,0.024469744972649244,20,0.8144288854821806,0.35970423988058703,20,1.631723102734537,0.6713593694787446,20,0.8319326960768707,0.34229202819455695,20,1.5362758219214026,0.6713593694787446,20,0.1798619353545204,5.345552622704714,0.09961346819330644,0.09731137427696211,0.09194920498817125,0.10267354356575299,0.2942362167472306,0.09194920498817125,0.010724338577581777,0.15764733390490515,0.2942362167472306,0.15001609566706356,0.2942362167472306,0.05,0.4,11.09875,21.25125,0.028612095114486195,0.22245363139583704,0.02782202669304462,0.21718383317980408,0.02613244307255727,0.20505980578788963,0.029511610313531954,0.22930786057171862,0.08425614850057543,0.6568212977554453,0.02613244307255727,0.20505980578788963,0.003379167240974681,0.02424805478382901,0.6391307229285852,0.9459025073973771,1.3045430174460395,1.87710816670091,0.6651201958428758,0.9570420712523667,1.2090957366329058,1.7816608858877754
M3,40,BoulwareTBNegotiator,SmartAspirationNegotiator,GeniusBOABaselineNegotiator,0.2,0.41039134083406165,20,16.15,12.196958205785743,20,0.1181269670160661,0.24050270436699178,20,0.10181408164975685,0.20733738298580737,20,0.09482025663630127,0.19339459117738736,20,0.10880790666321241,0.2212801747942273,20,0.3217551303155798,0.6551774703386064,20,0.09482025663630127,0.19339459117738736,20,0.023345783798791632,0.04708806894857269,20,0.8156204348153764,0.3572592322379864,20,1.6396091848859051,0.6551774703386064,20,0.8359534086442645,0.3340417000863514,20,1.5441619040727712,0.6551774703386064,20,0.1798619353545204,5.345552622704714,0.1054049575644773,0.09086961459610202,0.08475891666127017,0.09698031253093384,0.2871441867566813,0.08475891666127017,0.02063725612724829,0.15657576205921028,0.2871441867566813,0.14640022994768512,0.2871441867566813,0.05,0.4,11.3,21.152499999999996,0.030222077059736435,0.2353334869578389,0.02603127545149845,0.20285782324743468,0.024133607601136246,0.18906912201652132,0.02792894330186064,0.21664652447834803,0.08228462796273332,0.6410491334527084,0.024133607601136246,0.18906912201652132,0.006134869143694526,0.046293670005587775,0.6415138215949765,0.9462003947306762,1.3203151817487764,1.879079687238752,0.6731616209776635,0.9580472493942152,1.2248679009356427,1.7836324064256175
M3,40,BoulwareTBNegotiator,SmartAspirationNegotiator,LinearTBNegotiator,0.2,0.41039134083406165,20,16.15,12.196958205785743,20,0.11168703923506515,0.22728825138239425,20,0.10897708661594155,0.22203555904817524,20,0.10281559852198544,0.20980068656185066,20,0.11513857470989768,0.23427043153449986,20,0.3296412124669482,0.6713593694787446,20,0.10281559852198544,0.20980068656185066,20,0.012322976187912251,0.024469744972649244,20,0.8144288854821806,0.35970423988058703,20,1.631723102734537,0.6713593694787446,20,0.8319326960768707,0.34229202819455695,20,1.5362758219214026,0.6713593694787446,20,0.1798619353545204,5.345552622704714,0.09961346819330644,0.09731137427696211,0.09194920498817125,0.10267354356575299,0.2942362167472306,0.09194920498817125,0.010724338577581777,0.15764733390490515,0.2942362167472306,0.15001609566706356,0.2942362167472306,0.05,0.35,11.05,21.3525,0.028612095114486195,0.2224536313958371,0.02782202669304462,0.21718383317980408,0.02613244307255727,0.20505980578788957,0.029511610313531954,0.22930786057171862,0.08425614850057543,0.6568212977554452,0.02613244307255727,0.20505980578788963,0.003379167240974681,0.02424805478382901,0.6391307229285852,0.9459025073973771,1.3045430174460397,1.87710816670091,0.6651201958428758,0.9570420712523665,1.2090957366329058,1.7816608858877754
M3,40,BoulwareTBNegotiator,SmartAspirationNegotiator,SmartAspirationNegotiator,0.2,0.41039134083406165,20,16.15,12.196958205785743,20,0.09475345167652861,0.19254126286600026,20,0.12852489481999962,0.2621468151443276,20,0.1236368781358496,0.2525250508549238,20,0.13341291150414963,0.27176857943373134,20,0.35180324131652785,0.7168348931546553,20,0.09447420702195901,0.19268451235126222,20,0.038938704482190625,0.07908406708246911,20,0.8017200015191068,0.3857823195311386,20,1.6095610738849573,0.7168348931546553,20,0.8206334037027749,0.3654776869339632,20,1.514113793071823,0.7168348931546553,20,0.1798619353545204,5.345552622704714,0.08438492903943838,0.11489090735456639,0.1106739832277074,0.11910783148142541,0.3141667437485711,0.08444771089444875,0.034660120586976664,0.16907655623387746,0.3141667437485711,0.16017765863977076,0.3141667437485711,0.05,0.4,10.95,21.151249999999997,0.024378698224852075,0.188586456278764,0.03270897874405914,0.25627944958792026,0.031337762976023316,0.24670236501561799,0.034080194512094944,0.26585653416022254,0.08979665571297032,0.7011453554546043,0.02404709519755068,0.1883770227878368,0.010033099314544273,0.067844309649837,0.6137129550024376,0.9427252864066087,1.2602189597468805,1.871567659488515,0.6425216110946844,0.9542172481588427,1.1647716789337466,1.7761203786753803
M3,40,ConcederTBNegotiator,BoulwareTBNegotiator,BoulwareTBNegotiator,0.2,0.41039134083406165,20,14.55,9.800510190801292,20,0.03765943458251152,0.07538681172191772,20,0.17699222671030077,0.3615996817498784,20,0.1691439816917337,0.3459036570837926,20,0.18484047172886783,0.37729570641596405,20,0.39164388800311306,0.7985861752216744,20,0.03738018992794192,0.07553006120717967,20,0.1474602818009259,0.3017656452087844,20,0.791781638428621,0.40617541030313997,20,1.569720427198372,0.7985861752216744,20,0.8003206824108652,0.40715851156884036,20,1.4742731463852379,0.7985861752216744,20,0.1798619353545204,4.295262972158979,0.03303972698096845,0.15847804793086356,0.15159896181740684,0.16535713404432023,0.3499958228426955,0.03310250883597882,0.13225462520834141,0.17801422233243114,0.3499958228426955,0.17844508545917004,0.3499958228426955,0.05,0.4,10.2,18.901249999999997,0.010105193951347801,0.07439842209072979,0.044825811716634426,0.3532141133685226,0.042714538864994336,0.33771657212738615,0.046937084568274494,0.3687116546096589,0.09975681738461664,0.7808266488277749,0.009773590924046408,0.07418898859980258,0.03716349364422809,0.2945226660098564,0.5938362288214658,0.9402406956339873,1.2778333565798754,1.8616074978168686,0.6018961685108649,0.9491390678358653,1.085090385560576,1.766160217003734
M3,40,ConcederTBNegotiator,BoulwareTBNegotiator,ConcederTBNegotiator,0.4,0.5026246899500346,20,12.7,7.664683191173176,20,0.08843653737874305,0.10996936938728331,20,0.3440140618719316,0.43130692314249847,20,0.3020806967764808,0.37886505301060275,20,0.3859474269673825,0.48374879327439413,20,0.7764646611226063,0.9725832156722802,20,0.08822710388781586,0.11014481345968735,20,0.29772032307956664,0.3736039798147067,20,0.5938362288214657,0.4974612506541451,20,1.1848996540788788,0.9725832156722801,20,0.6041201243926769,0.49587076104847433,20,1.0894523732657446,0.9725832156722801,20,0.2202849828840144,3.3591955177267945,0.04819620113697898,0.18902859346532913,0.16604493051483074,0.21201225641582752,0.42625338806763724,0.04827309289191936,0.1637391635239081,0.21802200583640707,0.4262533880676372,0.2173249430327529,0.4262533880676372,0.2,0.6,9.15,15.75,0.04467849222651814,0.14313409381902417,0.17239220096200533,0.515635922781858,0.151326044016281,0.45377756611643105,0.19345835790772956,0.5784364960270354,0.3894628941505287,1.2602168698377034,0.04439924757194853,0.13205496020368318,0.14905911033578104,0.4463815358233523,0.3958908192143105,0.791781638428621,0.797897887106801,1.571901421050956,0.40680758843358256,0.8014326603517713,0.6057001645506477,1.4764541402378222
M3,40,ConcederTBNegotiator,BoulwareTBNegotiator,GeniusBOABaselineNegotiator,0.2,0.41039134083406165,20,14.95,10.354124527783222,20,0.05133464825772519,0.10344775810373388,20,0.162764584433878,0.33240517579623574,20,0.1580328705806226,0.323104138148567,20,0.16749629828713342,0.3417062134439045,20,0.37686381712548117,0.7682581096962053,20,0.051055403603155594,0.10359100758899585,20,0.11644089468397781,0.23811520585490867,20,0.791781638428621,0.40617541030313997,20,1.5845004980760038,0.7682581096962053,20,0.807856289520202,0.3916957720408432,20,1.4890532172628697,0.7682581096962053,20,0.1798619353545204,4.537895153157754,0.04533797897102112,0.14568299155401757,0.14160663207548904,0.1497593510325461,0.33670396207905623,0.04540076082603149,0.1043585902065146,0.17801422233243114,0.33670396207905623,0.17166824106538703,0.33670396207905623,0.05,0.4,10.45,19.151249999999997,0.01352399737015122,0.10174884944115714,0.041268901147528736,0.324758828815677,0.03993676108721656,0.31549434990516395,0.04260104120784089,0.33402330772619004,0.09606179966520867,0.7512665070725111,0.013192394342849828,0.10153941595022994,0.02940864686499107,0.2324838917759601,0.5938362288214658,0.9402406956339873,1.210097808128974,1.8653025155362766,0.6169673827295385,0.9510229696131993,1.11465052731584,1.769855234723142
M3,40,ConcederTBNegotiator,BoulwareTBNegotiator,LinearTBNegotiator,0.4,0.5026246899500346,20,12.7,7.664683191173176,20,0.08843653737874305,0.10996936938728331,20,0.3440140618719316,0.43130692314249847,20,0.3020806967764808,0.37886505301060275,20,0.3859474269673825,0.48374879327439413,20,0.7764646611226063,0.9725832156722802,20,0.08822710388781586,0.11014481345968735,20,0.29772032307956664,0.3736039798147067,20,0.5938362288214657,0.4974612506541451,20,1.1848996540788788,0.9725832156722801,20,0.6041201243926769,0.49587076104847433,20,1.0894523732657446,0.9725832156722801,20,0.2202849828840144,3.3591955177267945,0.04819620113697898,0.18902859346532913,0.16604493051483074,0.21201225641582752,0.42625338806763724,0.04827309289191936,0.1637391635239081,0.21802200583640707,0.4262533880676372,0.2173249430327529,0.4262533880676372,0.2,0.6,9.55,16.1,0.04467849222651813,0.14313409381902417,0.17239220096200533,0.516708559412544,0.151326044016281,0.45377756611643105,0.19345835790772956,0.5784364960270354,0.3894628941505287,1.1634664280946843,0.04439924757194853,0.13205496020368318,0.14905911033578104,0.44638153582335216,0.3958908192143105,0.791781638428621,0.7978978871068012,1.571901421050956,0.40680758843358245,0.8014326603517713,0.702450606293667,1.4764541402378222
M3,40,ConcederTBNegotiator,BoulwareTBNegotiator,SmartAspirationNegotiator,0.2,0.41039134083406165,20,14.55,9.800510190801292,20,0.03765943458251152,0.07538681172191772,20,0.17699222671030077,0.3615996817498784,20,0.1691439816917337,0.3459036570837926,20,0.18484047172886783,0.37729570641596405,20,0.39164388800311306,0.7985861752216744,20,0.03738018992794192,0.07553006120717967,20,0.1474602818009259,0.3017656452087844,20,0.791781638428621,0.40617541030313997,20,1.569720427198372,0.7985861752216744,20,0.8003206824108652,0.40715851156884036,20,1.4742731463852379,0.7985861752216744,20,0.1798619353545204,4.295262972158979,0.03303972698096845,0.15847804793086356,0.15159896181740684,0.16535713404432023,0.3499958228426955,0.03310250883597882,0.13225462520834141,0.17801422233243114,0.3499958228426955,0.17844508545917004,0.3499958228426955,0.05,0.4,10.3,19.002499999999998,0.010105193951347801,0.07439842209072979,0.044825811716634426,0.3532141133685226,0.042714538864994336,0.33771657212738615,0.046937084568274494,0.3687116546096589,0.09975681738461664,0.6835309586216094,0.009773590924046408,0.0741889885998026,0.03716349364422809,0.2945226660098563,0.6433225812232546,0.9402406956339873,1.18053766637371,1.8616074978168686,0.6018961685108649,0.9491390678358653,1.085090385560576,1.766160217003734
M3,40,ConcederTBNegotiator,ConcederTBNegotiator,BoulwareTBNegotiator,0.55,0.5104177855340404,20,8.85,4.319783132958121,20,0.15272189349112425,0.14087665112898765,20,0.45644421399904517,0.42288009030132356,20,0.3624522480164559,0.33583713733598497,20,0.5504361799816345,0.5099230432666623,20,1.0656103214892148,0.986636831731635,20,0.15256481837292887,0.14105481542674717,20,0.3978713616087056,0.368868227839915,20,0.44537717161609935,0.5051742881415637,20,0.8957539937122704,0.986636831731635,20,0.45669944475371577,0.503035985759882,20,0.8003067128991361,0.9866368317316349,20,0.22370045761428853,1.8932284317368686,0.06174191459992001,0.18533537113602175,0.14718711501663023,0.22348362725541335,0.4324126568719636,0.06181999854618696,0.16166362870922635,0.22140239355884206,0.4324126568719636,0.22046524122039157,0.43241265687196356,0.35,0.75,6.95,10.75,0.09752136752136752,0.20792241946088102,0.24931972584133333,0.6221438045252146,0.2308592091945015,0.49404528683841037,0.3506300377512498,0.7502423222120191,0.679010614467119,1.4522100285113109,0.09729448123952973,0.20783515550632803,0.21720160523747384,0.542407166705691,0.24743176200894404,0.6433225812232546,0.5091542866901744,1.3790036274898898,0.2595918987329341,0.6538069907744977,0.41370700587704023,1.1869064199212322
M3,40,ConcederTBNegotiator,ConcederTBNegotiator,ConcederTBNegotiator,0.9,0.30779350562554625,20,1.85,0.4893604849295929,20,0.48706241949007467,0.16625704657952328,20,0.564642993525905,0.19284037859898634,20,0.5592703589800105,0.19107101540569124,20,0.5700156280717994,0.19460974179228155,20,1.6163484065418845,0.5519378037774961,20,0.48702751390825344,0.16636448369346976,20,0.08298811416354598,0.028245258098811784,20,0.12198537228148312,0.2967613915086666,20,0.3450159086596005,0.551937803777496,20,0.17590608026543914,0.28140504010383055,20,0.24956862784646638,0.551937803777496,20,0.1348964515158903,0.21447168872174688,0.07286536334647194,0.0845160222894093,0.08374056467949889,0.08529147989931976,0.2418974079252906,0.07291244973772971,0.012379030161590044,0.13006141432411822,0.24189740792529055,0.12333119658111104,0.24189740792529055,0.75,1.0,1.6,2.0,0.40603875742077766,0.5410781942029391,0.47066421794693386,0.6272955105785523,0.46615386435935563,0.6213480220604471,0.47517457153451226,0.6332429990966574,1.3473671933146456,1.7956692153600435,0.4059514934662247,0.5410781942029391,0.06922307806828758,0.09216480489371826,0.02556963053100609,0.26660898490719864,0.16569509984144126,0.6139971218868394,0.08447951181594733,0.3130459329396768,0.07024781902830712,0.5185498410737053
M3,40,ConcederTBNegotiator,ConcederTBNegotiator,GeniusBOABaselineNegotiator,0.55,0.5104177855340404,20,8.85,4.319783132958121,20,0.15272189349112425,0.14087665112898765,20,0.45644421399904517,0.42288009030132356,20,0.3624522480164559,0.33583713733598497,20,0.5504361799816345,0.5099230432666623,20,1.0656103214892148,0.986636831731635,20,0.15256481837292887,0.14105481542674717,20,0.3978713616087056,0.368868227839915,20,0.44537717161609935,0.5051742881415637,20,0.8957539937122704,0.986636831731635,20,0.45669944475371577,0.503035985759882,20,0.8003067128991361,0.9866368317316349,20,0.22370045761428853,1.8932284317368686,0.06174191459992001,0.18533537113602175,0.14718711501663023,0.22348362725541335,0.4324126568719636,0.06181999854618696,0.16166362870922635,0.22140239355884206,0.4324126568719636,0.22046524122039157,0.43241265687196356,0.35,0.75,6.998750000000001,10.55,0.08372123602892834,0.20792241946088102,0.2907446234728757,0.6221438045252146,0.2308592091945015,0.49404528683841037,0.35063003775124985,0.7502423222120193,0.6790106144671189,1.5488599552668347,0.09729448123952973,0.20783515550632803,0.25333555651172013,0.542407166705691,0.19794540960715526,0.6433225812232546,0.41250435993465046,1.3790036274898898,0.2595918987329341,0.703083877279693,0.41370700587704023,1.1869064199212322
M3,40,ConcederTBNegotiator,ConcederTBNegotiator,LinearTBNegotiator,0.8,0.4103913408340616,20,5.05,1.9861361590045288,20,0.3680473372781065,0.18833212090872783,20,0.5365627256082524,0.27485569439634816,20,0.3668712791545585,0.1879078776775282,20,0.7062541720619462,0.3618035111151682,20,1.4411727884946113,0.7380435097014243,20,0.3668712791545585,0.1879078776775282,20,0.33938289290738777,0.17389563343763992,20,0.19794540960715526,0.40617541030313997,20,0.5201915267068736,0.7380435097014242,20,0.26521922657363933,0.376290882821332,20,0.4247442458937395,0.7380435097014242,20,0.17986193535452039,0.8704625509644737,0.08254019124093047,0.12046081926793593,0.08235425844695499,0.15856738008891688,0.3234618297768024,0.08235425844695499,0.07621312164196185,0.17801422233243114,0.3234618297768023,0.16491675068717362,0.3234618297768023,0.6487500000000012,0.95,4.15,5.8,0.2762656147271532,0.4368836291913215,0.4352644777140389,0.6370237979000348,0.2752963071799393,0.4355525081355231,0.529932951258479,0.838495087664547,1.0814948731655716,1.7109312249913913,0.2752963071799393,0.4355525081355231,0.2546366440785397,0.4029425795290238,0.049486352401788815,0.3958908192143105,0.25043309021009363,0.8798694420359137,0.12768310724790938,0.44860071900794585,0.15498580939695947,0.7844221612227795
M3,40,ConcederTBNegotiator,ConcederTBNegotiator,SmartAspirationNegotiator,0.55,0.5104177855340404,20,8.85,4.319783132958121,20,0.15272189349112425,0.14087665112898765,20,0.45644421399904517,0.42288009030132356,20,0.3624522480164559,0.33583713733598497,20,0.5504361799816345,0.5099230432666623,20,1.0656103214892148,0.986636831731635,20,0.15256481837292887,0.14105481542674717,20,0.3978713616087056,0.368868227839915,20,0.44537717161609935,0.5051742881415637,20,0.8957539937122704,0.986636831731635,20,0.45669944475371577,0.503035985759882,20,0.8003067128991361,0.9866368317316349,20,0.22370045761428853,1.8932284317368686,0.06174191459992001,0.18533537113602175,0.14718711501663023,0.22348362725541335,0.4324126568719636,0.06181999854618696,0.16166362870922635,0.22140239355884206,0.4324126568719636,0.22046524122039157,0.43241265687196356,0.3,0.75,6.948750000000001,10.6,0.0975213675213675,0.20792241946088102,0.2907446234728757,0.663568702156757,0.2308592091945015,0.49404528683841037,0.3506300377512498,0.7502423222120193,0.679010614467119,1.4522100285113109,0.09729448123952973,0.20783515550632803,0.2533355565117202,0.542407166705691,0.24743176200894407,0.6433225812232546,0.5091542866901744,1.282353700734366,0.2595918987329341,0.6538069907744977,0.41370700587704023,1.1869064199212322
M3,40,ConcederTBNegotiator,GeniusBOABaselineNegotiator,BoulwareTBNegotiator,0.2,0.41039134083406165,20,14.55,9.800510190801292,20,0.03765943458251152,0.07538681172191772,20,0.17699222671030077,0.3615996817498784,20,0.1691439816917337,0.3459036570837926,20,0.18484047172886783,0.37729570641596405,20,0.39164388800311306,0.7985861752216744,20,0.03738018992794192,0.07553006120717967,20,0.1474602818009259,0.3017656452087844,20,0.791781638428621,0.40617541030313997,20,1.569720427198372,0.7985861752216744,20,0.8003206824108652,0.40715851156884036,20,1.4742731463852379,0.7985861752216744,20,0.1798619353545204,4.295262972158979,0.03303972698096845,0.15847804793086356,0.15159896181740684,0.16535713404432023,0.3499958228426955,0.03310250883597882,0.13225462520834141,0.17801422233243114,0.3499958228426955,0.17844508545917004,0.3499958228426955,0.05,0.4,10.09875,18.8,0.010105193951347801,0.07439842209072979,0.044825811716634426,0.3532141133685226,0.042714538864994336,0.33771657212738615,0.046937084568274494,0.3687116546096589,0.09975681738461664,0.7808266488277749,0.009773590924046408,0.0741889885998026,0.03716349364422809,0.2945226660098563,0.5938362288214658,0.9402406956339873,1.1805376663737102,1.8616074978168686,0.6018961685108649,0.9491390678358653,1.1823860757667415,1.766160217003734
M3,40,ConcederTBNegotiator,GeniusBOABaselineNegotiator,ConcederTBNegotiator,0.4,0.5026246899500346,20,12.3,7.269981539106366,20,0.08843653737874305,0.10996936938728331,20,0.3440140618719316,0.43130692314249847,20,0.3020806967764808,0.37886505301060275,20,0.3859474269673825,0.48374879327439413,20,0.7764646611226063,0.9725832156722802,20,0.08822710388781586,0.11014481345968735,20,0.29772032307956664,0.3736039798147067,20,0.5938362288214657,0.4974612506541451,20,1.1848996540788788,0.9725832156722801,20,0.6041201243926769,0.49587076104847433,20,1.0894523732657446,0.9725832156722801,20,0.2202849828840144,3.1862098916556345,0.04819620113697898,0.18902859346532913,0.16604493051483074,0.21201225641582752,0.42625338806763724,0.04827309289191936,0.1637391635239081,0.21802200583640707,0.4262533880676372,0.2173249430327529,0.4262533880676372,0.2,0.65,9.148750000000001,15.251249999999999,0.04467849222651814,0.13219458253096797,0.17239220096200533,0.515635922781858,0.151326044016281,0.45283534953668053,0.19345835790772956,0.5784364960270354,0.3894628941505287,1.1634664280946843,0.04439924757194853,0.1323288843056571,0.14905911033578104,0.4835468390092986,0.3958908192143105,0.791781638428621,0.797897887106801,1.571901421050956,0.40680758843358245,0.8014326603517713,0.7000318452500937,1.4764541402378222
M3,40,ConcederTBNegotiator,GeniusBOABaselineNegotiator,GeniusBOABaselineNegotiator,0.2,0.41039134083406165,20,14.95,10.354124527783222,20,0.05133464825772519,0.10344775810373388,20,0.162764584433878,0.33240517579623574,20,0.1580328705806226,0.323104138148567,20,0.16749629828713342,0.3417062134439045,20,0.37686381712548117,0.7682581096962053,20,0.051055403603155594,0.10359100758899585,20,0.11644089468397781,0.23811520585490867,20,0.791781638428621,0.40617541030313997,20,1.5845004980760038,0.7682581096962053,20,0.807856289520202,0.3916957720408432,20,1.4890532172628697,0.7682581096962053,20,0.1798619353545204,4.537895153157754,0.04533797897102112,0.14568299155401757,0.14160663207548904,0.1497593510325461,0.33670396207905623,0.04540076082603149,0.1043585902065146,0.17801422233243114,0.33670396207905623,0.17166824106538703,0.33670396207905623,0.05,0.4,10.748750000000001,19.25,0.01352399737015122,0.10174884944115717,0.041268901147528736,0.324758828815677,0.03993676108721656,0.31549434990516395,0.04260104120784089,0.2923915553664259,0.09606179966520867,0.7512665070725111,0.013192394342849828,0.10153941595022994,0.02940864686499107,0.23248389177596013,0.5938362288214658,0.9402406956339873,1.210097808128974,1.8653025155362766,0.6169673827295385,0.9510229696131993,1.11465052731584,1.769855234723142
M3,40,ConcederTBNegotiator,GeniusBOABaselineNegotiator,LinearTBNegotiator,0.4,0.5026246899500346,20,12.3,7.269981539106366,20,0.08843653737874305,0.10996936938728331,20,0.3440140618719316,0.43130692314249847,20,0.3020806967764808,0.37886505301060275,20,0.3859474269673825,0.48374879327439413,20,0.7764646611226063,0.9725832156722802,20,0.08822710388781586,0.11014481345968735,20,0.29772032307956664,0.3736039798147067,20,0.5938362288214657,0.4974612506541451,20,1.1848996540788788,0.9725832156722801,20,0.6041201243926769,0.49587076104847433,20,1.0894523732657446,0.9725832156722801,20,0.2202849828840144,3.1862098916556345,0.04819620113697898,0.18902859346532913,0.16604493051483074,0.21201225641582752,0.42625338806763724,0.04827309289191936,0.1637391635239081,0.21802200583640707,0.4262533880676372,0.2173249430327529,0.4262533880676372,0.2,0.6,9.15,15.2,0.04467849222651813,0.13219458253096797,0.17239220096200533,0.5156359227818579,0.151326044016281,0.45283534953668053,0.19345835790772956,0.5784364960270354,0.3894628941505287,1.163466428094684,0.04439924757194853,0.13205496020368318,0.14905911033578104,0.44638153582335216,0.3958908192143105,0.791781638428621,0.7011474453637818,1.571901421050956,0.40680758843358245,0.8026658637015146,0.6057001645506477,1.4764541402378222
M3,40,ConcederTBNegotiator,GeniusBOABaselineNegotiator,SmartAspirationNegotiator,0.2,0.41039134083406165,20,14.55,9.800510190801292,20,0.03765943458251152,0.07538681172191772,20,0.17699222671030077,0.3615996817498784,20,0.1691439816917337,0.3459036570837926,20,0.18484047172886783,0.37729570641596405,20,0.39164388800311306,0.7985861752216744,20,0.03738018992794192,0.07553006120717967,20,0.1474602818009259,0.3017656452087844,20,0.791781638428621,0.40617541030313997,20,1.569720427198372,0.7985861752216744,20,0.8003206824108652,0.40715851156884036,20,1.4742731463852379,0.7985861752216744,20,0.1798619353545204,4.295262972158979,0.03303972698096845,0.15847804793086356,0.15159896181740684,0.16535713404432023,0.3499958228426955,0.03310250883597882,0.13225462520834141,0.17801422233243114,0.3499958228426955,0.17844508545917004,0.3499958228426955,0.05,0.4,10.6,18.704999999999995,0.0101051939513478,0.07439842209072979,0.044825811716634426,0.3091586417039672,0.042714538864994336,0.33771657212738615,0.046937084568274494,0.3687116546096589,0.09975681738461664,0.6835309586216094,0.009773590924046408,0.0741889885998026,0.03716349364422809,0.2945226660098563,0.5938362288214658,0.9402406956339873,1.1805376663737102,1.8616074978168686,0.6018961685108649,0.9491390678358653,1.085090385560576,1.8634559072098995
M3,40,ConcederTBNegotiator,LinearTBNegotiator,BoulwareTBNegotiator,0.45,0.5104177855340404,20,11.9,6.889351050333903,20,0.11799475722647226,0.1327929114017792,20,0.36755037426679216,0.4160245618710522,20,0.29665572860547873,0.33583713733598497,20,0.4384450199281056,0.49621198640611935,20,0.8530955057600567,0.9648420351438837,20,0.11780277652645565,0.13297107569953873,20,0.32064224340164993,0.36324091070658054,20,0.5583824890391106,0.48925763245607856,20,1.1082688094414286,0.9648420351438837,20,0.5650499506143912,0.49192392645563565,20,1.0128215286282942,0.9648420351438837,20,0.22370045761428853,3.0193912248036114,0.0581990594575991,0.18233080332803497,0.14718711501663023,0.21747449163943974,0.42286066611366907,0.058277143403866034,0.15919734823557366,0.2144266116377502,0.42286066611366907,0.21559516650542804,0.42286066611366907,0.25,0.65,8.95,14.702499999999997,0.06596173049217045,0.17002778396077406,0.20453702572691962,0.5305637228066646,0.16506268978352429,0.42824876742743323,0.24401136167031495,0.6328786781858963,0.4750357819460097,1.2311552295741035,0.06569993862851146,0.16990561442439983,0.17831142304180347,0.4629730637614964,0.36667379615170353,0.7512893612570627,0.7302090856273816,1.4863285332554752,0.3722965080826247,0.7578033931461576,0.6347618048142475,1.3908812524423413
M3,40,ConcederTBNegotiator,LinearTBNegotiator,ConcederTBNegotiator,0.7,0.47016234598162726,20,6.5,2.762531257265412,20,0.23544112647460183,0.15751827544007738,20,0.5223469107222445,0.3503223772504815,20,0.4563271540312585,0.3061131408871762,20,0.5883666674132304,0.3945316136137867,20,1.2801349479190907,0.8581630299410403,20,0.23533640972913822,0.15768238834244647,20,0.3530302576840922,0.23684922527134017,20,0.29691811441073285,0.4653323907859712,20,0.6812293672823942,0.8581630299410403,20,0.3473242385428092,0.4375337224654685,20,0.5857820864692601,0.8581630299410403,20,0.20605773335083594,1.2107327055178305,0.06903542803017952,0.1535355513159949,0.13415999919862048,0.17291110343336924,0.37610653066216926,0.06910735368089321,0.10380374975247601,0.20394091215426596,0.37610653066216926,0.19175760859273763,0.37610653066216926,0.5,0.9,5.198750000000001,7.6,0.16843521807451364,0.30244703487469005,0.37332503338791145,0.6713687880565777,0.2935572387544096,0.5865430862527379,0.4205388449660436,0.7561944898604173,0.9150852848503366,1.6451846109878445,0.16826069016540762,0.30241212929286887,0.25227815480063603,0.45378236056754834,0.09897270480357763,0.49486352401788813,0.3161797042136401,1.0462790303511482,0.16120396489479308,0.5334445121908253,0.22073242340050606,0.9508317495380144
M3,40,ConcederTBNegotiator,LinearTBNegotiator,GeniusBOABaselineNegotiator,0.4,0.5026246899500346,20,12.7,7.664683191173176,20,0.1268668424232387,0.1582594197814705,20,0.30849401600875825,0.38667379304502714,20,0.23304382843025215,0.29211596664149136,20,0.3839442035872645,0.48123161944856296,20,0.7438548744407554,0.9316070058715249,20,0.1266574089323115,0.15843486385387456,20,0.25728679465495297,0.3227967555946884,20,0.6063096622609623,0.48178761161629674,20,1.2175094407607296,0.9316070058715249,20,0.6207461975954521,0.4749790738268957,20,1.1220621599475955,0.9316070058715249,20,0.2202849828840144,3.3591955177267945,0.06936024885936443,0.16946726172780774,0.12802546710979337,0.21090905634582213,0.40829477231497996,0.06943714061430481,0.1414719157315173,0.21115273065709614,0.40829477231497996,0.20816875740549867,0.40829477231497996,0.2,0.6,9.35,16.00125,0.06389364474876595,0.18984004009771147,0.15463217803041868,0.5008213134816827,0.11680760984316667,0.3492800470173376,0.19245674621767056,0.6233035252992567,0.37315800080960326,1.1145517480719076,0.06361440009419636,0.18970041777042668,0.1288423461234742,0.38573124318643176,0.4146009693735553,0.7980183551483693,0.8468125671295775,1.5882063143918819,0.4317466982377452,0.8097456969531589,0.7513652863164433,1.4927590335787477
M3,40,ConcederTBNegotiator,LinearTBNegotiator,LinearTBNegotiator,0.55,0.5104177855340404,20,8.85,4.319783132958121,20,0.1515444899556435,0.1397839825739694,20,0.43450798091646503,0.4025225566413797,20,0.4149183726777025,0.38452739763625116,20,0.4540975891552276,0.4205177156465084,20,1.0205604517885736,0.9448290958567287,20,0.15138741483744814,0.13996214687172892,20,0.30271017431777947,0.28055556877477944,20,0.44537717161609935,0.5051742881415637,20,0.9408038634129114,0.9448290958567287,20,0.4796680841602166,0.4817203456460711,20,0.8453565825997774,0.9448290958567287,20,0.22370045761428853,1.8932284317368686,0.06126303149140415,0.17641328862891834,0.1685265624638469,0.18430001479398986,0.4140896087492408,0.061341115437671095,0.12295889935631875,0.22140239355884206,0.4140896087492408,0.2111232500458247,0.4140896087492408,0.35,0.75,6.748750000000001,10.55,0.0967721107260616,0.20631686918522546,0.23735450779628958,0.6316614540366403,0.2642467430698402,0.5655900022855647,0.2893236617708091,0.6188715165396462,0.6503425155667107,1.3907783880104365,0.09620246075426646,0.20622960523067246,0.19277843732658528,0.4126419113089737,0.24743176200894407,0.6445597400332982,0.5705859271910487,1.3110217996347744,0.29091277065088955,0.6684233976695435,0.4751386463779147,1.21557451882164
M3,40,ConcederTBNegotiator,LinearTBNegotiator,SmartAspirationNegotiator,0.45,0.5104177855340404,20,11.9,6.889351050333903,20,0.11799475722647226,0.1327929114017792,20,0.36755037426679216,0.4160245618710522,20,0.29665572860547873,0.33583713733598497,20,0.4384450199281056,0.49621198640611935,20,0.8530955057600567,0.9648420351438837,20,0.11780277652645565,0.13297107569953873,20,0.32064224340164993,0.36324091070658054,20,0.5583824890391106,0.48925763245607856,20,1.1082688094414286,0.9648420351438837,20,0.5650499506143912,0.49192392645563565,20,1.0128215286282942,0.9648420351438837,20,0.22370045761428853,3.0193912248036114,0.0581990594575991,0.18233080332803497,0.14718711501663023,0.21747449163943974,0.42286066611366907,0.058277143403866034,0.15919734823557366,0.2144266116377502,0.42286066611366907,0.21559516650542804,0.42286066611366907,0.2,0.6512499999999989,8.94875,14.80125,0.06596173049217045,0.18303604064434947,0.20453702572691967,0.5305637228066646,0.16506268978352429,0.42824876742743323,0.24401136167031495,0.6328786781858963,0.4750357819460097,1.3256701605276153,0.06569993862851146,0.16990561442439983,0.17831142304180347,0.4629730637614964,0.3187466229298518,0.7500911819265175,0.7302090856273816,1.4863285332554752,0.37229650808262477,0.7578033931461576,0.6347618048142475,1.4853961833958529
M3,40,ConcederTBNegotiator,SmartAspirationNegotiator,BoulwareTBNegotiator,0.2,0.41039134083406165,20,14.55,9.800510190801292,20,0.03765943458251152,0.07538681172191772,20,0.17699222671030077,0.3615996817498784,20,0.1691439816917337,0.3459036570837926,20,0.18484047172886783,0.37729570641596405,20,0.39164388800311306,0.7985861752216744,20,0.03738018992794192,0.07553006120717967,20,0.1474602818009259,0.3017656452087844,20,0.791781638428621,0.40617541030313997,20,1.569720427198372,0.7985861752216744,20,0.8003206824108652,0.40715851156884036,20,1.4742731463852379,0.7985861752216744,20,0.1798619353545204,4.295262972158979,0.03303972698096845,0.15847804793086356,0.15159896181740684,0.16535713404432023,0.3499958228426955,0.03310250883597882,0.13225462520834141,0.17801422233243114,0.3499958228426955,0.17844508545917004,0.3499958228426955,0.05,0.4,10.347500000000002,18.702499999999997,0.010105193951347801,0.07439842209072979,0.044825811716634426,0.3532141133685226,0.042714538864994336,0.33771657212738615,0.046937084568274494,0.3687116546096589,0.09975681738461664,0.7808266488277749,0.009773590924046408,0.07418898859980258,0.03716349364422809,0.2945226660098563,0.5938362288214658,0.9402406956339873,1.1805376663737104,1.8616074978168686,0.6018961685108649,0.9491390678358653,1.085090385560576,1.766160217003734
M3,40,ConcederTBNegotiator,SmartAspirationNegotiator,ConcederTBNegotiator,0.4,0.5026246899500346,20,12.7,7.664683191173176,20,0.08843653737874305,0.10996936938728331,20,0.3440140618719316,0.43130692314249847,20,0.3020806967764808,0.37886505301060275,20,0.3859474269673825,0.48374879327439413,20,0.7764646611226063,0.9725832156722802,20,0.08822710388781586,0.11014481345968735,20,0.29772032307956664,0.3736039798147067,20,0.5938362288214657,0.4974612506541451,20,1.1848996540788788,0.9725832156722801,20,0.6041201243926769,0.49587076104847433,20,1.0894523732657446,0.9725832156722801,20,0.2202849828840144,3.3591955177267945,0.04819620113697898,0.18902859346532913,0.16604493051483074,0.21201225641582752,0.42625338806763724,0.04827309289191936,0.1637391635239081,0.21802200583640707,0.4262533880676372,0.2173249430327529,0.4262533880676372,0.2,0.6,9.15,16.0,0.04467849222651814,0.132194582530968,0.17239220096200533,0.515635922781858,0.151326044016281,0.4905240127267304,0.19345835790772956,0.5784364960270354,0.3894628941505287,1.163466428094684,0.04439924757194853,0.1323288843056571,0.14905911033578104,0.44638153582335216,0.3958908192143105,0.791781638428621,0.7978978871068012,1.571901421050956,0.40680758843358245,0.8014326603517713,0.6057001645506477,1.4764541402378222
M3,40,ConcederTBNegotiator,SmartAspirationNegotiator,GeniusBOABaselineNegotiator,0.2,0.41039134083406165,20,14.95,10.354124527783222,20,0.05133464825772519,0.10344775810373388,20,0.162764584433878,0.33240517579623574,20,0.1580328705806226,0.323104138148567,20,0.16749629828713342,0.3417062134439045,20,0.37686381712548117,0.7682581096962053,20,0.051055403603155594,0.10359100758899585,20,0.11644089468397781,0.23811520585490867,20,0.791781638428621,0.40617541030313997,20,1.5845004980760038,0.7682581096962053,20,0.807856289520202,0.3916957720408432,20,1.4890532172628697,0.7682581096962053,20,0.1798619353545204,4.537895153157754,0.04533797897102112,0.14568299155401757,0.14160663207548904,0.1497593510325461,0.33670396207905623,0.04540076082603149,0.1043585902065146,0.17801422233243114,0.33670396207905623,0.17166824106538703,0.33670396207905623,0.05,0.4,10.35,19.30125,0.01352399737015122,0.10174884944115717,0.041268901147528736,0.324758828815677,0.03993676108721656,0.31549434990516395,0.04260104120784089,0.33402330772619004,0.09606179966520867,0.7512665070725111,0.013192394342849828,0.10153941595022994,0.02940864686499107,0.23248389177596013,0.5938362288214658,0.9402406956339873,1.210097808128974,1.865302515536277,0.6169673827295385,0.9510229696131995,1.11465052731584,1.769855234723142
M3,40,ConcederTBNegotiator,SmartAspirationNegotiator,LinearTBNegotiator,0.4,0.5026246899500346,20,12.7,7.664683191173176,20,0.08843653737874305,0.10996936938728331,20,0.3440140618719316,0.43130692314249847,20,0.3020806967764808,0.37886505301060275,20,0.3859474269673825,0.48374879327439413,20,0.7764646611226063,0.9725832156722802,20,0.08822710388781586,0.11014481345968735,20,0.29772032307956664,0.3736039798147067,20,0.5938362288214657,0.4974612506541451,20,1.1848996540788788,0.9725832156722801,20,0.6041201243926769,0.49587076104847433,20,1.0894523732657446,0.9725832156722801,20,0.2202849828840144,3.3591955177267945,0.04819620113697898,0.18902859346532913,0.16604493051483074,0.21201225641582752,0.42625338806763724,0.04827309289191936,0.1637391635239081,0.21802200583640707,0.4262533880676372,0.2173249430327529,0.4262533880676372,0.2,0.65,9.35,15.8,0.04467849222651813,0.13219458253096797,0.17239220096200533,0.516708559412544,0.151326044016281,0.45283534953668053,0.19345835790772956,0.6265587632919486,0.3894628941505287,1.1634664280946843,0.04439924757194853,0.13205496020368318,0.14905911033578104,0.44638153582335216,0.3958908192143105,0.791781638428621,0.797897887106801,1.571901421050956,0.40680758843358256,0.8014326603517713,0.702450606293667,1.4764541402378222
M3,40,ConcederTBNegotiator,SmartAspirationNegotiator,SmartAspirationNegotiator,0.2,0.41039134083406165,20,14.55,9.800510190801292,20,0.03765943458251152,0.07538681172191772,20,0.17699222671030077,0.3615996817498784,20,0.1691439816917337,0.3459036570837926,20,0.18484047172886783,0.37729570641596405,20,0.39164388800311306,0.7985861752216744,20,0.03738018992794192,0.07553006120717967,20,0.1474602818009259,0.3017656452087844,20,0.791781638428621,0.40617541030313997,20,1.569720427198372,0.7985861752216744,20,0.8003206824108652,0.40715851156884036,20,1.4742731463852379,0.7985861752216744,20,0.1798619353545204,4.295262972158979,0.03303972698096845,0.15847804793086356,0.15159896181740684,0.16535713404432023,0.3499958228426955,0.03310250883597882,0.13225462520834141,0.17801422233243114,0.3499958228426955,0.17844508545917004,0.3499958228426955,0.05,0.4,10.44875,18.45,0.010105193951347801,0.07439842209072979,0.044825811716634426,0.3532141133685226,0.042714538864994336,0.33771657212738615,0.046937084568274494,0.3238930537824651,0.09975681738461664,0.6835309586216094,0.009773590924046408,0.0741889885998026,0.03716349364422809,0.29452266600985627,0.5938362288214658,0.9402406956339873,1.2754009643247235,1.8616074978168686,0.6018961685108649,0.9491390678358653,1.085090385560576,1.766160217003734
M3,40,GeniusBOABaselineNegotiator,BoulwareTBNegotiator,BoulwareTBNegotiator,0.2,0.41039134083406165,20,16.35,12.524817468992469,20,0.08176199868507561,0.1658833638032749,20,0.1438699470026552,0.2936341978463709,20,0.10750318346556957,0.2194194079132059,20,0.18023671053974086,0.36784898777953595,20,0.369501892690386,0.7531517594960166,20,0.081482754030506,0.16602661328853685,20,0.09875395650923484,0.2018223744909991,20,0.791781638428621,0.40617541030313997,20,1.591862422511099,0.7531517594960166,20,0.8116097607024993,0.38399381168441804,20,1.4964151416979647,0.7531517594960166,20,0.1798619353545204,5.489243280223028,0.07270158964888834,0.1286908612730091,0.09616479548863,0.16121692705738822,0.3300833121949065,0.0727643715038987,0.08845255555348952,0.17801422233243114,0.3300833121949065,0.16829270810965988,0.3300833121949065,0.05,0.4,10.9,22.002499999999998,0.021130834976988824,0.162603550295858,0.036545241789723036,0.2869695539532314,0.02730433930845331,0.21443497567505793,0.04578614427099275,0.3595041322314049,0.09422131855643488,0.7365426582023209,0.020799231949687434,0.1623941168049308,0.024986912321305326,0.19711001542647416,0.5938362288214658,0.9402406956339873,1.2248216569991641,1.8671429966450503,0.6244743250941331,0.9519613374087739,1.1293743761860302,1.7716957158319158
M3,40,GeniusBOABaselineNegotiator,BoulwareTBNegotiator,ConcederTBNegotiator,0.2,0.41039134083406165,20,16.35,12.524817468992469,20,0.08176199868507561,0.1658833638032749,20,0.1438699470026552,0.2936341978463709,20,0.10750318346556957,0.2194194079132059,20,0.18023671053974086,0.36784898777953595,20,0.369501892690386,0.7531517594960166,20,0.081482754030506,0.16602661328853685,20,0.09875395650923484,0.2018223744909991,20,0.791781638428621,0.40617541030313997,20,1.591862422511099,0.7531517594960166,20,0.8116097607024993,0.38399381168441804,20,1.4964151416979647,0.7531517594960166,20,0.1798619353545204,5.489243280223028,0.07270158964888834,0.1286908612730091,0.09616479548863,0.16121692705738822,0.3300833121949065,0.0727643715038987,0.08845255555348952,0.17801422233243114,0.3300833121949065,0.16829270810965988,0.3300833121949065,0.05,0.4,11.148750000000001,22.35125,0.021130834976988824,0.162603550295858,0.036545241789723036,0.2869695539532314,0.02730433930845331,0.21443497567505787,0.04578614427099275,0.3595041322314049,0.09422131855643488,0.7365426582023209,0.020799231949687434,0.1623941168049308,0.024986912321305326,0.19711001542647416,0.5938362288214658,0.9402406956339873,1.2248216569991641,1.8671429966450503,0.6244743250941331,0.9519613374087739,1.221134567564014,1.7716957158319158
M3,40,GeniusBOABaselineNegotiator,BoulwareTBNegotiator,GeniusBOABaselineNegotiator,0.2,0.41039134083406165,20,16.35,12.524817468992469,20,0.08176199868507561,0.1658833638032749,20,0.1438699470026552,0.2936341978463709,20,0.10750318346556957,0.2194194079132059,20,0.18023671053974086,0.36784898777953595,20,0.369501892690386,0.7531517594960166,20,0.081482754030506,0.16602661328853685,20,0.09875395650923484,0.2018223744909991,20,0.791781638428621,0.40617541030313997,20,1.591862422511099,0.7531517594960166,20,0.8116097607024993,0.38399381168441804,20,1.4964151416979647,0.7531517594960166,20,0.1798619353545204,5.489243280223028,0.07270158964888834,0.1286908612730091,0.09616479548863,0.16121692705738822,0.3300833121949065,0.0727643715038987,0.08845255555348952,0.17801422233243114,0.3300833121949065,0.16829270810965988,0.3300833121949065,0.05,0.4,11.148750000000001,21.75125,0.021130834976988824,0.162603550295858,0.036545241789723036,0.2869695539532314,0.02730433930845331,0.21443497567505787,0.04578614427099275,0.3595041322314049,0.09422131855643488,0.7365426582023209,0.020799231949687434,0.1623941168049308,0.024986912321305326,0.19711001542647416,0.5938362288214658,0.9402406956339873,1.2248216569991641,1.8671429966450503,0.6244743250941331,0.9519613374087739,1.221134567564014,1.7716957158319158
M3,40,GeniusBOABaselineNegotiator,BoulwareTBNegotiator,LinearTBNegotiator,0.2,0.41039134083406165,20,16.35,12.524817468992469,20,0.08176199868507561,0.1658833638032749,20,0.1438699470026552,0.2936341978463709,20,0.10750318346556957,0.2194194079132059,20,0.18023671053974086,0.36784898777953595,20,0.369501892690386,0.7531517594960166,20,0.081482754030506,0.16602661328853685,20,0.09875395650923484,0.2018223744909991,20,0.791781638428621,0.40617541030313997,20,1.591862422511099,0.7531517594960166,20,0.8116097607024993,0.38399381168441804,20,1.4964151416979647,0.7531517594960166,20,0.1798619353545204,5.489243280223028,0.07270158964888834,0.1286908612730091,0.09616479548863,0.16121692705738822,0.3300833121949065,0.0727643715038987,0.08845255555348952,0.17801422233243114,0.3300833121949065,0.16829270810965988,0.3300833121949065,0.05,0.4,11.247500000000002,21.702499999999997,0.021130834976988824,0.162603550295858,0.036545241789723036,0.2869695539532314,0.02730433930845331,0.21443497567505793,0.04578614427099275,0.35950413223140487,0.09422131855643488,0.7365426582023209,0.020799231949687434,0.1623941168049308,0.024986912321305326,0.1971100154264742,0.5938362288214658,0.9402406956339873,1.2248216569991641,1.8671429966450508,0.6244743250941331,0.9519613374087739,1.221134567564014,1.7716957158319158
M3,40,GeniusBOABaselineNegotiator,BoulwareTBNegotiator,SmartAspirationNegotiator,0.2,0.41039134083406165,20,16.35,12.524817468992469,20,0.08176199868507561,0.1658833638032749,20,0.1438699470026552,0.2936341978463709,20,0.10750318346556957,0.2194194079132059,20,0.18023671053974086,0.36784898777953595,20,0.369501892690386,0.7531517594960166,20,0.081482754030506,0.16602661328853685,20,0.09875395650923484,0.2018223744909991,20,0.791781638428621,0.40617541030313997,20,1.591862422511099,0.7531517594960166,20,0.8116097607024993,0.38399381168441804,20,1.4964151416979647,0.7531517594960166,20,0.1798619353545204,5.489243280223028,0.07270158964888834,0.1286908612730091,0.09616479548863,0.16121692705738822,0.3300833121949065,0.0727643715038987,0.08845255555348952,0.17801422233243114,0.3300833121949065,0.16829270810965988,0.3300833121949065,0.05,0.4,10.94875,21.95,0.021130834976988824,0.162603550295858,0.036545241789723036,0.2869695539532314,0.02730433930845331,0.21443497567505787,0.04578614427099275,0.3595041322314049,0.09422131855643488,0.7365426582023209,0.020799231949687434,0.1623941168049308,0.024986912321305326,0.1971100154264742,0.6433225812232546,0.9402406956339873,1.2248216569991641,1.8671429966450508,0.6244743250941331,0.9519613374087739,1.1293743761860302,1.7716957158319158
M3,40,GeniusBOABaselineNegotiator,ConcederTBNegotiator,BoulwareTBNegotiator,0.2,0.41039134083406165,20,15.35,10.941350825868662,20,0.13621411701338043,0.2776167530633149,20,0.10547307153314056,0.21484547180750788,20,0.06575069927406099,0.13374511806067507,20,0.14519544379222013,0.2959458255543407,20,0.3471602600796616,0.7073076966783307,20,0.06575069927406099,0.13374511806067507,20,0.07944474451815914,0.1622007074936656,20,0.791781638428621,0.40617541030313997,20,1.6142040551218233,0.7073076966783308,20,0.8230006239080581,0.36062025356348504,20,1.5187567743086894,0.7073076966783308,20,0.1798619353545204,4.795258425613895,0.12167090658229963,0.09416017960544203,0.05861638242591124,0.1297039767849728,0.3099912657931837,0.05861638242591124,0.07108759435906158,0.17801422233243114,0.30999126579318376,0.158048794602108,0.30999126579318376,0.05,0.4,10.947500000000002,19.8,0.034743864559065016,0.2715077869524676,0.026946022922344375,0.21017580301420216,0.016866218260576174,0.13093000729204074,0.03702582758411257,0.28942159873636353,0.08863591040375376,0.6056846097555694,0.016866218260576174,0.13093000729204074,0.0201596093235364,0.15849159144432276,0.5938362288214658,0.9402406956339873,1.2695049222206132,1.8727284047977317,0.6472560515052507,0.9548090532101634,1.174057641407479,1.7772811239845967
M3,40,GeniusBOABaselineNegotiator,ConcederTBNegotiator,ConcederTBNegotiator,0.25,0.44426165831931935,20,13.6,8.623102384689753,20,0.22602044048105824,0.40001318543422903,20,0.08404301941673979,0.14797943450894868,20,0.05212231037973029,0.09160838727102973,20,0.11596372845374929,0.2043504817468676,20,0.3941064793145379,0.6959720544521265,20,0.05212231037973029,0.09160838727102973,20,0.17393476143166559,0.308383099635783,20,0.7422952860268321,0.43969777964385853,20,1.5672578358869473,0.6959720544521265,20,0.7990651322347258,0.35484078559909527,20,1.471810555073813,0.6959720544521265,20,0.19470625648856146,3.7792412493849383,0.1753135082073243,0.06485484666746154,0.04014914592444119,0.08956054741048187,0.30502320154224744,0.04014914592444119,0.13515485248394946,0.19270604846852063,0.30502320154224744,0.15551583108664507,0.30502320154224744,0.1,0.45,9.84875,17.3525,0.09096044443699922,0.4061004352064702,0.017424875925011147,0.15066116290846848,0.010881575080811048,0.09336304567864953,0.023968176769211244,0.20795928013828732,0.08079019760566851,0.7074227610234072,0.010881575080811048,0.09336304567864953,0.03510527035992951,0.3127642525034017,0.5443498764196769,0.9402406956339873,1.2539415541780776,1.8805741175958168,0.6393210809738139,0.9188731706804095,1.1584942733649437,1.706797766355465
M3,40,GeniusBOABaselineNegotiator,ConcederTBNegotiator,GeniusBOABaselineNegotiator,0.2,0.41039134083406165,20,15.35,10.941350825868662,20,0.13509533201840895,0.275321054692358,20,0.09468247493301418,0.19270363477188127,20,0.046527573709472025,0.09430009668330909,20,0.14283737615655637,0.2911071728604534,20,0.3244602818844374,0.6607283242361205,20,0.046527573709472025,0.09430009668330909,20,0.09630980244708434,0.19680707617714427,20,0.8084220537802302,0.372029998462227,20,1.6369040333170477,0.6607283242361206,20,0.8345741893182621,0.3368717984288635,20,1.5414567525039136,0.6607283242361206,20,0.1798619353545204,4.795258425613895,0.12066477241009377,0.08445609166479885,0.041328839587861585,0.12758334374173613,0.2895769557396915,0.041328839587861585,0.0862545041538745,0.1630493357812136,0.28957695573969156,0.14764057523395094,0.28957695573969156,0.05,0.35124999999999884,10.75,20.05125,0.034464168310322146,0.2692702169625246,0.024248373772312783,0.18859460981394943,0.012060436869428934,0.09248375616286279,0.03643631067519663,0.24923844163791609,0.08296091585494772,0.6464594365904235,0.012060436869428934,0.09248375616286282,0.024375873805767702,0.19222170730217317,0.6271170595246841,0.9444007994718897,1.393392172570647,1.8784033993465379,0.6704031823256587,0.9577024445627146,1.2194575977979274,1.7829561185334029
M3,40,GeniusBOABaselineNegotiator,ConcederTBNegotiator,LinearTBNegotiator,0.25,0.44426165831931935,20,13.6,8.623102384689753,20,0.22602044048105824,0.40001318543422903,20,0.08404301941673979,0.14797943450894868,20,0.05212231037973029,0.09160838727102973,20,0.11596372845374929,0.2043504817468676,20,0.3941064793145379,0.6959720544521265,20,0.05212231037973029,0.09160838727102973,20,0.17393476143166559,0.308383099635783,20,0.7422952860268321,0.43969777964385853,20,1.5672578358869473,0.6959720544521265,20,0.7990651322347258,0.35484078559909527,20,1.471810555073813,0.6959720544521265,20,0.19470625648856146,3.7792412493849383,0.1753135082073243,0.06485484666746154,0.04014914592444119,0.08956054741048187,0.30502320154224744,0.04014914592444119,0.13515485248394946,0.19270604846852063,0.30502320154224744,0.15551583108664507,0.30502320154224744,0.1,0.45,9.898750000000001,17.3,0.04594044575564622,0.4061004352064702,0.017424875925011147,0.15066116290846848,0.02119175890554086,0.09336304567864953,0.04696706469034575,0.20795928013828732,0.15911926803288584,0.7074227610234072,0.02119175890554086,0.09336304567864953,0.03510527035992951,0.3127642525034017,0.544349876419677,0.8907543432321985,1.2539415541780776,1.8022450471685993,0.6393210809738139,0.9188731706804095,1.1584942733649437,1.706797766355465
M3,40,GeniusBOABaselineNegotiator,ConcederTBNegotiator,SmartAspirationNegotiator,0.2,0.41039134083406165,20,15.15,10.643876420889049,20,0.1460355029585799,0.2977698117978109,20,0.09755312019802354,0.19859407456871192,20,0.04146885645563282,0.08391982789979174,20,0.15363738394041426,0.3132683212376321,20,0.341141743354627,0.6949579609352348,20,0.04146885645563282,0.08391982789979174,20,0.11216852748478143,0.22934849333784038,20,0.7968955645348222,0.39568185534488887,20,1.6202225718468584,0.6949579609352348,20,0.8260691597626101,0.35432375084475004,20,1.524775291033724,0.6949579609352348,20,0.1798619353545204,4.6648845193581545,0.13050337400213594,0.0870376907302032,0.036779486209427475,0.1372958952509789,0.3045787554625423,0.036779486209427475,0.10051640904155147,0.17341521909882435,0.3045787554625423,0.15528923061458566,0.3045787554625423,0.05,0.4,10.747500000000002,19.401249999999997,0.03719921104536488,0.29115055884286656,0.02496603508856512,0.1943359003439681,0.010795757555969131,0.0823663216551844,0.0391363126211611,0.3063054790327518,0.08713128122249511,0.6798223595308027,0.010795757555969131,0.07239756451279347,0.028340555065191973,0.22393915737756737,0.6040640810338682,0.9415191771605376,1.2815419556706824,1.87423303397899,0.6533931232143547,0.9555761871738016,1.186094674857548,1.7787857531658555
M3,40,GeniusBOABaselineNegotiator,GeniusBOABaselineNegotiator,BoulwareTBNegotiator,0.2,0.41039134083406165,20,16.15,12.196958205785743,20,0.10569362261669957,0.21499001997145323,20,0.12096809536497607,0.24664058984052145,20,0.11189342736800859,0.22842799832175845,20,0.1300427633619436,0.26485318135928454,20,0.3476298133466517,0.7082711996524962,20,0.10541437796212998,0.2151332694567152,20,0.024628385399813605,0.04971991190256929,20,0.8008234570759709,0.3876219899118182,20,1.6137345018548335,0.7082711996524961,20,0.8227612225569929,0.3611114947707905,20,1.518287221041699,0.7082711996524961,20,0.1798619353545204,5.345552622704714,0.09422353063148053,0.10809500447923379,0.10011298431348531,0.11607702464498232,0.3104135395899481,0.0942863124864909,0.021790712158491383,0.16988282732724638,0.31041353958994805,0.1582640905537533,0.31041353958994805,0.05,0.4,11.1,21.60125,0.0271137409598948,0.21046679815910588,0.030819778880303256,0.2411658506778732,0.02840190028406306,0.22321546347993593,0.033237657476543433,0.2591162378758104,0.0887532987205013,0.6927984995148522,0.02678213793259341,0.21025736466817868,0.0064555195439500185,0.048858873207631714,0.6119198661161657,0.9425011502958247,1.2685658156866324,1.872611016480984,0.6467772488031204,0.9547492028723973,1.1731185348734987,1.7771637356678494
M3,40,GeniusBOABaselineNegotiator,GeniusBOABaselineNegotiator,ConcederTBNegotiator,0.2,0.41039134083406165,20,16.15,12.196958205785743,20,0.10569362261669957,0.21499001997145323,20,0.12096809536497607,0.24664058984052145,20,0.11189342736800859,0.22842799832175845,20,0.1300427633619436,0.26485318135928454,20,0.3476298133466517,0.7082711996524962,20,0.10541437796212998,0.2151332694567152,20,0.024628385399813605,0.04971991190256929,20,0.8008234570759709,0.3876219899118182,20,1.6137345018548335,0.7082711996524961,20,0.8227612225569929,0.3611114947707905,20,1.518287221041699,0.7082711996524961,20,0.1798619353545204,5.345552622704714,0.09422353063148053,0.10809500447923379,0.10011298431348531,0.11607702464498232,0.3104135395899481,0.0942863124864909,0.021790712158491383,0.16988282732724638,0.31041353958994805,0.1582640905537533,0.31041353958994805,0.05,0.35124999999999884,11.398750000000001,21.55,0.0271137409598948,0.21046679815910582,0.030819778880303256,0.21111641184964897,0.02840190028406306,0.22321546347993593,0.033237657476543433,0.2591162378758104,0.0887532987205013,0.6927984995148522,0.02678213793259341,0.21025736466817868,0.0064555195439500185,0.048858873207631714,0.6119198661161656,0.9425011502958247,1.2685658156866324,1.872611016480984,0.6467772488031204,0.9547492028723973,1.1731185348734985,1.7771637356678494
M3,40,GeniusBOABaselineNegotiator,GeniusBOABaselineNegotiator,GeniusBOABaselineNegotiator,0.2,0.41039134083406165,20,16.15,12.196958205785743,20,0.10569362261669957,0.21499001997145323,20,0.12096809536497607,0.24664058984052145,20,0.11189342736800859,0.22842799832175845,20,0.1300427633619436,0.26485318135928454,20,0.3476298133466517,0.7082711996524962,20,0.10541437796212998,0.2151332694567152,20,0.024628385399813605,0.04971991190256929,20,0.8008234570759709,0.3876219899118182,20,1.6137345018548335,0.7082711996524961,20,0.8227612225569929,0.3611114947707905,20,1.518287221041699,0.7082711996524961,20,0.1798619353545204,5.345552622704714,0.09422353063148053,0.10809500447923379,0.10011298431348531,0.11607702464498232,0.3104135395899481,0.0942863124864909,0.021790712158491383,0.16988282732724638,0.31041353958994805,0.1582640905537533,0.31041353958994805,0.05,0.4,11.19875,21.151249999999997,0.0271137409598948,0.21046679815910588,0.030819778880303256,0.2411658506778732,0.02840190028406306,0.22321546347993587,0.033237657476543433,0.2591162378758104,0.0887532987205013,0.6927984995148522,0.02678213793259341,0.21025736466817868,0.0064555195439500185,0.048858873207631714,0.6591457638561169,0.9425011502958247,1.2685658156866324,1.872611016480984,0.6467772488031204,0.9547492028723973,1.1731185348734985,1.7771637356678494
M3,40,GeniusBOABaselineNegotiator,GeniusBOABaselineNegotiator,LinearTBNegotiator,0.2,0.41039134083406165,20,16.15,12.196958205785743,20,0.10569362261669957,0.21499001997145323,20,0.12096809536497607,0.24664058984052145,20,0.11189342736800859,0.22842799832175845,20,0.1300427633619436,0.26485318135928454,20,0.3476298133466517,0.7082711996524962,20,0.10541437796212998,0.2151332694567152,20,0.024628385399813605,0.04971991190256929,20,0.8008234570759709,0.3876219899118182,20,1.6137345018548335,0.7082711996524961,20,0.8227612225569929,0.3611114947707905,20,1.518287221041699,0.7082711996524961,20,0.1798619353545204,5.345552622704714,0.09422353063148053,0.10809500447923379,0.10011298431348531,0.11607702464498232,0.3104135395899481,0.0942863124864909,0.021790712158491383,0.16988282732724638,0.31041353958994805,0.1582640905537533,0.31041353958994805,0.05,0.4,11.048750000000002,21.75,0.0271137409598948,0.21046679815910582,0.030819778880303256,0.21111641184964897,0.02840190028406306,0.22321546347993587,0.033237657476543433,0.2591162378758104,0.0887532987205013,0.6927984995148522,0.02678213793259341,0.21025736466817868,0.0064555195439500185,0.042801251255677186,0.6119198661161656,0.9425011502958247,1.2685658156866324,1.872611016480984,0.6467772488031204,0.9547492028723973,1.2572534021269994,1.7771637356678494
M3,40,GeniusBOABaselineNegotiator,GeniusBOABaselineNegotiator,SmartAspirationNegotiator,0.2,0.41039134083406165,20,16.15,12.196958205785743,20,0.10569362261669957,0.21499001997145323,20,0.12096809536497607,0.24664058984052145,20,0.11189342736800859,0.22842799832175845,20,0.1300427633619436,0.26485318135928454,20,0.3476298133466517,0.7082711996524962,20,0.10541437796212998,0.2151332694567152,20,0.024628385399813605,0.04971991190256929,20,0.8008234570759709,0.3876219899118182,20,1.6137345018548335,0.7082711996524961,20,0.8227612225569929,0.3611114947707905,20,1.518287221041699,0.7082711996524961,20,0.1798619353545204,5.345552622704714,0.09422353063148053,0.10809500447923379,0.10011298431348531,0.11607702464498232,0.3104135395899481,0.0942863124864909,0.021790712158491383,0.16988282732724638,0.31041353958994805,0.1582640905537533,0.31041353958994805,0.05,0.4,11.2,21.55,0.0271137409598948,0.21046679815910588,0.030819778880303256,0.2411658506778732,0.02840190028406306,0.22321546347993587,0.033237657476543433,0.2591162378758104,0.0887532987205013,0.6927984995148522,0.02678213793259341,0.21025736466817868,0.0064555195439500185,0.048858873207631714,0.6119198661161656,0.9425011502958247,1.2685658156866324,1.8726110164809842,0.6467772488031204,0.9547492028723973,1.1731185348734985,1.7771637356678494
M3,40,GeniusBOABaselineNegotiator,LinearTBNegotiator,BoulwareTBNegotiator,0.2,0.41039134083406165,20,15.35,10.941350825868662,20,0.13621411701338043,0.2776167530633149,20,0.10547307153314056,0.21484547180750788,20,0.06575069927406099,0.13374511806067507,20,0.14519544379222013,0.2959458255543407,20,0.3471602600796616,0.7073076966783307,20,0.06575069927406099,0.13374511806067507,20,0.07944474451815914,0.1622007074936656,20,0.791781638428621,0.40617541030313997,20,1.6142040551218233,0.7073076966783308,20,0.8230006239080581,0.36062025356348504,20,1.5187567743086894,0.7073076966783308,20,0.1798619353545204,4.795258425613895,0.12167090658229963,0.09416017960544203,0.05861638242591124,0.1297039767849728,0.3099912657931837,0.05861638242591124,0.07108759435906158,0.17801422233243114,0.30999126579318376,0.158048794602108,0.30999126579318376,0.05,0.4,10.6,19.703749999999996,0.034743864559065016,0.2715077869524676,0.026946022922344375,0.21017580301420216,0.016866218260576177,0.13093000729204074,0.03702582758411257,0.2894215987363635,0.08863591040375376,0.691859392980872,0.016866218260576174,0.13093000729204074,0.0201596093235364,0.15849159144432276,0.5938362288214658,0.9402406956339873,1.2695049222206134,1.8727284047977317,0.6472560515052507,0.9548090532101634,1.2602324246327814,1.7772811239845967
M3,40,GeniusBOABaselineNegotiator,LinearTBNegotiator,ConcederTBNegotiator,0.2,0.41039134083406165,20,14.55,9.800510190801292,20,0.1773280648760908,0.3619807940151119,20,0.07168595147526804,0.14551576429014929,20,0.06075365344389044,0.12349139636841036,20,0.08261824950664565,0.16754013221188824,20,0.3206999678266269,0.6530123225954105,20,0.06075365344389044,0.12349139636841036,20,0.11661348485122713,0.2384693534056698,20,0.791781638428621,0.40617541030313997,20,1.6406643473748581,0.6530123225954105,20,0.8364913823805944,0.3329378012714219,20,1.545217066561724,0.6530123225954105,20,0.1798619353545204,4.295262972158979,0.15864507774555928,0.0637750955871196,0.0541224907555627,0.07342770041867652,0.2861952689197985,0.0541224907555627,0.10451380221403773,0.17801422233243114,0.2861952689197985,0.14591642496075422,0.2861952689197985,0.05,0.4,10.2,18.701249999999998,0.045022351524742606,0.35373568267788824,0.01849924290787625,0.14260156289845713,0.01561695680303354,0.12093591563169967,0.021381529012718958,0.16426721016521456,0.0820208373404951,0.6389388084748026,0.01561695680303354,0.10626648922342083,0.0294517944068034,0.2328290721104588,0.5938362288214658,0.9402406956339873,1.3224255067266824,1.8793434778609903,0.6742375684503232,0.9581817428282975,1.2269782259135484,1.7838961970478557
M3,40,GeniusBOABaselineNegotiator,LinearTBNegotiator,GeniusBOABaselineNegotiator,0.2,0.41039134083406165,20,15.55,11.245934938082247,20,0.12620644312952006,0.2570814395441775,20,0.12022586619014859,0.24511756770920343,20,0.10764771824425068,0.21971598702130637,20,0.1328040141360465,0.2705191483971004,20,0.3666581755098173,0.7473165749625844,20,0.10764771824425068,0.21971598702130637,20,0.02515629589179582,0.05080316137579404,20,0.791781638428621,0.40617541030313997,20,1.5947061396916677,0.7473165749625844,20,0.8130596275928719,0.3810187475985637,20,1.4992588588785336,0.7473165749625844,20,0.1798619353545204,4.9287482984499915,0.11267090861655955,0.1074275105999285,0.0962947770137281,0.11856024418612887,0.32752592981641654,0.0962947770137281,0.022265467172400775,0.17801422233243114,0.32752592981641654,0.16698882878511573,0.32752592981641654,0.05,0.4,10.95,20.55125,0.032241946088099924,0.2514924391847469,0.030634221586596382,0.23968139232821822,0.027340473003123582,0.2147240452324201,0.03392797017006916,0.2646387394240163,0.0935103892612927,0.6420821933104108,0.027340473003123582,0.21472404523242009,0.006587497166945573,0.04991469419159615,0.5938362288214658,0.9402406956339873,1.2305090913603016,1.8678539259401927,0.6273740588748782,0.952323804131367,1.1350618105471677,1.7724066451270581
M3,40,GeniusBOABaselineNegotiator,LinearTBNegotiator,LinearTBNegotiator,0.2,0.41039134083406165,20,14.55,9.800510190801292,20,0.16638789393591988,0.33953203690965905,20,0.08072348124450512,0.16406038408927404,20,0.07792537061560761,0.1587270165410318,20,0.08352159187340265,0.1693937516375163,20,0.32783485642493015,0.6676528050882071,20,0.07792537061560761,0.1587270165410318,20,0.08850159673933906,0.1807849761275955,20,0.791781638428621,0.40617541030313997,20,1.633529458776555,0.6676528050882071,20,0.8328536652349298,0.3404022393563437,20,1.5380821779634206,0.6676528050882071,20,0.1798619353545204,4.295262972158979,0.1488064761535172,0.07190263356271495,0.06956518217489019,0.07424008495053973,0.29261174327894707,0.06956518217489019,0.07923250920266812,0.17801422233243114,0.29261174327894707,0.149187859191212,0.29261174327894707,0.05,0.4,10.196250000000003,18.651249999999997,0.04228730878969988,0.33185534079754647,0.02075862535018552,0.1606766224369313,0.019909886095962833,0.15527934997513398,0.021607364604408204,0.16607389489872854,0.0838045594900709,0.653208585671409,0.019909886095962833,0.136424317506249,0.022423822378831382,0.1766052958866826,0.5938362288214658,0.9402406956339873,1.308155729530076,1.8775597557114143,0.666962134158994,0.9572723135418814,1.212708448716942,1.7821124748982797
M3,40,GeniusBOABaselineNegotiator,LinearTBNegotiator,SmartAspirationNegotiator,0.2,0.41039134083406165,20,15.55,11.245934938082247,20,0.12620644312952006,0.2570814395441775,20,0.12022586619014859,0.24511756770920343,20,0.10764771824425068,0.21971598702130637,20,0.1328040141360465,0.2705191483971004,20,0.3666581755098173,0.7473165749625844,20,0.10764771824425068,0.21971598702130637,20,0.02515629589179582,0.05080316137579404,20,0.791781638428621,0.40617541030313997,20,1.5947061396916677,0.7473165749625844,20,0.8130596275928719,0.3810187475985637,20,1.4992588588785336,0.7473165749625844,20,0.1798619353545204,4.9287482984499915,0.11267090861655955,0.1074275105999285,0.0962947770137281,0.11856024418612887,0.32752592981641654,0.0962947770137281,0.022265467172400775,0.17801422233243114,0.32752592981641654,0.16698882878511573,0.32752592981641654,0.05,0.4,10.648750000000001,20.8025,0.032241946088099924,0.2514924391847469,0.030634221586596382,0.2098175107937008,0.027340473003123582,0.21472404523242009,0.03392797017006916,0.2646387394240162,0.0935103892612927,0.7308552238411832,0.027340473003123582,0.21472404523242009,0.006587497166945573,0.04991469419159615,0.5938362288214658,0.9402406956339873,1.3192821218910742,1.8678539259401927,0.6273740588748782,0.952323804131367,1.1350618105471675,1.7724066451270581
M3,40,GeniusBOABaselineNegotiator,SmartAspirationNegotiator,BoulwareTBNegotiator,0.2,0.41039134083406165,20,16.35,12.524817468992469,20,0.13590474479384387,0.27698193466335275,20,0.09777072844853106,0.19904059727722362,20,0.09760252085021778,0.1991036768839065,20,0.09793893604684437,0.19897751767054078,20,0.33144620169090605,0.6750631292178002,20,0.09760252085021778,0.1991036768839065,20,0.03834129736265287,0.07785821353841454,20,0.8070166147017591,0.37491389860159846,20,1.6299181135105791,0.6750631292178002,20,0.8310124237898874,0.34418038708349447,20,1.5344708326974448,0.6750631292178002,20,0.1798619353545204,5.489243280223028,0.12139268515154575,0.08723338793563018,0.08726103379218342,0.08720574207907697,0.2958594610228062,0.08726103379218342,0.03412286658340351,0.16431326074459696,0.2958594610228062,0.1508437054400133,0.2958594610228062,0.05,0.4,11.197500000000002,21.75125,0.034666521504180876,0.27088904251339446,0.025020437151192003,0.19477111684498313,0.02482917365461538,0.17098231260578303,0.025211700647768627,0.19490858324561194,0.08470739580656489,0.6604312762033608,0.02482917365461538,0.19463365044435432,0.009883747534659836,0.07628469713331025,0.6243061813677422,0.9440494397022718,1.300933038998124,1.8766569193949205,0.6632796512689093,0.9568120031806208,1.2054857581849903,1.781209638581786
M3,40,GeniusBOABaselineNegotiator,SmartAspirationNegotiator,ConcederTBNegotiator,0.2,0.41039134083406165,20,15.95,11.874231277057586,20,0.10603550295857989,0.2156915436309986,20,0.12482009892841688,0.25454473437701175,20,0.10846072637433198,0.22138424450437166,20,0.1411794714825018,0.28770522424965184,20,0.35567570081541366,0.724781012385022,20,0.1057562583040103,0.21583479311626058,20,0.03542321317849149,0.07187043113339125,20,0.8020917777083397,0.38501945088719125,20,1.6056886143860716,0.724781012385022,20,0.8186590333785715,0.36952900935722777,20,1.5102413335729374,0.724781012385022,20,0.1798619353545204,5.20411130994676,0.09453098693123184,0.11155914855879866,0.09702592309240501,0.12609237402519233,0.31764928404882914,0.0945937687862422,0.0314986052389501,0.16874221430930664,0.31764928404882914,0.16195322897785974,0.31764928404882914,0.05,0.35,10.798750000000002,21.151249999999997,0.02719921104536488,0.21115055884286651,0.03178277977116346,0.2488698578047548,0.027543725035643906,0.2163500614925827,0.03602183450668298,0.2813896541169268,0.09076477058769179,0.7088902744523761,0.02686760801806349,0.21094112535193937,0.00915422648861949,0.0704485287649875,0.6144565073809035,0.942818230453917,1.2524740407491088,1.8705995446137933,0.6385728704462772,0.9537236555777918,1.157026759935975,1.7751522638006587
M3,40,GeniusBOABaselineNegotiator,SmartAspirationNegotiator,GeniusBOABaselineNegotiator,0.2,0.41039134083406165,20,15.95,11.874231277057586,20,0.10603550295857989,0.2156915436309986,20,0.12482009892841688,0.25454473437701175,20,0.10846072637433198,0.22138424450437166,20,0.1411794714825018,0.28770522424965184,20,0.35567570081541366,0.724781012385022,20,0.1057562583040103,0.21583479311626058,20,0.03542321317849149,0.07187043113339125,20,0.8020917777083397,0.38501945088719125,20,1.6056886143860716,0.724781012385022,20,0.8186590333785715,0.36952900935722777,20,1.5102413335729374,0.724781012385022,20,0.1798619353545204,5.20411130994676,0.09453098693123184,0.11155914855879866,0.09702592309240501,0.12609237402519233,0.31764928404882914,0.0945937687862422,0.0314986052389501,0.16874221430930664,0.31764928404882914,0.16195322897785974,0.31764928404882914,0.05,0.4,11.25,20.75125,0.02719921104536488,0.21115055884286651,0.03178277977116346,0.2488698578047548,0.027543725035643906,0.18937772771302003,0.03602183450668298,0.2813896541169268,0.09076477058769179,0.7088902744523761,0.02686760801806349,0.21094112535193932,0.00915422648861949,0.07044852876498749,0.6144565073809035,0.942818230453917,1.2524740407491088,1.8705995446137933,0.6385728704462772,0.9537236555777919,1.157026759935975,1.7751522638006587
M3,40,GeniusBOABaselineNegotiator,SmartAspirationNegotiator,LinearTBNegotiator,0.2,0.41039134083406165,20,15.95,11.874231277057586,20,0.10603550295857989,0.2156915436309986,20,0.12482009892841688,0.25454473437701175,20,0.10846072637433198,0.22138424450437166,20,0.1411794714825018,0.28770522424965184,20,0.35567570081541366,0.724781012385022,20,0.1057562583040103,0.21583479311626058,20,0.03542321317849149,0.07187043113339125,20,0.8020917777083397,0.38501945088719125,20,1.6056886143860716,0.724781012385022,20,0.8186590333785715,0.36952900935722777,20,1.5102413335729374,0.724781012385022,20,0.1798619353545204,5.20411130994676,0.09453098693123184,0.11155914855879866,0.09702592309240501,0.12609237402519233,0.31764928404882914,0.0945937687862422,0.0314986052389501,0.16874221430930664,0.31764928404882914,0.16195322897785974,0.31764928404882914,0.05,0.4,10.95,20.901249999999997,0.02719921104536488,0.21115055884286646,0.03178277977116346,0.2488698578047548,0.027543725035643906,0.21635006149258268,0.03602183450668298,0.28138965411692685,0.09076477058769179,0.7088902744523761,0.02686760801806349,0.21094112535193932,0.00915422648861949,0.07044852876498749,0.6144565073809035,0.942818230453917,1.2524740407491088,1.8705995446137933,0.6385728704462772,0.9537236555777918,1.157026759935975,1.7751522638006587
M3,40,GeniusBOABaselineNegotiator,SmartAspirationNegotiator,SmartAspirationNegotiator,0.2,0.41039134083406165,20,15.95,11.874231277057586,20,0.10603550295857989,0.2156915436309986,20,0.12482009892841688,0.25454473437701175,20,0.10846072637433198,0.22138424450437166,20,0.1411794714825018,0.28770522424965184,20,0.35567570081541366,0.724781012385022,20,0.1057562583040103,0.21583479311626058,20,0.03542321317849149,0.07187043113339125,20,0.8020917777083397,0.38501945088719125,20,1.6056886143860716,0.724781012385022,20,0.8186590333785715,0.36952900935722777,20,1.5102413335729374,0.724781012385022,20,0.1798619353545204,5.20411130994676,0.09453098693123184,0.11155914855879866,0.09702592309240501,0.12609237402519233,0.31764928404882914,0.0945937687862422,0.0314986052389501,0.16874221430930664,0.31764928404882914,0.16195322897785974,0.31764928404882914,0.05,0.4,11.247500000000002,21.402499999999996,0.02719921104536488,0.21115055884286651,0.03178277977116346,0.2488698578047548,0.027543725035643906,0.2163500614925827,0.03602183450668298,0.2813896541169268,0.09076477058769179,0.7088902744523761,0.02686760801806349,0.21094112535193932,0.00915422648861949,0.06169219986836351,0.6613653249627626,0.942818230453917,1.2524740407491088,1.8705995446137933,0.6385728704462772,0.9537236555777918,1.157026759935975,1.7751522638006587
M3,40,LinearTBNegotiator,BoulwareTBNegotiator,BoulwareTBNegotiator,0.2,0.41039134083406165,20,15.15,10.643876420889049,20,0.06355607416712301,0.12852559493304347,20,0.15597607822630102,0.3184754549722964,20,0.15395304796421455,0.3147325187790029,20,0.1579991084883875,0.32221839116559,20,0.3755082306197251,0.7654765048776364,20,0.06327682951255341,0.1286688444183054,20,0.09472227897583407,0.19354954674728458,20,0.791781638428621,0.40617541030313997,20,1.58585608458176,0.7654765048776364,20,0.808547434197022,0.3902775730876908,20,1.4904088037686258,0.7654765048776364,20,0.1798619353545204,4.6648845193581545,0.05632882555530199,0.1395780222307127,0.13793760811703756,0.14121843634438785,0.33548487001672744,0.05639160741031234,0.08482682893407552,0.17801422233243114,0.33548487001672744,0.17104668796947292,0.33548487001672744,0.05,0.4,10.548750000000002,19.6,0.016579353847500675,0.1261917012599528,0.03957177459563449,0.311181816400523,0.03891680543311455,0.3073347046723479,0.04022674375815441,0.31502892812869826,0.09572290303876965,0.748555334060999,0.016247750820199282,0.11030590820490756,0.023978992937955135,0.18904666035967263,0.5938362288214658,0.9402406956339873,1.2128089811404859,1.8656414121627158,0.6183496720831785,0.9511957557824046,1.1173617003273522,1.7701941313495813
M3,40,LinearTBNegotiator,BoulwareTBNegotiator,ConcederTBNegotiator,0.2,0.41039134083406165,20,14.95,10.354124527783222,20,0.06929387684190276,0.14029931759876407,20,0.14901304812404967,0.3041876186726421,20,0.13726873201697318,0.28049702481656535,20,0.16075736423112616,0.32787821252871885,20,0.36731997309000214,0.7486745549440484,20,0.06901463218733316,0.14044256708402605,20,0.09174273204379299,0.18743564544469285,20,0.791781638428621,0.40617541030313997,20,1.594044342111483,0.7486745549440483,20,0.8127222106351677,0.38171111258702556,20,1.4985970612983488,0.7486745549440483,20,0.1798619353545204,4.537895153157754,0.061488887024143124,0.13331610188009918,0.12293324133535198,0.14369896242484634,0.3281210907843415,0.061551668879153504,0.08214729354569286,0.17801422233243114,0.32812109078434143,0.16729227112028627,0.32812109078434143,0.05,0.4,10.398750000000001,19.201249999999998,0.018013804516195612,0.1376673066095123,0.03783101707007165,0.29725575619602035,0.034745726446304206,0.2739660727778651,0.040916307693839075,0.28059842076841324,0.09367583865633891,0.732178819001553,0.01768220148889422,0.1374578731185851,0.023234106204944864,0.16025135788264114,0.5938362288214658,0.9402406956339873,1.229185496199932,1.8676884765451465,0.6266992249594698,0.9522394498919409,1.133738215386798,1.7722411957320119
M3,40,LinearTBNegotiator,BoulwareTBNegotiator,GeniusBOABaselineNegotiator,0.2,0.41039134083406165,20,14.95,10.354124527783222,20,0.0595397764628534,0.12028432593282362,20,0.15949721969476352,0.3257006848148401,20,0.1556151979190474,0.3181431785221585,20,0.1633792414704796,0.3332581911075217,20,0.37853421585238045,0.7716856955625038,20,0.0592605318082838,0.12042757541808556,20,0.1041187096621958,0.21283061568943615,20,0.791781638428621,0.40617541030313997,20,1.5828300993491047,0.771685695562504,20,0.8070046380886181,0.39344332390549835,20,1.4873828185359705,0.771685695562504,20,0.1798619353545204,4.537895153157754,0.052716930165052744,0.14274461882658634,0.1394323956556659,0.14605684199750674,0.3382061678182254,0.0527797120200631,0.09327712997744364,0.17801422233243114,0.33820616781822543,0.1724341394390478,0.33820616781822543,0.05,0.4,10.498750000000001,19.2,0.015575279421433271,0.11815910585141357,0.040452059962750114,0.318224099337448,0.03933234292182276,0.3106590045820136,0.04157177700367744,0.32578919409288243,0.09647939934693348,0.7546073045263096,0.015243676394131881,0.11794967236048637,0.026328100609545567,0.20783952173239612,0.5938362288214658,0.9402406956339873,1.2067570106751755,1.8648849158545517,0.6152640798663704,0.9508100567553035,1.1113097298620414,1.7694376350414172
M3,40,LinearTBNegotiator,BoulwareTBNegotiator,LinearTBNegotiator,0.2,0.41039134083406165,20,14.95,10.354124527783222,20,0.06929387684190276,0.14029931759876407,20,0.14901304812404967,0.3041876186726421,20,0.13726873201697318,0.28049702481656535,20,0.16075736423112616,0.32787821252871885,20,0.36731997309000214,0.7486745549440484,20,0.06901463218733316,0.14044256708402605,20,0.09174273204379299,0.18743564544469285,20,0.791781638428621,0.40617541030313997,20,1.594044342111483,0.7486745549440483,20,0.8127222106351677,0.38171111258702556,20,1.4985970612983488,0.7486745549440483,20,0.1798619353545204,4.537895153157754,0.061488887024143124,0.13331610188009918,0.12293324133535198,0.14369896242484634,0.3281210907843415,0.061551668879153504,0.08214729354569286,0.17801422233243114,0.32812109078434143,0.16729227112028627,0.32812109078434143,0.05,0.4,10.69875,19.201249999999998,0.018013804516195612,0.1376673066095123,0.03783101707007165,0.2972557561960204,0.034745726446304206,0.2739660727778651,0.040916307693839075,0.28159709623955637,0.09367583865633891,0.732178819001553,0.01768220148889422,0.1374578731185851,0.023234106204944864,0.1830875664955905,0.5938362288214658,0.9402406956339873,1.229185496199932,1.8676884765451465,0.6732049713783942,0.9522394498919409,1.133738215386798,1.7722411957320119
M3,40,LinearTBNegotiator,BoulwareTBNegotiator,SmartAspirationNegotiator,0.2,0.41039134083406165,20,14.95,10.354124527783222,20,0.0595397764628534,0.12028432593282362,20,0.15949721969476352,0.3257006848148401,20,0.1556151979190474,0.3181431785221585,20,0.1633792414704796,0.3332581911075217,20,0.37853421585238045,0.7716856955625038,20,0.0592605318082838,0.12042757541808556,20,0.1041187096621958,0.21283061568943615,20,0.791781638428621,0.40617541030313997,20,1.5828300993491047,0.771685695562504,20,0.8070046380886181,0.39344332390549835,20,1.4873828185359705,0.771685695562504,20,0.1798619353545204,4.537895153157754,0.052716930165052744,0.14274461882658634,0.1394323956556659,0.14605684199750674,0.3382061678182254,0.0527797120200631,0.09327712997744364,0.17801422233243114,0.33820616781822543,0.1724341394390478,0.33820616781822543,0.05,0.4,10.498750000000001,19.50125,0.015575279421433271,0.11815910585141358,0.040452059962750114,0.318224099337448,0.03933234292182276,0.3106590045820136,0.04157177700367744,0.32578919409288243,0.09647939934693348,0.6605890323578273,0.015243676394131878,0.11794967236048634,0.026328100609545567,0.20783952173239612,0.5938362288214657,0.9402406956339873,1.2067570106751755,1.8648849158545517,0.6152640798663704,0.9508100567553035,1.1113097298620411,1.7694376350414172
M3,40,LinearTBNegotiator,ConcederTBNegotiator,BoulwareTBNegotiator,0.3,0.4701623459816273,20,13.35,8.343134587002783,20,0.14936226166995398,0.23263917264021874,20,0.2015408279659457,0.31464907867153163,20,0.12208019068142487,0.19042954065076853,20,0.2810014652504665,0.4388686166922948,20,0.5524439176018453,0.8619373299832821,20,0.12208019068142487,0.19042954065076853,20,0.15892127456904162,0.24843907604152626,20,0.6928089336250434,0.4653323907859712,20,1.4089203975996398,0.8619373299832821,20,0.7183369181746867,0.4394580462705817,20,1.3134731167865055,0.8619373299832821,20,0.20605773335083596,3.6565399520657,0.10195861283355631,0.1379010388775759,0.08345942597255887,0.19234265178259294,0.37776069058870815,0.08345942597255887,0.10888322581003404,0.20394091215426596,0.37776069058870815,0.19260098068517265,0.37776069058870815,0.1,0.5,9.5,17.05,0.05040105193951346,0.2483234714003945,0.06769383602336786,0.3353878199085235,0.04107432439786244,0.20308605696498733,0.09431334764887332,0.4676895828520597,0.1857887239862492,0.9190991112174416,0.04107432439786244,0.20308605696498733,0.05323902325101089,0.2646035258870724,0.49486352401788813,0.8412679908304099,1.0422652039840434,1.775575591215236,0.5313980660839008,0.9052757702654726,0.9468179231709095,1.6801283104021016
M3,40,LinearTBNegotiator,ConcederTBNegotiator,ConcederTBNegotiator,0.7,0.47016234598162726,20,6.5,2.762531257265412,20,0.5638658777120316,0.3781082061832522,20,0.3202467052019585,0.2145796533207862,20,0.30198713553400586,0.20244904777929612,20,0.3385062748699112,0.22671025886227633,20,1.2043592881159486,0.8072675128248246,20,0.30198713553400586,0.20244904777929612,20,0.2618933947101608,0.1756361948410121,20,0.29691811441073285,0.4653323907859712,20,0.7570050270855363,0.8072675128248246,20,0.3859583970292492,0.41158468448116764,20,0.6615577462724023,0.8072675128248246,20,0.20605773335083594,1.2107327055178305,0.1657132277677466,0.09404367951706882,0.08872720723166336,0.0993601518024743,0.3538005868018842,0.08872720723166336,0.07697595631088457,0.20394091215426596,0.3538005868018842,0.18038494126754795,0.3538005868018842,0.5,0.9,5.298750000000001,7.5,0.4030243261012491,0.7247074293228141,0.22896774373056444,0.4115256666733528,0.2158683514545988,0.3881059196134129,0.2420671360065299,0.43494541373329243,0.8609598135623779,1.5477587626695197,0.2158683514545988,0.3881059196134129,0.1871803955335421,0.3366063938867795,0.09897270480357763,0.49486352401788813,0.4136055525319656,1.1004045016391069,0.21087645437735886,0.5610403396811396,0.3181582717188315,1.0049572208259732
M3,40,LinearTBNegotiator,ConcederTBNegotiator,GeniusBOABaselineNegotiator,0.3,0.4701623459816273,20,13.35,8.343134587002783,20,0.14936226166995398,0.23263917264021874,20,0.2015408279659457,0.31464907867153163,20,0.12208019068142487,0.19042954065076853,20,0.2810014652504665,0.4388686166922948,20,0.5524439176018453,0.8619373299832821,20,0.12208019068142487,0.19042954065076853,20,0.15892127456904162,0.24843907604152626,20,0.6928089336250434,0.4653323907859712,20,1.4089203975996398,0.8619373299832821,20,0.7183369181746867,0.4394580462705817,20,1.3134731167865055,0.8619373299832821,20,0.20605773335083596,3.6565399520657,0.10195861283355631,0.1379010388775759,0.08345942597255887,0.19234265178259294,0.37776069058870815,0.08345942597255887,0.10888322581003404,0.20394091215426596,0.37776069058870815,0.19260098068517265,0.37776069058870815,0.1,0.55,9.55,16.75125,0.05040105193951346,0.24832347140039449,0.06769383602336786,0.3353878199085235,0.04107432439786244,0.20308605696498727,0.09431334764887332,0.4676895828520598,0.1857887239862492,0.9190991112174416,0.04107432439786244,0.20308605696498733,0.05323902325101089,0.2646035258870724,0.49486352401788813,0.8907543432321985,1.0422652039840434,1.775575591215236,0.5313980660839009,0.9052757702654726,0.9468179231709095,1.6801283104021016
M3,40,LinearTBNegotiator,ConcederTBNegotiator,LinearTBNegotiator,0.55,0.5104177855340404,20,9.95,5.195899192733886,20,0.3633201840894149,0.33631867499159457,20,0.3233606611413459,0.2993742496819976,20,0.1711695018556611,0.15832056332459796,20,0.47555182042703076,0.4404279360393973,20,1.0100415063721069,0.93506717435559,20,0.1711695018556611,0.15832056332459796,20,0.3043823185713697,0.2821073727147994,20,0.44537717161609935,0.5051742881415637,20,0.9513228088293783,0.93506717435559,20,0.4850311599207675,0.47674323791270423,20,0.855875528016244,0.93506717435559,20,0.22370045761428853,2.277203224641093,0.14739815819923732,0.13120654990838052,0.06938704619865277,0.19302605361810826,0.40981125801599844,0.06938704619865277,0.12363900741945553,0.22140239355884206,0.40981125801599844,0.20894193640608766,0.40981125801599844,0.35,0.75,7.748750000000001,12.15,0.23153846153846153,0.49510190664036824,0.176728697009861,0.4406662324465339,0.10913382527399569,0.23320517843732658,0.25983248789114255,0.6481272864557414,0.6436486412107775,1.3764343715334362,0.10913382527399569,0.23320517843732652,0.1938425291243245,0.4149221080184149,0.24743176200894407,0.6433225812232546,0.584929943668049,1.3177156739907077,0.29822605577891365,0.6718362640626214,0.4894826628549148,1.3138666094679057
M3,40,LinearTBNegotiator,ConcederTBNegotiator,SmartAspirationNegotiator,0.25,0.44426165831931935,20,13.6,8.623102384689753,20,0.11222879684418145,0.19780012821422946,20,0.17556064281640618,0.31061051905686354,20,0.11978265364982965,0.21184397248554465,20,0.2313386319829827,0.40937706562818243,20,0.46335008247699383,0.8190211663279566,20,0.11196700498052248,0.19795520033087438,20,0.11937162700246022,0.2114218652973081,20,0.7422952860268321,0.43969777964385853,20,1.4980142327244912,0.8190211663279566,20,0.7637613375109278,0.41757727515493265,20,1.402566951911357,0.8190211663279566,20,0.19470625648856146,3.7792412493849383,0.08668972839845746,0.13613106208697756,0.09284471452784948,0.17941740964610567,0.35895185257241263,0.08675769175012708,0.0926597178959786,0.19270604846852063,0.35895185257241263,0.18301130992869044,0.35895185257241263,0.1,0.45,9.898750000000001,17.15,0.04544378698224851,0.20127547666009207,0.07068646115780984,0.31539288502786794,0.02441364373483092,0.21515166356482843,0.04704315747505792,0.4156341064909076,0.0946389182381597,0.8320612467158279,0.022850514000969484,0.2010834959600755,0.04798738935618138,0.214550610530832,0.544349876419677,0.8907543432321985,1.1293030684856569,1.7745476059036167,0.5757742504709775,0.905926572084889,1.033855787672523,1.6791003250904826
M3,40,LinearTBNegotiator,GeniusBOABaselineNegotiator,BoulwareTBNegotiator,0.2,0.41039134083406165,20,15.15,10.643876420889049,20,0.06355607416712301,0.12852559493304347,20,0.15597607822630102,0.3184754549722964,20,0.15395304796421455,0.3147325187790029,20,0.1579991084883875,0.32221839116559,20,0.3755082306197251,0.7654765048776364,20,0.06327682951255341,0.1286688444183054,20,0.09472227897583407,0.19354954674728458,20,0.791781638428621,0.40617541030313997,20,1.58585608458176,0.7654765048776364,20,0.808547434197022,0.3902775730876908,20,1.4904088037686258,0.7654765048776364,20,0.1798619353545204,4.6648845193581545,0.05632882555530199,0.1395780222307127,0.13793760811703756,0.14121843634438785,0.33548487001672744,0.05639160741031234,0.08482682893407552,0.17801422233243114,0.33548487001672744,0.17104668796947292,0.33548487001672744,0.05,0.4,10.897500000000003,19.65,0.016579353847500675,0.12619170125995277,0.03957177459563449,0.311181816400523,0.03891680543311455,0.3073347046723479,0.04022674375815441,0.31502892812869826,0.09572290303876965,0.748555334060999,0.016247750820199282,0.12598226776902557,0.023978992937955135,0.18904666035967263,0.6433225812232546,0.9402406956339873,1.2128089811404859,1.8656414121627158,0.6183496720831785,0.9511957557824046,1.117361700327352,1.7701941313495813
M3,40,LinearTBNegotiator,GeniusBOABaselineNegotiator,ConcederTBNegotiator,0.2,0.41039134083406165,20,14.95,10.354124527783222,20,0.06553319308121901,0.13258255734376467,20,0.15571273579061512,0.31793508769589823,20,0.15130044700683393,0.30928949646101705,20,0.1601250245743963,0.3265806789307793,20,0.37695866466244926,0.7684527327355609,20,0.06525394842664942,0.13272580682902663,20,0.09487107614774688,0.19385487210175267,20,0.791781638428621,0.40617541030313997,20,1.5844056505390358,0.7684527327355609,20,0.8078079315806633,0.39179500043907967,20,1.4889583697259017,0.7684527327355609,20,0.1798619353545204,4.537895153157754,0.05810686772687866,0.13934119582999555,0.1355520984074489,0.14313029325254215,0.3367892593868696,0.05816964958188902,0.08496064367065312,0.17801422233243114,0.3367892593868696,0.17171172982836305,0.3367892593868696,0.05,0.4,10.65,19.55,0.017073633576024674,0.1301459390881448,0.039505938986713014,0.31065513152915125,0.038253655193769394,0.3020295027575866,0.040758222779656614,0.31928076030071584,0.09608551154945069,0.7514562021464473,0.016742030548723284,0.1299365055972176,0.024016192230933337,0.16572596006456042,0.5938362288214657,0.9402406956339873,1.2099081130550373,1.8652788036520345,0.6168706668504609,0.9510108801283147,1.2057446070036302,1.7698315228388999
M3,40,LinearTBNegotiator,GeniusBOABaselineNegotiator,GeniusBOABaselineNegotiator,0.2,0.41039134083406165,20,14.95,10.354124527783222,20,0.0595397764628534,0.12028432593282362,20,0.15949721969476352,0.3257006848148401,20,0.1556151979190474,0.3181431785221585,20,0.1633792414704796,0.3332581911075217,20,0.37853421585238045,0.7716856955625038,20,0.0592605318082838,0.12042757541808556,20,0.1041187096621958,0.21283061568943615,20,0.791781638428621,0.40617541030313997,20,1.5828300993491047,0.771685695562504,20,0.8070046380886181,0.39344332390549835,20,1.4873828185359705,0.771685695562504,20,0.1798619353545204,4.537895153157754,0.052716930165052744,0.14274461882658634,0.1394323956556659,0.14605684199750674,0.3382061678182254,0.0527797120200631,0.09327712997744364,0.17801422233243114,0.33820616781822543,0.1724341394390478,0.33820616781822543,0.05,0.4,10.55,19.25125,0.015575279421433271,0.11815910585141358,0.040452059962750114,0.318224099337448,0.03933234292182276,0.3106590045820136,0.04157177700367744,0.32578919409288243,0.09647939934693348,0.6605890323578273,0.015243676394131881,0.11794967236048637,0.026328100609545567,0.20783952173239612,0.5938362288214658,0.9402406956339873,1.2067570106751755,1.8648849158545517,0.6152640798663704,0.9508100567553035,1.1113097298620411,1.7694376350414172
M3,40,LinearTBNegotiator,GeniusBOABaselineNegotiator,LinearTBNegotiator,0.2,0.41039134083406165,20,14.95,10.354124527783222,20,0.06553319308121901,0.13258255734376467,20,0.15571273579061512,0.31793508769589823,20,0.15130044700683393,0.30928949646101705,20,0.1601250245743963,0.3265806789307793,20,0.37695866466244926,0.7684527327355609,20,0.06525394842664942,0.13272580682902663,20,0.09487107614774688,0.19385487210175267,20,0.791781638428621,0.40617541030313997,20,1.5844056505390358,0.7684527327355609,20,0.8078079315806633,0.39179500043907967,20,1.4889583697259017,0.7684527327355609,20,0.1798619353545204,4.537895153157754,0.05810686772687866,0.13934119582999555,0.1355520984074489,0.14313029325254215,0.3367892593868696,0.05816964958188902,0.08496064367065312,0.17801422233243114,0.3367892593868696,0.17171172982836305,0.3367892593868696,0.05,0.35124999999999884,10.65,19.1,0.017073633576024674,0.13014593908814479,0.039505938986713014,0.31065513152915125,0.038253655193769394,0.3020295027575866,0.040758222779656614,0.31928076030071584,0.09608551154945069,0.7514562021464473,0.016742030548723284,0.11376586630457555,0.024016192230933337,0.18934425470349825,0.5938362288214658,0.9402406956339873,1.2099081130550373,1.8652788036520345,0.6168706668504609,0.9510108801283147,1.2057446070036302,1.7698315228388999
M3,40,LinearTBNegotiator,GeniusBOABaselineNegotiator,SmartAspirationNegotiator,0.2,0.41039134083406165,20,14.95,10.354124527783222,20,0.0595397764628534,0.12028432593282362,20,0.15949721969476352,0.3257006848148401,20,0.1556151979190474,0.3181431785221585,20,0.1633792414704796,0.3332581911075217,20,0.37853421585238045,0.7716856955625038,20,0.0592605318082838,0.12042757541808556,20,0.1041187096621958,0.21283061568943615,20,0.791781638428621,0.40617541030313997,20,1.5828300993491047,0.771685695562504,20,0.8070046380886181,0.39344332390549835,20,1.4873828185359705,0.771685695562504,20,0.1798619353545204,4.537895153157754,0.052716930165052744,0.14274461882658634,0.1394323956556659,0.14605684199750674,0.3382061678182254,0.0527797120200631,0.09327712997744364,0.17801422233243114,0.33820616781822543,0.1724341394390478,0.33820616781822543,0.05,0.4,10.69875,19.403749999999995,0.015575279421433271,0.11815910585141358,0.040452059962750114,0.318224099337448,0.03933234292182276,0.3106590045820136,0.04157177700367744,0.32578919409288243,0.09647939934693348,0.7546073045263096,0.015243676394131878,0.10327738722243573,0.026328100609545567,0.20783952173239612,0.5938362288214657,0.9402406956339873,1.2067570106751755,1.8648849158545517,0.6152640798663704,0.9508100567553036,1.1113097298620414,1.7694376350414172
M3,40,LinearTBNegotiator,LinearTBNegotiator,BoulwareTBNegotiator,0.25,0.44426165831931935,20,13.6,8.623102384689753,20,0.11222879684418145,0.19780012821422946,20,0.17556064281640618,0.31061051905686354,20,0.11978265364982965,0.21184397248554465,20,0.2313386319829827,0.40937706562818243,20,0.46335008247699383,0.8190211663279566,20,0.11196700498052248,0.19795520033087438,20,0.11937162700246022,0.2114218652973081,20,0.7422952860268321,0.43969777964385853,20,1.4980142327244912,0.8190211663279566,20,0.7637613375109278,0.41757727515493265,20,1.402566951911357,0.8190211663279566,20,0.19470625648856146,3.7792412493849383,0.08668972839845746,0.13613106208697756,0.09284471452784948,0.17941740964610567,0.35895185257241263,0.08675769175012708,0.0926597178959786,0.19270604846852063,0.35895185257241263,0.18301130992869044,0.35895185257241263,0.05,0.45,9.94875,17.1,0.023182117028270877,0.20127547666009207,0.07068646115780984,0.315392885027868,0.04825589621358059,0.21515166356482837,0.04704315747505792,0.4156341064909074,0.18681670929786823,0.8320612467158279,0.045129636745857724,0.2010834959600755,0.02419264347408844,0.21455061053083205,0.544349876419677,0.9402406956339873,1.1293030684856569,1.8667253969633255,0.5757742504709775,0.9517484245508777,1.033855787672523,1.6791003250904826
M3,40,LinearTBNegotiator,LinearTBNegotiator,ConcederTBNegotiator,0.45,0.5104177855340404,20,11.9,6.889351050333903,20,0.2716837409744916,0.3071164463920929,20,0.27803298385220465,0.3144884103550524,20,0.2773467855160478,0.31393574184107353,20,0.2787191821883615,0.31504107886903127,20,0.827749708678901,0.9360932671021979,20,0.271491760274475,0.30729461068985253,20,0.007227421913886469,0.007746468179178803,20,0.544349876419677,0.5051742881415637,20,1.1336146065225843,0.9360932671021979,20,0.5779724846304911,0.4772663904645556,20,1.03816732570945,0.9360932671021978,20,0.22370045761428853,3.0193912248036114,0.13459971722361438,0.1378306228831902,0.1375884052273992,0.13807284053898117,0.4102609629899948,0.13467780116988137,0.0033950393690998335,0.22140239355884206,0.4102609629899948,0.2091712181211219,0.41026096298999476,0.25,0.65,8.84875,14.65,0.12125968880771476,0.39202298270791314,0.15480514216325994,0.4012608255411494,0.12358267759384414,0.4011268923934211,0.1552747851482349,0.4021635792284881,0.4609547835675899,1.1945446337902121,0.15108270737741109,0.4220030763958049,0.004192077770823812,0.011021602092714789,0.3464044668125217,0.7422952860268321,0.6751209501334454,1.5921082629117227,0.39096239055032467,0.7649825787106577,0.671372400598139,1.4049622508207613
M3,40,LinearTBNegotiator,LinearTBNegotiator,GeniusBOABaselineNegotiator,0.25,0.44426165831931935,20,13.6,8.623102384689753,20,0.11222879684418145,0.19780012821422946,20,0.17556064281640618,0.31061051905686354,20,0.11978265364982965,0.21184397248554465,20,0.2313386319829827,0.40937706562818243,20,0.46335008247699383,0.8190211663279566,20,0.11196700498052248,0.19795520033087438,20,0.11937162700246022,0.2114218652973081,20,0.7422952860268321,0.43969777964385853,20,1.4980142327244912,0.8190211663279566,20,0.7637613375109278,0.41757727515493265,20,1.402566951911357,0.8190211663279566,20,0.19470625648856146,3.7792412493849383,0.08668972839845746,0.13613106208697756,0.09284471452784948,0.17941740964610567,0.35895185257241263,0.08675769175012708,0.0926597178959786,0.19270604846852063,0.35895185257241263,0.18301130992869044,0.35895185257241263,0.05,0.45,9.998750000000001,17.05,0.04544378698224851,0.20127547666009207,0.07068646115780984,0.31539288502786794,0.04825589621358059,0.21515166356482843,0.09311702610203912,0.4156341064909075,0.0946389182381597,0.8320612467158279,0.022850514000969484,0.20108349596007552,0.04798738935618138,0.21455061053083205,0.5443498764196769,0.8907543432321985,1.129303068485657,1.8667253969633255,0.5757742504709775,0.9517484245508777,1.033855787672523,1.6791003250904826
M3,40,LinearTBNegotiator,LinearTBNegotiator,LinearTBNegotiator,0.45,0.5104177855340404,20,11.9,6.889351050333903,20,0.2716837409744916,0.3071164463920929,20,0.27803298385220465,0.3144884103550524,20,0.2773467855160478,0.31393574184107353,20,0.2787191821883615,0.31504107886903127,20,0.827749708678901,0.9360932671021979,20,0.271491760274475,0.30729461068985253,20,0.007227421913886469,0.007746468179178803,20,0.544349876419677,0.5051742881415637,20,1.1336146065225843,0.9360932671021979,20,0.5779724846304911,0.4772663904645556,20,1.03816732570945,0.9360932671021978,20,0.22370045761428853,3.0193912248036114,0.13459971722361438,0.1378306228831902,0.1375884052273992,0.13807284053898117,0.4102609629899948,0.13467780116988137,0.0033950393690998335,0.22140239355884206,0.4102609629899948,0.2091712181211219,0.41026096298999476,0.25,0.65,8.85,14.75,0.15134449924107013,0.4221077931412685,0.15480514216325994,0.4320677859633856,0.15433549917828487,0.43111089343825143,0.1552747851482349,0.4021635792284881,0.4609547835675899,1.196837102072156,0.15108270737741109,0.391900813171539,0.004192077770823812,0.010262766056949124,0.3464044668125217,0.7422952860268323,0.7668196814112731,1.500409531633895,0.34420986703028306,0.7649825787106577,0.671372400598139,1.404962250820761
M3,40,LinearTBNegotiator,LinearTBNegotiator,SmartAspirationNegotiator,0.25,0.44426165831931935,20,13.6,8.623102384689753,20,0.11222879684418145,0.19780012821422946,20,0.17556064281640618,0.31061051905686354,20,0.11978265364982965,0.21184397248554465,20,0.2313386319829827,0.40937706562818243,20,0.46335008247699383,0.8190211663279566,20,0.11196700498052248,0.19795520033087438,20,0.11937162700246022,0.2114218652973081,20,0.7422952860268321,0.43969777964385853,20,1.4980142327244912,0.8190211663279566,20,0.7637613375109278,0.41757727515493265,20,1.402566951911357,0.8190211663279566,20,0.19470625648856146,3.7792412493849383,0.08668972839845746,0.13613106208697756,0.09284471452784948,0.17941740964610567,0.35895185257241263,0.08675769175012708,0.0926597178959786,0.19270604846852063,0.35895185257241263,0.18301130992869044,0.35895185257241263,0.1,0.45,9.797500000000003,17.0,0.04544378698224851,0.20127547666009207,0.07068646115780984,0.31539288502786794,0.04825589621358059,0.21515166356482843,0.04704315747505792,0.4156341064909075,0.0946389182381597,0.8320612467158279,0.022850514000969484,0.2010834959600755,0.04798738935618138,0.214550610530832,0.544349876419677,0.8907543432321985,1.1293030684856569,1.8667253969633255,0.5757742504709775,0.9047516527908904,1.033855787672523,1.6791003250904826
M3,40,LinearTBNegotiator,SmartAspirationNegotiator,BoulwareTBNegotiator,0.2,0.41039134083406165,20,14.95,10.354124527783222,20,0.0595397764628534,0.12028432593282362,20,0.15949721969476352,0.3257006848148401,20,0.1556151979190474,0.3181431785221585,20,0.1633792414704796,0.3332581911075217,20,0.37853421585238045,0.7716856955625038,20,0.0592605318082838,0.12042757541808556,20,0.1041187096621958,0.21283061568943615,20,0.791781638428621,0.40617541030313997,20,1.5828300993491047,0.771685695562504,20,0.8070046380886181,0.39344332390549835,20,1.4873828185359705,0.771685695562504,20,0.1798619353545204,4.537895153157754,0.052716930165052744,0.14274461882658634,0.1394323956556659,0.14605684199750674,0.3382061678182254,0.0527797120200631,0.09327712997744364,0.17801422233243114,0.33820616781822543,0.1724341394390478,0.33820616781822543,0.05,0.4,10.55,19.35125,0.015575279421433271,0.11815910585141358,0.040452059962750114,0.318224099337448,0.03933234292182276,0.3106590045820136,0.04157177700367744,0.2851867059372818,0.09647939934693348,0.7546073045263096,0.015243676394131881,0.11794967236048634,0.026328100609545567,0.20783952173239612,0.5938362288214657,0.9402406956339873,1.2067570106751755,1.8648849158545517,0.6152640798663704,0.9508100567553035,1.1113097298620414,1.7694376350414172
M3,40,LinearTBNegotiator,SmartAspirationNegotiator,ConcederTBNegotiator,0.2,0.41039134083406165,20,14.95,10.354124527783222,20,0.06929387684190276,0.14029931759876407,20,0.14240123438567287,0.2906204631454545,20,0.12169641438665138,0.24854330325555704,20,0.1631060543846944,0.332697623035352,20,0.35409634561324854,0.7215402438896731,20,0.06901463218733316,0.14044256708402605,20,0.09409142219736122,0.19225505595132594,20,0.791781638428621,0.40617541030313997,20,1.6072679695882364,0.7215402438896731,20,0.8194642663431585,0.36787670617712415,20,1.5118206887751025,0.7215402438896731,20,0.1798619353545204,4.537895153157754,0.061488887024143124,0.12737003380415887,0.10892890540062697,0.1458111622076908,0.31622895463246087,0.061551668879153504,0.08425949332853729,0.17801422233243114,0.31622895463246087,0.1612290751807502,0.31622895463246087,0.05,0.4,10.147500000000003,19.85125,0.018013804516195612,0.1376673066095123,0.03617806363547745,0.24862440513586828,0.030852647038723757,0.24282143751722152,0.04150348023223113,0.325242819921312,0.0903699317871505,0.7057315640480458,0.01768220148889422,0.1374578731185851,0.02382127874333692,0.18778494680272692,0.5938362288214658,0.9402406956339873,1.255632751153439,1.870994383414335,0.6401833363754514,0.9539249638189385,1.1601854703403052,1.7755471026012004
M3,40,LinearTBNegotiator,SmartAspirationNegotiator,GeniusBOABaselineNegotiator,0.2,0.41039134083406165,20,14.95,10.354124527783222,20,0.0595397764628534,0.12028432593282362,20,0.15949721969476352,0.3257006848148401,20,0.1556151979190474,0.3181431785221585,20,0.1633792414704796,0.3332581911075217,20,0.37853421585238045,0.7716856955625038,20,0.0592605318082838,0.12042757541808556,20,0.1041187096621958,0.21283061568943615,20,0.791781638428621,0.40617541030313997,20,1.5828300993491047,0.771685695562504,20,0.8070046380886181,0.39344332390549835,20,1.4873828185359705,0.771685695562504,20,0.1798619353545204,4.537895153157754,0.052716930165052744,0.14274461882658634,0.1394323956556659,0.14605684199750674,0.3382061678182254,0.0527797120200631,0.09327712997744364,0.17801422233243114,0.33820616781822543,0.1724341394390478,0.33820616781822543,0.05,0.4,10.7,19.451249999999998,0.015575279421433271,0.10350427350427356,0.040452059962750114,0.318224099337448,0.03933234292182276,0.3106590045820136,0.04157177700367744,0.32578919409288243,0.09647939934693348,0.7546073045263096,0.015243676394131881,0.11794967236048634,0.026328100609545567,0.20783952173239612,0.5938362288214658,0.9402406956339873,1.2067570106751755,1.864884915854552,0.6152640798663704,0.9508100567553035,1.1113097298620414,1.7694376350414172
M3,40,LinearTBNegotiator,SmartAspirationNegotiator,LinearTBNegotiator,0.2,0.41039134083406165,20,14.95,10.354124527783222,20,0.06929387684190276,0.14029931759876407,20,0.14240123438567287,0.2906204631454545,20,0.12169641438665138,0.24854330325555704,20,0.1631060543846944,0.332697623035352,20,0.35409634561324854,0.7215402438896731,20,0.06901463218733316,0.14044256708402605,20,0.09409142219736122,0.19225505595132594,20,0.791781638428621,0.40617541030313997,20,1.6072679695882364,0.7215402438896731,20,0.8194642663431585,0.36787670617712415,20,1.5118206887751025,0.7215402438896731,20,0.1798619353545204,4.537895153157754,0.061488887024143124,0.12737003380415887,0.10892890540062697,0.1458111622076908,0.31622895463246087,0.061551668879153504,0.08425949332853729,0.17801422233243114,0.31622895463246087,0.1612290751807502,0.31622895463246087,0.05,0.4,10.7,19.1,0.018013804516195612,0.13766730660951226,0.03617806363547745,0.28403212871926675,0.030852647038723757,0.24282143751722152,0.04150348023223113,0.325242819921312,0.0903699317871505,0.7057315640480458,0.01768220148889422,0.1374578731185851,0.02382127874333692,0.18778494680272692,0.5938362288214658,0.9402406956339873,1.255632751153439,1.870994383414335,0.6401833363754514,0.9539249638189385,1.1601854703403052,1.7755471026012004
M3,40,LinearTBNegotiator,SmartAspirationNegotiator,SmartAspirationNegotiator,0.2,0.41039134083406165,20,14.95,10.354124527783222,20,0.0595397764628534,0.12028432593282362,20,0.15949721969476352,0.3257006848148401,20,0.1556151979190474,0.3181431785221585,20,0.1633792414704796,0.3332581911075217,20,0.37853421585238045,0.7716856955625038,20,0.0592605318082838,0.12042757541808556,20,0.1041187096621958,0.21283061568943615,20,0.791781638428621,0.40617541030313997,20,1.5828300993491047,0.771685695562504,20,0.8070046380886181,0.39344332390549835,20,1.4873828185359705,0.771685695562504,20,0.1798619353545204,4.537895153157754,0.052716930165052744,0.14274461882658634,0.1394323956556659,0.14605684199750674,0.3382061678182254,0.0527797120200631,0.09327712997744364,0.17801422233243114,0.33820616781822543,0.1724341394390478,0.33820616781822543,0.05,0.4,10.398750000000001,19.55125,0.015575279421433271,0.10350427350427356,0.040452059962750114,0.318224099337448,0.03933234292182276,0.2718980529162721,0.04157177700367744,0.32578919409288243,0.09647939934693348,0.7546073045263096,0.015243676394131881,0.11794967236048637,0.026328100609545567,0.20783952173239612,0.5938362288214658,0.9402406956339873,1.2067570106751755,1.864884915854552,0.6152640798663704,0.9508100567553035,1.1113097298620411,1.7694376350414174
M3,40,SmartAspirationNegotiator,BoulwareTBNegotiator,BoulwareTBNegotiator,0.2,0.41039134083406165,20,15.35,12.666885963013957,20,0.07756885842397963,0.15727922153299256,20,0.13379272201561906,0.2729561684747896,20,0.10181212655500047,0.20774160553174884,20,0.1657733174762377,0.3381707314178303,20,0.34515430245521783,0.7031915584825718,20,0.07728961376941004,0.15742247101825452,20,0.08848370370682765,0.18074826039957578,20,0.798764483510395,0.39184691452341125,20,1.6162100127462673,0.7031915584825718,20,0.8240233597704865,0.3585216438539798,20,1.5207627319331332,0.7031915584825718,20,0.1798619353545204,5.55150754300127,0.06893065803601993,0.11962831532715287,0.0910467729378916,0.1482098577164141,0.30818728869032563,0.0689934398910303,0.07921641782538381,0.17173448217898785,0.30818728869032563,0.15712903834424383,0.30818728869032563,0.05,0.4,9.85,21.0,0.02008254991171483,0.15421726977366607,0.034025935542964,0.26681510397915914,0.025881575080811032,0.1777426780291899,0.04217029600511696,0.33057734610439865,0.08813442099764282,0.6878474777319843,0.01975094688441344,0.15400783628273884,0.02241934912070353,0.1765695098216598,0.6555425601163589,0.9419864069044308,1.2735168374695005,1.8732298942038426,0.6493015232301074,0.9550647371757706,1.1780695566563666,1.777782613390708
M3,40,SmartAspirationNegotiator,BoulwareTBNegotiator,ConcederTBNegotiator,0.2,0.41039134083406165,20,15.15,12.325732603400347,20,0.08817145878250764,0.17903529842031263,20,0.12598511164996856,0.2569352900414434,20,0.12360074444117933,0.25245090607789866,20,0.12836947885875785,0.2614196740049882,20,0.34014168208244483,0.6929058785031996,20,0.08789221412793805,0.17917854790557455,20,0.04047726473081979,0.08224112609941367,20,0.8062734963656949,0.3764387452532775,20,1.62122263311904,0.6929058785031996,20,0.8265790401884093,0.3532774982867063,20,1.525775352305906,0.6929058785031996,20,0.1798619353545204,5.401990490842971,0.07846567913739683,0.11260685577285326,0.11064148784643285,0.1145722236992737,0.3036793906831034,0.07852846099240718,0.03604376270686653,0.16498155425520672,0.3036793906831034,0.15483069021366758,0.3036793906831034,0.05,0.4,9.898750000000001,20.75,0.02273320000134683,0.17542247049072207,0.03207403295155138,0.25119988324785814,0.031328729552355744,0.24663009762627747,0.032819336350747,0.25576966886943897,0.08688126590444958,0.6778222369864384,0.02240159697404544,0.17521303699979487,0.010417739376701566,0.08055663186964412,0.6228199446956136,0.9438636601182557,1.2835420782150464,1.874483049297036,0.6974544230965669,0.9557036572802515,1.1880947974019125,1.7790357684839013
M3,40,SmartAspirationNegotiator,BoulwareTBNegotiator,GeniusBOABaselineNegotiator,0.2,0.41039134083406165,20,15.35,12.666885963013957,20,0.07756885842397963,0.15727922153299256,20,0.13379272201561906,0.2729561684747896,20,0.10181212655500047,0.20774160553174884,20,0.1657733174762377,0.3381707314178303,20,0.34515430245521783,0.7031915584825718,20,0.07728961376941004,0.15742247101825452,20,0.08848370370682765,0.18074826039957578,20,0.798764483510395,0.39184691452341125,20,1.6162100127462673,0.7031915584825718,20,0.8240233597704865,0.3585216438539798,20,1.5207627319331332,0.7031915584825718,20,0.1798619353545204,5.55150754300127,0.06893065803601993,0.11962831532715287,0.0910467729378916,0.1482098577164141,0.30818728869032563,0.0689934398910303,0.07921641782538381,0.17173448217898785,0.30818728869032563,0.15712903834424383,0.30818728869032563,0.05,0.4,9.898750000000001,21.202499999999997,0.02008254991171483,0.13505516693624448,0.034025935542964,0.26681510397915914,0.025881575080811032,0.20305286185391966,0.04217029600511696,0.3305773461043986,0.08813442099764282,0.6878474777319843,0.01975094688441344,0.15400783628273884,0.02241934912070353,0.1765695098216598,0.6078019189850137,0.9419864069044308,1.3570482989432142,1.8732298942038426,0.6493015232301074,0.9550647371757706,1.1780695566563666,1.777782613390708
M3,40,SmartAspirationNegotiator,BoulwareTBNegotiator,LinearTBNegotiator,0.2,0.41039134083406165,20,15.35,12.666885963013957,20,0.07756885842397963,0.15727922153299256,20,0.13379272201561906,0.2729561684747896,20,0.10181212655500047,0.20774160553174884,20,0.1657733174762377,0.3381707314178303,20,0.34515430245521783,0.7031915584825718,20,0.07728961376941004,0.15742247101825452,20,0.08848370370682765,0.18074826039957578,20,0.798764483510395,0.39184691452341125,20,1.6162100127462673,0.7031915584825718,20,0.8240233597704865,0.3585216438539798,20,1.5207627319331332,0.7031915584825718,20,0.1798619353545204,5.55150754300127,0.06893065803601993,0.11962831532715287,0.0910467729378916,0.1482098577164141,0.30818728869032563,0.0689934398910303,0.07921641782538381,0.17173448217898785,0.30818728869032563,0.15712903834424383,0.30818728869032563,0.05,0.4,9.55,20.85125,0.02008254991171483,0.15421726977366607,0.034025935542964,0.26681510397915914,0.025881575080811032,0.20305286185391966,0.04217029600511696,0.3305773461043986,0.08813442099764282,0.6043160162582706,0.01975094688441344,0.15400783628273884,0.02241934912070353,0.1765695098216598,0.6078019189850137,0.9419864069044308,1.2735168374695005,1.8732298942038426,0.6493015232301074,0.9550647371757706,1.2637428504755581,1.777782613390708
M3,40,SmartAspirationNegotiator,BoulwareTBNegotiator,SmartAspirationNegotiator,0.2,0.41039134083406165,20,15.35,12.666885963013957,20,0.07756885842397963,0.15727922153299256,20,0.13379272201561906,0.2729561684747896,20,0.10181212655500047,0.20774160553174884,20,0.1657733174762377,0.3381707314178303,20,0.34515430245521783,0.7031915584825718,20,0.07728961376941004,0.15742247101825452,20,0.08848370370682765,0.18074826039957578,20,0.798764483510395,0.39184691452341125,20,1.6162100127462673,0.7031915584825718,20,0.8240233597704865,0.3585216438539798,20,1.5207627319331332,0.7031915584825718,20,0.1798619353545204,5.55150754300127,0.06893065803601993,0.11962831532715287,0.0910467729378916,0.1482098577164141,0.30818728869032563,0.0689934398910303,0.07921641782538381,0.17173448217898785,0.30818728869032563,0.15712903834424383,0.30818728869032563,0.05,0.4,10.34875,20.45,0.02008254991171483,0.15421726977366607,0.034025935542964,0.2668151039791592,0.025881575080811032,0.2030528618539197,0.04217029600511696,0.3305773461043986,0.08813442099764282,0.6878474777319843,0.01975094688441344,0.15400783628273884,0.02241934912070353,0.15454805829295176,0.6078019189850137,0.9419864069044308,1.2735168374695005,1.8732298942038426,0.692981982365202,0.9550647371757706,1.1780695566563666,1.777782613390708
M3,40,SmartAspirationNegotiator,ConcederTBNegotiator,BoulwareTBNegotiator,0.2,0.41039134083406165,20,14.15,10.693209847473547,20,0.14364234056541753,0.2928591461809932,20,0.11316451873625136,0.23062798846070304,20,0.05989704073747563,0.12173366418260499,20,0.16643199673502707,0.33952231273880107,20,0.3699713780379202,0.7541151231023991,20,0.05989704073747563,0.12173366418260499,20,0.10653495599755143,0.21778864855619606,20,0.791781638428621,0.40617541030313997,20,1.591392937163565,0.7541151231023993,20,0.8113703939801138,0.3844849818351728,20,1.4959456563504308,0.7541151231023993,20,0.1798619353545204,4.686505846857718,0.12835117990387673,0.10107717250358512,0.05335213065943748,0.14880221434773278,0.33050552491104696,0.05335213065943748,0.0954500836882953,0.17801422233243114,0.330505524911047,0.16850797291939876,0.330505524911047,0.05,0.4,9.5,18.7,0.03660092044707429,0.2863642340565417,0.028868884723122074,0.22555869742042373,0.015402803626429836,0.11922269021887003,0.0423349658198143,0.3318947046219774,0.09433868989331842,0.645604066182522,0.015402803626429836,0.11922269021887003,0.026932162193384474,0.21267201440310735,0.5938362288214658,0.9402406956339873,1.2238826863040955,1.8670256253081667,0.6239955916493617,0.9519014957281774,1.220312968205829,1.7715783444950322
M3,40,SmartAspirationNegotiator,ConcederTBNegotiator,ConcederTBNegotiator,0.25,0.44426165831931924,20,12.4,8.261515089797232,20,0.2330611347864843,0.412524827545621,20,0.07936012753539813,0.13965771725720896,20,0.06289466810330752,0.11075136929617113,20,0.09582558696748873,0.1685640652182468,20,0.3917813898572805,0.6918402620600388,20,0.06289466810330752,0.11075136929617113,20,0.1702030980135144,0.3017517597220335,20,0.7422952860268321,0.43969777964385853,20,1.5695829253442046,0.6918402620600389,20,0.8002505772024133,0.3527341946103308,20,1.4741356445310703,0.6918402620600389,20,0.1947062564885614,3.6207686302336706,0.1807969771324837,0.06120769327643468,0.04853892770809465,0.07387645884477471,0.303212363685353,0.04853892770809465,0.13224853962545538,0.19270604846852063,0.30321236368535304,0.15459257687891853,0.30321236368535304,0.1,0.45,8.84875,15.802499999999998,0.09377672215916964,0.4187736849562372,0.0318133061079904,0.14223195752205348,0.025500701994971738,0.11275328958108852,0.03891180809584152,0.17171062546301835,0.08032517971421706,0.703237600000344,0.025500701994971738,0.11275328958108852,0.06831997776060307,0.3060472583507296,0.5443498764196769,0.9402406956339873,1.2581267152011406,1.8031750829515023,0.6414548819156515,0.9193473486674846,1.162679434388007,1.7077278021383677
M3,40,SmartAspirationNegotiator,ConcederTBNegotiator,GeniusBOABaselineNegotiator,0.2,0.41039134083406165,20,14.15,10.693209847473547,20,0.14364234056541753,0.2928591461809932,20,0.11316451873625136,0.23062798846070304,20,0.05989704073747563,0.12173366418260499,20,0.16643199673502707,0.33952231273880107,20,0.3699713780379202,0.7541151231023991,20,0.05989704073747563,0.12173366418260499,20,0.10653495599755143,0.21778864855619606,20,0.791781638428621,0.40617541030313997,20,1.591392937163565,0.7541151231023993,20,0.8113703939801138,0.3844849818351728,20,1.4959456563504308,0.7541151231023993,20,0.1798619353545204,4.686505846857718,0.12835117990387673,0.10107717250358512,0.05335213065943748,0.14880221434773278,0.33050552491104696,0.05335213065943748,0.0954500836882953,0.17801422233243114,0.330505524911047,0.16850797291939876,0.330505524911047,0.05,0.4,9.6,18.701249999999998,0.03660092044707429,0.2863642340565417,0.028868884723122074,0.22555869742042373,0.015402803626429836,0.11922269021887003,0.0423349658198143,0.3318947046219774,0.09433868989331842,0.645604066182522,0.015402803626429836,0.11922269021887003,0.026932162193384474,0.21267201440310735,0.5938362288214658,0.9402406956339873,1.2238826863040957,1.8670256253081667,0.6239955916493617,0.9519014957281774,1.1284354054909618,1.7715783444950322
M3,40,SmartAspirationNegotiator,ConcederTBNegotiator,LinearTBNegotiator,0.25,0.44426165831931924,20,13.15,9.22967183085418,20,0.21687433992003102,0.38376013822464017,20,0.09762880286020405,0.172122005237591,20,0.04846377379436443,0.0851069971492836,20,0.14679383192604364,0.2591370133258984,20,0.41213194564043915,0.7280041486998222,20,0.04846377379436443,0.0851069971492836,20,0.1684471974560042,0.2986314425479402,20,0.7560002092970219,0.41534349188724456,20,1.549232369561046,0.7280041486998222,20,0.7898748628971044,0.3711723227844269,20,1.4537850887479118,0.7280041486998222,20,0.1947062564885614,4.045082030265758,0.16819029620050213,0.07543579481042635,0.037299786073389074,0.1135718035474636,0.3190618858213548,0.037299786073389074,0.1308810003281794,0.18203231124691419,0.3190618858213548,0.16267344284204463,0.3190618858213548,0.1,0.45,8.998750000000001,17.05,0.04411122564344078,0.3896374541966212,0.03951372517532901,0.17511557310670411,0.010149867763737877,0.08677767982499099,0.059299106079263496,0.2634534663884172,0.08439529087084877,0.7398686004100294,0.010149867763737877,0.08677767982499099,0.06761761753759897,0.3028866373472112,0.5690187383060185,0.8974049467339671,1.2214957147914558,1.8769690243306365,0.6227785961660951,0.9569711296281131,1.1260484339783214,1.781521743517502
M3,40,SmartAspirationNegotiator,ConcederTBNegotiator,SmartAspirationNegotiator,0.2,0.41039134083406165,20,14.15,10.693209847473547,20,0.14364234056541753,0.2928591461809932,20,0.11316451873625136,0.23062798846070304,20,0.05989704073747563,0.12173366418260499,20,0.16643199673502707,0.33952231273880107,20,0.3699713780379202,0.7541151231023991,20,0.05989704073747563,0.12173366418260499,20,0.10653495599755143,0.21778864855619606,20,0.791781638428621,0.40617541030313997,20,1.591392937163565,0.7541151231023993,20,0.8113703939801138,0.3844849818351728,20,1.4959456563504308,0.7541151231023993,20,0.1798619353545204,4.686505846857718,0.12835117990387673,0.10107717250358512,0.05335213065943748,0.14880221434773278,0.33050552491104696,0.05335213065943748,0.0954500836882953,0.17801422233243114,0.330505524911047,0.16850797291939876,0.330505524911047,0.05,0.4,9.696250000000003,19.0,0.03660092044707429,0.2863642340565417,0.028868884723122074,0.22555869742042373,0.015402803626429836,0.11922269021887003,0.0423349658198143,0.3318947046219774,0.09433868989331842,0.7374816288973891,0.015402803626429835,0.11922269021887003,0.026932162193384474,0.18613774980171838,0.5938362288214658,0.9402406956339873,1.2238826863040955,1.8670256253081667,0.6239955916493617,0.9519014957281774,1.1284354054909618,1.7715783444950322
M3,40,SmartAspirationNegotiator,GeniusBOABaselineNegotiator,BoulwareTBNegotiator,0.2,0.41039134083406165,20,15.15,12.325732603400347,20,0.10569362261669957,0.21499001997145326,20,0.12096809536497607,0.24664058984052148,20,0.11189342736800859,0.22842799832175845,20,0.1300427633619436,0.26485318135928454,20,0.3476298133466517,0.7082711996524962,20,0.10541437796212998,0.2151332694567152,20,0.024628385399813605,0.04971991190256929,20,0.8008234570759709,0.3876219899118182,20,1.6137345018548335,0.7082711996524962,20,0.8227612225569929,0.3611114947707905,20,1.518287221041699,0.7082711996524962,20,0.1798619353545204,5.401990490842971,0.09422353063148055,0.1080950044792338,0.10011298431348531,0.11607702464498232,0.3104135395899481,0.0942863124864909,0.021790712158491383,0.16988282732724638,0.3104135395899481,0.1582640905537533,0.3104135395899481,0.05,0.4,10.148750000000001,20.75,0.0271137409598948,0.21046679815910582,0.030819778880303256,0.2411658506778732,0.02840190028406306,0.22321546347993587,0.033237657476543433,0.2591162378758104,0.0887532987205013,0.6927984995148522,0.02678213793259341,0.21025736466817874,0.0064555195439500185,0.048858873207631714,0.6119198661161657,0.9425011502958247,1.2685658156866324,1.872611016480984,0.6467772488031204,0.9547492028723973,1.1731185348734985,1.7771637356678494
M3,40,SmartAspirationNegotiator,GeniusBOABaselineNegotiator,ConcederTBNegotiator,0.2,0.41039134083406165,20,14.75,11.656825423217438,20,0.12023404778207372,0.24482634287102942,20,0.1274591304191787,0.25995991273699703,20,0.1264102191004561,0.25821582644019825,20,0.12850804173790126,0.2617039990337957,20,0.37515230862043114,0.7647461683450235,20,0.11995480312750413,0.24496959235629132,20,0.008553238610397144,0.016734406677504376,20,0.791781638428621,0.40617541030313997,20,1.586212006581054,0.7647461683450235,20,0.8087289007387224,0.38990521160086644,20,1.4907647257679197,0.7647461683450235,20,0.1798619353545204,5.108828993439741,0.10729987568708939,0.11393245511574839,0.11316807559416789,0.11469683463732885,0.33516478591858617,0.10736265754209973,0.007334177095229132,0.17801422233243114,0.33516478591858617,0.1708834933525115,0.33516478591858617,0.05,0.4,9.898750000000001,20.05,0.03074884725123834,0.23954764848985416,0.03244253764385391,0.25414792078627835,0.03203109821717494,0.25224904694483097,0.03285397707053285,0.2560467946277258,0.09563392253894616,0.747843490062411,0.030417244223936945,0.23933821499892702,0.0024367328465959037,0.016708579628798792,0.6433225812232546,0.9402406956339873,1.2135208251390737,1.8657303926625393,0.6187126051665789,0.9512411224178295,1.11807354432594,1.7702831118494047
M3,40,SmartAspirationNegotiator,GeniusBOABaselineNegotiator,GeniusBOABaselineNegotiator,0.2,0.41039134083406165,20,15.15,12.325732603400347,20,0.10569362261669957,0.21499001997145326,20,0.12096809536497607,0.24664058984052148,20,0.11189342736800859,0.22842799832175845,20,0.1300427633619436,0.26485318135928454,20,0.3476298133466517,0.7082711996524962,20,0.10541437796212998,0.2151332694567152,20,0.024628385399813605,0.04971991190256929,20,0.8008234570759709,0.3876219899118182,20,1.6137345018548335,0.7082711996524962,20,0.8227612225569929,0.3611114947707905,20,1.518287221041699,0.7082711996524962,20,0.1798619353545204,5.401990490842971,0.09422353063148055,0.1080950044792338,0.10011298431348531,0.11607702464498232,0.3104135395899481,0.0942863124864909,0.021790712158491383,0.16988282732724638,0.3104135395899481,0.1582640905537533,0.3104135395899481,0.05,0.4,10.05,20.50125,0.0271137409598948,0.21046679815910588,0.030819778880303256,0.2411658506778732,0.02840190028406306,0.22321546347993593,0.033237657476543433,0.2591162378758104,0.0887532987205013,0.6927984995148522,0.02678213793259341,0.21025736466817868,0.0064555195439500185,0.048858873207631714,0.6119198661161656,0.9425011502958247,1.2685658156866324,1.872611016480984,0.6467772488031204,0.9547492028723973,1.2594107064155486,1.7771637356678494
M3,40,SmartAspirationNegotiator,GeniusBOABaselineNegotiator,LinearTBNegotiator,0.2,0.41039134083406165,20,14.95,11.988920323628637,20,0.10330046022353719,0.21007935435463543,20,0.13358546904678154,0.27253089435592415,20,0.11948150324876741,0.24399840149703456,20,0.14768943484479563,0.3010633872148137,20,0.3704713983171002,0.7551411430664837,20,0.1030212155689676,0.2102226038398974,20,0.04466821927582802,0.09084078337491634,20,0.791781638428621,0.40617541030313997,20,1.5908929168843848,0.7551411430664837,20,0.8111154590476769,0.38500809727891394,20,1.4954456360712507,0.7551411430664837,20,0.1798619353545204,5.254376000810632,0.09207133653322133,0.11944193072673738,0.10693701438113651,0.13194684707233822,0.3309551979866961,0.0921341183882317,0.039812728684106555,0.17801422233243114,0.3309551979866961,0.16873723837108667,0.3309551979866961,0.05,0.4,9.95,20.45,0.026515450361604204,0.20568047337278111,0.03397412230075462,0.2664005980414841,0.030298919254252765,0.20866408724328211,0.03764932534725644,0.2944095808415145,0.09446369496311342,0.7384816694557491,0.02618384733430281,0.20547103988185392,0.011465478012953624,0.08893854095966058,0.5938362288214657,0.9402406956339873,1.2228826457457358,1.866900620238372,0.623485721784488,0.9518377619950682,1.127435364932602,1.7714533394252374
M3,40,SmartAspirationNegotiator,GeniusBOABaselineNegotiator,SmartAspirationNegotiator,0.2,0.41039134083406165,20,15.15,12.325732603400347,20,0.10569362261669957,0.21499001997145326,20,0.12096809536497607,0.24664058984052148,20,0.11189342736800859,0.22842799832175845,20,0.1300427633619436,0.26485318135928454,20,0.3476298133466517,0.7082711996524962,20,0.10541437796212998,0.2151332694567152,20,0.024628385399813605,0.04971991190256929,20,0.8008234570759709,0.3876219899118182,20,1.6137345018548335,0.7082711996524962,20,0.8227612225569929,0.3611114947707905,20,1.518287221041699,0.7082711996524962,20,0.1798619353545204,5.401990490842971,0.09422353063148055,0.1080950044792338,0.10011298431348531,0.11607702464498232,0.3104135395899481,0.0942863124864909,0.021790712158491383,0.16988282732724638,0.3104135395899481,0.1582640905537533,0.3104135395899481,0.05,0.4,10.097500000000002,20.5,0.0271137409598948,0.18427350427350436,0.030819778880303256,0.21111641184964897,0.02840190028406306,0.22321546347993587,0.033237657476543433,0.2591162378758104,0.0887532987205013,0.6065063279728021,0.02678213793259341,0.21025736466817868,0.0064555195439500185,0.048858873207631714,0.6119198661161657,0.9425011502958247,1.2685658156866324,1.872611016480984,0.6467772488031204,0.9547492028723973,1.1731185348734987,1.7771637356678494
M3,40,SmartAspirationNegotiator,LinearTBNegotiator,BoulwareTBNegotiator,0.2,0.41039134083406165,20,14.35,11.008489546947988,20,0.14047484132996255,0.286359574889347,20,0.11047827674995432,0.22511593620789708,20,0.05989704073747563,0.12173366418260499,20,0.161059512762433,0.3284982082331891,20,0.3614313948298712,0.7365914473051411,20,0.05989704073747563,0.12173366418260499,20,0.10116247202495736,0.20676454405058417,20,0.7980183551483693,0.3933779376180414,20,1.599932920371614,0.7365914473051411,20,0.815724497469129,0.3755505499902364,20,1.5044856395584798,0.7365914473051411,20,0.1798619353545204,4.824683267488026,0.12550261719026223,0.09866140909115537,0.05335213065943748,0.1439706875228732,0.32282543537257297,0.05335213065943748,0.09061855686343576,0.172405482635072,0.32282543537257297,0.1645922855180579,0.32282543537257297,0.05,0.35124999999999884,9.69875,18.60125,0.035809045638210545,0.28002923558563186,0.028197324226547815,0.22018621344782968,0.015402803626429836,0.11922269021887003,0.040991844826665784,0.2811271806982002,0.09220369409130617,0.7204016624812912,0.015402803626429836,0.11922269021887003,0.025589041200235956,0.1767359028496788,0.6063096622609624,0.9417998748139244,1.2409626527201936,1.8691606211101792,0.6327037986273925,0.9529900216004312,1.1455153719070599,1.7737133402970446
M3,40,SmartAspirationNegotiator,LinearTBNegotiator,ConcederTBNegotiator,0.2,0.41039134083406165,20,13.55,9.789763719529216,20,0.1773280648760908,0.36198079401511196,20,0.07168595147526804,0.14551576429014929,20,0.06075365344389044,0.12349139636841036,20,0.08261824950664565,0.1675401322118882,20,0.3206999678266269,0.6530123225954105,20,0.06075365344389044,0.12349139636841036,20,0.11661348485122713,0.23846935340566983,20,0.791781638428621,0.40617541030313997,20,1.6406643473748581,0.6530123225954106,20,0.8364913823805944,0.33293780127142186,20,1.545217066561724,0.6530123225954106,20,0.1798619353545204,4.290553123463588,0.1586450777455593,0.0637750955871196,0.0541224907555627,0.07342770041867651,0.2861952689197985,0.0541224907555627,0.10451380221403775,0.17801422233243114,0.2861952689197986,0.1459164249607542,0.2861952689197986,0.05,0.4,9.25,17.50125,0.045022351524742606,0.3537356826778883,0.01849924290787625,0.1426015628984571,0.01561695680303354,0.10589035008474737,0.021381529012718958,0.16426721016521456,0.0820208373404951,0.6389388084748026,0.01561695680303354,0.12093591563169967,0.0294517944068034,0.2328290721104588,0.5938362288214657,0.9402406956339873,1.3224255067266824,1.8793434778609903,0.6742375684503232,0.9581817428282975,1.2269782259135487,1.7838961970478557
M3,40,SmartAspirationNegotiator,LinearTBNegotiator,GeniusBOABaselineNegotiator,0.2,0.41039134083406165,20,14.35,11.008489546947988,20,0.14047484132996255,0.286359574889347,20,0.11047827674995432,0.22511593620789708,20,0.05989704073747563,0.12173366418260499,20,0.161059512762433,0.3284982082331891,20,0.3614313948298712,0.7365914473051411,20,0.05989704073747563,0.12173366418260499,20,0.10116247202495736,0.20676454405058417,20,0.7980183551483693,0.3933779376180414,20,1.599932920371614,0.7365914473051411,20,0.815724497469129,0.3755505499902364,20,1.5044856395584798,0.7365914473051411,20,0.1798619353545204,4.824683267488026,0.12550261719026223,0.09866140909115537,0.05335213065943748,0.1439706875228732,0.32282543537257297,0.05335213065943748,0.09061855686343576,0.172405482635072,0.32282543537257297,0.1645922855180579,0.32282543537257297,0.05,0.4,9.69875,19.25125,0.035809045638210545,0.2800292355856318,0.028197324226547815,0.22018621344782968,0.015402803626429836,0.11922269021887003,0.040991844826665784,0.32114973667678925,0.09220369409130617,0.7204016624812912,0.015402803626429836,0.11922269021887003,0.025589041200235956,0.20192704645791926,0.6063096622609624,0.9417998748139244,1.2409626527201936,1.8691606211101792,0.6327037986273925,0.9529900216004312,1.1455153719070599,1.7737133402970446
M3,40,SmartAspirationNegotiator,LinearTBNegotiator,LinearTBNegotiator,0.2,0.41039134083406165,20,13.55,9.789763719529216,20,0.16638789393591988,0.3395320369096591,20,0.08072348124450514,0.16406038408927406,20,0.07792537061560761,0.15872701654103177,20,0.08352159187340265,0.16939375163751633,20,0.32783485642493015,0.667652805088207,20,0.07792537061560761,0.15872701654103177,20,0.08850159673933906,0.1807849761275955,20,0.791781638428621,0.40617541030313997,20,1.633529458776555,0.6676528050882071,20,0.8328536652349298,0.3404022393563437,20,1.5380821779634206,0.6676528050882071,20,0.1798619353545204,4.290553123463588,0.1488064761535172,0.07190263356271497,0.06956518217489019,0.07424008495053974,0.29261174327894707,0.06956518217489019,0.07923250920266812,0.17801422233243114,0.29261174327894707,0.149187859191212,0.29261174327894707,0.05,0.4,9.45,17.7,0.04228730878969988,0.33185534079754647,0.02075862535018552,0.1606766224369313,0.019909886095962833,0.1359408551352524,0.021607364604408208,0.16607389489872854,0.0838045594900709,0.653208585671409,0.019909886095962833,0.15527934997513398,0.022423822378831382,0.1766052958866826,0.5938362288214658,0.9402406956339873,1.308155729530076,1.8775597557114145,0.6669621341589939,0.9572723135418814,1.212708448716942,1.7821124748982797
M3,40,SmartAspirationNegotiator,LinearTBNegotiator,SmartAspirationNegotiator,0.2,0.41039134083406165,20,14.35,11.008489546947988,20,0.14047484132996255,0.286359574889347,20,0.11047827674995432,0.22511593620789708,20,0.05989704073747563,0.12173366418260499,20,0.161059512762433,0.3284982082331891,20,0.3614313948298712,0.7365914473051411,20,0.05989704073747563,0.12173366418260499,20,0.10116247202495736,0.20676454405058417,20,0.7980183551483693,0.3933779376180414,20,1.599932920371614,0.7365914473051411,20,0.815724497469129,0.3755505499902364,20,1.5044856395584798,0.7365914473051411,20,0.1798619353545204,4.824683267488026,0.12550261719026223,0.09866140909115537,0.05335213065943748,0.1439706875228732,0.32282543537257297,0.05335213065943748,0.09061855686343576,0.172405482635072,0.32282543537257297,0.1645922855180579,0.32282543537257297,0.05,0.4,9.748750000000001,19.1,0.035809045638210545,0.2460128519858117,0.028197324226547815,0.19275922927336084,0.015402803626429835,0.11922269021887003,0.040991844826665784,0.32114973667678925,0.09220369409130617,0.7204016624812912,0.015402803626429836,0.11922269021887003,0.025589041200235956,0.20192704645791926,0.6063096622609624,0.9417998748139244,1.2409626527201936,1.8691606211101792,0.6327037986273925,0.9529900216004312,1.1455153719070599,1.7737133402970446
M3,40,SmartAspirationNegotiator,SmartAspirationNegotiator,BoulwareTBNegotiator,0.2,0.41039134083406165,20,15.35,12.666885963013957,20,0.08859960552268245,0.179913836994183,20,0.1405737374183745,0.28687051849155576,20,0.10217346350170327,0.2084830533020001,20,0.17897401133504579,0.36525798368111134,20,0.3697470803594315,0.7536548739772945,20,0.08832036086811286,0.18005708647944493,20,0.09065365046693291,0.1852008972016664,20,0.791781638428621,0.40617541030313997,20,1.5916172348420534,0.7536548739772947,20,0.8114847519689639,0.3842503241932766,20,1.4961699540289195,0.7536548739772947,20,0.1798619353545204,5.55150754300127,0.07885071564391469,0.1257265480971949,0.0913717267506369,0.16008136944375287,0.3303038118383045,0.07891349749892504,0.08116787194482783,0.17801422233243114,0.33030381183830454,0.16840512967340968,0.33030381183830454,0.05,0.4,10.048750000000002,21.5,0.022840236686390535,0.17627876397107173,0.03572118939365286,0.2454262854430962,0.02597190931748673,0.17837501768591976,0.04547046946981898,0.3569787338220148,0.09428261547369625,0.7370330335404118,0.02250863365908914,0.1541320880771366,0.022961835810729844,0.15834546512313602,0.6433225812232546,0.9402406956339873,1.2243312816610732,1.8670816997277888,0.6242243076270619,0.9519300852253899,1.128884000847939,1.7716344189146542
M3,40,SmartAspirationNegotiator,SmartAspirationNegotiator,ConcederTBNegotiator,0.2,0.41039134083406165,20,14.75,11.656825423217438,20,0.12023404778207372,0.24482634287102942,20,0.1274591304191787,0.25995991273699703,20,0.1264102191004561,0.25821582644019825,20,0.12850804173790126,0.2617039990337957,20,0.37515230862043114,0.7647461683450235,20,0.11995480312750413,0.24496959235629132,20,0.008553238610397144,0.016734406677504376,20,0.791781638428621,0.40617541030313997,20,1.586212006581054,0.7647461683450235,20,0.8087289007387224,0.38990521160086644,20,1.4907647257679197,0.7647461683450235,20,0.1798619353545204,5.108828993439741,0.10729987568708939,0.11393245511574839,0.11316807559416789,0.11469683463732885,0.33516478591858617,0.10736265754209973,0.007334177095229132,0.17801422233243114,0.33516478591858617,0.1708834933525115,0.33516478591858617,0.05,0.4,10.2,19.952499999999997,0.03074884725123834,0.23954764848985416,0.03244253764385391,0.25414792078627835,0.03203109821717494,0.25224904694483097,0.03285397707053285,0.2560467946277258,0.09563392253894616,0.747843490062411,0.030417244223936945,0.23933821499892707,0.0024367328465959037,0.016708579628798792,0.6433225812232546,0.9402406956339873,1.2135208251390737,1.8657303926625393,0.6187126051665789,0.9512411224178295,1.11807354432594,1.7702831118494047
M3,40,SmartAspirationNegotiator,SmartAspirationNegotiator,GeniusBOABaselineNegotiator,0.2,0.41039134083406165,20,15.35,12.666885963013957,20,0.08859960552268245,0.179913836994183,20,0.1405737374183745,0.28687051849155576,20,0.10217346350170327,0.2084830533020001,20,0.17897401133504579,0.36525798368111134,20,0.3697470803594315,0.7536548739772945,20,0.08832036086811286,0.18005708647944493,20,0.09065365046693291,0.1852008972016664,20,0.791781638428621,0.40617541030313997,20,1.5916172348420534,0.7536548739772947,20,0.8114847519689639,0.3842503241932766,20,1.4961699540289195,0.7536548739772947,20,0.1798619353545204,5.55150754300127,0.07885071564391469,0.1257265480971949,0.0913717267506369,0.16008136944375287,0.3303038118383045,0.07891349749892504,0.08116787194482783,0.17801422233243114,0.33030381183830454,0.16840512967340968,0.33030381183830454,0.05,0.4,10.45,21.151249999999997,0.022840236686390535,0.17627876397107173,0.03572118939365286,0.28037713478467,0.02597190931748673,0.20377553574732526,0.04547046946981898,0.3569787338220148,0.09428261547369625,0.6475070824525458,0.022508633659089144,0.1760693304801445,0.022961835810729844,0.18090940334187033,0.5938362288214658,0.9402406956339873,1.2243312816610734,1.8670816997277888,0.6698690409354014,0.9519300852253899,1.1288840008479393,1.7716344189146542
M3,40,SmartAspirationNegotiator,SmartAspirationNegotiator,LinearTBNegotiator,0.2,0.41039134083406165,20,14.95,11.988920323628637,20,0.13117421872224463,0.2672750999764823,20,0.1184216006499416,0.24141529293787223,20,0.10923850192873893,0.22298020626757678,20,0.12760469937114427,0.25985037960816765,20,0.36801742002212784,0.7501056858522266,20,0.10923850192873893,0.22298020626757678,20,0.021974790212532506,0.04427484946787377,20,0.791781638428621,0.40617541030313997,20,1.5933468951793572,0.7501056858522267,20,0.8123666178843869,0.3824407735159445,20,1.497899614366223,0.7501056858522267,20,0.1798619353545204,5.254376000810632,0.1171384772791315,0.105804917140153,0.09772538417484036,0.11388445010546565,0.32874831155943746,0.09772538417484036,0.019404308328332284,0.17801422233243114,0.3287483115594375,0.16761205912205362,0.3287483115594375,0.05,0.4,10.0,20.05125,0.03348388998628107,0.26142799037019604,0.03018315520154464,0.23607286124780424,0.02773816892424565,0.21790561260139665,0.0326281414788436,0.25424010989421175,0.09385020038937034,0.7335737128658044,0.02773816892424565,0.2179056126013966,0.005792120747129744,0.04355168283306952,0.6433225812232546,0.9402406956339873,1.2277906023356806,1.8675141148121148,0.6259880394579083,0.9521505517042458,1.1323433215225467,1.7720668339989802
M3,40,SmartAspirationNegotiator,SmartAspirationNegotiator,SmartAspirationNegotiator,0.2,0.41039134083406165,20,15.15,12.325732603400347,20,0.09911162972267859,0.2014840555257656,20,0.1168336010884357,0.23815678659142067,20,0.10824392420631032,0.22093937584222095,20,0.1254232779705611,0.25537419734062045,20,0.33277883189955,0.6777976287086068,20,0.09883238506810899,0.20162730501102752,20,0.0265908929024521,0.05374689232959289,20,0.8082466558205053,0.37238990748158257,20,1.628585483301935,0.6777976287086069,20,0.8303329833624689,0.34557456942362025,20,1.533138202488801,0.6777976287086069,20,0.1798619353545204,5.401990490842971,0.08830428072943897,0.1043768137677801,0.09683095080475784,0.11192267673080236,0.2970579082649991,0.08836706258444933,0.02355561414635302,0.16320707286368052,0.29705790826499917,0.1514547327911813,0.29705790826499917,0.05,0.4,9.94875,20.702499999999997,0.025468242736389556,0.19730281237106395,0.029786155311168162,0.23289686212479244,0.027489524493638496,0.21591645715653937,0.03208278612869781,0.21954160724443916,0.08504055335872587,0.582581596094879,0.025136639709088165,0.19709337888013673,0.006946146419609643,0.04623563938529457,0.6267662636052341,0.9443569499819583,1.2982677785808363,1.8763237618427595,0.6619207704140723,0.9566421430737663,1.2028204977677024,1.780876481029625
